speed_score,E_T,E_R,rejected
0.033665811692459024,0.05970648,1.4046380106001828,0
0.022822666012134,0.11346737,0.4632092906137577,0
0.01156510089164408,0.019906579,0.4527375430643042,0
0.009758061702726658,0.00935339,0.37298014054421336,0
0.025932399156733486,0.02731079,1.2917217244161932,0
0.026712592044860102,0.091624804,0.9514543323353353,0
0.021924961490884774,0.0291644,1.058842359693815,0
0.021639917945769693,0.040964983,0.6965844179466579,0
0.02016274297773474,0.057486523,0.8192491168952805,0
0.025187463122880616,0.051995255,1.0121972211030668,0
0.017389983408184206,0.015565025,0.7919943453002186,0
0.009868351274823977,0.04758015,0.022612968630729043,0
0.19246386216666003,0.020419035,10.552493413137029,0
0.024737948330997236,0.08994397,0.43979768227654104,0
0.022468735795054588,0.09174372,0.5496503677237035,0
0.026454452337937875,0.061835725,1.0111030467167432,0
0.02022963847082083,0.019049192,1.009864928414717,0
0.012164083220829519,0.016607454,0.4941990126683294,0
0.035823290075974755,0.07210936,1.5164164455866498,0
0.03333730196812081,0.05605102,1.4827158970649796,0
0.00935585812253464,0.03842264,0.2533585389796036,0
0.018234429887911102,0.042723816,0.5540879977571963,0
0.012319887021896764,0.030413622,0.24414404265683137,0
0.03320772886266388,0.028487697,1.3137699906658453,0
0.02273997792467127,0.06457495,0.9120689305978978,0
0.03066239641732342,0.01342902,1.6693345962964097,0
0.01242488640004328,0.027900707,0.5098688023187361,0
0.041755897423197755,0.0925893,1.1741855821901404,0
0.03162340920249871,0.036344703,1.0196899376991495,0
0.03557391525558175,0.116779625,1.0416616197330735,0
0.0257211613205164,0.07866966,0.7396821488367741,0
0.02951483649535446,0.014989199,1.5836202200649807,0
0.04039351832185015,0.23019433,0.7960785068947294,0
0.015091357716477192,0.01796852,0.5629040886371908,0
0.02537592192580381,0.056451157,0.47449434590597317,0
0.053714360717043275,0.13052052,0.9710887433860321,0
0.02523463757680784,0.04275148,1.1701092035111684,0
0.016123620370557167,0.021702288,0.7534894095665312,0
0.06689078761863446,0.060598113,3.351723465908085,0
0.022349657430561776,0.11143832,0.5530593033836239,0
0.07760137051395909,0.1722158,1.1239450403165654,0
0.04272096634370205,0.15083289,0.4294560588092818,0
0.02745405503113803,0.02644153,1.41037741440982,0
0.04384574466814811,0.120049715,1.406914267271421,0
0.05170746299303218,0.12639868,1.293916886240191,0
0.021178744816731283,0.012380974,1.1154279995401095,0
0.01947198285168053,0.017901031,1.0022643938800428,0
0.009935722330147202,0.024345523,0.32117857961436447,0
0.013120825914314248,0.030000005,0.40704742075146966,0
0.020267758302826695,0.010996991,1.0789534315477465,0
0.032996712937500075,0.060063478,1.4791110679904758,0
0.01756128052442219,0.03604339,0.5221586976465867,0
0.018830828259441233,0.02907795,0.795808812715466,0
0.011087766707087141,0.015340252,0.4171308502891654,0
0.019796272846898375,0.14084065,0.32246695059361147,0
0.02373861099888772,0.104352795,0.6006821857444051,0
0.016081868548721623,0.031563886,0.6021189745016922,0
0.02363554278868009,0.05080082,0.9803158846634754,0
0.01091471497263619,0.048100468,0.11251583866584142,0
0.022003625386656636,0.052569054,0.4320099376353964,0
0.017873721516960192,0.02474772,0.8038038671998361,0
0.03219156024284281,0.05082703,1.4827044079433236,0
0.03262318312288897,0.07967249,1.0468587799192908,0
0.025480710120008725,0.091244444,0.9341735191141219,0
0.08038197646218032,0.15431848,1.491706592502709,0
0.031412671846263215,0.07373758,1.343353631974793,0
0.027130387247954475,0.069496945,0.6331072823977554,0
0.013558173979901845,0.014540315,0.6154397825409733,0
0.013041668227461698,0.025138944,0.353524888795264,0
0.01102616106082698,0.03710373,0.3333361387328775,0
0.011774081840536865,0.040573593,0.329593612467678,0
0.024092800923874693,0.065199144,0.7475287201853836,0
0.01987966592251141,0.021906134,0.9887605156691586,0
0.004659007460842801,0.007822403,0.16702621537549503,0
0.012716765664118078,0.049516328,0.2120963787073545,0
0.046012203801133245,0.022561405,2.413631285324376,0
0.025484950093372843,0.043919533,0.9103029490760798,0
0.025310156307613713,0.05288739,0.6027986866802393,0
0.01777342682905906,0.017266346,0.6597939655482306,0
0.016831473980659362,0.083721094,0.3712163296330665,0
0.012092653095442775,0.0485684,0.37332700851608736,0
0.02706797466916385,0.09032752,0.7678011209937342,0
0.00466245351433767,0.00738397,0.16178430114699144,0
0.026044286733968313,0.06421605,0.9701309849760777,0
0.020809437750100277,0.04999128,0.20453127647781183,0
0.03494141231077218,0.033993848,1.6078353238334635,0
0.009209105912130623,0.0066425246,0.40367724959478873,0
0.007414473553180642,0.015034778,0.29697141479796574,0
0.01338162975795178,0.06342489,0.32909223031940626,0
0.007907162925384029,0.019093174,0.19974472238056576,0
0.01599466129310642,0.030141909,0.19946392417669354,0
0.013710388006009055,0.021379972,0.5623871187795757,0
0.015591132827665645,0.021998875,0.46597943221693533,0
0.03197709848332015,0.049566988,0.5939940206750902,0
0.00949749526125716,0.005625657,0.4678401977092989,0
0.05155458366204687,0.008188797,2.8879724117772407,0
0.03060735490118234,0.063100554,0.8110019920502006,0
0.020183044597654205,0.10134543,0.20580177031474037,0
0.018920681610010794,0.016890315,0.8912948866891585,0
0.019457947887574555,0.038599767,0.8456322185010225,0
0.04039126710112455,0.046452217,1.934993729028819,0
0.025915827893983837,0.033272695,1.134109919554146,0
0.022238334033938403,0.030252464,1.07639294196329,0
0.012976501991584542,0.046678986,0.3852279475153469,0
0.013762989689565337,0.034757484,0.5388991855925359,0
0.02659996863966848,0.1097299,0.7230171368668756,0
0.024763322620896,0.020288603,1.0277232071189406,0
0.01716328867230532,0.029205473,0.7246369610164008,0
0.04407532713183362,0.03875246,2.194708995483376,0
0.016489259897859508,0.020214634,0.6384117252182768,0
0.02013745591069658,0.07608532,0.6461617563014082,0
0.01489908281447534,0.035722774,0.42155753372243293,0
0.01889968369543609,0.041005883,0.6468013503638835,0
0.023675959608260678,0.04875086,0.8740107526305283,0
0.026915909951677773,0.083795086,0.7888288590233138,0
0.01349591173106339,0.024771914,0.43032128122533003,0
0.01242047355551563,0.025749851,0.5352586428702111,0
0.035226886050977846,0.054251477,1.6768060988678455,0
0.023522930132801455,0.028947648,1.1008978628872617,0
0.01796860234436671,0.0675598,0.580778928207754,0
0.023674210989897394,0.052661188,0.8457893947049212,0
0.03227385008890322,0.0070128427,1.792260143059383,0
0.016476614963864274,0.03710976,0.3287167598930051,0
0.024262344893252435,0.11871734,0.3624197870360697,0
0.0074113181684809844,0.008018,0.31713801824356097,0
0.02720125460750863,0.113209575,0.7633622047497475,0
0.017589944411202672,0.028390683,0.624584700774892,0
0.015732289661694814,0.053065248,0.37271197161085906,0
0.011817487487356705,0.019434402,0.5010231675236401,0
0.014180749413912928,0.026659919,0.609012843048747,0
0.012603450263364381,0.027128326,0.2835190806842695,0
0.03864126510558035,0.059099913,0.8018767204059575,0
0.00898112562686469,0.0028459881,0.45917542650020476,0
0.014724357128491255,0.028520761,0.67037609439404,0
0.04278780803592079,0.10184301,1.3357909306578584,0
0.014884782393427139,0.02199362,0.6754739537085711,0
0.013708281868521018,0.062419895,0.3645281339492703,0
0.013722313543954909,0.02328618,0.5897404095111316,0
0.03619239425082851,0.056881215,1.5877911001200582,0
0.01741836078993015,0.039023645,0.520044386100731,0
0.02694289899457623,0.06671518,0.18333004187600335,0
0.020420298307828818,0.040949184,0.4504742064988784,0
0.13946963945000584,0.08678772,5.782336822043841,0
0.015746834932103517,0.05613698,0.37714582440510314,0
0.011945561996216388,0.04718875,0.3121986902685676,0
0.024755571051844543,0.08840424,0.5301037889094947,0
0.051286593586759424,0.056656852,2.5517389061003293,0
0.03123967367667085,0.057397667,1.1857359514277863,0
0.03467833661980234,0.056266114,0.9710137588009925,0
0.021242680687981668,0.049772885,0.9174082086806021,0
0.005025105911836733,0.0119152265,0.12783010592725572,0
0.034387641097561164,0.046321075,1.6212238119499753,0
0.013572665147601462,0.026004944,0.4813829672286834,0
0.01622975008226399,0.015974462,0.7718191779093381,0
0.021631183916609974,0.033579834,0.7772153297766003,0
0.007610400070086893,0.028152142,0.04533497254549807,0
0.028857490201432343,0.03462424,1.1722842657929826,0
0.021841470559781563,0.023183862,1.0079679648851425,0
0.011523342458044213,0.003547074,0.6356596809367101,0
0.0377314448687746,0.05388586,1.7234936196617041,0
0.02614355683362077,0.08498914,0.941631618209683,0
0.026452638388245783,0.085371554,1.0100634858605513,0
0.023404218693520815,0.04062389,1.0774705575013943,0
0.017928147812351334,0.024869699,0.4369931623155871,0
0.025137963920182343,0.06827477,0.5156890597145553,0
0.014774920232759814,0.021650098,0.6732210933557135,0
0.01479974694813414,0.041043427,0.5342476202538344,0
0.04375606832037007,0.14600801,1.6586542696204827,0
0.029000778351653822,0.034210436,0.8324697336639908,0
0.016854694639516166,0.009087651,0.882940678580424,0
0.01034376310146315,0.0171051,0.32369091219839247,0
0.031945813561713825,0.020818897,1.6983538377589622,0
0.017459057510068036,0.039325036,0.612184399490877,0
0.02235880672188495,0.13700688,0.3511200635766976,0
0.033566792333865156,0.027919533,1.3610414880000468,0
0.011578833679643104,0.036527257,0.34324851510850735,0
0.01964964228304315,0.052702367,0.5203416199397001,0
0.02539335583854897,0.025945863,0.9907566233752023,0
0.05631902931984425,0.08716031,2.453889547919871,0
0.02676833939804688,0.012099195,1.2281519798434577,0
0.0245637641994728,0.06397579,0.9956848855545648,0
0.0332697134804953,0.0176384,1.7954319214689662,0
0.02917210808137934,0.096545875,0.9624857407261157,0
0.03762409860689976,0.08910808,0.3399519760419245,0
0.016423937619655292,0.009086998,0.7754763989969969,0
0.01572624856124917,0.030977502,0.3996300895885489,0
0.03820818130055029,0.043751363,1.8818647007916218,0
0.012475291738730377,0.022275437,0.43960773063541914,0
0.04383485295842063,0.22073756,1.0312483729283624,0
0.006649801414726686,0.019979348,0.15659760940993142,0
0.016975855912050766,0.06231939,0.46103752836999123,0
0.019957027714521517,0.076523855,0.2656579313834636,0
0.020646499753129793,0.044667613,0.812193898732593,0
0.01896371012271693,0.0672253,0.31166439714397687,0
0.01741933542888344,0.04184711,0.6872928276344755,0
0.03796039794955054,0.06301143,1.7766856120567645,0
0.016539122068357504,0.036564957,0.37231943316832866,0
0.015996659937988864,0.030879593,0.29423418781900157,0
0.015226529036926938,0.040672164,0.6174294407658237,0
0.06848458520584508,0.040965423,3.334240269556492,0
0.039828160399286085,0.083867624,1.7091607429312103,0
0.020490397823475125,0.022199566,0.7408933047555044,0
0.014232030948516126,0.021907281,0.514684202208164,0
0.017302025813109398,0.023014683,0.8249982730132609,0
0.014327763617245925,0.05384778,0.5106874834160469,0
0.03253440292906486,0.07194486,1.299133790878308,0
0.028878204169636996,0.01497179,1.4324924460239634,0
0.07387895550484684,0.14264163,0.9184899255057084,0
0.009497504979204255,0.008284214,0.4388583675480112,0
0.031081388786181347,0.032488454,0.9788285983027768,0
0.006410798371056688,0.017283028,0.11476675275056565,0
0.026127118303105455,0.050655,0.8315499002378602,0
0.036385366591478535,0.16640376,0.9614781463968646,0
0.014239214844355533,0.0107961055,0.6582537726789142,0
0.007081784254303266,0.014254366,0.31897900256207096,0
0.010775857692577724,0.00887915,0.5317305320558281,0
0.011585909319609563,0.052616034,0.17497703509675908,0
0.007250840570025977,0.0130273765,0.1969000546206505,0
0.020810605180159918,0.05400526,0.6710922949204546,0
0.023615183610848647,0.08218011,0.8516640956040745,0
0.034118040928027005,0.046701927,1.4070009062333906,0
0.04078352430230433,0.071143776,1.924169771512768,0
0.015817181183861002,0.028476913,0.5922540792462129,0
0.024005220281409514,0.02228267,0.8303768871699204,0
0.026440505125271085,0.048517723,0.7995619119096592,0
0.018115228184003088,0.042239863,0.7173149591461543,0
0.010419927088062594,0.020832807,0.26162658178928255,0
0.027750755889296205,0.031457234,1.2835119263975021,0
0.01443788498308338,0.012456228,0.7100038848498009,0
0.06354294195293009,0.079785444,1.9933185864654612,0
0.02661046177524759,0.0550858,1.107465695815731,0
0.03374160558602031,0.0611233,1.4476044400751784,0
0.016760081938478662,0.017087048,0.7451957272274216,0
0.05377713436323685,0.0927461,1.4075095868828131,0
0.03605012444756702,0.13039224,1.16033496802417,0
0.035629773037162,0.117931955,1.2732251942625834,0
0.017931849757126424,0.07278069,0.5010805035540618,0
0.039599244968036795,0.055488225,0.9884233296592833,0
0.01684681170996711,0.042384874,0.6298227802079048,0
0.034648060303276836,0.0065836525,1.9394854005531597,0
0.01732176443490214,0.048993614,0.6741913211431259,0
0.030869937609608593,0.120849185,1.0726866047708863,0
0.019917811319279312,0.03268583,0.889493084002447,0
0.019883729576362814,0.05411854,0.6754283924133125,0
0.01907144871044506,0.02419358,0.8865069743159261,0
0.0418516250011008,0.028600618,1.7098632157398532,0
0.03552064023745301,0.018869085,1.7893384630074962,0
0.02570996854702931,0.07636341,1.0043565602563014,0
0.012036520342648818,0.033136297,0.39109462056184957,0
0.02117994980012784,0.0888217,0.6293113215861679,0
0.020633899004106532,0.04123161,0.37285444273254775,0
0.06244347233099317,0.026415154,3.422597487916033,0
0.049507870318427606,0.09805212,2.266338567627184,0
0.023154698180526956,0.074673705,0.7115465819029684,0
0.023776826856786025,0.03708399,1.0548107095772221,0
0.013069345836163367,0.05521483,0.4152237541351218,0
0.02760852940146127,0.033046648,1.248126502377108,0
0.02280813244591406,0.009447893,1.2395635137995205,0
0.030268160504050352,0.16509356,0.6841652078391299,0
0.025667789332091646,0.06131292,1.0404240898879589,0
0.013980051549750856,0.098848,0.14205550435992265,0
0.02432055316270338,0.06336183,0.6290905775023893,0
0.014788186798392968,0.022965653,0.46760465790502437,0
0.02620592360511054,0.09689317,0.9007198422119048,0
0.018092244154186317,0.011709887,0.924888414670595,0
0.021632276021193338,0.026558373,1.0176557917888875,0
0.009923035569676211,0.023056712,0.42483364756800646,0
0.04336840400468238,0.057182923,1.4161678590703697,0
0.02042257422217001,0.0392999,0.6423917296457716,0
0.026013289169490937,0.038615912,1.0470628803808193,0
0.035566777216000614,0.058216035,1.6819454085143122,0
0.009378900440827032,0.009800311,0.4105100394098981,0
0.03969537408024895,0.048589014,1.1875579137022498,0
0.037840366584300504,0.04031622,1.9110744826599,0
0.014709241513992256,0.061285052,0.42755459753497893,0
0.015642178361399875,0.029192105,0.4288986940379298,0
0.025966565259559468,0.06454443,0.9002831868019818,0
0.020036708273903206,0.033397555,0.6705343284582292,0
0.0231101106029383,0.0332753,0.5261065432287533,0
0.028466978726460423,0.051986404,0.7803639289294156,0
0.030446880126592496,0.016902411,1.5184215209555183,0
0.02383548365242886,0.02878317,1.0380819357067532,0
0.030837713415002615,0.02925216,1.3150210513535923,0
0.015347770365793637,0.077231675,0.29529714279483216,0
0.01780383668400281,0.05897604,0.5178724174067386,0
0.025214399017469982,0.080940224,0.870856044992821,0
0.03204461151174763,0.09400799,1.2901287985167806,0
0.024108459926729296,0.042006347,1.139645436879473,0
0.05497044909646644,0.032210846,2.5555906917298294,0
0.029499669991085012,0.060696136,0.6633327890880265,0
0.020044362699122527,0.046242345,0.7830805515054428,0
0.008269818499684334,0.06652907,0.0,0
0.0237040512414831,0.04503461,0.5020758515636302,0
0.03954826325801288,0.012239479,2.1438611681580713,0
0.011899467769303408,0.05463304,0.18846483492455637,0
0.028785365272898482,0.040972736,1.0117716425351058,0
0.02075487116584967,0.08798192,0.6096074153447696,0
0.013212286624905235,0.034054723,0.5568886545217357,0
0.01560513833224985,0.023574153,0.45571879633313905,0
0.012904380264960616,0.030573748,0.22411333048852408,0
0.02055489927593651,0.021343121,1.025552745965594,0
0.01702326188986695,0.014454722,0.8856407554449375,0
0.017929155197865095,0.048988428,0.498028889173038,0
0.013736923757074613,0.03509278,0.3991437457679103,0
0.00884848277922274,0.013947832,0.2724544871644812,0
0.026297704773415125,0.023316449,1.3516526813669534,0
0.01334751091630736,0.036719568,0.44889613213693474,0
0.0275323597483975,0.07744742,1.0191747438447165,0
0.016713281049670757,0.009028632,0.8367864524169142,0
0.008077139999316637,0.008682192,0.3672285510585582,0
0.025469236592944856,0.06440342,0.6336532741530723,0
0.045010409729809756,0.101130806,1.7185488832263063,0
0.02568252869555497,0.034256727,0.9198264957429677,0
0.006971851210635756,0.0055075604,0.35612206716032174,0
0.023095968442499608,0.04595001,0.44118978793055824,0
0.011662532782737794,0.01490053,0.37694772012421207,0
0.025591655664705257,0.05558657,0.9545312112450403,0
0.008994638699956401,0.015716817,0.37367336699333525,0
0.041241382809858104,0.037856545,2.0939357150361677,0
0.030275640932408095,0.020461628,1.4645276900101662,0
0.03278466920611025,0.061106585,0.4399708248859608,0
0.029980530510279726,0.0721811,0.3517596255525195,0
0.025014207026268075,0.09014139,0.37319930994393113,0
0.01725426708161078,0.068354696,0.4440747918273485,0
0.0772882367582046,0.03265391,3.76392031325447,0
0.016314070024820417,0.029346058,0.5693376115929635,0
0.019353009714265533,0.04828193,0.5762406994344621,0
0.01200574112833417,0.013120145,0.48451695126351996,0
0.02742070356368416,0.16718058,0.6060360821744117,0
0.010272447188762513,0.009468582,0.4405862712900925,0
0.012741720689835999,0.04006412,0.4015682411199586,0
0.01890803032126824,0.021686928,0.7911684239579755,0
0.0179794257697027,0.03247911,0.6278285830234387,0
0.01644097983167732,0.0674208,0.5234145608336994,0
0.03200124107536652,0.1202368,0.95438211728292,0
0.020417934711140073,0.07099821,0.6787884397186761,0
0.01972073157043735,0.03696703,0.45496836080305253,0
0.04900600185704138,0.19400562,0.7941724455032227,0
0.04270973791073071,0.067493305,0.8198329361230687,0
0.012480761636993552,0.049952984,0.33609297254766823,0
0.026054086358071674,0.1004614,0.549202502252733,0
0.008169283734707744,0.022796754,0.07205498022811986,0
0.02792062412037026,0.044706352,1.0358382547080371,0
0.01438259024578784,0.02394344,0.6060374788692997,0
0.014049280081660351,0.01340103,0.5961821661743099,0
0.02944602440875175,0.013283615,1.5016007450357085,0
0.01741684897923055,0.12021985,0.19272372275802752,0
0.01581300458957107,0.022009442,0.547627379636732,0
0.013779574199198567,0.035820074,0.22820014916829712,0
0.02103150403726599,0.055114355,0.7607087973373817,0
0.01866552599413911,0.024608182,0.877663963198958,0
0.019789798032130435,0.04743684,0.29270705441788997,0
0.020381539447909266,0.064818695,0.7373591732741103,0
0.015371177671716793,0.0117165875,0.7991251679798961,0
0.015299137046047602,0.039720926,0.3682233591401184,0
0.054811857644401336,0.019134883,2.9806841619770568,0
0.013640943386196263,0.014976792,0.5390531732536753,0
0.028532962067684596,0.033037793,0.9999808215496624,0
0.015591551223768551,0.031936992,0.701685525182073,0
0.02199756319196315,0.14355789,0.34104402514708093,0
0.03654918965043133,0.075957865,0.5178403734513449,0
0.013859325666248208,0.025491122,0.3526197814605047,0
0.021549362122630686,0.08009941,0.5962812450489481,0
0.019760102898625335,0.009466753,1.0180618901057852,0
0.023008209623846962,0.035214968,0.9252334849049155,0
0.011042594584795892,0.012383776,0.5151675064625153,0
0.014547182105467498,0.05680691,0.4436934826427328,0
0.04660851557044716,0.06645672,1.6176050415183438,0
0.00988189171856321,0.014002012,0.3890935822355341,0
0.05258674371551728,0.016171234,2.6314451630955573,0
0.00870590931459071,0.009987074,0.33410893236804273,0
0.030229730142534057,0.07600871,1.1628221815446163,0
0.033546070520013266,0.12588131,1.1850102840325842,0
0.008408879596623654,0.018887682,0.21699666891531658,0
0.014860203685327488,0.031555314,0.4656909532804892,0
0.0338276380288318,0.044546355,1.6482977898151794,0
0.02797720267279444,0.03652204,0.9697086704199918,0
0.01384970638628742,0.020282518,0.4592879864123049,0
0.02787131602512249,0.09187054,1.0102865616257926,0
0.008528587340121364,0.013581965,0.4105796091702546,0
0.015349587080865826,0.008909804,0.7613069657437824,0
0.026741045131683197,0.06966368,0.3511492339987444,0
0.02768227630681342,0.044868775,0.9075066299476887,0
0.01623076248128425,0.027091645,0.5341964860819366,0
0.02471489448657178,0.039378487,1.0842138707581122,0
0.026833717346646375,0.055299345,1.2044196358145005,0
0.03369768076749739,0.1471706,0.9883347341474956,0
0.017641248236340827,0.05627473,0.4237488345941607,0
0.013140585985545019,0.024536893,0.5967358060354393,0
0.03175488723877556,0.07547673,1.150324800987237,0
0.021071510958682562,0.03633638,0.9829405868796781,0
0.018953970032428116,0.019265518,0.8789546383155112,0
0.028490966021259806,0.03843746,1.3836036036896109,0
0.012889781149937994,0.015457086,0.4403351786746559,0
0.006510740957277647,0.010153462,0.1895465471281688,0
0.01636645654153423,0.019696556,0.4879768301030107,0
0.014370413799638607,0.046718195,0.3077486511807967,0
0.03173514713475745,0.021450855,1.6919368428285557,0
0.07254360552581152,0.20900007,2.4902835198370674,0
0.020441488468420303,0.038466454,0.579417866667385,0
0.020782855851501296,0.04174309,0.7826790369379287,0
0.01728667614112365,0.014223039,0.6632227433768613,0
0.034959171714875004,0.053587884,1.6613876362623459,0
0.021480286973809548,0.031586945,0.707444181217855,0
0.03347917554192837,0.17401235,0.9013612290475261,0
0.010021555159852816,0.008009717,0.404281000279489,0
0.007921937336935995,0.02427142,0.2861427282356378,0
0.014861452663446321,0.025574336,0.654782290124246,0
0.03852005229106876,0.04669773,1.9172983575665081,0
0.020962161796559277,0.037385523,0.5012455901072775,0
0.02700275264477307,0.031892106,1.3329178266508905,0
0.03950050230884214,0.06287995,0.9841846571078956,0
0.015136793339238445,0.02984574,0.5652072299438753,0
0.029592148672102952,0.04609092,1.2080375594182615,0
0.01695227493818556,0.048798982,0.6734201060129041,0
0.015705502706967082,0.039279267,0.6481784754761547,0
0.02257389177802857,0.080049664,0.41979461789507655,0
0.011307360287675308,0.01278217,0.5493930846019546,0
0.021177147407248416,0.052251596,0.8818300294691175,0
0.024603578339050677,0.101458356,0.8084680987652981,0
0.01993782577038114,0.041406333,0.4307316544988357,0
0.04133698412198908,0.11394663,0.9418174916386449,0
0.06516402063935461,0.09206818,3.1660170829897467,0
0.018103799850127007,0.031403176,0.6509307188246434,0
0.020505930862009494,0.026079768,0.9672218400733009,0
0.011463998507152495,0.026645148,0.39717513564304857,0
0.02333538682992896,0.045049813,0.35398516286136145,0
0.03786957400584352,0.049881577,1.2275596688496533,0
0.011187445387378966,0.026541667,0.46772585905611924,0
0.025360307013900706,0.021974422,1.2905150615257228,0
0.009483684558938091,0.03372126,0.31086001214639436,0
0.03284707802850648,0.09802928,0.22944416891754738,0
0.029816800702140343,0.054300692,0.8881119405492812,0
0.03362846904971675,0.035704594,1.69319149929434,0
0.00946954650848951,0.028844075,0.3431473773761633,0
0.025647285199283637,0.05274933,0.5443335689129487,0
0.01222010073557852,0.025376795,0.33065880938501385,0
0.020511637619740546,0.028506055,1.0086677259482342,0
0.05917877884038906,0.031824756,2.8941617631081216,0
0.028513029530249794,0.020174954,1.4799215313037097,0
0.011538089280914723,0.012296057,0.5728788498814964,0
0.025134590783790756,0.053177662,0.9190468481752206,0
0.02891275943463488,0.05274446,1.338537440797643,0
0.0472674781574087,0.017840423,2.5659570877416535,0
0.018623275823376098,0.05419319,0.4969499512177742,0
0.029338120654957056,0.10149664,0.8323737663077653,0
0.028466465166640843,0.06685887,1.0413897770041083,0
0.013320718546664797,0.008613642,0.6391518338525072,0
0.018084539066262395,0.083569326,0.5176135579291374,0
0.02274194974580864,0.03714703,0.9418691380914991,0
0.025361215885696144,0.046988256,0.934860115497006,0
0.035010962652346586,0.026595017,1.8475636304225522,0
0.00990935621324368,0.007147754,0.4456771118958573,0
0.016275398251266462,0.025037147,0.6151154336847472,0
0.02504819337126043,0.029393522,1.0985813845797487,0
0.0177477574855548,0.005961928,0.9073142181986625,0
0.024441803136802658,0.11442604,0.48025772290245955,0
0.042638450406182415,0.099746875,1.47919205782045,0
0.008492134124838149,0.010911546,0.33960137231076537,0
0.013540019136752846,0.027776582,0.4995336940371308,0
0.033087169067363045,0.080958836,1.1489214490138893,0
0.02377010484830046,0.042515013,1.051066634573809,0
0.021355544278430907,0.06838885,0.7381043961811207,0
0.016863297431775656,0.030924497,0.782177788731627,0
0.02133705545677455,0.058305558,0.653340616205859,0
0.023090082644757308,0.02846302,0.9958300793384285,0
0.01679019582097747,0.03857555,0.7383725568837034,0
0.05397031780218817,0.1733323,2.07984753613468,0
0.02256683684788818,0.024325114,1.1084498057424172,0
0.03105769247191632,0.065629706,0.9051916499133316,0
0.021073789146819497,0.024268212,0.8684789526662947,0
0.03551033708609751,0.02165201,1.8792333748057728,0
0.015787291093658878,0.04109639,0.5466639411133808,0
0.03025816238364281,0.061266236,0.17489416906273922,0
0.024977192478736407,0.047148507,1.1437304489559559,0
0.018748698113817398,0.086430304,0.4029519358442105,0
0.019175001539817032,0.007931935,1.0095781254655616,0
0.031056824498415403,0.023503423,1.4527457720158665,0
0.04074629424024294,0.051422875,1.2221915047031857,0
0.02039454017178869,0.08559426,0.4737760058077873,0
0.01667165199871537,0.030151911,0.6063461229429228,0
0.007653264830241866,0.008753475,0.37748258614336055,0
0.04383844255845193,0.017642,2.179511271019929,0
0.017401234461756475,0.022303423,0.6941542720991598,0
0.014205325032551496,0.01963113,0.54873084045509,0
0.03462307887644573,0.05132564,1.2271993976167348,0
0.029751701302229174,0.027530968,1.207279105976184,0
0.018065967790407356,0.04544157,0.5608858075697573,0
0.03946477950488869,0.08124741,1.4329575371039527,0
0.020837590043490107,0.1867234,0.12026447365668466,0
0.018744079972688937,0.032322165,0.7935477392275367,0
0.049575185766536294,0.26885435,0.9671538467944965,0
0.024608110615281228,0.021827564,1.242735954854504,0
0.029877189169200104,0.08923692,0.5967145460034711,0
0.03231646314941504,0.14385456,0.7814195360403703,0
0.016154513949826862,0.019653367,0.7163282967979507,0
0.01603081055019594,0.032638658,0.7297250317594213,0
0.014256339426431772,0.044832412,0.13671829041711878,0
0.009587798809050986,0.041406415,0.21618506984625993,0
0.02397030606318605,0.05662973,0.9621623266210922,0
0.007948330021022193,0.014154003,0.3708263913012021,0
0.018366140578404883,0.031586114,0.5372092810804551,0
0.015690098042890083,0.017871452,0.7426472017035948,0
0.023723137706414453,0.049935915,0.46936655244336356,0
0.026587141773006463,0.10205312,0.9160374427405431,0
0.018610698945663535,0.1314808,0.1093320030095507,0
0.03833556814163187,0.058074173,1.105548552238952,0
0.034353700473858766,0.030070199,1.7633500051475182,0
0.026850800917099283,0.04717933,0.9695943354162686,0
0.013228782299560123,0.0170941,0.5823105970436422,0
0.046511019081136605,0.044003423,1.8406853132824827,0
0.018881207205413517,0.04106588,0.8457804233586684,0
0.016650495654840877,0.03611645,0.5268314911451969,0
0.019643948328344367,0.033416737,0.8617347604626306,0
0.02751141283149511,0.051764037,1.0555317030850357,0
0.013598612435669477,0.025615659,0.41968219661125417,0
0.02334930269204608,0.024984391,1.0800957990008038,0
0.018301055677703952,0.08949939,0.5002765069707161,0
0.006867678862422386,0.024034394,0.20183186470482822,0
0.026521668032175857,0.0810093,0.48496030422034,0
0.053379169852653924,0.09602308,0.7988650725586804,0
0.03452454404657121,0.08180974,1.3508409777860284,0
0.025655420147465746,0.06462337,0.8893328717008845,0
0.01113049563843105,0.008048281,0.5160214288607747,0
0.01999850229034002,0.03766494,0.8959979464836705,0
0.035982442768517364,0.19602878,0.8532393829980118,0
0.021969987984986377,0.07367788,0.7696793952146738,0
0.02020056871094187,0.08962764,0.5893392169705652,0
0.02280661791276153,0.0430157,1.0568386129539307,0
0.035448061287645244,0.018057229,1.8352120516470751,0
0.026237792818800752,0.07162624,0.8653468425247196,0
0.02013942936943907,0.020633414,0.9768239397948523,0
0.055014375096240395,0.05923726,2.393828023014888,0
0.025648138691421726,0.0647768,1.073685045293538,0
0.012331600935121706,0.034151215,0.20665733479172188,0
0.024238961696854834,0.031891033,0.7340919203492845,0
0.0057483286704118185,0.03896056,0.09674620977724965,0
0.016391003975863263,0.028142512,0.524484623808413,0
0.015151203766810173,0.03485673,0.5195041972555593,0
0.016350544819908497,0.025547456,0.3679489510007213,0
0.022304373609853486,0.039235964,0.9229704689850399,0
0.019689927225410818,0.037104215,0.555741456674625,0
0.02499262656177865,0.07326466,0.9345543165635983,0
0.01065595641114958,0.0625899,0.24498282782684278,0
0.02213979822793884,0.07575098,0.7001760497608543,0
0.018543589885214606,0.06218077,0.5166546667991331,0
0.007380828518112646,0.009696037,0.3391650374584162,0
0.016317079499413495,0.034566317,0.6532686248971384,0
0.010737952844794164,0.0145697305,0.48880869507821767,0
0.018848822777969662,0.06304228,0.6666123943974372,0
0.017348930191299725,0.05776407,0.6244565521206301,0
0.019829398932684424,0.06483812,0.4585676406036716,0
0.013531068398278438,0.022337032,0.5343229006676444,0
0.013071129686054055,0.08381464,0.03673081666715771,0
0.03894577000696206,0.059752304,1.8811887704895676,0
0.024221880852165138,0.03943363,1.0240163261937523,0
0.011391850125664186,0.015123232,0.4524193072900969,0
0.012778224249700652,0.032838494,0.5399492690347747,0
0.019920076576272375,0.013873544,0.965235762502774,0
0.025963118168522932,0.04008721,0.9927274340891349,0
0.01954919494861698,0.089901604,0.581916495461023,0
0.024302337647055833,0.05666872,0.7117562096979257,0
0.008049890669241394,0.011785664,0.20477063426659994,0
0.0203421501187898,0.008942184,1.064040539476358,0
0.019144024379620157,0.013373611,0.861972576306912,0
0.013417862676076722,0.025155628,0.5819912061049504,0
0.0076351745901632765,0.049063865,0.15071310212367806,0
0.015981749168433826,0.04037439,0.6349790751094053,0
0.026057480692782176,0.02909941,0.8508775845671485,0
0.024968203794741822,0.02316264,1.25100351770552,0
0.04212457213919138,0.10027418,1.551403240964196,0
0.013636406099806025,0.057311404,0.3881056524655305,0
0.024884583165823024,0.04302742,0.5735276611826899,0
0.026646559171354604,0.0882364,1.00369336624641,0
0.014732739215995659,0.043094557,0.587797023476605,0
0.022673480839430455,0.06271303,0.6282882202048118,0
0.0122471605385628,0.012728743,0.5144476869305474,0
0.017745234647291424,0.071021855,0.3177069758840605,0
0.01681013062500908,0.045380246,0.578738327177823,0
0.03312443443822133,0.02012237,1.7451539353533854,0
0.018107181335451465,0.014521722,0.7749578210269614,0
0.028932138645585814,0.048636895,1.2302598269580116,0
0.019400296813172575,0.026800405,0.6752555845223008,0
0.03001879016077428,0.15975605,0.783294658514154,0
0.03634488962622762,0.09951402,1.5099055812332078,0
0.01471324028398398,0.052244447,0.28399576839082985,0
0.022565716818203952,0.025827972,0.6609122592986092,0
0.013573261100106275,0.019688271,0.386972485280663,0
0.03223055024682825,0.10013476,1.1472767365357739,0
0.034241173621680956,0.104021885,0.9095132310055825,0
0.05170756751111279,0.024506548,2.811133992618836,0
0.017529429748599546,0.04123092,0.41593796969208346,0
0.016030568424853148,0.07857247,0.2746517131975575,0
0.014156045096913076,0.04742063,0.1889895565099541,0
0.016285777303261275,0.032753702,0.2112036552291896,0
0.014795929158271177,0.025698809,0.523496778668312,0
0.02404798733743964,0.02151894,1.150381643238462,0
0.031611166774154584,0.045044955,1.3927875693042069,0
0.016268347019914392,0.052293792,0.5879664614909695,0
0.021743325261208653,0.02125513,0.8012873897883863,0
0.01823056972972974,0.041344386,0.7372655437300597,0
0.02278461308141502,0.040958263,0.3748654348538049,0
0.014417225415328513,0.0203978,0.6675473867091185,0
0.01297057582870667,0.031714667,0.5298783784342991,0
0.03340783101700785,0.08073053,0.8163755544098198,0
0.03137716921384481,0.11054818,1.1407577528265074,0
0.015204605920432473,0.030118749,0.5855758788238319,0
0.018377361697506034,0.04006273,0.4711123443929074,0
0.01124567147329061,0.014615404,0.49837237271101276,0
0.027291353741065342,0.03812566,1.1096996042367568,0
0.01191791297116105,0.04525044,0.14433713765842862,0
0.02541450761007181,0.0994991,0.7391278408652135,0
0.02917499752039924,0.059942108,1.2403970673238502,0
0.017213516840333003,0.026281938,0.5690595569546428,0
0.048847841118055256,0.14270794,1.972932532893139,0
0.024037147948470866,0.023326127,1.2351508566093965,0
0.020404273457905235,0.06136537,0.5495686959784252,0
0.036059371153219645,0.079915315,0.22862195709265082,0
0.04678282243963811,0.2430522,1.1911041547984051,0
0.016265611199377836,0.08476656,0.2776828368221753,0
0.012173912731340393,0.018980099,0.5562598647203281,0
0.01892526513742853,0.013932379,0.8434010812995306,0
0.02231484795876319,0.05221328,0.96630667172066,0
0.020919226552724574,0.023396866,0.9844311750370652,0
0.03114203310989592,0.112819925,1.1110428830868255,0
0.017961979942631424,0.051421348,0.36045374088533133,0
0.055913349532088714,0.11230809,2.430631987786817,0
0.04376946370330035,0.08134696,0.4630486082722659,0
0.02858358686898179,0.06925808,0.780043125597282,0
0.033681785534266706,0.05437021,0.7340517338050316,0
0.025124447951096435,0.087505005,0.48482692138405686,0
0.017178401001538918,0.036667198,0.7068856056524947,0
0.01654050461801093,0.017089674,0.7521657296980353,0
0.02735776281443008,0.11221,0.8830156681733252,0
0.028742421463457034,0.07870366,0.774448899028073,0
0.025227984155983728,0.045977987,1.1321606961635093,0
0.03457480652763173,0.10550905,1.1905702649095264,0
0.025126193026878837,0.011723109,1.1952752783616662,0
0.03336581260889303,0.07549634,0.5002929199906158,0
0.02576281939375687,0.05871938,0.9294868634811639,0
0.018097285455063047,0.017019745,0.7684106513822487,0
0.029922398118622563,0.07084163,1.207963315426386,0
0.031060761771677173,0.17118418,0.6488299248390941,0
0.03050459749806788,0.042406183,0.7813763175210497,0
0.022149900445014144,0.06261258,0.8039548603753615,0
0.00633267917230286,0.016127119,0.19938432014435,0
0.020316186351628476,0.048622064,0.7055503231531729,0
0.0224729642498608,0.07740491,0.7204391555403004,0
0.012111280848881323,0.007266333,0.6179910425771941,0
0.011781243069128455,0.0099117905,0.5739515840283014,0
0.018721183300298115,0.021239016,0.8520473962096274,0
0.05592307078458249,0.05203943,2.062831749945626,0
0.02363534549960506,0.05184644,0.5991917912134832,0
0.016969710463173804,0.014168215,0.8771013431007771,0
0.017755048012435524,0.048462495,0.4232306782559283,0
0.02105831562179657,0.07144695,0.6794821717373961,0
0.013005717631817076,0.0063391803,0.6844016219598058,0
0.024546155394211077,0.057333946,0.9926169934611588,0
0.048903961107208925,0.14028639,1.1528095947470942,0
0.01827493335753371,0.035259657,0.705782805016698,0
0.050415312191271495,0.047177322,2.589886778611305,0
0.01038909249114022,0.04969848,0.21282891444522817,0
0.023099915469380543,0.041912504,0.9818317888642559,0
0.019905308050403556,0.028323201,0.9112271844220369,0
0.017058665634035255,0.045002107,0.6946853738460328,0
0.08896407644636294,0.02016618,4.7347027521211675,0
0.019707573083275583,0.05243101,0.744122508036185,0
0.015556585366821226,0.013545663,0.7617908802242839,0
0.014630338281385172,0.04598319,0.5053875539344662,0
0.025865000415627906,0.08899742,0.789525136933134,0
0.08699232026151252,0.19340028,2.186511993874912,0
0.023640770420213633,0.06825104,0.8988302138373618,0
0.016244474507372146,0.028906547,0.6728044591422137,0
0.023383386709586677,0.06329732,0.8345792296983848,0
0.024229507537151744,0.029003749,1.186212873271771,0
0.016940553954886348,0.108924165,0.3082909030062787,0
0.03151248739690561,0.0363664,1.1124754758765172,0
0.016825995900757514,0.0361972,0.14220397978329202,0
0.02065054071680998,0.07081434,0.5774700964189418,0
0.03783672485805599,0.07619016,1.5138390702571387,0
0.01626118007521899,0.038600814,0.5261016256375528,0
0.009103294475900794,0.011499081,0.3644696471221679,0
0.02495051285076296,0.024244988,1.052608680066307,0
0.007857178995971933,0.0088139735,0.27618228529252986,0
0.02796436742829399,0.036902606,1.3765954329311676,0
0.02149773637245555,0.08589951,0.7281402493300722,0
0.017749338904143982,0.020820072,0.8093044739470125,0
0.05578290006096924,0.24068983,0.8836305834101449,0
0.024956168838981347,0.05523033,0.43557227572769514,0
0.024557438855495016,0.0583048,0.8018511452606963,0
0.021767349270407202,0.07200336,0.5045710633699504,0
0.02638958743332123,0.05029097,1.1475147758165252,0
0.024081877076600953,0.038637925,1.1113767450325218,0
0.02028635308944471,0.02039632,1.018198512019642,0
0.023216547278861598,0.08713696,0.3801339553253995,0
0.010707722687974285,0.028233709,0.39044374529110104,0
0.020448401832601267,0.05440867,0.4903682704859373,0
0.012778096112684708,0.027884822,0.4100604241095613,0
0.02860988023900309,0.06857504,1.182446404123813,0
0.0266045753261598,0.0033195363,1.4891336803449817,0
0.015531497100113876,0.047009088,0.48835729972910896,0
0.026332740274776393,0.048524138,0.5009805324041565,0
0.011822749171434907,0.027468594,0.4064892240969705,0
0.019237231685526615,0.013628852,0.8980318173885486,0
0.013566657031187866,0.025331253,0.6174004927673302,0
0.024741298612907497,0.092593394,0.773453401752805,0
0.04254068747008211,0.078757495,0.8620141285239789,0
0.02821781336035219,0.03067442,1.0828347328804555,0
0.015658514953526895,0.017970016,0.5524889010559965,0
0.010179225631142234,0.0032939839,0.5567218615025027,0
0.028626303676522146,0.045654535,1.3041584558373733,0
0.04070364637649421,0.043429535,2.07237928589847,0
0.011648489569902248,0.01173592,0.42932298285607695,0
0.040212211589351274,0.0590764,1.1592881902682997,0
0.04337706221853895,0.07300307,1.5953880574511687,0
0.018458222310452445,0.054762613,0.6424150854421263,0
0.013714133412909564,0.020967424,0.6036733231336867,0
0.03426743766988155,0.02583929,1.8127506300213965,0
0.026609042706662745,0.0722444,0.9321684791795848,0
0.023053313223736827,0.017412152,0.9923044015791715,0
0.014494519583434307,0.0073017017,0.7042012356928588,0
0.006125329969999508,0.009403122,0.2240927156596344,0
0.017704281734626758,0.07129776,0.44689072697615945,0
0.02816302748865819,0.06137689,0.7284095530490208,0
0.028912935547504792,0.07817843,1.1818669671452549,0
0.010430859883625942,0.021101754,0.4365773016779988,0
0.026506838922613817,0.03879664,1.1448808215778383,0
0.024095584186262158,0.015393703,1.1462703350527568,0
0.019606844662257712,0.03722073,0.7353351058273281,0
0.01619750599926853,0.056897733,0.31326143085151315,0
0.02631421161562212,0.06704014,1.0793834964798672,0
0.023464351122374993,0.060612995,0.7455290843270803,0
0.012265903800973595,0.00848386,0.5544146949270281,0
0.018281709135814325,0.013618885,0.8909979218071955,0
0.04145866372457831,0.07910206,0.6639579512124344,0
0.017345153830840263,0.029266367,0.7676481684392928,0
0.018071972269069318,0.06551639,0.6122674936132587,0
0.01021159515509557,0.032315962,0.26066111268808206,0
0.011440306290229688,0.020336077,0.47809330325481714,0
0.019961959096780432,0.012930016,1.0204983168943778,0
0.01857597149246972,0.030008435,0.8681638016441311,0
0.014471778552357057,0.009430731,0.7566530132868007,0
0.0064855809357448335,0.032492723,0.08818804102404136,0
0.017712410467918986,0.023982372,0.7957899117964105,0
0.022696569419672193,0.06474384,0.6886975708135117,0
0.021712405919208234,0.08013211,0.73471941147569,0
0.032358980481323255,0.12159063,1.043907902008816,0
0.027069389426734914,0.035530806,0.7035240294860576,0
0.01032532892105461,0.021661684,0.3960110868701036,0
0.019475321872847694,0.027315121,0.7036258448273637,0
0.18637995775358437,0.46725637,2.249715958512286,0
0.02864771034138296,0.018157195,1.2786233524043134,0
0.0237716300159382,0.038798276,0.5057444719142072,0
0.02039807951163851,0.029060658,0.9899006958372879,0
0.01733329212600704,0.014038737,0.8391954053892372,0
0.013738327059525619,0.04860119,0.2747274629487076,0
0.03097210897454834,0.13439873,0.9321506957528752,0
0.03213725812495083,0.059831697,1.3524075062240228,0
0.02034314486017182,0.014566947,1.025474541760445,0
0.012470801756834304,0.03471668,0.41914285203509877,0
0.025393920985593538,0.020320805,1.3092223348000793,0
0.03207223185345723,0.035704397,1.6213357899628023,0
0.018887131404091123,0.027841402,0.7718595303234278,0
0.026089967775402123,0.08180957,0.41187020332462226,0
0.020842064043386774,0.112596095,0.5267188883764282,0
0.053080268804145854,0.2143652,1.8100645176156323,0
0.03405180960745503,0.14115761,1.1203179984436518,0
0.02213512143845442,0.028845688,0.6024522823413393,0
0.014353818566501265,0.009221259,0.684657913151407,0
0.027679744466829637,0.09952435,0.8613922052930612,0
0.03367798528780978,0.082933135,0.7086799031126638,0
0.03984288389397648,0.042499084,2.032671624814326,0
0.027933473031539938,0.04957769,1.2786308777872286,0
0.03152725477572753,0.021826565,1.631330708252361,0
0.017734718693818458,0.011613947,0.7618016645297699,0
0.022632939124940625,0.054461636,0.9148642102718766,0
0.007340075714331097,0.018927641,0.21901131164767207,0
0.01370224856610717,0.035851143,0.48840219448495353,0
0.012846755272749966,0.031692445,0.4107415066552744,0
0.03113991170164466,0.03463224,1.5653460271234512,0
0.015757185715203445,0.027066888,0.6649993481657842,0
0.01841004575289868,0.022588171,0.7296940075607842,0
0.02810538950237804,0.09335499,0.7831187644416567,0
0.02344506747382223,0.034004375,0.6263470505705334,0
0.009622933083157897,0.0355036,0.3437212376218602,0
0.2073737325027431,0.12724686,9.686755803177546,0
0.019817480479686032,0.0080694575,1.085982049392462,0
0.021551734124771883,0.014316402,1.116158794827168,0
0.014127578507240775,0.02374125,0.6158116786455122,0
0.021678290920901178,0.023524733,1.0530020406122689,0
0.0371901748432544,0.0752314,1.6472829951201335,0
0.012322386062043184,0.03382877,0.41554437547076645,0
0.027764106253221562,0.054976635,1.1229864643280334,0
0.0349360311449109,0.15354866,1.1203208610638689,0
0.05546240423380888,0.13927281,2.2524808665825957,0
0.02609780739520664,0.07891169,0.7777833262284853,0
0.028856545874983087,0.033315066,1.4010561979833562,0
0.01629756189521726,0.033353645,0.44400673689669584,0
0.01864554185722389,0.088618256,0.3861985390427859,0
0.007439722397056071,0.017599098,0.2644714531854806,0
0.018062455084007882,0.062269796,0.5647611000358387,0
0.008074205330727238,0.016453592,0.24215428298285996,0
0.022064822529199765,0.12390928,0.1975367968473841,0
0.028632336029689003,0.04621284,1.3182740390658032,0
0.043242714470397826,0.05713507,1.9400765530018025,0
0.012588596163241756,0.026028844,0.4580157147408133,0
0.014021004884345325,0.02149216,0.6021515374284144,0
0.023959611611494736,0.031364348,0.8488759776816662,0
0.016056530972478916,0.024260167,0.766149728541624,0
0.02124029120183472,0.016403181,1.0958055225426477,0
0.021097755695188763,0.041765805,0.9496551311848531,0
0.02475682788791121,0.07763481,0.9231162097365179,0
0.025577093729659016,0.043973226,1.0267043656572166,0
0.010656113468022074,0.015784094,0.3967226513254019,0
0.01987354538166035,0.02020971,0.871642161099347,0
0.03332390205771746,0.023758011,1.6768539366608217,0
0.014511430456221436,0.024895592,0.6079236314760949,0
0.013085537788168592,0.029966505,0.5261025892454955,0
0.013109409181540615,0.03877573,0.37501262633632293,0
0.016193549427254848,0.041331753,0.26998640151272646,0
0.043101523317728985,0.083184816,1.9507559355233683,0
0.012696397610912312,0.037011843,0.23932748752168098,0
0.014597428624790812,0.02732092,0.6783597748180298,0
0.027824272085114406,0.04388049,0.6031637955458657,0
0.02459664855150707,0.05010146,1.0989429812841711,0
0.0099954022341605,0.0065458356,0.5049977296670293,0
0.027517570486254077,0.1437019,0.7032322922739974,0
0.0189392821136986,0.07904566,0.5600983142081349,0
0.014994996497408703,0.043691546,0.4001709592044871,0
0.028075577880377033,0.08288255,0.6858911291081661,0
0.01580825937430829,0.07132209,0.4224472671243482,0
0.036489637664877686,0.02587626,1.4537997939383949,0
0.020839078900573155,0.026655529,0.6424858311412877,0
0.03537315288082771,0.03291324,1.8113482490403494,0
0.02324960688239578,0.104577854,0.6249464769544318,0
0.024930339245906975,0.020271167,1.2680325266822585,0
0.015419531356290409,0.022147845,0.6856675082130608,0
0.018554870685200054,0.07254308,0.5719058634819966,0
0.018885900852699016,0.02616499,0.8248951331012104,0
0.06261014711562822,0.1388994,1.945860893717634,0
0.028729497571919782,0.021357868,1.1093222458962566,0
0.011338698301430682,0.033998054,0.1911951693597808,0
0.017796569649117078,0.03306636,0.6481321599938213,0
0.03300392936889819,0.07219456,1.339575617145612,0
0.036343052891463105,0.05170664,1.1688429036056336,0
0.03139677175052086,0.027320197,1.5883254850122472,0
0.013801116686702001,0.013644329,0.6833964759536219,0
0.025799070611173317,0.026121024,1.0863846302512363,0
0.011397386132878285,0.020145914,0.27397004937356756,0
0.030581968539353358,0.102607265,0.6434085519066426,0
0.01177277675164517,0.013541153,0.42179893425697157,0
0.03588126484819468,0.027291264,1.8719876727769562,0
0.026205215848594837,0.037758656,0.5461347897449955,0
0.02573309678791319,0.07936105,0.6899948497201629,0
0.01277133999047472,0.05382142,0.40266291137040305,0
0.027641750395731725,0.09923422,0.6386302373413965,0
0.034129174936158566,0.107527636,1.0153007124301074,0
0.01738754706918514,0.033929486,0.682412978100555,0
0.01860502105297844,0.02075984,0.7720754452510541,0
0.04025118903361573,0.06956508,1.7862942046275578,0
0.015304867895060456,0.035467416,0.6058208517018944,0
0.025323450177093122,0.008041295,1.3841909537976558,0
0.016269088648598405,0.031581655,0.594824388578718,0
0.028984477857811247,0.048850276,0.5201882809544124,0
0.02060464539200422,0.05676934,0.59653316881215,0
0.01096432403517867,0.009736523,0.5689074021573686,0
0.04140064717516435,0.035610445,1.965673930356913,0
0.03286906526732096,0.09637438,0.6535943603141624,0
0.008589395622600035,0.012605473,0.3057754467759595,0
0.023915273917050242,0.05306452,0.6620473994344861,0
0.032363396675212625,0.06940342,0.6735659659726977,0
0.0504297057527268,0.10969625,2.1738771368025844,0
0.011302280239760876,0.04849771,0.0,0
0.013989036076401031,0.04692374,0.302358553386382,0
0.03807654258992167,0.04834635,1.9032849216538512,0
0.011226326674450747,0.009122067,0.5383642004751545,0
0.01298562850050456,0.04009797,0.49377843721197,0
0.04782454225869105,0.11266758,0.37647443679803994,0
0.019580014272825016,0.10357705,0.4600129865626339,0
0.10898772872314366,0.09396889,4.857249468268762,0
0.008372645183602714,0.0058194394,0.3965161234398945,0
0.011791610831615293,0.012858108,0.5711735273242149,0
0.022964426806782283,0.033349182,1.0169042316226797,0
0.01827206180578193,0.03812074,0.7809228737282035,0
0.05358111951663171,0.045502525,2.268308811662385,0
0.02430338830876292,0.06298029,0.7666424967296889,0
0.0055233185279883554,0.006969532,0.18425234955987416,0
0.025523528642296765,0.10822048,0.8304320190062072,0
0.005948185664312035,0.03164627,0.05223596474053492,0
0.02247774790388392,0.050429802,0.6431148192357261,0
0.013130452434254643,0.023729453,0.4394440163491233,0
0.024968551718130897,0.052177973,1.0936076155385612,0
0.020743268586635506,0.09481695,0.6001105615972706,0
0.011979142362496071,0.032240544,0.4830012651935779,0
0.02896066670961151,0.124430455,0.8600779693942039,0
0.01471408565601276,0.021516526,0.7137888482838364,0
0.015474475708178795,0.056970943,0.41375193031709906,0
0.047857324885444176,0.07269737,1.972815741657954,0
0.02990969301223067,0.13232769,0.9371372432710041,0
0.01867363986156237,0.05186156,0.7111951882613197,0
0.015620366513038823,0.054669093,0.30217929926482706,0
0.023981232933504383,0.0243278,0.9026868075827534,0
0.02497587937770735,0.036327418,1.1483395229603552,0
0.010387654880858835,0.018518748,0.40526320454463843,0
0.018958289829258148,0.021046896,0.8984907320604744,0
0.01687259907173058,0.058366437,0.5978678719162649,0
0.02392142061422551,0.037423175,0.5771433971123292,0
0.011536552095044453,0.024565961,0.20450800276813347,0
0.024462657562159557,0.013589314,1.199313412654788,0
0.02324193408504306,0.06732453,0.7237402752617973,0
0.01873336437979948,0.036907516,0.7537050430492717,0
0.01735558776418282,0.018417014,0.7797692649652941,0
0.02279249376559992,0.052294992,0.9015027055827308,0
0.020535158560569262,0.037677698,0.6034323579870204,0
0.027339476907678514,0.13188712,0.7446233174101008,0
0.021978676291936224,0.04123579,1.017661952755139,0
0.010159929857745147,0.020558458,0.4245577748916111,0
0.011665764256994542,0.01906159,0.23414560777043572,0
0.028959731545620156,0.13294153,0.7005932590642627,0
0.015017150246664088,0.07221967,0.1842562681866735,0
0.0157958266223424,0.04717952,0.5830250643624871,0
0.01307012176874128,0.017502652,0.578322423026468,0
0.02112295409791838,0.05272827,0.749267443668089,0
0.0060546614508628195,0.012894657,0.20341697293601532,0
0.044682045800188586,0.03495476,2.161176513103514,0
0.030230807438943658,0.05809984,1.3211716991477918,0
0.027519203308536577,0.046754166,1.3000364650360636,0
0.021476465163294378,0.050178498,0.9370442645075057,0
0.02072357813904066,0.021914046,0.8247014044629192,0
0.03796900432831342,0.06385392,0.5932728973727801,0
0.015710747084946852,0.027073624,0.6469505412912179,0
0.009726811682111739,0.019955402,0.305072321190074,0
0.015689057661101867,0.050421514,0.47700757247208336,0
0.025547542417571976,0.013385905,1.3833943809065514,0
0.01916534861029467,0.04701666,0.4456432896176249,0
0.020332529846974562,0.08010918,0.652612392080903,0
0.025146957063862066,0.050608397,0.9470288627959732,0
0.01745548838415378,0.030955456,0.6051479535612811,0
0.01032750099589887,0.039212428,0.1509137104197314,0
0.03271047527535245,0.105434224,1.0335171918546098,0
0.023183793950283374,0.042079464,0.3579681441816333,0
0.029676092835077772,0.043625418,0.8064559126150374,0
0.030848839837665315,0.1097284,0.992343806727021,0
0.014838770988188133,0.074423194,0.2271834590850485,0
0.012897353472506812,0.015369181,0.5790375627474874,0
0.0279372230978448,0.02738335,1.0443714563705098,0
0.021504901623779445,0.04780062,0.7500445395344656,0
0.03102476722346285,0.051565576,1.4223525915079533,0
0.013900587405733793,0.046993777,0.37503189758455957,0
0.0131315054109728,0.03591263,0.47065892134869014,0
0.01501535239682939,0.012129482,0.7237286117966472,0
0.03646417570449619,0.093687996,0.7770641402150462,0
0.02007211551528064,0.041016854,0.7836912856469488,0
0.01587701253083096,0.020244146,0.7817792712847003,0
0.021231609756679246,0.03907727,0.9643175838741098,0
0.029664604559434277,0.015741762,1.5335290726077968,0
0.022047952721086995,0.039280914,0.6981121393732738,0
0.03662357133331841,0.038176693,1.1765624252097204,0
0.026813309896371006,0.08897842,0.568713154626779,0
0.021684177991761942,0.024286844,0.8705288115225782,0
0.01699565303958279,0.034288373,0.6440110393628089,0
0.019466711636244086,0.029878031,0.9020440583828295,0
0.01655783943472891,0.053303752,0.5589120434382949,0
0.020414299828273554,0.021762772,0.9012363390858822,0
0.011657132874169893,0.045361746,0.15849214458407734,0
0.0145541291476406,0.046425868,0.559229405060431,0
0.02595595031793941,0.071386516,0.8060196549915714,0
0.046849068370262516,0.018127453,2.502506533305381,0
0.020406115994288584,0.045331415,0.5809471404253398,0
0.03018873117899969,0.055014785,1.3267598589661853,0
0.02293045297538796,0.009746289,1.1518480590110272,0
0.022540148144641708,0.052750304,0.9459486116164947,0
0.00962793028386061,0.063909315,0.16278413457532723,0
0.038745172519933216,0.034647495,1.5039935793240469,0
0.01825446368226065,0.032259725,0.2941961581052205,0
0.008822573437883851,0.009660269,0.354885001707488,0
0.03448518080570759,0.108181894,0.9357214522610895,0
0.018172675736392772,0.025483664,0.6764637492484409,0
0.02784066117449053,0.048990987,1.1700660629244828,0
0.020499354683961364,0.058545556,0.37656473682768205,0
0.018992298046621028,0.019062744,0.9206260568988754,0
0.009939448278021719,0.031481627,0.18596853932666846,0
0.028293738498048213,0.12978937,0.8718568059423883,0
0.02649063305640563,0.033305317,1.1978628702379603,0
0.04316305297870198,0.15697707,1.4587100132708408,0
0.010660675688747465,0.0072486904,0.5483517448467677,0
0.0443049984179722,0.06577233,1.6729205179830664,0
0.04435334284491807,0.12353871,1.627373851503932,0
0.015150502565907996,0.03247003,0.4921742940591788,0
0.013786029134387744,0.033174824,0.2639531977375367,0
0.03359189744643479,0.04305586,1.6157508966596705,0
0.0176059636694968,0.0204743,0.6753317015082275,0
0.01799506519246851,0.027438134,0.6020809150829405,0
0.033569127641865246,0.044779483,1.649244149107583,0
0.030147857665771407,0.07179272,0.8108298819727309,0
0.019357186004217396,0.068134196,0.4739500392401086,0
0.004887888932973588,0.016932055,0.09446098412822097,0
0.018896696986364665,0.08318389,0.5139777055740549,0
0.017322913903510498,0.033442587,0.38745081412676796,0
0.04136135075793763,0.020239206,2.2316726883657325,0
0.015963299309817703,0.0104342075,0.8392084675752323,0
0.009012982044991515,0.020275315,0.1664275259031321,0
0.0234743057833534,0.025786493,1.1118472432206559,0
0.02125803045491135,0.05559066,0.32087686549396616,0
0.011232434682043338,0.01349635,0.4848699080042756,0
0.03909753625740765,0.087924406,1.68212655010566,0
0.03255008405154247,0.09486909,1.2685140249241618,0
0.01824765400198968,0.044802826,0.7258180451705322,0
0.019321834270942986,0.06696224,0.4693654543420793,0
0.028849103503951288,0.042037163,1.272361630365601,0
0.0121790277019981,0.034906514,0.2858139305870554,0
0.022721748763813245,0.028618438,1.0752101913914476,0
0.01352901453112259,0.031853035,0.5852198522979061,0
0.03273304428019724,0.099745534,1.210159239181678,0
0.03852311603273681,0.03644144,1.405303731105443,0
0.022422637398600957,0.05508825,0.6187684256060657,0
0.023333546672678732,0.05587959,0.6589590401583354,0
0.01813516157134737,0.06253399,0.6072368990301116,0
0.04694614262011344,0.16021279,0.7015116972244709,0
0.015365074704228415,0.06425852,0.300497338904461,0
0.03010040265189123,0.027735144,1.4095581850453707,0
0.017330496429924555,0.020134402,0.84847141028576,0
0.02583991904228294,0.02454948,1.3286071729580011,0
0.031022110757134912,0.05387277,1.4242419467501166,0
0.01898029810793161,0.024214514,0.930122429831751,0
0.04566239255965127,0.078215346,2.0175825282859265,0
0.014138604943820125,0.0211876,0.6027568017047167,0
0.04362983567830517,0.07404755,1.3384332691977154,0
0.030284231534102302,0.063882336,1.3457643120746237,0
0.025954431204460705,0.022647392,1.1837514403703449,0
0.007004528604009576,0.002823216,0.37033024582644863,0
0.025870648516580066,0.038717493,0.674919664076238,0
0.02092090012102487,0.042399712,0.8399770886495613,0
0.03098767349574418,0.1689186,0.720621726310291,0
0.02349866244636799,0.02147301,1.0563164855356637,0
0.013207277590179435,0.017472949,0.5620495209081782,0
0.018776550319099847,0.05413552,0.6748498446980634,0
0.017945418294540244,0.037891723,0.7895951702770175,0
0.006834814324975014,0.025263304,0.0,0
0.040775163770972817,0.073328085,0.5122914402774122,0
0.022704611710974133,0.051276196,0.8648515296263773,0
0.014153926860752186,0.03411595,0.2876890216161072,0
0.019703282304910794,0.0436248,0.8410813821721657,0
0.017564759390209204,0.011644383,0.8830368599472029,0
0.03616281159662649,0.03223627,1.8648170157097328,0
0.020147015360405127,0.07911198,0.6456614652734015,0
0.023126300346322536,0.025800414,0.9495976740206602,0
0.013401391088675432,0.035796557,0.4665939203822191,0
0.03772305851991791,0.027159814,1.9401335585012236,0
0.027078808120469686,0.03937791,0.9253495369978346,0
0.02117383753031122,0.05100711,0.8534821322237375,0
0.021764608233339068,0.051050667,0.8767058806242997,0
0.012039758344723303,0.013559548,0.5469708247495618,0
0.0106348096497435,0.025004786,0.443190053049798,0
0.028747373911015475,0.09814605,1.026241723035016,0
0.04265574186805627,0.029223485,1.9301702690015656,0
0.0332399932446317,0.045036692,1.483250095431398,0
0.022218469009914695,0.09824439,0.7037113721602486,0
0.021559731548296858,0.04838031,0.7088542931055434,0
0.02256023448990634,0.037914623,1.0628423926775823,0
0.03754758714201174,0.0502307,1.2384028736358619,0
0.04594471101013975,0.06914949,1.1060351467993252,0
0.01986775902464801,0.080945365,0.5809574180166911,0
0.028599608424546355,0.10525413,0.9950810669290657,0
0.010389617761073649,0.027743256,0.15093200618811384,0
0.042612267896845725,0.10848163,0.4093248196224028,0
0.051300252989050374,0.08517766,1.2787219344853058,0
0.01256172214553983,0.01487194,0.5949646624559133,0
0.032970493064227696,0.071787745,0.8290491811302451,0
0.02523722768515125,0.016720435,1.0603212287847295,0
0.019553512693794472,0.025132429,0.5277791964615672,0
0.01436051209557795,0.01674068,0.7114317476160644,0
0.010264170123704338,0.01600907,0.4065339800022881,0
0.03000174616772411,0.073083356,1.191870713071427,0
0.01665500402888766,0.08175338,0.14031371829289652,0
0.012067808439649833,0.01569033,0.4979401549165088,0
0.020822786158574212,0.028955586,0.5454915848056413,0
0.017174661123533184,0.094910294,0.271346658355171,0
0.025214366261332256,0.019423276,1.051478200640246,0
0.007887473532794023,0.022902865,0.21238805223929985,0
0.0168513292048917,0.03991417,0.657679713314006,0
0.023063629124227908,0.039200526,0.8002136081777329,0
0.04406328908106989,0.113356784,1.811765648008024,0
0.027007838983135173,0.025392119,1.186012392518012,0
0.021067588881777653,0.025187999,0.9921989590986423,0
0.0365449796253876,0.021390812,1.8819684235977787,0
0.04475916419425052,0.16958089,1.5729456404613134,0
0.022708672049770423,0.021788705,1.1075313661263473,0
0.016127663398771495,0.04173789,0.2491034938281622,0
0.015182574523334692,0.03922371,0.3702861266555648,0
0.021883404641946137,0.07002545,0.5422946520604859,0
0.02446457759075583,0.047812227,1.1191600950047205,0
0.0149192406487738,0.017597191,0.6746940058667245,0
0.012133616790457883,0.013996038,0.5476802700270923,0
0.01705040001365325,0.050395552,0.6158617282185183,0
0.008910017013385813,0.036235213,0.1394758736679811,0
0.015514845610848291,0.046996497,0.3421731407930141,0
0.014705171398034695,0.028748015,0.46318949516456914,0
0.018062551510061114,0.019300649,0.776261298057053,0
0.03583034786441178,0.0818994,1.2687706078975793,0
0.01843184666475633,0.024764232,0.8486830559707812,0
0.011120546861136255,0.01386073,0.34445120339663804,0
0.11373157673566664,0.027731791,5.843651248522886,0
0.01686791880747212,0.017291918,0.6115698506183053,0
0.007407587289316991,0.04285094,0.06493363660320066,0
0.01811253855453879,0.025100723,0.7960782211014721,0
0.07992919974365137,0.038851317,4.33707488576763,0
0.018803295605819663,0.028890615,0.8331048759580325,0
0.029966421085472275,0.05913186,0.7041627085992687,0
0.018974389454575726,0.019043628,0.6516946578654879,0
0.043876359692235176,0.1873145,1.1507761239723693,0
0.01601314730117326,0.045975454,0.45758281336109874,0
0.012116544797151943,0.02328939,0.4916426146017781,0
0.02922266824371596,0.038291175,1.4092097309695306,0
0.050852546234693666,0.052875903,2.550988263214079,0
0.01878223376948079,0.015045464,0.9224810909157207,0
0.019533729776323436,0.021879997,0.9814397877239912,0
0.043697823955036574,0.05372626,1.8358889588281977,0
0.01876491959801302,0.01203222,0.9859643868732257,0
0.02012087178261779,0.019367335,0.8587125169983302,0
0.032420694520701676,0.1149388,0.8799009164870776,0
0.013728115074842026,0.046285547,0.4481707769010502,0
0.019510900835540527,0.04245488,0.8587312564066293,0
0.013774142915715843,0.017950537,0.5717788190150642,0
0.01607383439243011,0.01750005,0.64521575476719,0
0.05183753939011149,0.44415915,0.3873117517239191,0
0.021133084903840645,0.041020945,0.46898091246605633,0
0.013357995381458551,0.005755231,0.6889059904955123,0
0.02902174125042957,0.06411575,0.751567943402681,0
0.010857922401438543,0.016790984,0.45517177862364405,0
0.017311949036825522,0.035731718,0.32835620760833883,0
0.021047739785332153,0.015857501,0.9271512493956008,0
0.021187145044722397,0.10576418,0.5057579398149432,0
0.015103606305943382,0.015003591,0.6732031365612562,0
0.024335489415783264,0.08493781,0.6945133672893529,0
0.03003702793935981,0.051843863,1.3542778313160637,0
0.02767548028034656,0.08713644,0.6803166527768797,0
0.010962854508384018,0.030567963,0.39340480338225164,0
0.02579507892450137,0.024492571,1.1727212340644342,0
0.023490189640374005,0.05421822,0.8893351900130239,0
0.017660279803063537,0.03404621,0.6961287206273937,0
0.04958330013958122,0.05620169,1.6140100466485068,0
0.02197821906703458,0.05042386,0.9150696330571081,0
0.028515969393556943,0.09396573,1.020225249057004,0
0.028885755519980485,0.035434403,1.3824601871445648,0
0.022696421312696866,0.028335163,1.1228537680800457,0
0.026164639874289176,0.037607238,1.2578095988878977,0
0.032634628791585976,0.047857363,1.5665505952576675,0
0.012581197423859066,0.016094347,0.47147799966992704,0
0.02064044914849868,0.04360287,0.7790299532503886,0
0.037188913110287936,0.07511109,1.6961337473454974,0
0.017186994120521937,0.017502323,0.6722850301169316,0
0.029079025899486056,0.034260638,1.4048387144472754,0
0.023952550035402427,0.09142181,0.5751916151403954,0
0.03023275773764498,0.06721707,1.1082110227989916,0
0.013131886175915812,0.04114359,0.39093865253898263,0
0.009298001531960398,0.03785255,0.30784372952837225,0
0.013375572302672856,0.018950706,0.45038237512007856,0
0.04762247402740655,0.06168558,2.236511459558447,0
0.02192780785043844,0.016340733,1.143139847681566,0
0.017439730167324446,0.039035596,0.6893813545361075,0
0.045021054120600854,0.026140062,2.3287936728855327,0
0.02266379188324541,0.05101788,0.8772757794616564,0
0.015620808394270214,0.031425208,0.6135721040422593,0
0.018953302175514688,0.039695483,0.49280088329397964,0
0.02509308477469392,0.10715728,0.8045328176703866,0
0.009792873752025371,0.025086097,0.3547757735962406,0
0.009079011610733094,0.029271536,0.2819641354284127,0
0.016263643700578985,0.016501954,0.7822092294208741,0
0.04160969471735279,0.05993294,2.0080811656134907,0
0.014365385240375825,0.03531299,0.34325958511045446,0
0.013084322804719639,0.025797457,0.5715303733272412,0
0.033531129826673306,0.17910409,0.8747214362762102,0
0.006165818086989316,0.019700188,0.11646538466872679,0
0.010433009836767815,0.03181578,0.39398674968616704,0
0.04232347666416093,0.07064443,1.3975159897675726,0
0.021463876374786514,0.090930745,0.6915626175408863,0
0.018057774419144093,0.028798588,0.7670650159755936,0
0.009378436383838156,0.017908419,0.3578200643801788,0
0.014674720498126912,0.03452427,0.5519081080337844,0
0.018794006797379255,0.06077138,0.6280748016555266,0
0.028509552745653907,0.11983772,0.9445138922008339,0
0.021280248617110573,0.026186913,0.9023806856288901,0
0.018447646095586502,0.0425949,0.7678288779181699,0
0.030215314298644172,0.06839884,1.2903348287059113,0
0.15635688610628806,0.07073309,7.484111165398985,0
0.009526120771853414,0.026521577,0.3054816403375802,0
0.0351406033904753,0.09825042,1.4444925660995995,0
0.03478113935495109,0.026477987,1.7492612327447832,0
0.013081179848311567,0.019083267,0.3785772905514599,0
0.03718285273964522,0.03022689,1.3828099569990642,0
0.015748592399497937,0.032688573,0.7126130769852926,0
0.02171591988715977,0.108077094,0.5700931278540285,0
0.019847401821750113,0.058243196,0.671972763350323,0
0.016069355128993688,0.011558362,0.8019751423954183,0
0.016986022738423787,0.080781005,0.3160591084457157,0
0.043497322854430184,0.032972243,1.8293184012913097,0
0.05124554207416116,0.07062528,2.417093640703784,0
0.016222537274442166,0.021687962,0.42936803677610735,0
0.01710789141407098,0.036695883,0.7059222505292145,0
0.03345928759846366,0.06424295,0.28928351068096503,0
0.04609624282066023,0.24281198,1.1150820547944857,0
0.03082938431635703,0.13196343,0.9981721348417061,0
0.02717027234903946,0.06328716,0.8310546649920587,0
0.02000271445905998,0.08238147,0.6231860921208239,0
0.029507230782717813,0.06702497,1.139669239355934,0
0.02926731280401622,0.044819288,1.3995151435751696,0
0.007294138932327969,0.015645294,0.23846168968688858,0
0.019742122298425178,0.022632366,0.8659621138278174,0
0.02797162570686068,0.046169817,1.2871656592958993,0
0.01901335497257984,0.029238509,0.82682187712746,0
0.018202958308879965,0.0054691066,0.941099123929721,0
0.018832614414456474,0.06554212,0.5755150346082472,0
0.017368206399782794,0.03539692,0.2793516218101774,0
0.02082526239660462,0.052893247,0.7922560390343962,0
0.03409091623387341,0.0114614805,1.886203127424722,0
0.00834547408974657,0.0179307,0.21037241824074432,0
0.014786082599301406,0.06420161,0.45948847930025,0
0.018794069216951766,0.057646196,0.5184919415038498,0
0.01645523369336295,0.037407186,0.6301966160026253,0
0.01895012377806319,0.025791962,0.717199289786674,0
0.011863412508716746,0.0059187636,0.6185824420474265,0
0.006998279997824464,0.009662306,0.2988851789876567,0
0.0390057732681226,0.1018164,1.3017465512331186,0
0.013924493850010164,0.022462066,0.5750449347107403,0
0.012116020724349726,0.017847156,0.5883717219372052,0
0.02101002143072513,0.050795164,0.2000028123449047,0
0.018909700119004415,0.08259874,0.5683231733149653,0
0.03304728109425298,0.086730875,0.8244997692512199,0
0.017155683559931523,0.0040200744,0.942488739968138,0
0.014463733171043104,0.02217183,0.580426526782875,0
0.020196021535018628,0.0130837485,0.8762925131704331,0
0.018885788155104423,0.008481248,0.9734696696921208,0
0.0167670629259803,0.036777567,0.5635663911709253,0
0.02501222968496921,0.06975069,0.9444856620526587,0
0.06684309343057518,0.3790509,1.0358381582168577,0
0.035435771059969604,0.04983428,1.728218483980464,0
0.023569432112704618,0.048542406,0.8673685522839885,0
0.029888511730266933,0.10090734,1.0981937854070873,0
0.03207946980676185,0.07156349,0.9690150751130848,0
0.026004768969701487,0.017707713,1.3815773249810983,0
0.05035019026656891,0.057121214,2.369676723492491,0
0.01647763766821616,0.07598783,0.05385794792637033,0
0.018695678110693892,0.04559495,0.697497504805838,0
0.07202875174818732,0.06308178,2.731345439809964,0
0.012528024564952795,0.04190569,0.4390010412708672,0
0.03657085189662614,0.037748184,1.8711061891167189,0
0.02144770924492557,0.017758451,1.0809613965359977,0
0.03621478398028211,0.074852176,1.4794653558384987,0
0.022082162659228275,0.08430994,0.5631702072391115,0
0.007000924478781245,0.025311602,0.1759461489734073,0
0.02630409035859327,0.026130034,1.1358504516946042,0
0.028152770072071065,0.12392648,0.7881213710445352,0
0.03080723728171962,0.033626813,1.1639242736018074,0
0.035619577009044626,0.050408438,0.8793099940156378,0
0.0345941328153512,0.04404645,1.0891535587015602,0
0.014714616445103818,0.0175105,0.7351788092579293,0
0.019750230122900052,0.09672659,0.37339486884045864,0
0.012300192420876987,0.03521569,0.41476609458489033,0
0.02661050170411201,0.06642279,1.1326487832872907,0
0.01561870365097709,0.021581601,0.3788141026184361,0
0.019771866033568945,0.07915294,0.587568437347206,0
0.023907486459130288,0.06479714,0.8712247325104,0
0.02201328008440664,0.027353201,1.053874870776726,0
0.03034510383058956,0.14091526,0.7969201727417896,0
0.028561140131759602,0.05632473,1.3058802332200774,0
0.03817021909404696,0.055161167,1.863736785956487,0
0.021848193939896322,0.036791172,0.9586688960632266,0
0.017787468102796248,0.009971086,0.9464250927089456,0
0.011680882393265722,0.028002348,0.37991555707516794,0
0.024132903133798057,0.055639733,0.9497676823952604,0
0.012054720104065636,0.030342765,0.4103157517921821,0
0.017637106995790817,0.06269028,0.41496459109863076,0
0.02507264425181556,0.02665903,1.2187506086884368,0
0.035608633750335836,0.12834223,1.2881299937747313,0
0.016444851697111948,0.044013593,0.5421821802475292,0
0.019081434605225805,0.011302268,0.937302452063767,0
0.024134795857449234,0.028427629,1.064581097093835,0
0.04392689087220363,0.090375744,1.6926850104583373,0
0.06008169153666356,0.17532006,2.311359763891224,0
0.02345281374145657,0.03749369,1.057892008897934,0
0.0075495008929711335,0.01898311,0.2904810409923131,0
0.023456956630018455,0.041224506,1.0962883384794884,0
0.01769208444711835,0.03907099,0.4075838027100998,0
0.02511193211320991,0.06870202,1.0390380874064424,0
0.015422389253970499,0.019022482,0.6077248255379276,0
0.02453124364204336,0.048395745,0.34932299711291137,0
0.015314882469177265,0.013562383,0.6297231823230135,0
0.026715914035526197,0.020207653,1.1022221917289656,0
0.02100474581630559,0.04394577,0.8005438254951653,0
0.012898667740321201,0.038878907,0.20570859727656007,0
0.015077234468715544,0.026994504,0.44403194473386637,0
0.025073586849517042,0.04706948,1.0935339035798786,0
0.026148151708844318,0.03778963,0.706380624436086,0
0.012740754859632296,0.031632982,0.3846273681563929,0
0.02538368063335702,0.070113875,0.7378085890689737,0
0.01888614960197816,0.06399934,0.36267860114069717,0
0.05164987816194042,0.14734086,2.102555402266279,0
0.035011573338205496,0.122238904,0.8200893206375022,0
0.021128459054638137,0.07883664,0.7539414756403535,0
0.019725049669268233,0.024212375,0.6325680881041633,0
0.01302711837642342,0.027618507,0.28537447342374117,0
0.0340151787681766,0.10339496,1.1459433706808806,0
0.020487480135489497,0.02231421,0.8070917733401265,0
0.019485285995876664,0.039583784,0.4068904052013064,0
0.01909632394500994,0.036089405,0.7935162608777707,0
0.011572942114474093,0.03528388,0.3583656970297786,0
0.02854254778119385,0.10109927,1.0191618913986598,0
0.031063147583438956,0.14015198,0.9239616170735477,0
0.0197376110252983,0.029556256,0.8816206457261909,0
0.014568425635217434,0.034216482,0.1500341185340041,0
0.013401019942624375,0.04116034,0.5241536312627775,0
0.025348135213608854,0.024786767,1.0055660595774731,0
0.047788898672393325,0.05827324,2.0488601283976773,0
0.03313762184570096,0.21074675,0.6388151345728033,0
0.03382038875677542,0.11568165,1.1486783714767084,0
0.019760584596910553,0.011431588,0.9336491680165551,0
0.05642933020841567,0.082881,2.7503409782974475,0
0.01100881846013205,0.045967977,0.3084650733838384,0
0.023911025821662192,0.032991964,0.666095121204695,0
0.07694862876322582,0.114595726,1.5931143566443808,0
0.026035955799091466,0.14575467,0.6420045205234055,0
0.025490280669086384,0.028987506,1.0384178031630282,0
0.031185022252047046,0.010574067,1.5524160433156817,0
0.02865703274621793,0.0667256,1.0906960791520746,0
0.0269175387539725,0.14243482,0.6117536388352376,0
0.019839334833838772,0.037841145,0.36690375880091525,0
0.07581098575319886,0.022808963,3.8957528792893923,0
0.020146848206543513,0.029350642,0.8307040975560349,0
0.018248700251609747,0.032028053,0.42592524421722383,0
0.026103672832513546,0.044235304,1.1034276941813899,0
0.0028291009371201794,0.012462539,0.0538111918355647,0
0.018938802835939614,0.027929323,0.888713196215016,0
0.01962976333902148,0.0915404,0.5175727330945342,0
0.02866635573956893,0.07850312,0.7177449380583458,0
0.06292631275121652,0.18510774,0.0718692691458721,0
0.01953743712056794,0.06284787,0.47253166307779826,0
0.02827180265417353,0.08949178,0.3234086541011425,0
0.008868550434779559,0.032413185,0.1839303519935415,0
0.02274698942502648,0.026373608,1.1037991863269592,0
0.006964955910171899,0.018337075,0.14795091343586794,0
0.013056276982895573,0.020981226,0.602884224810509,0
0.05096255783757462,0.11608094,2.2455328952179627,0
0.04096011720376618,0.15853733,1.2983193342459471,0
0.0247927283753806,0.05151584,0.18161533768896934,0
0.025277356944640915,0.077482186,0.40411792604357655,0
0.018606972238424176,0.061269585,0.6260524078028102,0
0.03527733128202561,0.11713867,0.6580544708169506,0
0.013055214550233476,0.026982194,0.46313428400919693,0
0.018481531865333835,0.042645577,0.6760074202141604,0
0.019061199806524272,0.061257165,0.563807593891792,0
0.021350952706904718,0.012450886,1.1303506722964431,0
0.01803968845292983,0.019937262,0.668933251801432,0
0.009461896082119291,0.019733775,0.32347440043769843,0
0.016624690640536545,0.006593394,0.8577409203726745,0
0.007950924668845838,0.021298181,0.3231085076680953,0
0.020392765002630885,0.035407167,0.833652265958358,0
0.012880095527942339,0.078561515,0.17837926224201103,0
0.030460971958193472,0.009825614,1.6637540253921472,0
0.029898014521379468,0.055554226,0.5591502692318081,0
0.019198114194738738,0.027155979,0.5577731593759251,0
0.013819370589813664,0.029920729,0.3940962152975824,0
0.012805580262608463,0.02227792,0.3114502019622146,0
0.013210918200363266,0.030000698,0.4065938191135291,0
0.046446644904630435,0.045346066,1.6846066730961904,0
0.019002214744260892,0.046980113,0.7037061309691844,0
0.016921684194090382,0.06853807,0.339342530385132,0
0.03842565956765971,0.069043376,1.4598221899326413,0
0.017829374494523598,0.01954104,0.6146254362278569,0
0.020470971986091185,0.021033194,1.0181921503830529,0
0.08502011894669781,0.07239593,3.3857478018272382,0
0.05055095610469399,0.04552458,1.9478711169988279,0
0.01887561414676841,0.03735712,0.6956021992190698,0
0.012939800755745134,0.016371468,0.6390220475255167,0
0.014426049489523883,0.04213511,0.4652063824095883,0
0.02476285083862019,0.083846346,0.8429867299307983,0
0.019766560050665453,0.022407066,0.8505291859607694,0
0.015821510475191296,0.042560842,0.31476193164011446,0
0.010725763341239272,0.022128988,0.4343167719439869,0
0.03253218836972954,0.06482972,1.4356737885837114,0
0.03577836308046879,0.027778383,1.8604830631942704,0
0.02004065617423418,0.040277995,0.9130548972260026,0
0.016981009151248116,0.028371027,0.6830547082288922,0
0.029087052604411853,0.026963422,1.0797593084805361,0
0.009629264850570484,0.029197784,0.2038734843428282,0
0.020480296933779334,0.025087798,1.0212436487236045,0
0.02163350492705761,0.030996302,0.8800818295158522,0
0.01566048786763398,0.019276366,0.5769575948751462,0
0.04149828644152927,0.087877944,1.549641471182283,0
0.05706437346559224,0.07976188,2.6847858101011712,0
0.03472635080737473,0.072801284,0.4127133938869291,0
0.026319014205904965,0.030928714,0.9503383441684429,0
0.012731373585675783,0.022031464,0.32030082978320196,0
0.02198747049765015,0.02575302,0.7956104594633451,0
0.02373902713308549,0.11660273,0.5368914109796605,0
0.009110819411140194,0.016979126,0.31670469819242375,0
0.02388250765413049,0.04007664,0.9355415136461294,0
0.02091589343388542,0.123353615,0.44675699421697884,0
0.024579095872926622,0.013275154,1.072933645197811,0
0.01854341293575479,0.034064975,0.7663785759144993,0
0.03526829133805876,0.11348432,0.4323582032934001,0
0.021660909513637236,0.025347123,1.0792636700632092,0
0.029324380890322844,0.009756939,1.5928096713675084,0
0.018413100796436682,0.03981445,0.4477569162155171,0
0.03018403504214436,0.023022307,1.578217171881341,0
0.016983229775779075,0.019845396,0.520603374715409,0
0.03446787074567828,0.025411291,1.6904454008259073,0
0.017740331058865626,0.023641389,0.8449606307278335,0
0.027744653357568972,0.11517028,0.6013330936599636,0
0.024349996538864417,0.009128408,1.2674119540074504,0
0.014666125437105309,0.024998095,0.3885217187450146,0
0.10618770995985016,0.04474709,5.012952314657471,0
0.06771637777499989,0.1718723,0.9924680538029681,0
0.014443725663737096,0.013583087,0.7418330003711341,0
0.017449480785376767,0.012605129,0.916844777719791,0
0.01413290589047577,0.015150828,0.5783575350754198,0
0.017985663823346338,0.036850017,0.3376335651782345,0
0.02458410334615624,0.04030872,0.7515251257159183,0
0.014276139407407285,0.02806826,0.5243986573801583,0
0.029622157884326233,0.07076846,1.1875990265448533,0
0.034051847859011594,0.051484738,0.871468704350188,0
0.015944959316181333,0.047620572,0.63162834422175,0
0.020723874385260032,0.060697604,0.6511032937123127,0
0.020992370007188323,0.0736858,0.7249282460001416,0
0.02744182997467992,0.022886101,1.4102595240416824,0
0.02216994720822006,0.06492539,0.41767319426629745,0
0.03136176511737019,0.13273282,0.9711729590674218,0
0.02353308314186479,0.020287612,1.1951746017058764,0
0.02604693446486143,0.1143222,0.8262297303177396,0
0.02076659731117177,0.039045952,0.6986327334551168,0
0.015673173690027513,0.03806612,0.598103983172789,0
0.04121705194557045,0.019913685,1.8676345755286083,0
0.02966607633494234,0.054432422,0.34771569467167973,0
0.030465976767379232,0.021645902,1.2093057746898332,0
0.028859432564209617,0.046222698,1.2492770714145665,0
0.04005193395495632,0.02610197,1.713298504925137,0
0.02500379160208347,0.05130362,0.14445096648602868,0
0.02628791660909616,0.13531137,0.7294041472654746,0
0.0037615114056149604,0.020097286,0.07452229266205287,0
0.041892999998312655,0.3379574,0.26266037966727135,0
0.029377696272454554,0.06651172,0.4894470433258426,0
0.059507204634024556,0.018742174,2.9554466765440175,0
0.018577516618309135,0.022931706,0.8425156444324093,0
0.012415823050751095,0.032694545,0.4678124889509755,0
0.010525163877860814,0.03767292,0.23113283632464063,0
0.013392322189247303,0.054363467,0.4214493231387333,0
0.023227101800452236,0.031207625,1.090566281123883,0
0.025388756914790776,0.11218621,0.5779968695787406,0
0.01679153154104733,0.014702849,0.7564033341371801,0
0.022214618869658722,0.041304905,0.4218482984735424,0
0.04244582747601123,0.0750488,1.9625230148232815,0
0.022163385732532216,0.08775068,0.711074624579097,0
0.006150015746341967,0.03251084,0.15645254658769678,0
0.014091884157165495,0.030788071,0.260815063590086,0
0.005882164843851503,0.02060962,0.08310189289313102,0
0.021830603452475887,0.0338569,0.9524312982651965,0
0.02938993565911808,0.1476616,0.8228720093193767,0
0.06704357338416775,0.10524406,3.2206623525547458,0
0.007066882791723927,0.02196406,0.24488546003351963,0
0.030418960647940797,0.026933875,1.277795007068037,0
0.014912214796896979,0.03469461,0.25256053010997526,0
0.01671728183631389,0.03689845,0.6516445599755634,0
0.0436428077470106,0.03289931,2.2698749790019677,0
0.023160842634018124,0.030833649,0.9248934933889257,0
0.028619304620434792,0.058134455,1.2406581508784313,0
0.024380452087055447,0.11156091,0.6312180736553694,0
0.01917117084174233,0.08309928,0.4941462544199102,0
0.0197011440813854,0.041094016,0.561260836887911,0
0.03437528589569992,0.085242845,1.0743493322800388,0
0.0237233728269959,0.19959795,0.2144884097320295,0
0.008959726939763086,0.030142888,0.23830330160935215,0
0.021514389049645526,0.07517517,0.7931497591168822,0
0.03306205951693942,0.052778743,0.903082600990221,0
0.012907450389168134,0.045217074,0.33990440801795696,0
0.025646820165211078,0.027833123,1.2702928939664337,0
0.0148860413590135,0.04205487,0.5949031374903655,0
0.023987921981873828,0.05351757,0.50457121243535,0
0.012507482636450684,0.038393762,0.44323569304097604,0
0.020423742980570536,0.040918954,0.8050085790379538,0
0.04029275124351285,0.16747661,1.2447928095973677,0
0.025025139763312026,0.058568437,0.7975450858941324,0
0.024045193837990524,0.022294594,1.1628185374127218,0
0.010571210952678005,0.03254191,0.21764522282274737,0
0.03953379442839757,0.14608741,1.1000604780968877,0
0.0149526413223327,0.024487458,0.39010574042334584,0
0.009685360035265003,0.02938854,0.2537602386683644,0
0.07028063470148939,0.16662715,1.1390822216521777,0
0.024341766710551563,0.04984871,1.024701557465356,0
0.05904241488649081,0.13238361,2.133281001129549,0
0.007509348886524236,0.005449508,0.3922437052083443,0
0.02406219205913843,0.029241506,1.1457553215278984,0
0.017017729907317824,0.014592706,0.7387488770890912,0
0.04341205205383037,0.08243514,1.5447634983807792,0
0.04914536168869842,0.07659721,1.0970025683385236,0
0.013664894492013569,0.010267805,0.5921534546435201,0
0.03020558210489237,0.023676326,1.518668139986043,0
0.02508719774453655,0.033356093,1.1065152163614584,0
0.03918110476829027,0.07786349,0.6089795009924514,0
0.013246142253319992,0.071722575,0.2525562734156666,0
0.013891246603388259,0.040890213,0.33507026914221577,0
0.026304423331094985,0.041185346,0.9876642697017282,0
0.015211705477807593,0.014593215,0.7872401804882132,0
0.025146470901234046,0.038160753,1.2113041156057334,0
0.01834035218879352,0.05466678,0.6037999397206042,0
0.018197341138144953,0.079063065,0.5044156208773405,0
0.022245005163861836,0.05928421,0.7668231727090778,0
0.01211029818034458,0.010097705,0.49427698634939415,0
0.018336099587749788,0.02641738,0.7090753958686962,0
0.01798878593275343,0.03435453,0.5405200303576939,0
0.019960623998683966,0.061223436,0.33365302383089634,0
0.028175141526644253,0.022248648,1.3614813963591683,0
0.02473358280371607,0.030156106,0.9784711193278343,0
0.01714985400961169,0.03693549,0.6354771998872101,0
0.010750714508778524,0.025193276,0.252652368943434,0
0.01399718535001826,0.030992215,0.37606724502723277,0
0.02221503290956731,0.011227058,1.1901964124302318,0
0.022013235291204608,0.04107963,0.3377894287177704,0
0.017477240043198713,0.02211377,0.8497461079454222,0
0.02647138302858382,0.06494971,0.8177935488967152,0
0.010490976461088992,0.023682505,0.226297091247557,0
0.01838911737076345,0.04542267,0.4707687836389422,0
0.01691103538577511,0.038367707,0.2428838737413583,0
0.031701803507597034,0.24590516,0.37722560208786043,0
0.016838807124750922,0.018186621,0.7471633699966296,0
0.007251834435219173,0.022031095,0.18515823397661202,0
0.03128624211599216,0.11209629,0.8170635499544756,0
0.02794734683285633,0.117267266,0.6763653076591599,0
0.013279447281388669,0.011460015,0.4856048626216886,0
0.01799368862856171,0.06523928,0.6409523181007593,0
0.010227962386305299,0.0372351,0.3352845408699721,0
0.037354543038309596,0.15137891,1.2223398947187492,0
0.03866972053050596,0.06025306,1.1319524304892594,0
0.04241298587169462,0.055231877,2.0989554883214625,0
0.03140887454556904,0.0071233935,1.7424419415985255,0
0.019616560033574863,0.080134176,0.48927104698951185,0
0.02563040700610197,0.044143617,1.1045047130041972,0
0.010868491785635048,0.019681172,0.4035885779731762,0
0.016446208724049075,0.015808111,0.6850156882937388,0
0.01902861449352627,0.054000437,0.18925574987193813,0
0.017824566432586696,0.02872009,0.8523777249170953,0
0.01044431221020934,0.026817096,0.44194040493734066,0
0.020398429601181566,0.10529227,0.329932715102249,0
0.025780977554324295,0.038601894,0.544800213475156,0
0.018614949210618344,0.017960202,0.8106418297541322,0
0.03360011330473739,0.025046034,1.7568471014861973,0
0.021407622072165126,0.051783424,0.6494942766206626,0
0.01773373625742226,0.049398128,0.7271883798104921,0
0.0365346963812555,0.06809821,1.702317957291621,0
0.022740225292494365,0.024845932,1.126094568252495,0
0.013915790550073593,0.01783745,0.6045486253377598,0
0.05033036269410141,0.09550807,2.2602151676961806,0
0.023776874514857403,0.03138144,0.6227297769143207,0
0.025896827750655948,0.041651443,1.2244428132829794,0
0.015203544410383713,0.026471753,0.6921520008447596,0
0.015567415855580307,0.039218005,0.5811865325406105,0
0.009748070166787769,0.04632388,0.22987303894841424,0
0.0286402896670074,0.041758005,1.3742340272259908,0
0.022390192489743884,0.07988191,0.5925002941589473,0
0.017741978509373285,0.057083696,0.27363084461695336,0
0.01591013952424715,0.030148327,0.3845179448301797,0
0.01621137197009818,0.028652234,0.6462562833684898,0
0.015911292200930724,0.022718206,0.7592777875203037,0
0.019188297503883085,0.04954979,0.640085871932519,0
0.02601641209750959,0.026657509,1.1666122266875307,0
0.01181367685334682,0.019913368,0.5226217658275212,0
0.02460855464774401,0.022520935,1.228122699823664,0
0.024986239279541626,0.015782239,1.2703792811810242,0
0.03562788172669641,0.08821248,1.3081634912818436,0
0.01595117800126265,0.031556074,0.28273034258098007,0
0.018958315990525026,0.027263258,0.788816028166137,0
0.03517541508258358,0.010929154,1.7626770230216604,0
0.025286211107736434,0.122296415,0.6491750328104993,0
0.021151958750851844,0.100034535,0.5867092887446563,0
0.02951085212556452,0.07830691,1.1196704661313839,0
0.01453849845206322,0.042960726,0.4277040897385459,0
0.018031348604105973,0.0612447,0.13071430014182656,0
0.007322497687024619,0.028416345,0.2500005729039534,0
0.03242978990348504,0.046164848,1.590944718259935,0
0.02679178690452126,0.047546577,0.6337235281920149,0
0.030191357822186037,0.07117752,0.5413075190484574,0
0.19807487436524668,0.034066554,10.537891134239938,0
0.01710692048488393,0.028583033,0.6687004661810835,0
0.0473030887980507,0.13963135,1.63791462632076,0
0.010772657645904293,0.0130602075,0.46431491615336934,0
0.024376439961737245,0.02702568,0.7554731959080013,0
0.0098944967054132,0.01941081,0.41790324019724123,0
0.038085506589770904,0.12792864,0.34128968188499265,0
0.02740982070705069,0.061918,1.1837013120721078,0
0.03737134033802883,0.09527944,1.507822323352368,0
0.023779916349341804,0.12314236,0.3694839259432414,0
0.026980891739422093,0.052983835,1.0986168733393693,0
0.042662073554540436,0.10956023,1.7811658821111211,0
0.019143862451363517,0.018179758,0.9375080188467669,0
0.03979333254785072,0.047803048,1.97818769390909,0
0.019282264515379694,0.03457926,0.7972701524388836,0
0.022149684461735035,0.021529198,1.0776001110190268,0
0.03586146231533288,0.13406335,0.9369705774526528,0
0.02402981887701492,0.050424457,0.7403412023118424,0
0.01986799777318806,0.0632574,0.7590731090656698,0
0.028629950102893695,0.13024385,0.8306478447244714,0
0.011638250253832645,0.042384148,0.3992966237922731,0
0.013621272551305762,0.034498982,0.3499722248025995,0
0.03112322703441027,0.019893644,1.655532737383012,0
0.025792409045436185,0.047686826,0.29438223825649995,0
0.014993155267083006,0.048174635,0.4903719578473739,0
0.008991627830806391,0.033388738,0.22257798210958346,0
0.017464026547313664,0.024880277,0.6017667048519872,0
0.02229200135887474,0.029345686,0.8589619326337153,0
0.012460588360474673,0.011227672,0.5918604442061147,0
0.03892286961955785,0.025315734,2.0572862495998243,0
0.017930750572758506,0.036049683,0.7265854827638966,0
0.04333798230401215,0.05671156,2.152332341807043,0
0.028377773864451363,0.040134847,1.2995452578274362,0
0.022299508183599215,0.06559792,0.7327647637467255,0
0.0088333979965995,0.010138002,0.39952246406483927,0
0.02851540875946294,0.053407,0.3911566635543402,0
0.018322614602252117,0.050494812,0.6118828502296657,0
0.018302978112113056,0.026213523,0.5230761692455607,0
0.0132044905285792,0.040749352,0.3798696549101258,0
0.04557454850727745,0.022803148,2.3501737163116707,0
0.023028164901357007,0.017395517,1.1142928311718392,0
0.012153712271227076,0.0125383455,0.48028514507246156,0
0.026429256654922333,0.022445476,1.1790494124947888,0
0.023335203478850167,0.07306535,0.29833060055416466,0
0.02227904716020164,0.050810598,0.8866491468433342,0
0.02973649942838929,0.13588059,0.589049555162671,0
0.025013093957529164,0.21391886,0.17716759011828595,0
0.020532682481294105,0.04665979,0.7171240226278335,0
0.024184502003709064,0.053251706,0.9836627023748479,0
0.01732405656050331,0.07006107,0.12927558221157914,0
0.0077036544604533585,0.017175224,0.29568905397652556,0
0.0212986891985008,0.015432755,1.083154684659574,0
0.030406265902387285,0.21558855,0.5058705656528656,0
0.011064584516914375,0.017960943,0.34760119541826207,0
0.022199247177868253,0.10976352,0.6266798431626512,0
0.02583354980985609,0.03574641,1.1407475603486177,0
0.035014857566609714,0.10336107,1.3792972071697707,0
0.017279298279311097,0.040977854,0.5188788125151583,0
0.019654441466650407,0.093385994,0.48039472946120987,0
0.01664413935339952,0.02452109,0.7591810916893921,0
0.03840352207386042,0.03574872,1.6615041783368525,0
0.008687698155560402,0.008514572,0.35396135300330783,0
0.007312152520029165,0.00902896,0.30044501300707455,0
0.026580250963950808,0.08052467,0.4397313755187197,0
0.03055529698172453,0.12199349,1.0267643720768926,0
0.015612643121748407,0.008712874,0.7985995797339167,0
0.04379922362274475,0.23766378,0.869419382489886,0
0.028983393165251715,0.026477965,1.4058393709652686,0
0.025658190447276553,0.07765971,0.9930302757336943,0
0.012186918800521867,0.042517655,0.3701388859256681,0
0.02419943258589422,0.112160616,0.49809506087859173,0
0.019497378230751466,0.11334881,0.4235428299938946,0
0.02634173696220986,0.046793357,0.6438114269956651,0
0.0175013565354051,0.026371602,0.6571746812035056,0
0.015052713659182341,0.054786574,0.5272604134515265,0
0.02194676298175169,0.04236525,0.7579806334726278,0
0.04737309103088935,0.11862149,2.008329035853537,0
0.020725710810688427,0.040191486,0.7538465662093251,0
0.013895607213224779,0.021223165,0.6085376189413125,0
0.019530867409738056,0.051413625,0.5615653040961477,0
0.012673284616954772,0.048941154,0.4400078694881279,0
0.026168359727656264,0.026002463,1.2427838850568533,0
0.035141467538915006,0.04507738,1.5121525199264372,0
0.028159714466668425,0.06751637,1.192912504827037,0
0.03773241696276551,0.014178279,1.9286692087889856,0
0.01528672658952129,0.024965994,0.44842543467079854,0
0.009112760267444682,0.027551448,0.18441155008849114,0
0.030005553508279766,0.048228674,1.2308569579845745,0
0.03905970677248391,0.09961375,1.459990383458882,0
0.011306143488523986,0.01225162,0.5362541470147931,0
0.01765416418241203,0.05067227,0.5742943623217175,0
0.02326442879972972,0.06269605,0.9110178466167854,0
0.01397153401146007,0.06355106,0.31409459534310374,0
0.025730248724453262,0.06255104,0.6091926400939549,0
0.023170658437136837,0.046435826,0.7180454105842332,0
0.013729642315425604,0.01598152,0.5343904352300891,0
0.016238829953129072,0.03481113,0.6751156887574795,0
0.02582208148095663,0.03397941,1.1920779514440603,0
0.0172987510536382,0.010870626,0.798878549272218,0
0.018327071424967905,0.030124197,0.5870745080368394,0
0.043252686980398,0.16812558,1.0703725524496195,0
0.0602860099802294,0.052227274,2.4467113419382653,0
0.029248518029651414,0.04125306,1.4328470411379708,0
0.0512345904629257,0.13763428,2.0712361689935337,0
0.019784524978455682,0.030627305,0.7860302525746863,0
0.021418518946662995,0.056048643,0.8917688200640479,0
0.019607029003427486,0.023696113,0.9415284415311761,0
0.028534326154003493,0.02445796,1.3667395511606124,0
0.03910543996433978,0.10378024,1.6242145789239744,0
0.004765532297467703,0.0061677443,0.19733615618117165,0
0.013404211145730628,0.042303186,0.46190206137479206,0
0.016727008695090417,0.035851456,0.7472791817352268,0
0.05144194918337264,0.07169356,1.6170671547150486,0
0.01172339082595042,0.029838122,0.28194052655378604,0
0.008582367294125363,0.011227536,0.4071659105535523,0
0.018219703558262523,0.0337384,0.7711262352073898,0
0.011830636828652714,0.023979325,0.4950906278388426,0
0.022797627530894163,0.03637378,0.8412123503575744,0
0.02259817356090634,0.06633896,0.5483728951810958,0
0.013722594876240432,0.05282466,0.18962462373393374,0
0.01789689061071338,0.038210552,0.6806801624871004,0
0.033209956418024836,0.07524619,0.9570473433667626,0
0.04079036736152695,0.037976354,2.059527962069794,0
0.023323922209529398,0.09043128,0.7486760194409224,0
0.020479667181093127,0.107049264,0.49866176964596703,0
0.03259224630752071,0.22024395,0.49994071213892305,0
0.03658589413142993,0.1124646,1.3076122196101718,0
0.04179921853735283,0.044897564,1.9502647429876068,0
0.02668389061485129,0.10712322,0.8256308325600732,0
0.01479164548062042,0.022162972,0.4017935297828038,0
0.03231351812871801,0.14576478,0.9617522079797785,0
0.0264750480472074,0.02407691,1.125223126665756,0
0.029022120256747,0.10386604,0.968714062142938,0
0.012609457170725619,0.021890428,0.41975525410754005,0
0.03054649729325745,0.040459543,1.2577040819394898,0
0.019591958298091537,0.022399722,0.9902135471987935,0
0.03363734184850156,0.02800956,1.6436188985102351,0
0.018250882393212035,0.020743107,0.6640232137908499,0
0.020854878105870056,0.053558085,0.8489661192439308,0
0.0832473960445717,0.018301051,4.648228163397762,0
0.02061194201364026,0.03075172,1.0000310730245596,0
0.034166535962369654,0.14337562,0.9413815288917821,0
0.007856810628606598,0.024465887,0.22324191424455833,0
0.040844337148580344,0.087547325,1.7917906893781652,0
0.009061090473458076,0.0130299395,0.31575742084379305,0
0.028507326262430473,0.077729896,0.3144133776055158,0
0.02691000425172472,0.11228117,0.7255092596433927,0
0.05949970350823727,0.007823123,3.3548482836413416,0
0.009316401239853726,0.0072340686,0.45998462106167165,0
0.020174251498767476,0.0372716,0.935791350326968,0
0.0459869581387711,0.069132924,1.0188419395085881,0
0.017958792783505012,0.09080779,0.45193643092684793,0
0.009647250323443414,0.036767993,0.18542691788033583,0
0.025883027600693862,0.029862924,1.215876806337091,0
0.02581681899175547,0.074144,0.9772551055513833,0
0.033653062690963007,0.050630666,1.5830532166279874,0
0.020471590362022167,0.032374524,0.4760332238756208,0
0.015819586227553244,0.048163477,0.5548390711557698,0
0.01622035126697948,0.04044204,0.39263350743177194,0
0.015729229646397343,0.040315364,0.14926838049107713,0
0.02596273975630746,0.054016173,1.0969913220698482,0
0.020354410248654392,0.02054371,0.9388122808161639,0
0.02006399617257498,0.0515453,0.14264048852729014,0
0.04008932066508532,0.04607964,1.991992750643829,0
0.018781882708299197,0.030982316,0.8251187347064426,0
0.029372770262763217,0.071561806,1.0774900314697595,0
0.026365512816775655,0.027601797,0.9744644134397626,0
0.008817809043519274,0.01716762,0.25699092965624637,0
0.038191186192002465,0.074587636,1.1917376988302986,0
0.021882173765775288,0.071137056,0.7139884979986572,0
0.016355685759618196,0.009870859,0.6971845084421332,0
0.028110802995186947,0.025171291,1.439798974892216,0
0.015794364918937685,0.024706006,0.6049995976140383,0
0.020915724416539525,0.0350362,0.9736776750435138,0
0.014285000628229683,0.021143291,0.3383681920903076,0
0.05477529926790911,0.023528535,2.8317800078751327,0
0.019283635125897897,0.06498663,0.47800916440851055,0
0.02000623415460792,0.011917301,0.9889071301829094,0
0.009068244136869907,0.045323115,0.0,0
0.033987682543951625,0.039809927,1.0836806550876226,0
0.04586492179916833,0.09332107,0.25409289769015986,0
0.018019266757876733,0.027171759,0.5668566814701153,0
0.024951726424497177,0.042545836,0.3883441853271996,0
0.03236692358254714,0.07330098,1.096965229830367,0
0.04343071941441572,0.21286851,1.054181742190876,0
0.0408063736653233,0.04697736,1.7024191059117169,0
0.04546560845931638,0.03769938,2.374576755674001,0
0.01892049143998211,0.050320912,0.7859221729633828,0
0.04305869826983255,0.13759814,1.5119528311308423,0
0.020462976685210743,0.058563206,0.5686806383821732,0
0.02081960803389085,0.05238473,0.7844690990710436,0
0.0062874559805372356,0.010681886,0.20897244992619343,0
0.04374516757343913,0.077649824,1.9574040978645986,0
0.025289550501869387,0.020113476,1.3279794241208815,0
0.03351327196293259,0.019271323,1.757436889348326,0
0.009571447982850036,0.0071023847,0.4895815638974459,0
0.01775506408867591,0.074571334,0.501793235602933,0
0.03585380810087295,0.07187135,0.6508903105275039,0
0.0333422390960782,0.06912847,1.3051263469641468,0
0.030061434062337133,0.019847782,1.4728752016817788,0
0.026662612548213498,0.04530951,0.5458008557421575,0
0.02652565889915609,0.07840576,0.774831460102347,0
0.019902693002237223,0.051378686,0.19147260794971344,0
0.042160934783437264,0.010650282,2.262864831484509,0
0.02757155305332296,0.047094747,0.9716325979818058,0
0.02978381715565269,0.048157744,1.4144410452248894,0
0.018416885789286366,0.036873378,0.6475133013019972,0
0.017404544501215865,0.012762739,0.7745186715595844,0
0.03308970510759693,0.1180032,1.0268966538358288,0
0.01817563432240033,0.035923928,0.5392696751554346,0
0.011221225698159847,0.015325959,0.5076954501311315,0
0.05664224182367583,0.037869263,3.0195277838148806,0
0.028467075823037945,0.04869848,1.2161530635600744,0
0.03075357617202383,0.037470385,1.378159577414331,0
0.01773026975202821,0.03986843,0.6143730443576281,0
0.07623561256353827,0.13878006,1.8667744600405773,0
0.020636543391908575,0.021389144,0.995462371696353,0
0.007954026666738966,0.028871551,0.20271924623847565,0
0.03231592020916491,0.034886494,1.641663453701604,0
0.027250434881797125,0.031905208,1.139369903804914,0
0.031996184097366015,0.04704543,1.4563872067526358,0
0.013587968694731565,0.016014101,0.4897583831041398,0
0.0134137854168239,0.025043279,0.38729989621212496,0
0.009425966508512854,0.009551487,0.38702706492516353,0
0.015069580351806385,0.038678188,0.5181972045655939,0
0.018587729126379272,0.07563109,0.5050319873161883,0
0.025969626716870343,0.06283042,1.0424087893994163,0
0.028059646228750658,0.040565923,1.335549242119668,0
0.036355879332021834,0.0322014,1.8735912689424772,0
0.015283781995706923,0.024522701,0.5191734821276132,0
0.01911240557579474,0.06088527,0.6444911658664054,0
0.017249349427384625,0.03593975,0.5454311283629144,0
0.041499740447733066,0.07235265,0.7096634317994408,0
0.021573426025149972,0.08857768,0.5364443813048251,0
0.025115485637371374,0.05776224,0.7865574536164952,0
0.054784717245911885,0.30910397,1.1360206601502838,0
0.05306976086205332,0.042533036,2.742327746051573,0
0.02486536896979092,0.12745672,0.6938666251516409,0
0.06355688115204433,0.3110715,1.8410912309803014,0
0.026531635354432793,0.04186508,0.5196009069072619,0
0.011028717480038292,0.020914448,0.34412420557379036,0
0.034989894847587036,0.08677275,1.448159200237552,0
0.01866335708080174,0.03547498,0.845829646602527,0
0.019509334026278816,0.07748665,0.5802418537010009,0
0.0237780071808446,0.041574758,1.0359713596854359,0
0.023185466399480596,0.09049519,0.6530538622994112,0
0.020387439428884907,0.015493858,0.9636773610263996,0
0.014007462395625043,0.028667793,0.4552365756741419,0
0.02167505612824026,0.059200525,0.6661708308088176,0
0.01789376574325286,0.06260493,0.46115375772164086,0
0.013954261191803118,0.025309801,0.40566176293423806,0
0.03501749540447135,0.04535922,1.5426582756846756,0
0.024071005970993292,0.044060398,1.0715058220030969,0
0.01886076408092928,0.041829772,0.4743310367230622,0
0.021086717161236473,0.03982376,0.8406258334215537,0
0.018544880176082124,0.093519755,0.48399598063995786,0
0.016645742126034292,0.014182465,0.856071638704667,0
0.012646832092968267,0.02554446,0.5551133293138368,0
0.014429298195569477,0.034456603,0.3510331414970486,0
0.0195418766794049,0.031104548,0.6266016243664788,0
0.01166946211381605,0.019161519,0.517363539493827,0
0.06618404085601336,0.031398874,3.5991169299550436,0
0.02099355305265832,0.050683197,0.849717604954078,0
0.020587802986661314,0.063931614,0.8072914678586925,0
0.019901607749731633,0.04743632,0.766263747462893,0
0.01177510329600405,0.03063574,0.3051757277773445,0
0.051276603547026185,0.024944855,2.7738972002319904,0
0.03003201178970101,0.07883947,1.2425268358180515,0
0.0539325886520163,0.052958038,2.725863243419169,0
0.014394104858638759,0.028324611,0.5621831805603321,0
0.036384794882903033,0.077589475,1.5040171547190895,0
0.018211681049826033,0.021347973,0.5150655059849346,0
0.03665247616658118,0.10193782,1.4936550955286425,0
0.019483154811687716,0.01758175,0.7612771532978204,0
0.008295575147011193,0.0141093815,0.3044992908490334,0
0.016126676535924308,0.027270079,0.5438034175384165,0
0.02742028505609505,0.15327924,0.5861130943609699,0
0.012746636706118692,0.02903974,0.43543984462817165,0
0.016697609268359746,0.021502791,0.7231638838412441,0
0.033592635763673884,0.07875388,1.465732448952352,0
0.014506304582182043,0.0710553,0.4176363959942888,0
0.020146996132540028,0.044658527,0.8322526740274476,0
0.0574873453253522,0.26248968,1.7660775861567535,0
0.037486061728208786,0.22184095,0.6880896011294301,0
0.014163551171740351,0.05668042,0.30735271069632136,0
0.019907918003571404,0.028386718,0.9522359158542893,0
0.023274962109002345,0.06708001,0.8242748739638799,0
0.02476114027258186,0.044052973,1.0908414239367734,0
0.019384143587382434,0.08015236,0.646068591022916,0
0.02395047466571718,0.0067387293,1.3295611141970964,0
0.030874033011587268,0.12249805,0.876779992284887,0
0.031241952322935848,0.16020596,0.8451548478527057,0
0.036027247809344784,0.04076875,1.8294185060204466,0
0.024714424837994416,0.039626952,0.9333386588798996,0
0.017933786485535383,0.027372455,0.5850190486121858,0
0.00935324576095261,0.021842068,0.3144876247126662,0
0.025862413188136552,0.043995168,0.45871917106472393,0
0.016806502901030924,0.06399754,0.39788893910901835,0
0.035811231165853184,0.058025982,1.6626041766793582,0
0.02002858774964304,0.025444197,0.8272765592895361,0
0.02013722816280575,0.031026544,0.754267640342437,0
0.008371245428143097,0.010218875,0.38349536958496516,0
0.014357977923800207,0.046205036,0.35000068590273237,0
0.015149086856024462,0.051394857,0.40667790234669915,0
0.01856306846788229,0.014469184,0.9284507455822877,0
0.019786065888373092,0.08765466,0.4168451364651912,0
0.06785434326942423,0.06370056,3.4538768691392425,0
0.020552910172932846,0.013772097,1.0144135327569574,0
0.021437701968289452,0.06249136,0.8190387039555915,0
0.018751575678132817,0.038799655,0.20544867895535945,0
0.013856429054804439,0.01928032,0.4142254350536745,0
0.015333399507618486,0.039044388,0.6395006524749033,0
0.029076056614490045,0.026859201,1.4518321370652547,0
0.022621145520194834,0.022480238,0.9816646456767674,0
0.01587599380032685,0.030684764,0.6207729773626376,0
0.01388985342166626,0.013003938,0.6018563019275226,0
0.02264509554010115,0.08857021,0.6266044994361694,0
0.008849052756614002,0.022363318,0.3584702081297403,0
0.008931179248326605,0.014536677,0.35388322378507303,0
0.02480195009169514,0.057545394,0.8861690803507202,0
0.021793914063781557,0.036326908,0.7734582542922956,0
0.018528013160737353,0.025033917,0.5792885483986204,0
0.009205125706543133,0.013739507,0.31072523382379574,0
0.03423384557120564,0.23920487,0.4621512918433348,0
0.03976779644512643,0.06384679,1.4483454710346735,0
0.01200893328069012,0.015062181,0.5831344733763595,0
0.019023632149572405,0.094917744,0.5336082345360669,0
0.012157873183869409,0.024967028,0.46855975110299847,0
0.021627073862562164,0.014347985,0.9598816081480273,0
0.023903656796294435,0.04274374,0.41505757841348023,0
0.01374603569068912,0.022938581,0.5753888459680668,0
0.04139347047102828,0.0079510175,2.3238216168234014,0
0.015836302291418046,0.032664463,0.28854097371365667,0
0.01094466188119772,0.022504047,0.3571256301002583,0
0.011347164498298363,0.015093497,0.558955793440543,0
0.016673779899593955,0.045823507,0.542668819790559,0
0.04099386540009735,0.05072442,2.033034424280495,0
0.022086056817449677,0.017983394,1.1493223313191143,0
0.04884590328892887,0.040685747,2.0312245300648546,0
0.012652264997835037,0.019939583,0.525358799457677,0
0.016103627251456545,0.014161328,0.7329562628615497,0
0.013858372364659787,0.031219501,0.49693198830338847,0
0.11483455965098688,0.03301133,5.769686910545602,0
0.019674228697053223,0.04182641,0.6407592136290234,0
0.016225292158451202,0.026977187,0.7675660559723939,0
0.013531181800812008,0.03740105,0.5105122083532523,0
0.015175384600639916,0.03466836,0.6522768033594892,0
0.02183071947530971,0.015644755,1.1583431498002068,0
0.04300150135662814,0.02149104,2.327958694615081,0
0.02008836194207933,0.022306645,0.6927470483334455,0
0.02140767445851196,0.040137224,0.9880855767876544,0
0.014678959452466875,0.019042227,0.5998667638100014,0
0.01344586308596879,0.025889827,0.17811402090174924,0
0.00940688692546825,0.013612064,0.38714480317648753,0
0.061420571083537406,0.09942407,2.4363125768159315,0
0.012570705629472911,0.017556993,0.5499972818896197,0
0.02714124671940034,0.025057614,1.026265845326121,0
0.02738240245821307,0.08200107,1.0312911571606151,0
0.07514844908564461,0.13075313,1.3266129571575034,0
0.020464951126790476,0.07015046,0.6331906033154655,0
0.01623664939932048,0.02405565,0.5985629364467868,0
0.03199384113085447,0.1521149,0.4604156525403557,0
0.01724277876637448,0.053069524,0.31978421281869107,0
0.014111000037394923,0.034195594,0.44034658699668644,0
0.023750179876147543,0.12825862,0.2744623718311897,0
0.006745063280090504,0.011626039,0.20231995754552448,0
0.019896266671192764,0.060447842,0.6798550808669176,0
0.01525081499747334,0.024233572,0.5467941777703892,0
0.030503303309455315,0.029575285,1.2996692344717244,0
0.009978835522881004,0.018951943,0.2808868368357467,0
0.04727728120597044,0.11389986,1.3951443733022444,0
0.037898492181339866,0.092166826,1.6247988101474429,0
0.031766130338573326,0.05029263,1.3286227904357069,0
0.012265370054302635,0.028373025,0.366629016720546,0
0.03413126082370195,0.06416961,1.3071604428791643,0
0.039993877067705776,0.08266756,1.0200707438677463,0
0.03918413642347324,0.055416264,1.9264231385224895,0
0.025850199903680034,0.09382481,0.9282204561281873,0
0.02176375815155499,0.03236854,0.9925798388103748,0
0.02979580505820548,0.07800672,1.1853261334604466,0
0.013117587635362037,0.022237817,0.5876374449524883,0
0.02917476260090022,0.070982754,0.6064785797163343,0
0.012253948640752627,0.016368505,0.5286541292485034,0
0.03249254684029822,0.057620317,1.3025905798676363,0
0.010272361137612429,0.01386404,0.47230096621153433,0
0.03663126611391834,0.05158628,1.1192702759291966,0
0.012499962164789293,0.02471324,0.3614848896617762,0
0.018672815774615218,0.013765933,0.8753953047769514,0
0.029110675750609792,0.060124375,1.024382544470842,0
0.04103126288190585,0.09438861,1.6985606337381431,0
0.029156417813646664,0.021722458,1.4774596968169194,0
0.0433916411862336,0.073475465,1.884372189823054,0
0.019325594613983445,0.06441834,0.5994781908150619,0
0.028424290499659638,0.06383571,0.9388999761856274,0
0.036789242374053704,0.05024614,1.740208761407581,0
0.03594880950231092,0.16420147,0.8338421022784253,0
0.04231641373729803,0.03710602,2.2033735906231358,0
0.016164539966262135,0.046413057,0.371874271878372,0
0.008057585960163564,0.017946193,0.14453691716850606,0
0.015723777663101263,0.061477114,0.5089657777777933,0
0.06835332503842378,0.052483577,3.117884607720374,0
0.01351324710178619,0.040871993,0.42891742189005755,0
0.030885388646930703,0.15269469,0.7337431856422569,0
0.030175402267697937,0.0066051045,1.5682207967092328,0
0.012339368226519157,0.031725388,0.4088562307705832,0
0.010368556873092974,0.049785696,0.2759266314470697,0
0.03668829847777441,0.026492981,1.6843487965508555,0
0.03645975658120923,0.042562485,1.7736356444430728,0
0.011345374976336111,0.023816142,0.45828302140498,0
0.012941022547459751,0.033121508,0.2913966356106143,0
0.02012021100801107,0.022379516,0.8541085692202964,0
0.05632760242860628,0.06270197,1.9517898718911693,0
0.010915567032748909,0.012995328,0.49278385355011944,0
0.01336243737127256,0.03200515,0.43383682748041785,0
0.028210038089307086,0.14690825,0.7632806702078894,0
0.013907689445191608,0.032251894,0.5142239628574291,0
0.01637649442463804,0.013455837,0.7068021689922526,0
0.01476239982031525,0.05184911,0.5201094929586912,0
0.03262996757735231,0.051744368,1.5172328706757692,0
0.016409018932940132,0.022765594,0.6184606850212383,0
0.010688629700046751,0.045555327,0.19880664968696468,0
0.013445572222032435,0.025470773,0.5143904172303826,0
0.01731505754716156,0.025779745,0.7191732946512794,0
0.02413183984173764,0.13578238,0.5123473628141046,0
0.009631756474330861,0.023982806,0.36310156824135786,0
0.02147265351779038,0.043203082,0.7501222254580049,0
0.021631820440838712,0.0055815913,1.183149345013107,0
0.04113278569964757,0.1464168,1.4315015869800782,0
0.025266734476161786,0.037637975,1.2029326264974283,0
0.02719969257130862,0.062299263,0.35557268533360237,0
0.030393438569467267,0.0827916,0.8228307637998813,0
0.06840670194432269,0.04040747,3.6754911138679143,0
0.018525323169182414,0.008320489,0.9874088808215097,0
0.01295853526173127,0.028642729,0.49714912790376564,0
0.027377547686440837,0.020431476,1.2289847783403438,0
0.028269652479238745,0.020528825,1.1865522669372828,0
0.04614082517121971,0.102684975,0.41209635691509977,0
0.015522885611639465,0.08980639,0.35627886268087594,0
0.02505054922057886,0.08957474,0.7182946782704288,0
0.02867188565988073,0.074731715,1.132217556552972,0
0.04069410721642178,0.061525743,1.4110044328876559,0
0.02574030663423028,0.08486651,0.7556174136776216,0
0.009103163493889968,0.04772549,0.22936516276942873,0
0.03137259539808297,0.055122774,1.4377802364008436,0
0.016843494030377083,0.031838063,0.6437662201922272,0
0.03334357730035011,0.043772276,1.6553466117649547,0
0.04885837586946894,0.2426334,1.4009874650222571,0
0.02060591819622266,0.04470124,0.4249148829034622,0
0.023340848494305948,0.06933486,0.3277339933932194,0
0.029168368831655096,0.023411855,1.3929552921528867,0
0.02391667360147256,0.051613126,1.0135947760639634,0
0.011431678285752683,0.016724069,0.4301157200265741,0
0.017296332076827195,0.012753949,0.8458815175552389,0
0.015395762278869709,0.027070541,0.6337505144884178,0
0.023292473625118083,0.09076102,0.7712601647752603,0
0.009989723597880005,0.016593901,0.33609240010464936,0
0.01637583280902674,0.030777652,0.6182611512246995,0
0.021605168966309055,0.055965014,0.5276920127398029,0
0.01892461140689996,0.086560406,0.34939634039604894,0
0.012619439934181962,0.017494896,0.5047635169450446,0
0.0285004487441326,0.10069091,1.0073190105569902,0
0.031170789407101038,0.14362666,0.5670651579337183,0
0.02223301903031332,0.059710145,0.8291677513824726,0
0.015433766167917657,0.0081881555,0.8047412182445848,0
0.03669264478696553,0.05225399,1.149082709542934,0
0.04710251047363476,0.06877833,2.2821264716066683,0
0.01860250816018506,0.037883367,0.5056328234075675,0
0.02344931807582137,0.02356859,1.1803509271681816,0
0.020341875676091244,0.0379262,0.5790849258237178,0
0.04013147912170063,0.12186355,1.4405275885126958,0
0.01812566802661624,0.058791827,0.5957089209015346,0
0.028772327136033334,0.04377357,1.2926371271006263,0
0.016639762282899186,0.023622446,0.4788016878603092,0
0.017172680621323967,0.02572045,0.5436942057254087,0
0.03629366680205315,0.05397004,0.915783545900258,0
0.01781318881127871,0.028029954,0.62738557722311,0
0.027629527285966352,0.028558914,0.98597003794269,0
0.012179979575089615,0.06551622,0.05310858867104912,0
0.022885187866894842,0.05969191,0.9231193489534918,0
0.034008888468153683,0.11688404,1.2733736146136663,0
0.0189093445615197,0.029654473,0.7943329175536264,0
0.01555958080699188,0.039362136,0.6519506103537946,0
0.007169738793675877,0.009809991,0.3373686181593105,0
0.023317812131425357,0.03839843,0.8602492594743029,0
0.026185412781850256,0.08534354,0.9252607477166729,0
0.017611873123188213,0.04033785,0.6618487067873652,0
0.021696183646078285,0.035309415,0.7702830574572318,0
0.025909976615584893,0.12346034,0.5405032607510593,0
0.006615567085788294,0.0072530843,0.2988018034427242,0
0.022657683015434908,0.032289505,0.6924210933365897,0
0.010866935960991982,0.016434778,0.49568547181871003,0
0.017896780505908906,0.051516335,0.45525914848097876,0
0.024402493855922504,0.026968997,1.0545694558161853,0
0.024248391417878205,0.06110833,0.9322654347475211,0
0.009956497715190556,0.029844169,0.2295403807744199,0
0.02706664210813298,0.083244964,1.039126873213674,0
0.010415598607910097,0.009635283,0.5220828900301516,0
0.029662578324394676,0.053581893,1.299365446923838,0
0.010465724319978274,0.04810613,0.31671186552412567,0
0.017453523769294474,0.03358971,0.5860529330162602,0
0.014233361646302822,0.038148426,0.5164085221971055,0
0.016014177202960972,0.029318262,0.5881292514266356,0
0.031441142933437916,0.05408036,1.2086992057518793,0
0.021005014111589115,0.08204893,0.4823608813344995,0
0.028024417743437415,0.08701547,0.6864275775681712,0
0.021981733133798087,0.037291367,0.9640294269000574,0
0.023450729046907325,0.06983323,0.7416695689610735,0
0.0244686279412136,0.06533755,0.9062280154522047,0
0.015547564580346665,0.023722328,0.6686545943529804,0
0.018104362839464753,0.04056858,0.799009620514308,0
0.02064864369891708,0.10690284,0.17010961512986217,0
0.01271183760678109,0.03881659,0.4345260267677789,0
0.02377828823397815,0.05428049,0.5809332330655685,0
0.04242912418281346,0.02996738,2.2294140026954583,0
0.00891406903898476,0.0108478125,0.31053014830058623,0
0.008894713207114924,0.018295899,0.2743565104315815,0
0.021420442709984586,0.011282444,1.0220643568140908,0
0.022819022892344124,0.06286748,0.8891019599576353,0
0.006427732393197827,0.014547684,0.2508849266600582,0
0.014282811722956076,0.035460964,0.5391925720081311,0
0.012022969385932015,0.0127153415,0.6094218119359349,0
0.015831741050095403,0.021434745,0.6252577687509651,0
0.015519997505951214,0.013497059,0.7962243362271658,0
0.009808479693614994,0.023627797,0.24268181732440863,0
0.026673228114100382,0.04505499,1.250279366782753,0
0.018005867598076507,0.03615376,0.7264809377422017,0
0.006473767259668874,0.011342143,0.2954229259923357,0
0.01599386652737879,0.03927709,0.30953037502466,0
0.02194810390986696,0.03381526,0.48630381935246675,0
0.012639743098041,0.019298809,0.6019515116114269,0
0.03827103994651858,0.18081039,1.0237544424209089,0
0.03351163480176895,0.041343264,1.6191093829312513,0
0.030350643703926122,0.07303011,1.0919886881236527,0
0.01700870111249652,0.031648915,0.6594065931964452,0
0.01660321021709109,0.049347576,0.1649165302219318,0
0.019071573811402842,0.061370905,0.6926361942536067,0
0.013521449543704706,0.015951235,0.6133301711946717,0
0.012086655803587107,0.012478473,0.6126702950088276,0
0.012050605460556625,0.021964988,0.46616305688585985,0
0.022743708418712205,0.0109770335,1.1714529062173933,0
0.011558976003365333,0.009296066,0.49235378490938975,0
0.020112138609839358,0.053312548,0.27897813725642123,0
0.012155215715259963,0.034558523,0.07083981354292689,0
0.012735552213534953,0.011138122,0.541970991691748,0
0.03337123099271757,0.10241779,0.9400767381777937,0
0.014816368627303931,0.03831929,0.26963824200504777,0
0.017888562532965925,0.014177677,0.8820919847639858,0
0.03768182863482264,0.11219998,1.3580109428632345,0
0.020496490990858263,0.08011915,0.6536603425463794,0
0.019422802263213634,0.04892808,0.5336974349874181,0
0.028354215073812042,0.093622014,0.8771759346875999,0
0.017339816233881027,0.03409545,0.6294715364890681,0
0.04531520077802785,0.06442061,1.0956009941808935,0
0.02382759862676322,0.032153558,1.1729601101348075,0
0.014108146206050168,0.022135371,0.6208243558367565,0
0.009481632042621986,0.034727097,0.2626854407477281,0
0.03762577018646236,0.15544248,1.1212354823339694,0
0.030853996002304325,0.19908123,0.5631607268094645,0
0.01630029040831972,0.022936398,0.774628845506267,0
0.06627764344015034,0.22937506,1.2817960821272092,0
0.016717313993408055,0.031054571,0.7616788690001814,0
0.011207960783020249,0.03960518,0.24415376991957755,0
0.06505908385292807,0.106563285,1.4522422579106498,0
0.037502678364668515,0.08826617,1.5420296786827592,0
0.015433926110184352,0.008559962,0.7076727234951624,0
0.016059090941497798,0.016132161,0.7965209648749619,0
0.018183344100085923,0.05193967,0.6836751519955697,0
0.03328791701561297,0.09064734,1.3523711448614784,0
0.008149690916321273,0.029749338,0.2494821437674708,0
0.03165864372114663,0.083919995,0.5751486644587422,0
0.023656383282136796,0.05035111,0.9031667533865428,0
0.008261730070796239,0.014929498,0.32505219056573437,0
0.0429467557405565,0.03910657,2.001597226579084,0
0.025088737379175975,0.026511604,1.1624781669595494,0
0.014193466354646111,0.024828024,0.4602843645603417,0
0.016605688667692613,0.024547132,0.6781780171626461,0
0.011493710095316816,0.037794907,0.10529575663752784,0
0.04979965537878796,0.11028553,0.4138777033760232,0
0.027346157266223175,0.027420957,1.1311063955769833,0
0.015148447825833654,0.07485724,0.3772339625031474,0
0.022117019929283603,0.07281095,0.6621259190309273,0
0.026248028965575043,0.11567461,0.7099730044687034,0
0.024753412437164626,0.078105584,0.806581266360542,0
0.05696559527426375,0.071832,2.112250204153262,0
0.04148790634550388,0.10396715,1.6993952073769354,0
0.029976267420913742,0.063366674,1.2426815790780776,0
0.029571384757810428,0.07201859,1.2551816817442973,0
0.027552530922850746,0.07851882,0.5158191309350995,0
0.04292472777263542,0.018407676,2.232152351065997,0
0.02273863101635811,0.039349355,0.45732295409835383,0
0.014746697668941381,0.052416954,0.5065937728675918,0
0.02346509842924782,0.039456524,1.0567884575323203,0
0.011323251033617416,0.030995412,0.4608477492949818,0
0.0125800927772034,0.026353333,0.20213650108293474,0
0.01600361770754069,0.029331595,0.7309149071434127,0
0.02331151906108492,0.06980667,0.6995040052823758,0
0.016579005072100052,0.062068436,0.5279706957976052,0
0.010671602613675987,0.043104067,0.3187196815180552,0
0.020794749172374116,0.104763135,0.5558506613957666,0
0.0222931719833118,0.055871055,0.9118951488969285,0
0.03536244933879149,0.15368517,1.0646728579263853,0
0.03798211896173846,0.050079677,1.2814489663380944,0
0.0351867819905437,0.05082401,1.6005373834328203,0
0.007167595320535825,0.010153852,0.3247710526452394,0
0.010654890325394295,0.040852286,0.2875284389745791,0
0.020147580780639135,0.038132187,0.8897956710164464,0
0.04541452327284225,0.081159025,0.5518468978380192,0
0.028336413883594234,0.018319696,1.3796046296256748,0
0.013318885397792222,0.017698983,0.5012581009995561,0
0.017690120184069145,0.12429683,0.23213272549218916,0
0.039821925519388075,0.20991518,0.5043054668284999,0
0.00825772971531984,0.01334806,0.2534308883480759,0
0.053592916621603495,0.036646873,2.815707308142691,0
0.01835306355310546,0.02213349,0.9230591484514611,0
0.0813619559402737,0.07734701,4.218076622086227,0
0.012387744118379913,0.02302029,0.5171591103165636,0
0.013362866936193842,0.043277983,0.16069141229693293,0
0.0070371650256775215,0.014142753,0.20764406925152382,0
0.014732118752918145,0.022773528,0.573754756605207,0
0.03419198023928851,0.05678907,1.6162390947052174,0
0.020069253521767035,0.04733925,0.7348565247304517,0
0.033510923843151116,0.0378938,1.5258267474354354,0
0.016270157797410104,0.016331838,0.7565337590284344,0
0.017969838655596933,0.052725013,0.4410985970371018,0
0.024925702725278283,0.05538259,0.3285970663814251,0
0.028791475676090875,0.04846506,0.7468714531534139,0
0.02248827385270083,0.051916957,0.7725957906319246,0
0.022451254965978287,0.016770866,1.1155991407999564,0
0.0187061296800496,0.061458267,0.40029176351360135,0
0.01761328217756416,0.081047535,0.4691573021316655,0
0.016532277623417586,0.13240148,0.07018675338448202,0
0.03268704431339509,0.03535488,1.183879921557969,0
0.006833543101324201,0.022418426,0.23061473573412236,0
0.03653884695559227,0.08318344,1.3337219773258409,0
0.020494466782715805,0.1177183,0.2993344888658018,0
0.025383323355971536,0.014252864,1.358149935047076,0
0.010940416988538995,0.03521515,0.24628545798506848,0
0.018749283866512235,0.043453623,0.3379030789996445,0
0.05118837159476149,0.0883568,2.330467027284809,0
0.02298205643288772,0.03225122,1.1280211196796195,0
0.009693609035415936,0.04397645,0.29611775266727597,0
0.030938980912923082,0.017326584,1.6381640323479796,0
0.033428497070110204,0.13184734,0.5685130056465416,0
0.02072600988913798,0.039119355,0.39848426387140995,0
0.029109186191864058,0.02450428,1.156515840911923,0
0.016892851442897393,0.029166957,0.25698832857003145,0
0.020038838439811333,0.049044713,0.7267888202447228,0
0.023056726338905778,0.033268034,0.8874913763935257,0
0.025828148868003012,0.13576303,0.6585982520299659,0
0.012307790385219043,0.034057796,0.257542703903689,0
0.03860462539997169,0.036198888,1.8834077157867035,0
0.01665850437469701,0.017589904,0.6150695736473063,0
0.026626837889670824,0.13901427,0.5795873071001992,0
0.05881110236715733,0.09656983,2.352298598033241,0
0.025479340242946076,0.10973035,0.4402665909759462,0
0.02071407698970577,0.012997439,1.0931878214367412,0
0.038839217899745884,0.20434597,0.6255685241184732,0
0.03634600211791246,0.049513612,0.996451101156752,0
0.03728971404643385,0.11932517,1.3860762524160646,0
0.021415088939249496,0.116362266,0.4912525333031547,0
0.017306038281268338,0.02496567,0.7481886392464134,0
0.013987067461279425,0.053286828,0.48720696260725627,0
0.025028461191093202,0.053920772,0.9808009479478362,0
0.014116316709557755,0.04965789,0.41416957928475345,0
0.030669217993545175,0.02889974,1.530448361734742,0
0.03518367925861299,0.03615595,1.7630197379788635,0
0.02058592709350287,0.0346387,0.9792274876672318,0
0.005637552097359751,0.01664743,0.11227532842885553,0
0.01781127001804674,0.052965295,0.4121836433562022,0
0.01307933452639658,0.020056073,0.3350974322455007,0
0.026143363158049625,0.061802972,1.0252141394515897,0
0.019427684355972245,0.04541741,0.7467533190756044,0
0.010362707053325747,0.0045111184,0.5178255611210256,0
0.011385904830627252,0.022408301,0.4545962853767577,0
0.03345883939262698,0.055418897,1.51099239015601,0
0.03264776956443467,0.05692009,1.527003922554908,0
0.012094314400858518,0.05518132,0.20025475409111884,0
0.01936625047480941,0.013330278,0.9809726118192927,0
0.02882792123108089,0.078804724,0.8070755214890235,0
0.027914695589190526,0.037608214,1.3730311824295507,0
0.01601045282917407,0.007902299,0.8291153199277225,0
0.031163043300511593,0.036313705,0.8859685409097232,0
0.0126480685240571,0.0334448,0.2717809733149714,0
0.03096837812357054,0.088078745,1.1449090088871698,0
0.09889394940087892,0.3056711,1.6592199481756913,0
0.02004320524934544,0.06342089,0.4320086519567202,0
0.017923150992635962,0.022927474,0.6920890794447132,0
0.0197955477584748,0.03957718,0.4909309753881416,0
0.009856766173692327,0.023532737,0.1442040011647544,0
0.01671616686688359,0.036799505,0.43929564944500105,0
0.02134645521524827,0.058340993,0.647569475283929,0
0.020341722830118085,0.05329595,0.5456864684718156,0
0.018167989063335728,0.073722415,0.3674088269492378,0
0.05169818469524869,0.00797516,2.9091951667787543,0
0.017363281587015052,0.031701595,0.38277562808658233,0
0.05187660956521264,0.02769919,2.4142392917847992,0
0.02405000709988169,0.016548393,1.239066577843895,0
0.03913712493919912,0.013108067,2.130813904237675,0
0.027227857590741537,0.05560717,0.7478093162999787,0
0.029035163612756196,0.13210364,0.7377609375394619,0
0.023796267304230952,0.07454286,0.8847688024274433,0
0.01791583033865255,0.09182897,0.2618140293309628,0
0.022245421639223082,0.0764695,0.6285503785313352,0
0.012690484806690237,0.0050380607,0.6743551150584909,0
0.02886053129691525,0.11092574,0.6527658489256697,0
0.022667549333613188,0.0691624,0.34098971136487527,0
0.02089267387767702,0.06398332,0.43338920364471667,0
0.02271612435451193,0.06952547,0.6589787748113755,0
0.02606631684839885,0.10614025,0.814378214233093,0
0.0293326168103446,0.08713613,0.8090955900550574,0
0.013107175496106595,0.033520393,0.4306098645096535,0
0.019266389313634783,0.01727405,0.8269439963687565,0
0.029207756098903526,0.10642393,0.9275571547529214,0
0.035755129629911855,0.012764213,1.9011878702340654,0
0.012456164901549403,0.016946333,0.5862409245904502,0
0.020688382889349266,0.02994398,0.708205291817726,0
0.014968534536999612,0.04668804,0.5371739984505979,0
0.04848955251460824,0.0448455,2.4804823982229194,0
0.014277391219571771,0.022408957,0.4286193214229492,0
0.020124683726295563,0.03531805,0.8861612086367829,0
0.026085449013028596,0.023020888,1.3496824446088003,0
0.02086479195418841,0.061334047,0.7764848675316224,0
0.0159192708896015,0.04020354,0.6693779866511193,0
0.03301611725912079,0.058569573,1.5023155008004603,0
0.027421973129750938,0.06568803,1.0322557444914653,0
0.04296177664813412,0.13445486,1.4372989275960573,0
0.0302191689548019,0.11241762,1.0468172887738505,0
0.017746843597269427,0.028691728,0.8083408935183307,0
0.02527164090094502,0.02829518,1.2673810766656015,0
0.017248227007443398,0.024382293,0.531916335012261,0
0.012998028216079703,0.022359949,0.2820642157416531,0
0.01846165678572984,0.029841717,0.8824435003581943,0
0.01663763623634109,0.022574287,0.4460636400054084,0
0.011356507989533554,0.016538575,0.41837705324381996,0
0.014150115579518197,0.054559555,0.47842086253073357,0
0.028894841795793824,0.11378431,0.8552088469016759,0
0.023277554232627652,0.06257421,0.8320423610050295,0
0.01688416733475386,0.04770085,0.43788970456612075,0
0.02417587217832267,0.08288651,0.8340834429521565,0
0.07992062660959738,0.13112065,3.814352513391413,0
0.044460909998965084,0.041781817,1.573681913314122,0
0.020260938811585846,0.09438493,0.505140161468536,0
0.05139223749373455,0.056658458,1.5246629384129955,0
0.02277265366895721,0.009569942,1.2389075129933602,0
0.04473613294056248,0.038246997,1.619506419961823,0
0.02048229703490402,0.049026664,0.37815454280000077,0
0.02431239286660391,0.023279727,0.8099694052777642,0
0.029601375444170037,0.021791609,1.254549822773111,0
0.020246638245019957,0.01274955,1.0738902675769213,0
0.014780007472596765,0.005897763,0.8013414486847013,0
0.022070480719981526,0.046263583,0.9877794618042679,0
0.08931213826363343,0.058937952,4.555769593340955,0
0.009932473897621669,0.029864097,0.3047089136333377,0
0.040007995436940294,0.10699683,1.6581372235351801,0
0.017879522806278005,0.039643813,0.6824591045723483,0
0.023351978377098678,0.073809154,0.7566210812080797,0
0.014662789413837606,0.037176214,0.18295559488986135,0
0.01736123984224055,0.017302712,0.7971321193057749,0
0.013355405467021584,0.04120167,0.22341044122419143,0
0.042711026472538785,0.1101447,0.5750242064072576,0
0.027414853292061777,0.030196933,0.9731702396508605,0
0.020617090737280703,0.04368897,0.7647921356132372,0
0.009437870519861927,0.0183257,0.18894647422127112,0
0.02741510579643499,0.055487085,1.1557265285745166,0
0.007992042531669442,0.019726675,0.26529055448480554,0
0.03720708699642713,0.03205276,1.9479277005522695,0
0.020027522080937908,0.029151421,0.8701586611903884,0
0.034582128204195615,0.032223176,1.732159607878738,0
0.014500325514739364,0.03717331,0.37134340285802114,0
0.022406928212409888,0.03582127,1.033680187006912,0
0.03997783120105503,0.12562749,1.2378964091710325,0
0.050900585312849564,0.13211538,1.0685713197880062,0
0.02790785361468607,0.16747706,0.6177944334210295,0
0.021545669536461334,0.062271684,0.5098108962527473,0
0.014069597601067841,0.024910994,0.2800799852754751,0
0.013555777286720434,0.06526008,0.3501089083679874,0
0.014600731249316627,0.019569712,0.6018374391489697,0
0.013015312383514674,0.021206306,0.4896300218579664,0
0.02190145477941131,0.100200534,0.43373472826431425,0
0.027120404390817494,0.073115684,1.0746814662390174,0
0.013098757911846195,0.011894982,0.6765840230231175,0
0.012422843432256272,0.02856436,0.2239130011964537,0
0.023987697837818126,0.10624201,0.7265635303361706,0
0.015520284747657404,0.020178903,0.5711274172353835,0
0.020073442652251625,0.040541645,0.7751231069497626,0
0.01904082771909323,0.020156564,0.9690482742242372,0
0.02676333436097654,0.05015744,1.1358938336827429,0
0.019465710570163455,0.020442937,0.9201937580330415,0
0.00509858638953106,0.013813643,0.13993367136024593,0
0.015214967417356434,0.051208843,0.4620832877399961,0
0.025199356683614074,0.081176706,0.6359148487126399,0
0.024122479858572847,0.010567355,1.272867825057815,0
0.0295770176737372,0.026842007,1.2770052192302188,0
0.052427837247404054,0.08851896,2.376068737822126,0
0.013205922116740241,0.044103228,0.30194542238036093,0
0.021315222838875676,0.030684153,0.970794970475495,0
0.02201906966125245,0.06549375,0.8122678684388042,0
0.025137561606280202,0.03137982,0.9059957918839607,0
0.015534892053114799,0.03410631,0.22150017084008264,0
0.021854801744830954,0.016527135,1.1045299244095033,0
0.022547056292633046,0.0784198,0.8292818871970811,0
0.007636718086514777,0.03129043,0.1748047970452946,0
0.019635054863212445,0.023792837,0.9254611572377378,0
0.027528528821669257,0.07695537,1.0052124270538225,0
0.01407037984969274,0.034828406,0.5356272939924323,0
0.03074616135142967,0.034370188,1.562654133819027,0
0.01509548035890868,0.016850479,0.6967029003006239,0
0.015637330152229487,0.036527302,0.304238631655842,0
0.028534491516462424,0.088578165,0.8529644805600801,0
0.02266867498129408,0.03766641,0.8933091248871635,0
0.02047473025079761,0.06570947,0.48196291823212833,0
0.014633414419534984,0.019434249,0.7055992604051222,0
0.017988446963321175,0.02849385,0.7836075319681056,0
0.01792374814302367,0.062241897,0.6186217069924522,0
0.016636369440192374,0.04662366,0.6736800029483072,0
0.020660624104846242,0.07754659,0.6869594138198439,0
0.012826409686973007,0.02466626,0.33209137642998476,0
0.016665429173906933,0.025617167,0.7458116111436973,0
0.01022021950569103,0.018131088,0.40648947082101566,0
0.028306557637552823,0.028651893,1.2179027611629465,0
0.017734206166020033,0.015164481,0.6934493829738708,0
0.029875823710038035,0.06153494,0.513005020159518,0
0.007431674497860796,0.041872226,0.16237660740953916,0
0.011946379556546078,0.021264592,0.5331761792797242,0
0.015414221112704978,0.03586556,0.6194720852389856,0
0.06759189299313426,0.14857954,2.9039838705343497,0
0.032905281379724476,0.026147438,1.6781687597966377,0
0.010127922812447454,0.031209327,0.2815694159651007,0
0.014243031942426461,0.016504964,0.6420667220877522,0
0.029441421657229135,0.05862636,1.269848188748177,0
0.02481154776664295,0.015157588,1.1956140517083567,0
0.025386450501838433,0.10383181,0.5413287593198896,0
0.009401467943313677,0.03384717,0.26749117005408146,0
0.021933439683929083,0.09683918,0.6633409569905728,0
0.022192030325865596,0.11809081,0.516761873741828,0
0.010293957613979965,0.02011852,0.4548602003583566,0
0.026444800346420647,0.06486649,0.9364879392909345,0
0.021035828751871676,0.08828072,0.5146717831901416,0
0.03842769910220546,0.09746145,1.5943714168678564,0
0.00988757139353239,0.0069821365,0.4556630340486709,0
0.027972646159371273,0.04641704,1.3247027355955585,0
0.015526581840133141,0.047892828,0.16630637141220178,0
0.03896333904652101,0.07428655,1.5719051109958715,0
0.02302437940235119,0.10346803,0.5402360074514602,0
0.030415916381953328,0.08700424,1.238554356022,0
0.026044762354575583,0.06080314,0.505205648081335,0
0.01162856016659756,0.022777185,0.41163884755598296,0
0.019603292642023457,0.029977078,0.7758114497038158,0
0.021958341273641022,0.024119329,1.0544166916006645,0
0.016132528247420015,0.05832224,0.42940664565562897,0
0.03830075859161701,0.066509016,1.7731805754399648,0
0.010150924875376152,0.014697718,0.3148855193724762,0
0.014847720147045534,0.0575272,0.361522292320798,0
0.013877526901513606,0.037603572,0.39982342839203644,0
0.0162858552354646,0.058490314,0.3607610887084813,0
0.020853934810792674,0.02407897,1.0291867246687294,0
0.01644377405139779,0.063332304,0.5126945666892809,0
0.02837313414587729,0.018508507,1.4331317459374509,0
0.03546008781434992,0.06878677,0.38460300929320057,0
0.01833276323285306,0.10560912,0.16837935127931272,0
0.025557747500635913,0.032964256,0.7492827666263756,0
0.015273242360684175,0.036399625,0.1930741925423199,0
0.01783571366097381,0.020736763,0.7286230078606898,0
0.02491593433384466,0.03436702,1.169407134694233,0
0.011260085515852412,0.037129994,0.2634522029196996,0
0.012179389189939244,0.010722988,0.6219846167980003,0
0.010453362311158284,0.018236803,0.3138861892693064,0
0.034344608258704584,0.014032663,1.871808729864279,0
0.008409176002875867,0.0060179518,0.35805370970983413,0
0.016340652306069625,0.051193696,0.2763499240595781,0
0.034348505980829336,0.08104192,1.2350920866512458,0
0.031288197606627155,0.06585778,1.3515104414711065,0
0.018018828861368016,0.009973334,0.8677358692179049,0
0.013223278695229958,0.055042755,0.2484091982059614,0
0.0262757630541871,0.09214043,0.9208698894369776,0
0.034824629173118314,0.06545648,0.5953376894666644,0
0.02231282468336814,0.028625268,0.9914289358931627,0
0.03373396676547516,0.09029873,1.1504448874970294,0
0.021115058354403943,0.07290517,0.7778020002001579,0
0.029005636749595044,0.04547969,0.9579906634899501,0
0.005463444526996751,0.013493225,0.15948006884556842,0
0.04286573179492435,0.0663013,1.4624573223776056,0
0.03255722447723608,0.17326932,0.603280492231834,0
0.05139864927220586,0.08753249,1.7425117470031257,0
0.01728878103284321,0.020692982,0.8060987140525673,0
0.030160718363965805,0.07115662,1.0883194474848725,0
0.03241076914776053,0.08964742,0.7629185970154652,0
0.03337154611957544,0.043598384,1.5201331609131818,0
0.030351460846059115,0.09233475,1.1064324251116116,0
0.01929572872676928,0.015526639,0.9947437992865661,0
0.013322072033070355,0.015475053,0.5826060207942839,0
0.02184071925996113,0.066335835,0.8040537236504661,0
0.015109167699874138,0.03900574,0.6378152995488037,0
0.008857314802703187,0.01732232,0.31006192564299534,0
0.01543884110637437,0.020986564,0.49948028329785576,0
0.011267168968222902,0.023742976,0.4207073727187296,0
0.020590559636791708,0.026982829,0.8954834536847882,0
0.023325815306380213,0.12925729,0.5789932402101599,0
0.017265615328168053,0.013417696,0.7221394815415159,0
0.02576023903924965,0.04828112,0.9934915718375974,0
0.022962016996207386,0.09073115,0.5680206767846382,0
0.012365621537274642,0.056785364,0.1380760639904702,0
0.03030378501283168,0.028897185,1.5134463573520607,0
0.030528804018633497,0.14758961,0.7873290170028983,0
0.022668142525191278,0.013568259,1.2048185998746004,0
0.05083767536735834,0.083254255,0.9192989741062759,0
0.018274659566711905,0.0139334025,0.8660893202206452,0
0.052522314327918075,0.04781078,2.601831995992254,0
0.03839523693388722,0.15320891,1.2612271798422199,0
0.017614936992258412,0.019676898,0.8467875006888846,0
0.012042120666739844,0.036356274,0.42459127175965666,0
0.02250675671769698,0.09434371,0.2907214530470023,0
0.01265311318289477,0.024239432,0.33468163472544604,0
0.02817816744921717,0.022185562,1.3830655977307216,0
0.010574204951673091,0.015202334,0.3128355832978993,0
0.018107308716550592,0.09250697,0.5061733499655136,0
0.026821754501821837,0.044185795,0.4879952237140106,0
0.022882218604913736,0.065666415,0.796505665928962,0
0.04039322857878633,0.024474852,2.128965571704135,0
0.014896779293179563,0.019806147,0.5559551720421325,0
0.00882960927181134,0.01895821,0.24054145416877631,0
0.07229950402966277,0.13185027,3.3578143951388966,0
0.014380794149523514,0.022936296,0.5691606048587812,0
0.03479465409802128,0.047287654,1.365270257165316,0
0.03894397691635655,0.19089125,1.0535819089116707,0
0.024968891943539497,0.03950042,0.7796382169116199,0
0.017022148753324716,0.030717406,0.6143180755949323,0
0.012425774978031382,0.014895481,0.40586359635107666,0
0.02850153593142543,0.054940645,0.8765475341449344,0
0.035118037186972775,0.06419603,1.6213680372259633,0
0.018670060815779703,0.0230461,0.6617099089752502,0
0.03717596608085079,0.02642212,1.8598291683563972,0
0.009786232743712549,0.014830205,0.35651604558549344,0
0.028893519855007883,0.030488752,1.4425243846552265,0
0.055032045837916196,0.050732806,2.032282941732099,0
0.07449686066506579,0.10011696,1.8163495941161703,0
0.013862217219907592,0.049015462,0.24871639753845093,0
0.01756890813528572,0.03872118,0.7714158904824031,0
0.04082715589630007,0.0700664,1.1572693049068732,0
0.013891871148573858,0.022036958,0.5937389298720942,0
0.032560869730256764,0.07203505,1.2438020821741238,0
0.03516965087021444,0.023728656,1.6688167621683285,0
0.008026427983099455,0.011198744,0.2606479386937011,0
0.01557871195179824,0.03344807,0.19182562734205943,0
0.020818400206190666,0.03032138,0.9227442833825681,0
0.017010921948035024,0.03514743,0.3310227894786462,0
0.02258185230913714,0.062470075,0.8709082583541609,0
0.01955949706524293,0.060811907,0.4070939517211799,0
0.03709778349073932,0.08378252,1.5565698408585713,0
0.021786062538670492,0.051534288,0.8951001342083578,0
0.035711768961117885,0.02700506,1.6859899050776073,0
0.04482288570174552,0.099082194,1.9670322648951606,0
0.02548885550863475,0.04947041,0.954710993185234,0
0.02289168140835023,0.0176582,1.007695547706056,0
0.02028183750495513,0.011266169,0.9760782123337942,0
0.006962042404503999,0.02010446,0.25671500037140693,0
0.023782979502159966,0.09698532,0.7408632443106994,0
0.01884796529456463,0.024263976,0.8852655078945249,0
0.009560542731163503,0.016903587,0.3184469293956227,0
0.016998835737081074,0.033356823,0.37336646878728413,0
0.020011225387468093,0.09711245,0.5596556499682868,0
0.01132469930524142,0.019222796,0.3099662729132206,0
0.06333818994273746,0.028102763,3.4494734936479308,0
0.017165900384279793,0.048334252,0.6865038176787437,0
0.009927409153044523,0.023350608,0.3361619492711104,0
0.03029038077287488,0.03937877,1.3973894535401947,0
0.024352832190523914,0.09629819,0.7726627195813535,0
0.012419363291430445,0.03924962,0.455362697847605,0
0.01679244528320882,0.040332668,0.2755849436912965,0
0.019406921960114544,0.029544223,0.45333159650172317,0
0.015675660981484714,0.009984426,0.7802118586706895,0
0.02474133765808021,0.08966542,0.8526526427980619,0
0.030452223177021415,0.14496201,0.9074446142206032,0
0.024956238664641837,0.03417829,1.0799261574998702,0
0.022188449142247914,0.0888666,0.6002029722314048,0
0.019686103930166267,0.071463525,0.6168507732725301,0
0.029074705203296525,0.14619641,0.4536603641127058,0
0.02200320008609898,0.013568693,1.1694001666205276,0
0.020001999835941787,0.0409122,0.5417949261747127,0
0.04193878780490209,0.01801813,2.130871158866844,0
0.016840437030981363,0.08718731,0.38432597071720065,0
0.017204380278866192,0.020930184,0.6484859960992706,0
0.03424521266643634,0.07060298,0.2091551793039032,0
0.020966381385997497,0.012193028,1.0788783967763853,0
0.019377635215377425,0.012301682,0.9860033274669341,0
0.009225125384589725,0.016953714,0.40389273553054716,0
0.04615188198706183,0.0577012,1.2754184030200482,0
0.02370291326457815,0.046193138,0.9789154556356958,0
0.008344419977811306,0.011949073,0.3951691776415171,0
0.022160164163394003,0.033639226,1.0364123491148063,0
0.013707871610728676,0.03151779,0.23815317189660246,0
0.01750382637264514,0.018381543,0.8638846317505413,0
0.014588361022436633,0.06623842,0.2807327476436003,0
0.013707239041834747,0.022251688,0.5719055783841812,0
0.02602140926672833,0.08797964,0.7956240543046497,0
0.012174033251123227,0.017774047,0.47672061267290516,0
0.03835939801174392,0.16005428,1.028376332721091,0
0.018341359237808996,0.03234959,0.6481008033775194,0
0.012366511475041628,0.019404149,0.31155553517466217,0
0.01579674312380855,0.037003476,0.6558487860036845,0
0.03439924551399952,0.018765565,1.8070411972520466,0
0.01784291990288027,0.04521719,0.3151434535173797,0
0.018815831145800765,0.010649875,0.9752566904099675,0
0.03423427892250029,0.04489393,0.9302205968908013,0
0.019883687072127877,0.035000935,0.5841654517219718,0
0.022921964872833177,0.0645621,0.40901736057171834,0
0.012948007935937774,0.02261032,0.5144253107400697,0
0.013970709356492295,0.0098577095,0.6998983459955097,0
0.6047635588898612,0.28427273,27.461799596085882,0
0.008902694656094121,0.027331883,0.3022056471085899,0
0.008714592634395288,0.0076409713,0.3746549973391127,0
0.04346505913461164,0.03843208,1.814081534963179,0
0.011566055084434722,0.05395551,0.34745879781225847,0
0.010091741257019383,0.013348499,0.3763928708836659,0
0.034485231029384555,0.018190136,1.63427461679202,0
0.03309983348224557,0.05915975,0.6785557927110698,0
0.023947459229696582,0.08150029,0.5032689648688552,0
0.010470841389364651,0.0097341025,0.46553984186238573,0
0.015395952027866977,0.016397437,0.7233277513049813,0
0.012087408997214466,0.015491574,0.5470212640168175,0
0.026356761798488955,0.06324582,1.0950613905557463,0
0.015014378431717188,0.034759376,0.5532674453000951,0
0.04665447593483839,0.19483818,1.3989925409502644,0
0.05521025526950382,0.10725256,2.4288452681456763,0
0.014598373525384737,0.07053346,0.21523981623235386,0
0.00870414604044023,0.016281432,0.28289530412521596,0
0.016277048960518174,0.031347927,0.6440835698572448,0
0.04648105772434802,0.12795089,1.2928778476528606,0
0.027130041390664376,0.032928765,0.9138876954321974,0
0.032510159181570464,0.027290415,1.2892043219621376,0
0.008157116033881208,0.017595438,0.3476069577396628,0
0.05319724227447835,0.14146452,2.067846065217644,0
0.021550045387425793,0.08035907,0.6029738512632362,0
0.015493796717637287,0.056033213,0.443693973578387,0
0.02038724148708615,0.07686251,0.4743501203986908,0
0.010757372570635412,0.031732082,0.3391743793307733,0
0.036887517557131946,0.09425281,1.5304627593244309,0
0.018753565630339118,0.04050866,0.2684995796470015,0
0.02180171326028268,0.02592802,0.9410786643460932,0
0.03371458955237386,0.034618933,1.2863278658722506,0
0.014979512142549991,0.012278564,0.7399192454539536,0
0.023063733407737763,0.08497046,0.7086734905199816,0
0.013406688581607425,0.033100154,0.5164318438600063,0
0.016065842921397858,0.06094192,0.37409103405396954,0
0.03272462094630304,0.04873644,0.656398051117727,0
0.02054330265376483,0.03427495,0.8550296413303975,0
0.026619991182921028,0.08616253,0.9446093398827612,0
0.021350370529972167,0.07041794,0.6483134342785236,0
0.02122727886476884,0.026523575,1.0167507044546378,0
0.009092977190701682,0.017909653,0.3284710096700783,0
0.01387494639108694,0.022785055,0.5471470975398434,0
0.017905808284425045,0.026649898,0.7635788503545307,0
0.044802041240893035,0.10571515,1.9281340937440006,0
0.02035529736903241,0.04669065,0.5403464104765208,0
0.04411593824180935,0.11994588,1.7175649386053358,0
0.019742517677948393,0.025563523,0.9269706193703483,0
0.03682228152030936,0.21022126,0.8716099234606497,0
0.009296921541776916,0.011533214,0.35106517296592393,0
0.019051030046077302,0.03678837,0.46373189177747315,0
0.019462554383825752,0.08653306,0.4291670200837611,0
0.02206956940161749,0.02933624,0.9452142020429259,0
0.013452299631524344,0.008810429,0.6618947290288149,0
0.014293301560003179,0.06287862,0.2726753290062515,0
0.020244343902256292,0.03105098,0.9598519133841696,0
0.012037003321795314,0.026050353,0.34539415005487484,0
0.023960736374291344,0.06785805,0.5149362740230138,0
0.014093457279535983,0.047093637,0.49350427415916853,0
0.015723891612116056,0.0054294425,0.8475362593367034,0
0.03957600128879103,0.09106681,1.168743647565808,0
0.010447747326373602,0.031475633,0.31910100967207033,0
0.018276573092137482,0.026830249,0.5669547359153495,0
0.021883595393254025,0.038305078,0.7987370295655597,0
0.016598786583796942,0.02775312,0.6938643973689327,0
0.011655034853626626,0.015115461,0.5416166526358086,0
0.04696603621724695,0.05948217,2.1961246186778225,0
0.03317786363125779,0.08964906,1.2531048081830705,0
0.03467484244144328,0.068692565,1.291836236739307,0
0.02539833592239203,0.030792886,1.1229043392972542,0
0.03592821032012622,0.02354861,1.9206044292376294,0
0.02803850622094553,0.03539744,1.4008274725448282,0
0.008036826880692825,0.011968226,0.30370959902829797,0
0.015262171759327967,0.031697363,0.38617836969790764,0
0.029526370853277792,0.117544234,0.7444021096765358,0
0.014704296580056942,0.01032489,0.7122658260077624,0
0.027145986384256658,0.08120183,0.8848571399786804,0
0.05551574652232596,0.05300177,1.9710278658631337,0
0.016243025574497992,0.014184496,0.7457341359187535,0
0.033702647812568105,0.04924818,1.5097416009605007,0
0.03673363573646368,0.10571076,1.3296562997981676,0
0.03582460064477348,0.024204262,1.7982491385871957,0
0.014047995324225156,0.010095874,0.6651055251654573,0
0.02619216125321188,0.07154018,0.7943496130116457,0
0.022145467286913925,0.0247679,0.7715906457341939,0
0.021470663280046078,0.08810343,0.6690237608240982,0
0.01151051434145687,0.031869832,0.06977628750639239,0
0.014578281654125464,0.023206633,0.5999991007087314,0
0.03621256273023027,0.078904375,0.9639789170058135,0
0.02465603338628118,0.039560743,0.46007643376618235,0
0.0416280654756675,0.25609237,0.7855221780726809,0
0.01724970631248999,0.050051577,0.6045882880221187,0
0.03207167190841391,0.10081758,1.2167508425430524,0
0.03806938148006358,0.013939378,1.8675710800098495,0
0.02266166819913884,0.047018882,0.7603998348289114,0
0.02463295771361461,0.039257996,0.6526419145867622,0
0.02569024866649162,0.019098459,1.030752169921156,0
0.01432886473006054,0.033627998,0.5452627179963732,0
0.015452823051574666,0.027355343,0.6619629063762603,0
0.014524183343783033,0.021535845,0.6229822807403074,0
0.04010228102831488,0.12408691,1.4427108897477174,0
0.03318433090486406,0.1324733,0.9944530245542148,0
0.029012472192172876,0.0319949,1.2323070688445517,0
0.02468969637464421,0.038127743,1.093354410546398,0
0.023997037846604945,0.04568542,0.48384292687329433,0
0.016176818231738978,0.04467587,0.39692178617147816,0
0.019958428980673126,0.030922996,0.706681357014197,0
0.017205544531369417,0.024039472,0.8422388851081305,0
0.01373226481864693,0.030125245,0.37578956824515963,0
0.01749999428652666,0.09220688,0.4192381737324868,0
0.026581779752219852,0.06717842,0.7421800773291037,0
0.013021368970289705,0.012870201,0.5797117438689405,0
0.030571085113283464,0.026918186,1.1662197262212957,0
0.022672965441387295,0.010500136,1.211243423551698,0
0.019744257304037796,0.017105442,0.830974173375324,0
0.038479663128398,0.07267071,0.6228265769053272,0
0.017490387657789132,0.04477054,0.6769909413475201,0
0.046023382436549486,0.082328044,0.9827271164066073,0
0.009292683087811683,0.010465458,0.4042482939135201,0
0.013253875536799,0.032707877,0.5090821730486255,0
0.033496940552772025,0.03456871,1.624519141964011,0
0.04219783907037876,0.055148806,2.0748277320135404,0
0.012414610787367001,0.026732093,0.4577812805122244,0
0.01200161538299946,0.002517915,0.6623204131752,0
0.01959126430174082,0.013165318,0.8608192193441954,0
0.04017723372150893,0.14662464,1.4185212860969534,0
0.027730223023792595,0.13679716,0.5586476955526005,0
0.024196883373256456,0.089885704,0.8065438320045656,0
0.030012675125398524,0.019189876,1.3072380978613385,0
0.029945772126250582,0.112932056,0.6127911245410349,0
0.02208423367458423,0.03241878,1.0183388019078954,0
0.013700696920406236,0.025795631,0.5203605126402637,0
0.022267071951814908,0.014243399,1.154228662735513,0
0.023523124174187962,0.09002998,0.5502631051368719,0
0.022540757303871537,0.009540473,1.1373289422702217,0
0.04340154212520209,0.08804248,1.8526113860847018,0
0.015856292801544814,0.025227811,0.5163391295485256,0
0.04239363134749206,0.18854629,0.8540967488326473,0
0.017318461768178618,0.020386958,0.7221325944103849,0
0.026713007519996307,0.02490954,1.3563917616253223,0
0.019941873943953213,0.041560054,0.5060244952516358,0
0.030370293868191352,0.038654856,1.5001028538813703,0
0.010060365854537977,0.0391496,0.2998621976895866,0
0.03704699725414292,0.0298259,1.9433103431624243,0
0.020447205768826658,0.03858541,0.7388499514504174,0
0.0115425939087596,0.030577086,0.3994927666315732,0
0.017194469473178743,0.028482547,0.5785014954839378,0
0.026163180100484164,0.10625572,0.8654072045211405,0
0.02423883166447015,0.023216883,0.8200415469734065,0
2.056853374071142,3.4981508,33.30255212908142,0
0.006229079645600962,0.020641467,0.23812929419811427,0
0.014534882656121741,0.03069075,0.4109511601531329,0
0.03635640579689317,0.06756382,1.502545646544991,0
0.007242841740069178,0.0057685943,0.3338134548572885,0
0.030676014777553363,0.028515253,1.5383042260721285,0
0.03177238047840858,0.02433093,1.4905785037575074,0
0.006832113195167653,0.009304986,0.27116426949733596,0
0.02658183891901096,0.12715787,0.7658575966908734,0
0.01628357499865712,0.046912048,0.5187028160656233,0
0.009961295421675785,0.014705845,0.4037522395208893,0
0.022654174259969434,0.06353931,0.7213473448117412,0
0.018681389845245026,0.036321174,0.6825155164401084,0
0.024049935515340168,0.04833997,1.0798633733002854,0
0.027399340410055893,0.035234354,0.9309323055222279,0
0.008857981536410589,0.020429423,0.3605960086890837,0
0.019531109959703016,0.031571392,0.7974707765075467,0
0.022070025121484406,0.016311593,1.0266988831372315,0
0.03677280853948307,0.04809765,0.9188813847671738,0
0.03160551065438614,0.07586879,1.2748214398266655,0
0.01799211731518524,0.03970221,0.7533424040167205,0
0.015030299515265133,0.06096439,0.42727009901962903,0
0.03101745095130235,0.06057463,1.2741157266344412,0
0.024669492155785816,0.060703438,1.018926846890641,0
0.02137932470529328,0.08310212,0.5744416998824712,0
0.012231514481948303,0.008287503,0.5677745049156585,0
0.01827368534621575,0.009804632,0.8931801950758217,0
0.016256361730706027,0.025028015,0.6940995647125754,0
0.025996693975976433,0.043125052,0.5137403414537168,0
0.011251299945709649,0.0097772265,0.4721056143377442,0
0.009654332753279569,0.0132185705,0.368915104827617,0
0.006102063831567291,0.0045692683,0.26540701845391707,0
0.02726469020858921,0.05529518,0.8648843467436654,0
0.01768750964367303,0.042661,0.7092255986878119,0
0.03797035220384957,0.08282865,1.51006337743619,0
0.014955100961578158,0.08011324,0.0847387090989119,0
0.036575023784380226,0.10652599,1.3811562843654341,0
0.03141977705270145,0.15085924,0.7480166365080987,0
0.03235264896171317,0.043585196,1.097313982629181,0
0.011270952102286617,0.036123153,0.4006910556194986,0
0.008520267037444058,0.013209598,0.3761919888892387,0
0.01677266360881118,0.025030958,0.6865501203552563,0
0.030664665167504455,0.050433185,1.4209241941326907,0
0.029337091814858652,0.07142433,0.394775461202255,0
0.03163811144517817,0.05318533,0.693118605192183,0
0.046702647646290715,0.035626493,1.7952178434823014,0
0.02719551727274459,0.026303446,0.907789307300191,0
0.011916679757428049,0.019610543,0.4509511248361333,0
0.013154716627147992,0.04335986,0.303951871782006,0
0.02140831974247344,0.085930735,0.6476057889613498,0
0.023609910520617467,0.05829488,0.9652543336621675,0
0.02251237348951727,0.14169036,0.43186042671129954,0
0.022406019917306008,0.08663305,0.36389437335213043,0
0.018079824293241637,0.022766652,0.7291113554766686,0
0.015212173616793728,0.018757075,0.6538055333811182,0
0.017749588901136856,0.10547267,0.22446674788390208,0
0.02559865310515438,0.14319955,0.5764871479522182,0
0.03761785538205989,0.0755325,1.381116525290923,0
0.041415383637268995,0.043650173,2.1045596989393007,0
0.026884269397373973,0.029778449,1.2580248201081259,0
0.03191679283956323,0.028008923,1.6194181812536217,0
0.04469087483440535,0.070179954,1.6727830416013523,0
0.021786117726728615,0.017273929,0.9015446182057393,0
0.019229093851769453,0.022357348,0.8344439070779617,0
0.019818752066405536,0.047133937,0.8468376154662742,0
0.025682586699359605,0.06899589,0.9274656504431259,0
0.03551250308753636,0.07263952,0.3090909175636908,0
0.018470459262712683,0.040592056,0.5979136723880529,0
0.03634099651046302,0.105100445,1.2062426704339029,0
0.020419195113203857,0.025592808,0.7178745892548276,0
0.009109571468668564,0.026368203,0.20756498708904503,0
0.0965557494241782,0.15149471,4.511621505568704,0
0.020891192917894486,0.07140855,0.6215443644251004,0
0.015205998074484126,0.019429078,0.7048471801678402,0
0.018201525007451553,0.027012171,0.8392462960497336,0
0.02266496930514338,0.044828966,0.7262006793469751,0
0.04774137496077653,0.18370743,1.5833698126337779,0
0.04670952669234935,0.0244616,2.234960913941846,0
0.03517402734381972,0.110621735,0.9136075055749253,0
0.03566580596815923,0.056450147,0.807154699917619,0
0.1162227650606356,0.10245464,4.541111660643092,0
0.02635150368223715,0.05050756,0.7200727268076633,0
0.0170731116904795,0.063357115,0.35861006907732923,0
0.019700566942335206,0.037684247,0.7449776804543513,0
0.026026476847842293,0.06195428,0.3455529690636298,0
0.018058107778566784,0.018508648,0.8524454991132935,0
0.0298517753243549,0.0456219,1.098186025912454,0
0.029452580158724793,0.07897155,0.7172164544070161,0
0.027840418599335955,0.07030257,0.5119307810192133,0
0.01256133873322145,0.049583938,0.26771330731247794,0
0.013228152373138529,0.029803714,0.5545543689347695,0
0.01929145476873759,0.03564289,0.5781131787473014,0
0.010184952133134244,0.018454853,0.3473475936848491,0
0.03750944095648628,0.09530091,0.6515502904832875,0
0.028603101609958347,0.08750452,0.5904094756615589,0
0.024906715299831628,0.034156367,1.1353288203075844,0
0.02249187419907386,0.020859543,1.1301710062536667,0
0.0251012590970359,0.058659095,1.003890117293224,0
0.012360197042587388,0.030752005,0.4828585701218103,0
0.016437606693564314,0.0059331898,0.8866857655186783,0
0.026647850642682054,0.029001879,1.0982910170373028,0
0.016793450972335224,0.04162055,0.3362972065843937,0
0.019289002766397362,0.060673714,0.608459718969878,0
0.022326824445396746,0.09721022,0.5353840154579282,0
0.0139786775971974,0.01840889,0.6405948927968639,0
0.009238047293901968,0.02312767,0.34402574296239863,0
0.03708493854780235,0.02735064,1.9667301762421487,0
0.0206722346215709,0.048087336,0.9024874043150718,0
0.029083061330134007,0.038612615,1.4405320563192152,0
0.029493162809695526,0.063576244,0.13223643402302665,0
0.02258228112609922,0.04752848,0.9781789106390782,0
0.01612923891384252,0.04043225,0.46911811814303256,0
0.015487287003427642,0.023394153,0.3742731180047982,0
0.019593229861252247,0.060071267,0.44031840983330933,0
0.015025853974245702,0.022028469,0.48747379489570974,0
0.02278242228295504,0.042246707,0.9813662840928611,0
0.040084989939754304,0.0554325,1.2332905575247233,0
0.037158904791082456,0.088399276,1.5225227617227333,0
0.011926001298746738,0.026095614,0.25879015203970585,0
0.010037608657133107,0.030105768,0.28469803822978723,0
0.031678932049650846,0.040945955,1.2448246696111338,0
0.012517271539673826,0.015110089,0.5271262778184813,0
0.02406421720991851,0.017768752,0.9281521907762952,0
0.0347259967440952,0.05374811,1.0747694906225833,0
0.014057959054549499,0.037191037,0.5504640535699595,0
0.018591135131686927,0.022781912,0.6663738978871159,0
0.02964248668992213,0.13246725,0.4815427293130593,0
0.01790630900505963,0.030110369,0.6859944724887395,0
0.036325979359918895,0.15599783,0.8700877311229575,0
0.026292671965142275,0.021038663,1.3499468583378447,0
0.03285629430691667,0.086290985,1.0543107419098696,0
0.030278075788863257,0.07156711,1.308743129643647,0
0.028813348769836326,0.02122517,1.5000317601618218,0
0.027561543530042386,0.06928139,1.0811960549919053,0
0.023783250081054925,0.03033193,1.149017554967164,0
0.023970532318135326,0.04679123,0.3965120697428556,0
0.021241289768947916,0.027640944,0.9105406675570797,0
0.022967155785819218,0.070296034,0.7364242592660513,0
0.022561319723199236,0.09282269,0.5443859052859213,0
0.024174503174118234,0.12859848,0.3212275923550472,0
0.03280008037606766,0.13425064,1.0621564282033884,0
0.020285385270858373,0.04026637,0.31136887856686346,0
0.008967663408855665,0.01863695,0.39554339268422245,0
0.034583462261478244,0.04924419,1.475976337375495,0
0.033117380096767984,0.065672435,1.4670171708950082,0
0.023090390881631662,0.030041238,1.1430860212266782,0
0.01934438651182489,0.059536815,0.5059746964923123,0
0.012699751238772015,0.017657947,0.5811115105820267,0
0.034231799177180985,0.04103552,1.692469409109291,0
0.016652992561600008,0.055413876,0.295819847633783,0
0.024113217099386453,0.08587451,0.3510089555438679,0
0.03721976125020511,0.013487971,2.0418558084209097,0
0.02269440428315737,0.010596674,1.1706154923447547,0
0.027354959918563373,0.075155064,1.0096401937338455,0
0.01970532357733274,0.051947664,0.7892637411325447,0
0.037349382047171885,0.068717726,1.2335563688328044,0
0.019681868238194754,0.017608745,0.8793748281993178,0
0.03313811339242058,0.06888943,1.4280303554201066,0
0.031419855809786054,0.039942667,1.5430693890134333,0
0.021787607464336823,0.032393403,0.6766659008204127,0
0.01349678707926225,0.041045602,0.23480337552969438,0
0.02725054187169616,0.028131992,1.3925217209169618,0
0.03994796528609773,0.07620846,0.793970383452319,0
0.03220092038193817,0.012581636,1.7545981370481196,0
0.0357086483714002,0.13652289,1.1652912230316737,0
0.01054162920261421,0.016832389,0.31065403452602847,0
0.01908802545360492,0.064195015,0.5710068170741612,0
0.03972087022321588,0.05329248,1.6400077483301552,0
0.025352973866588576,0.07169481,1.0116496751377646,0
0.012944253016055554,0.018188741,0.4744151663768137,0
0.01117781698108174,0.021020819,0.366969633956931,0
0.007089978236639954,0.027479822,0.08112904906971365,0
0.023512586582455645,0.014087571,1.1790772325160674,0
0.026869873752835286,0.078256205,0.9813217863058507,0
0.020763580629835236,0.10083502,0.5544827042937022,0
0.024278802924659497,0.1413096,0.5802912783616855,0
0.02349680074257422,0.050503742,0.4006177921807526,0
0.012543383721677456,0.0391651,0.11116467534499887,0
0.03201032829829835,0.096234605,1.1991599464775846,0
0.026911522056001048,0.046774756,1.1170381533765392,0
0.02112455338711222,0.025771959,0.7829223589662951,0
0.03542251007764634,0.08741917,1.4469760335796442,0
0.038295781248883096,0.056508195,1.7359315848587757,0
0.04116258609808067,0.021773748,2.202726910771661,0
0.015574630067488465,0.029765302,0.60557733555807,0
0.028283893732657793,0.14772442,0.7537744819275385,0
0.02346573515101378,0.014457367,1.2227982957097057,0
0.033488544636469234,0.03760595,1.677281737172066,0
0.018056762349359583,0.060164433,0.3047675732654087,0
0.010706646383884383,0.0130986385,0.5376807032800489,0
0.012626500113806541,0.0330829,0.3359593568610479,0
0.020182058830610423,0.06927091,0.34582089059543275,0
0.018487404787502836,0.042434428,0.6474057630562576,0
0.02393207812778204,0.037864055,1.0957023201818041,0
0.01083796753096513,0.01342461,0.37566571509765745,0
0.03013439261524086,0.025617583,1.5612518010715262,0
0.016319586461260995,0.03014531,0.4504761372102148,0
0.03966818426537333,0.04276898,1.5706529340656863,0
0.011371309795765056,0.015816532,0.5365288041078378,0
0.011046465631565163,0.017646233,0.3477210969877053,0
0.02115542128626314,0.057327937,0.5926538408536757,0
0.01175285442500748,0.01696326,0.32898958021308905,0
0.012929438132360738,0.030164547,0.3997231865985588,0
0.018282001873976536,0.030742738,0.5846199588623047,0
0.02490589999108501,0.06882133,0.9132607244489093,0
0.008600322456361463,0.021547852,0.25310559550117373,0
0.03170823799382444,0.09723118,0.8882765228981839,0
0.02558275578362636,0.07689483,0.16847434562786168,0
0.01664329384981738,0.053511623,0.5164071081301315,0
0.033842934407203124,0.09816306,1.2290300619831669,0
0.020991725869052118,0.0723908,0.657959167636238,0
0.020348180009047957,0.02779816,0.9340597674853393,0
0.014113614744599712,0.03358517,0.5675175067201897,0
0.04077547230721346,0.012230881,2.1316311372404386,0
0.033082324282633246,0.103782296,0.6157093886826915,0
0.03774679537721346,0.04881998,1.3168203936281715,0
0.012805267312966736,0.008429765,0.5785889708152966,0
0.07427360302849023,0.046712924,3.9739046171531345,0
0.026963511370804605,0.043409385,0.545428911953677,0
0.03446044787247551,0.10487023,0.9645360574988584,0
0.029591569322763387,0.07334546,1.2524649212594834,0
0.016121394550760254,0.026466195,0.6262560477560277,0
0.016247936227535557,0.0669952,0.5101454247140881,0
0.012219366263942297,0.03646799,0.3552556475151287,0
0.013497700611871681,0.028361294,0.5304460539271423,0
0.016852905185326564,0.075151905,0.48729083653552796,0
0.017718748882101423,0.04471291,0.4192771249385312,0
0.012543194747920611,0.058030035,0.11086863418759198,0
0.02393811097250193,0.0976816,0.6855308225207609,0
0.01451261570020003,0.022015506,0.6653219477116669,0
0.0134120050587362,0.07150238,0.17749355264811179,0
0.009102845879592744,0.026374128,0.3454041251249399,0
0.0163856262968781,0.023174316,0.6893321871771877,0
0.02130469377016412,0.049363762,0.883230797980575,0
0.039902564335503425,0.100940876,1.1575298857513605,0
0.020386643564743866,0.100514755,0.5793139054833744,0
0.01908309751029972,0.030060811,0.7594160998250855,0
0.030130459332895744,0.06040193,0.9470649782888764,0
0.023718488320635233,0.078846484,0.6789677029890183,0
0.01676821881491418,0.028293222,0.7537846316543281,0
0.025560752640038677,0.08832309,0.9081309150209768,0
0.011999063450961524,0.014114275,0.4130465267242047,0
0.012331454259606398,0.010072017,0.5522037156826599,0
0.015155556038039858,0.021826547,0.6603341717119586,0
0.010059738199629482,0.018074857,0.21203114420355385,0
0.018323663320090097,0.036048498,0.7534245697008105,0
0.020974103125459227,0.04880366,0.7137287680143872,0
0.014771567383100377,0.015818471,0.7236524036778899,0
0.02537476595847328,0.07350993,0.9874930345661131,0
0.0344815636786293,0.017235551,1.7891680973030348,0
0.018159403743428837,0.04286766,0.77104088808949,0
0.02360612004056458,0.08200404,0.4106424129300832,0
0.03249385820856347,0.02748533,1.6659134118673764,0
0.011127345593160646,0.0154518355,0.49691491725822323,0
0.1368263174770952,0.23598783,1.862590649613319,0
0.016103072582698975,0.034266405,0.6116206031677642,0
0.017571753423945933,0.01462371,0.9039354264883342,0
0.026573451847595207,0.020494146,1.378877023864692,0
0.01743362571178749,0.019310722,0.7150199845418371,0
0.037991751319619904,0.039254997,1.2948965771095617,0
0.021780313978388754,0.037010044,0.75383314749603,0
0.05200142736239398,0.07968507,1.0752410075280558,0
0.008680773947833587,0.02692196,0.29041245593431353,0
0.01792824201268419,0.06918504,0.6111039502025482,0
0.029901646159709083,0.13152055,0.7918696187939771,0
0.04310135818783728,0.19857007,0.8101160886644797,0
0.027975789152566648,0.12595807,0.8730111874114146,0
0.026890774176019937,0.034135703,1.2705341489765107,0
0.02860839176050807,0.03244963,1.432455367257979,0
0.016929350986700772,0.03379109,0.32518547754438076,0
0.017970804942793246,0.023899319,0.8351928304772933,0
0.020326792461839004,0.027218716,0.9743258428534661,0
0.03277384859919179,0.041492954,1.064926808642173,0
0.021167811101659786,0.08548213,0.47066092401030457,0
0.021964731617352407,0.035660554,0.7989476105545441,0
0.013049319496695681,0.027057577,0.30526298491146725,0
0.03088395655017266,0.093636915,1.0469326146624145,0
0.02513341949813199,0.024322363,0.8336126191089647,0
0.03438958321632431,0.14368069,1.1324492495542389,0
0.011271874796913918,0.012752509,0.40993188726283825,0
0.014885355309850358,0.024494378,0.37158659998750176,0
0.018814005743662945,0.0485498,0.7869730004595795,0
0.012549132203792888,0.01521522,0.5380818813758698,0
0.014573785920725398,0.03286202,0.6086082469601053,0
0.03275088157072564,0.044192404,1.1437936338002064,0
0.024589345793542085,0.02044217,1.2687384277193903,0
0.014817348424201992,0.02722969,0.47334906349729916,0
0.020813008168036926,0.037432738,0.43838082305036,0
0.025234250492123494,0.021334033,1.2777685726554757,0
0.02765017709638287,0.08870406,0.9463828252761436,0
0.01806557057118947,0.11581893,0.3533810581462312,0
0.015015784963903617,0.045522016,0.29288674710719775,0
0.022424122774300302,0.033152077,0.9413593492014553,0
0.010004397496683543,0.03587151,0.3221782631010005,0
0.03607814747574178,0.17144491,1.0217999218162017,0
0.01285918704515117,0.024602951,0.49097806077815936,0
0.014007645937286354,0.031003796,0.41310682568970447,0
0.05699225679558642,0.22289631,1.93545713894046,0
0.028727710883233094,0.06447209,0.9491125047064376,0
0.024542667874894626,0.008625921,1.3132934440943913,0
0.007075742942940485,0.008877784,0.2855961096868736,0
0.006360832896078561,0.01070859,0.1735664895334309,0
0.032470944784520714,0.048885256,1.4279541114078151,0
0.03952131477094524,0.0768856,1.546197072547403,0
0.014103592542762604,0.039106276,0.25128789863035417,0
0.017207868025502074,0.0656605,0.16373231298941607,0
0.04545672417412863,0.04356557,2.3548290550883832,0
0.03800340015704831,0.15832342,1.1196088884399535,0
0.009798563945015246,0.037187587,0.24212537280571336,0
0.03551412456501489,0.093797155,1.3157256407544107,0
0.04191637807653897,0.2348519,0.9334625439288582,0
0.03371553694489995,0.08979806,1.1648645443945485,0
0.016365035439226627,0.027732495,0.6203751968231243,0
0.026106138936042037,0.030766683,0.8816648965515747,0
0.02556006484787739,0.04904971,1.0932247987423533,0
0.017750604553153602,0.0023709785,0.989762918266247,0
0.047998580678791904,0.062750235,2.317474411124598,0
0.009222213280377086,0.02740274,0.2974530099420885,0
0.017316931496233548,0.02766828,0.7212572834173314,0
0.015898732817177148,0.06299377,0.3530031927484288,0
0.018018828332219634,0.05398368,0.7193113726043424,0
0.018125664779854663,0.10492497,0.4217823432513613,0
0.013543731777812248,0.024519466,0.4965137588717086,0
0.00916844217866587,0.01791798,0.17499917572180892,0
0.025985198703374453,0.07127753,1.004676198707035,0
0.021228265717082553,0.05816274,0.28270594543301075,0
0.01963602283301241,0.04519753,0.3515161110714156,0
0.026978739478829443,0.10650553,0.8565541168631304,0
0.006268145194632395,0.0057738894,0.27606359462749147,0
0.018026785826029415,0.020419193,0.8929389858167219,0
0.006552576125237363,0.02003916,0.1737986345694533,0
0.012568030696231691,0.048385072,0.40701327803586723,0
0.04969249004141422,0.010244783,2.7674936817769136,0
0.022525473321713032,0.12850241,0.34076351704858077,0
0.03160815959794984,0.11092558,1.1316338493349414,0
0.022963072314368817,0.016825229,1.1967900633413016,0
0.031536012001130154,0.07062842,0.9445157534933766,0
0.02911181031774253,0.041025523,0.8336508583090175,0
0.030830661053296567,0.11322817,1.069172585503094,0
0.01771550704339548,0.08315793,0.32601116407947156,0
0.03684919261721087,0.06391254,0.741217640571386,0
0.011414061220072406,0.05357171,0.2719189776388077,0
0.036021074673057873,0.15021966,1.1496034624257971,0
0.028332666449771154,0.022406504,1.4891032061008829,0
0.02532030030810122,0.055447616,0.9609973408974596,0
0.01494479599006483,0.036832344,0.5357949367966856,0
0.022881708413552304,0.048103835,0.8309528278090521,0
0.018538672297035545,0.08733695,0.26508374016226766,0
0.039946103879332624,0.08706785,0.40652295781735776,0
0.016152223736959605,0.014567581,0.5697265786820295,0
0.007623455191466101,0.012813034,0.29862484487284213,0
0.01344246161394809,0.0102666775,0.6753466937012786,0
0.027197337010949476,0.14704485,0.6717657668013166,0
0.0460891852230883,0.06178923,1.736268761332349,0
0.01040711389332728,0.012386091,0.2949918390750411,0
0.02885881161057931,0.045649435,1.3088263561641753,0
0.015207215406676522,0.029859608,0.5188928441173849,0
0.011802445345007469,0.020358093,0.38596543584762005,0
0.022972147747166796,0.10196593,0.6775074785175589,0
0.013124809493313332,0.013390649,0.47770433154884084,0
0.01602863867766975,0.027776258,0.31771162428175176,0
0.01353772224070966,0.013542478,0.6169516882564186,0
0.015130400487082448,0.019268366,0.7005169314071163,0
0.021972018754585,0.06372177,0.6812585688519018,0
0.024546802061555618,0.048501432,1.0786138164247852,0
0.02077156990153973,0.066422366,0.6891726694981326,0
0.03630538970115936,0.10632837,1.3780712057204862,0
0.030210031941657865,0.09058067,0.9072829917308919,0
0.012847340210127813,0.021357551,0.40072642544704057,0
0.021940479764399327,0.03392128,0.9402947613600792,0
0.01729436107972209,0.015559814,0.828318935173969,0
0.031355573675837266,0.07659909,1.248456440736216,0
0.022310355263347275,0.020462474,0.9100749251715102,0
0.04206238508142304,0.06324535,1.6855206837036176,0
0.012478534664256465,0.026247269,0.5435113331699448,0
0.009636980474133649,0.013713668,0.30417182877741133,0
0.019537676403810655,0.02667228,0.858865995095513,0
0.018274943308955266,0.024491958,0.7810861841101173,0
0.02089408824601861,0.062036715,0.4292897916833487,0
0.02346980335480488,0.021246955,0.9075421740898957,0
0.01484801855410395,0.027356625,0.5212465014970569,0
0.03888183592299721,0.0653487,1.6502070232951112,0
0.024261401198738448,0.02077584,1.0897799834755537,0
0.01114490788400269,0.019477222,0.32131222732130665,0
0.017420501298651903,0.044874527,0.03875261715152113,0
0.01639790460645836,0.06616379,0.1499727582249158,0
0.02218724600481737,0.108097516,0.44552961074175407,0
0.027440593713612932,0.1401769,0.5961945739028305,0
0.019690161374584673,0.03248799,0.7413305252139283,0
0.018391358892017703,0.010844968,0.9522183496406239,0
0.026166926760560434,0.019632438,1.3619612339080145,0
0.014618614263840864,0.06334306,0.43413232216221104,0
0.028408837607645607,0.043075636,0.728259267837449,0
0.011937972042394792,0.048936326,0.21769477079962601,0
0.04009935877855618,0.1288189,1.1066034843288397,0
0.006116352703629717,0.008700731,0.2819851980881373,0
0.013669442156080513,0.03849778,0.3647441480903842,0
0.03512635912019141,0.04268998,1.7637386404696374,0
0.02183260698485094,0.007883832,1.1837456410717027,0
0.061765093260237464,0.1458703,2.636029649110045,0
0.010220416743942879,0.033726268,0.3195784903621403,0
0.02058139861125255,0.02914367,0.9625018794008159,0
0.02953573894327972,0.052728605,1.3384674395723228,0
0.015864548052054818,0.018204255,0.622047513146603,0
0.02049749335261545,0.053904794,0.7049702858767708,0
0.014030609335402835,0.01905416,0.40174551362252875,0
0.027068024235874486,0.065752916,0.8274334867628262,0
0.013447541528600877,0.034059417,0.43642583699859855,0
0.022294560961358137,0.07748771,0.299102657664369,0
0.06560145108012602,0.04614492,2.6744176517477274,0
0.027718524654818694,0.022997744,1.4453057396342395,0
0.03962616085343653,0.035543703,1.9816460513348393,0
0.02488849841174542,0.046593387,0.9004224338917609,0
0.017431292227098695,0.012486293,0.751347889899975,0
0.04517899552361489,0.09187647,0.8366479639663944,0
0.022325540972903284,0.049233995,0.7148299406819636,0
0.03769218360928235,0.023532178,1.57856471844489,0
0.03444775566291397,0.06386399,1.4518841870679071,0
0.030675456603798452,0.02439085,1.616125222511202,0
0.013468153238195958,0.077136524,0.2600869561067147,0
0.007068508820408053,0.008558639,0.26625794557152976,0
0.013003796289547604,0.020115579,0.5188039576436905,0
0.0272206634336349,0.06242166,1.1605575055105073,0
0.017890802695522012,0.040943332,0.6419728748596774,0
0.0895684005225788,0.14068829,1.6572547820285728,0
0.02012206230869237,0.0165752,0.7753319591182475,0
0.027772399806727632,0.031490687,0.7989493839943008,0
0.03739381822135699,0.21447867,0.8073431186175868,0
0.018300759276899364,0.05239983,0.5386932657194954,0
0.031187166832865324,0.022082865,1.5714079566577885,0
0.02174194329165681,0.09169495,0.7082870869651967,0
0.0136977605390568,0.014808769,0.5181038866823159,0
0.025189874962115163,0.019014504,1.2810893059075485,0
0.017917288481686312,0.033323783,0.7872734578938566,0
0.018409191919145387,0.013227084,0.9703858026384186,0
0.007621125349690134,0.021755336,0.14644912937226714,0
0.017985030131126647,0.034261595,0.7020087136021965,0
0.01787085984863544,0.039653204,0.4270730872041318,0
0.01138315526361454,0.02200661,0.27324224578554623,0
0.026530510610688226,0.06877201,1.0569612008610965,0
0.017153901721534446,0.013603421,0.7576310082699848,0
0.02023983483884618,0.06869458,0.5504178473600827,0
0.011355621349419674,0.034032144,0.30029183246965313,0
0.029722726252026054,0.094344676,1.094482602025561,0
0.015245639969206276,0.055767875,0.44297892322471566,0
0.03293292192767412,0.1322211,0.9655910819124351,0
0.029171251920658354,0.1702804,0.4161495120544302,0
0.014828552922860177,0.030842016,0.6660148522457926,0
0.019226941982265815,0.017560974,0.770737022351943,0
0.02454764067872434,0.06342351,0.4954219272205949,0
0.019716800231369673,0.10439405,0.22256817310924573,0
0.017876404556216512,0.010877555,0.8019314424205906,0
0.013055535910182174,0.008313626,0.6242860771858996,0
0.031764060301253144,0.022099255,1.6442494772940877,0
0.015252568510703644,0.032163583,0.6189275558924794,0
0.01967565303728567,0.031102486,0.6717983879217514,0
0.0287766257624395,0.09132581,0.6165828747529083,0
0.02786888818437692,0.08567728,1.0451718128879206,0
0.018167662647087204,0.06308387,0.19088048080210238,0
0.03077211725533528,0.01697638,1.6305645137186693,0
0.024760408162685536,0.10362306,0.6582946900093096,0
0.04040993797766196,0.08040533,1.8087051961887997,0
0.024914273057042864,0.021431547,1.2881123522856146,0
0.033151947746084154,0.061143905,1.186616653483294,0
0.017848601662576333,0.014899051,0.7537260280692035,0
0.011932977111163945,0.018806744,0.440877777770692,0
0.08216460837795067,0.09909274,4.134516727708681,0
0.024099886649829726,0.06382885,0.884114213636314,0
0.02011592205404826,0.019682067,0.9626842055611213,0
0.028953979952969902,0.07083563,0.8821476526133974,0
0.02080052086934362,0.016934585,1.0817358571788258,0
0.007110423545436618,0.015456727,0.21449222697529544,0
0.023394743551773258,0.08713639,0.6870820051487848,0
0.017321542524185184,0.04601384,0.7063906858558947,0
0.017712440980028714,0.05139095,0.43111303924765076,0
0.013195544952307176,0.034116372,0.37732472965995095,0
0.020811507857593455,0.047566466,0.6432364485483679,0
0.013811507872779235,0.0096424855,0.6806560867230114,0
0.015967265036733222,0.03986252,0.5789797832152992,0
0.007737543079602561,0.010137058,0.25596565441551095,0
0.024185196416857763,0.09858343,0.48786327901441784,0
0.014684668639837339,0.028737873,0.4992772708748846,0
0.013657004670974042,0.018446459,0.6418769179948942,0
0.04055281348150709,0.12749329,1.0616829992770274,0
0.03030083772789151,0.022421982,1.3062569112201132,0
0.03535809740613362,0.03471339,1.5962216658035866,0
0.014109264558094666,0.04968162,0.2093522596195245,0
0.01762694643045293,0.07848677,0.5294685064202261,0
0.03546313237162216,0.11469137,1.2112087280015076,0
0.027412259911980576,0.07715778,0.9543606659705604,0
0.027066304223126673,0.07184475,1.080613399476256,0
0.026129631728561857,0.021737851,1.329008239969246,0
0.023085190306526514,0.03776299,1.057449318854446,0
0.023527785798419014,0.038330838,0.979318960536368,0
0.024474328263487232,0.028398572,0.7266125924852747,0
0.01834930842620483,0.019411335,0.6634890795612128,0
0.0460860270048016,0.26507235,1.1082791250826762,0
0.017673405327184092,0.091483764,0.29507492287841747,0
0.03986607566121182,0.08182695,0.9220406824393931,0
0.012759326911688355,0.032459255,0.5223704505382936,0
0.01917403628943102,0.030100781,0.845120660957952,0
0.02944882961530322,0.05104818,0.8732417144752981,0
0.018955951535570482,0.036341675,0.7925661054209103,0
0.014164844489938183,0.052703645,0.3756522379685597,0
0.020016212804277345,0.036525194,0.43453038356082124,0
0.02425223040203659,0.057307806,0.8061887379206785,0
0.014218089652416778,0.025541686,0.468058590709646,0
0.01132850655631295,0.016649608,0.29174434231515944,0
0.025037695695148583,0.02598568,1.250098550185063,0
0.016954397714147237,0.063653424,0.5698048990434859,0
0.0637644482246254,0.042195503,3.358347716157254,0
0.03716179133390495,0.08884181,1.362987600117517,0
0.01758207895054181,0.017521909,0.6445132998460067,0
0.05433368372278118,0.13919845,2.2117106979474377,0
0.022959697499944524,0.059245307,0.4484930845385952,0
0.038558089407386476,0.06470839,1.6538597244633524,0
0.02046250688643446,0.06405872,0.701412748122844,0
0.018821757494436236,0.041311122,0.6794925769354144,0
0.014558010139800497,0.06282922,0.44987771271964644,0
0.013322505452985587,0.058377944,0.17715650042560485,0
0.025393617407316937,0.016980866,1.2085119044035835,0
0.011827545514482805,0.012027268,0.5531096684993887,0
0.024973027960549996,0.09341346,0.7369570592503061,0
0.019578772910905616,0.033483997,0.9076817326733259,0
0.020600515347524974,0.09509454,0.5881720246765579,0
0.027765632464382694,0.04734328,1.0368151839538566,0
0.014593308972200044,0.041587323,0.30816944788426054,0
0.030575723733841664,0.061554153,1.1710242670272224,0
0.01892568326747745,0.059098583,0.6538657578146261,0
0.019487236182552686,0.06425303,0.6385845089531477,0
0.023734277922409463,0.06060943,1.0094804745266024,0
0.02350706216900754,0.071653105,0.7579840216365141,0
0.016593996222395282,0.0358695,0.487328328825513,0
0.019460345497356108,0.011534378,1.033042212705707,0
0.01764749626777469,0.033907145,0.4847814185352194,0
0.03373266365478963,0.023414535,1.4023843015298523,0
0.010293133503382198,0.014591654,0.33747177310146154,0
0.04268551041043705,0.042498622,2.194441772792033,0
0.04894442982549832,0.03757054,2.323044205637546,0
0.020985276343170677,0.030160472,0.8960917853514299,0
0.02177735631090119,0.023968602,0.9350525391721424,0
0.025688913426762758,0.022698442,1.3202105068467884,0
0.01937103620406843,0.03706499,0.6405314449393827,0
0.014886145018403513,0.030172035,0.3819935640906696,0
0.0060653289023704475,0.009807072,0.21225054670749466,0
0.07162391043329756,0.03332734,3.875042871076637,0
0.03235179909619932,0.075391464,1.4129091678814265,0
0.020894280650372354,0.098761775,0.5020086062423871,0
0.010748291452559988,0.045875184,0.2557117741274475,0
0.027308317708441353,0.03390938,0.7221672063297012,0
0.04870094086949497,0.09557049,2.009150147732746,0
0.05096769377168781,0.10953685,1.7734756121173425,0
0.04148992988564517,0.030778095,2.109975127798752,0
0.011998708180566083,0.032120474,0.4070173123076414,0
0.017576835074698663,0.019563109,0.8231706209951947,0
0.018544330850508394,0.024311343,0.8174744528838084,0
0.03238523326635921,0.12371931,1.1023047768136962,0
0.018870648706588937,0.026258035,0.7355221415791869,0
0.013872589930451415,0.03071253,0.5451670774412894,0
0.021676040977205283,0.09561212,0.5220021045618926,0
0.01753060187272179,0.03412044,0.6702014763529414,0
0.027455815558608265,0.056455374,1.1092314978594864,0
1.8710020529742901,0.1326735,103.91598429605725,0
0.010504675211360491,0.0117042735,0.5055875309334428,0
0.01591986607824508,0.039434493,0.6658277599184611,0
0.017909880250601536,0.02121211,0.5405426376927291,0
0.020951079761898285,0.04522429,0.9120753191595163,0
0.016171691612166077,0.055385735,0.4830827994322314,0
0.02485584490113668,0.12644011,0.428937813738548,0
0.02062651870254479,0.051687445,0.86077860899364,0
0.048449670939126444,0.08332046,0.9798818859715109,0
0.017370023089831065,0.054816637,0.63305825903261,0
0.013519106476528835,0.020858705,0.47924155964100107,0
0.021026102857692096,0.12480901,0.26467783628179337,0
0.030869479078186168,0.156171,0.632339594849453,0
0.03931571792147498,0.11697758,1.4955729944863563,0
0.01620473409924199,0.025999488,0.5410339183255303,0
0.018038015072808278,0.09870298,0.3316259189392446,0
0.024586839528271537,0.027279273,1.2072241655418814,0
0.028077132933536256,0.07141127,1.1948713952895622,0
0.022141895545884676,0.014695533,1.1634776850970205,0
0.014532877408997716,0.04179469,0.3452708275138601,0
0.022152427978953323,0.069146246,0.7277574791106562,0
0.013845227263161964,0.018477283,0.4790223547665721,0
0.02418058146049426,0.019599091,1.1838784973855143,0
0.01826074519202325,0.049430404,0.6485837365685512,0
0.014433357050203453,0.035687454,0.5876345848884259,0
0.010396329091360009,0.020554239,0.34011134340149696,0
0.01715381885513055,0.02968529,0.6301871767780786,0
0.03498477602970311,0.017541517,1.8223966153108586,0
0.010164396320453892,0.027409803,0.230648281620439,0
0.03708391866068233,0.10757494,1.2136378755126251,0
0.012731993162437925,0.018153738,0.48509924803725574,0
0.024759874289358528,0.022567177,1.0012613938022406,0
0.0114612599382262,0.019352641,0.3312206136885533,0
0.006108817403567459,0.011369093,0.16786559879257767,0
0.017261497407547448,0.018753417,0.5652764988284827,0
0.017152642734252363,0.08439212,0.4319690119217627,0
0.021558573536389587,0.055944193,0.8974156507128599,0
0.012376179074268785,0.04014567,0.3701455918664269,0
0.016188543142890147,0.022311281,0.4768644294376568,0
0.011652765095386998,0.016795268,0.39816063486414593,0
0.03331785746418846,0.07033149,0.26841923308732835,0
0.020054865723335112,0.033124648,0.7904001149983462,0
0.023028127845785347,0.0765151,0.7139772294720025,0
0.023363614957875225,0.09287605,0.48987154809911215,0
0.031779472269462566,0.013106924,1.7282254845290652,0
0.02098303425238552,0.026964825,0.9983541685915007,0
0.021995767846973394,0.08221068,0.7767068549772412,0
0.024017941587079643,0.068478756,0.9273789881933368,0
0.0073604423400216645,0.015622548,0.09401249977849617,0
0.011484655518692165,0.03631849,0.28249587513359775,0
0.01647759927405096,0.07606148,0.418340041980603,0
0.03487309546192449,0.083714575,0.7486250787011446,0
0.01845483535392596,0.015705666,0.859036017500137,0
0.022242227240511135,0.07440344,0.8438616622303856,0
0.014335201619033906,0.023569452,0.38888584018397054,0
0.021490984958271578,0.049270075,0.9252508229221639,0
0.03656061844879385,0.032615308,1.873048106296237,0
0.021287327077430234,0.013003054,0.941583406883196,0
0.013063352064628326,0.033945605,0.46061181454976574,0
0.02224763149557886,0.029288514,0.6521372530298172,0
0.023283061662694615,0.07386749,0.5342749578286924,0
0.03018456354310376,0.05436754,1.0173727553209932,0
0.012329078020990841,0.03718279,0.3655671842186248,0
0.025626485633208303,0.08301769,0.569027298020125,0
0.04944499135581914,0.010660328,2.7012469398309893,0
0.03160835148320909,0.01930204,1.6691479009657095,0
0.014032169953798034,0.045485422,0.3582417283400738,0
0.009019747811167506,0.022302529,0.3324752909109788,0
0.022348918803751873,0.036136232,1.0102007645606093,0
0.014018340455816854,0.066879176,0.2554370928046685,0
0.008059420047837322,0.026952142,0.17912565341930672,0
0.060455692082322834,0.03908664,2.5210952380064606,0
0.011621341710495493,0.013400219,0.5016705854554032,0
0.027589368228550973,0.030994091,1.3515134935475241,0
0.029124796249814976,0.033327702,1.4750172427474446,0
0.03011056042722777,0.07709676,0.6029744400050736,0
0.01289579918009525,0.023911562,0.31394982841802943,0
0.020296908355933712,0.028235009,0.9908041110176073,0
0.0385814507938979,0.03388518,2.0051748185285967,0
0.016967011021085512,0.03821263,0.6815096245729969,0
0.009133105309255232,0.036184136,0.24824862302348327,0
0.04018751682084683,0.114143424,1.5547467620658222,0
0.029686169470797413,0.030422937,1.4603837041900543,0
0.027919825196908003,0.08304635,1.084359660436782,0
0.023013794777242226,0.03487756,1.03881152735699,0
0.020724750662565183,0.07254061,0.5708399742960455,0
0.026584994333277205,0.052658644,1.0186391679638203,0
0.02131070238393342,0.06975221,0.6372526180668212,0
0.027173873454451648,0.08589806,1.0169607632574473,0
0.030451233787945314,0.032292202,1.3907190593030583,0
0.017335248725383313,0.024141885,0.39643488286153516,0
0.028441690711809,0.12515847,0.7930709196375926,0
0.013150245091726987,0.034889583,0.5366194631010883,0
0.03456241092156917,0.027733836,1.2773406850003353,0
0.010526248100526311,0.028982997,0.3500813104419473,0
0.021939848540986566,0.04750288,0.3620055750421949,0
0.07633985073578739,0.120787874,1.9432288700804412,0
0.029529740070617344,0.08825058,0.9439492169368388,0
0.021248806164410897,0.100229636,0.5880331778273133,0
0.017216467821388214,0.05180118,0.618576485663607,0
0.016542466487322664,0.022709023,0.5544474701922466,0
0.01914720204256316,0.046501406,0.5935672189075888,0
0.0386472653067914,0.114602365,1.555152119379195,0
0.01946266179870726,0.054530103,0.779325170181359,0
0.03344182071901501,0.11622206,1.1570004588369056,0
0.01961226734637354,0.040819027,0.5744310601724149,0
0.01890915702693178,0.04196859,0.7990407927930734,0
0.01245306121215614,0.014261726,0.5540083648419789,0
0.03704085319452207,0.050336003,1.6849985847096611,0
0.03959499241099715,0.13688287,1.3367679853338938,0
0.021437003010548655,0.040387265,0.9919122059027048,0
0.014027090254381962,0.058751192,0.42089853348639505,0
0.03022603195654667,0.105301216,0.49989709961003426,0
0.011133201699822282,0.033510104,0.3619300325867201,0
0.009738370680365972,0.013618798,0.291342087083328,0
0.015247957287155644,0.0080109695,0.8060238255022479,0
0.022583549783743898,0.045628797,0.8872042972774227,0
0.017424202925539187,0.026074097,0.5497699000607128,0
0.01969203228152043,0.047127616,0.6258369286653017,0
0.018696317889353876,0.036284305,0.3224988794637911,0
0.010259740868129256,0.017636037,0.3483813157472744,0
0.014248592014474395,0.054851245,0.33147453278216493,0
0.01831179803758671,0.02390832,0.735294726339164,0
0.01485316274956448,0.027272446,0.56178036786614,0
0.02328021357930526,0.040864676,1.0048614056357386,0
0.01484871603833623,0.007426381,0.7835529886247053,0
0.007565420825068501,0.015449848,0.3040004477992145,0
0.017268002430872578,0.02789662,0.4596758627105635,0
0.01312394199103755,0.045917463,0.3326618241639561,0
0.04254632075982305,0.13677941,1.3629906121864899,0
0.01247799175429269,0.029756067,0.3016814849213568,0
0.025922212748461865,0.07709104,1.0354629213216573,0
0.0449998903799215,0.09483302,0.18018531958506365,0
0.021202344189083216,0.02465957,1.044017785231237,0
0.012025813120443964,0.011683891,0.5190028371797757,0
0.00418540088181394,0.014871218,0.13121809797166042,0
0.038725818940791586,0.06381241,1.8451176258648891,0
0.011982247756625116,0.028733682,0.293798696136512,0
0.03346308449506762,0.139816,0.9301843269230404,0
0.0209199864344826,0.12447009,0.13898519247207483,0
0.019223233678762372,0.029076992,0.8464587000619828,0
0.013025614567510176,0.024873573,0.4306973826989833,0
0.017923863404047734,0.06564651,0.356600429812152,0
0.02430478692373799,0.027381351,1.0833029667120728,0
0.018091297217509017,0.037139792,0.6428095385480372,0
0.030936193912072744,0.028646799,1.4658805403088198,0
0.029576474658317503,0.04661459,1.2580013353280453,0
0.014603992675003504,0.01857254,0.7099945614336229,0
0.04128755158297487,0.09664578,1.7733787872335796,0
0.02018944490514987,0.023429278,0.6153496928108063,0
0.029037141567562263,0.082339846,0.8440119906093302,0
0.023187807565761265,0.058636256,0.4759991804371082,0
0.016763475252607764,0.027547624,0.7785105641841928,0
0.029343553988437705,0.040179044,1.1218870222308694,0
0.013167460929604193,0.04420579,0.33385337758388584,0
0.020969831267479457,0.061681286,0.8035148664655211,0
0.017068294312817374,0.04532326,0.6866602065348504,0
0.012339192576215727,0.0240757,0.4263762474607608,0
0.04108538509859658,0.11118868,1.3184190536727642,0
0.021794929068531373,0.009833278,1.149785101173875,0
0.027152507909269232,0.028280793,1.3010491373311226,0
0.026094422547357672,0.07360896,0.6832344341343922,0
0.04526770505758154,0.07554329,2.1004172227439524,0
0.022659870278234226,0.06292958,0.8179210465033135,0
0.017527321596748184,0.0640806,0.2909828812451625,0
0.0265455135659874,0.02736665,1.3289078800876613,0
0.036847685819917216,0.055194147,0.7144297501027708,0
0.012612953673386485,0.015811544,0.3647760914741177,0
0.018634117301031212,0.029351333,0.7525531028637956,0
0.014189986940796019,0.051612746,0.3592901196611021,0
0.021057275455000704,0.05675415,0.737178707552484,0
0.017312204362890278,0.03063296,0.7841194512711548,0
0.029738203894334216,0.037016176,1.0135830662984593,0
0.03815540827000464,0.06206376,0.6232680844371454,0
0.02309458419938234,0.0486756,0.9866693819976543,0
0.012285634512606421,0.017214801,0.5084875526069446,0
0.017586744775506882,0.06353854,0.3493432272943571,0
0.019588932592558034,0.046000004,0.6690816071550548,0
0.019125484119125444,0.019635307,0.8374642325603949,0
0.027988349032739432,0.061037954,0.8263168696178931,0
0.021685426682333194,0.06495721,0.6853296340362082,0
0.012730756092388478,0.05810232,0.27045618877993804,0
0.03958988827748368,0.08920441,0.2661499990867126,0
0.019490200737809917,0.021884313,0.7873224791690957,0
0.02449299422032799,0.0140292095,1.29737210342708,0
0.04446462843471344,0.020468784,2.074683473438876,0
0.037146958640523434,0.038097695,1.2181201158087578,0
0.022388341776537493,0.057948746,0.7147298276880832,0
0.04045675294017401,0.061666965,1.5706898153385556,0
0.012107648484592727,0.04749329,0.23032398761182005,0
0.02236614444843117,0.032109696,1.0766809778485626,0
0.022637166243751762,0.056442056,0.6364436528260206,0
0.024170803434471314,0.066690855,0.706025745799637,0
0.02321319269994808,0.1029537,0.5804608449392588,0
0.022186170523507458,0.04525974,0.8305774276606359,0
0.05398532121717277,0.07939785,2.6291694378529007,0
0.010384329888299066,0.027913902,0.27996152013534925,0
0.024988029572128496,0.037952963,0.9869799948914362,0
0.030596971503509502,0.031410176,1.553562664879671,0
0.03477328689504027,0.042002235,1.7200136682471634,0
0.020405251686303864,0.01784329,0.7967585442287286,0
0.010908710312830278,0.0250332,0.35920805325412897,0
0.01906290943765289,0.018176112,0.6673389984837503,0
0.026080303472926954,0.012372738,1.3857399280229852,0
0.01285688725608235,0.022364672,0.585496399386351,0
0.015286376170059231,0.057781473,0.32789664768917887,0
0.02479569721568592,0.068491824,0.6593658201324379,0
0.019697717753822865,0.095701866,0.4968174155686813,0
0.04261249962775741,0.145274,0.7209027253444573,0
0.011322585487447467,0.0088613285,0.5100357101313668,0
0.015861158209043477,0.03933143,0.5479419181298557,0
0.03544118954998675,0.10003164,0.3222393343848908,0
0.01634005509391972,0.039453108,0.4870814169279035,0
0.025659208525371995,0.03222179,0.8886267336502508,0
0.005492366725078439,0.014576996,0.132634729282148,0
0.02001744528322492,0.0065545314,1.0689265773363978,0
0.017728125605872256,0.03823514,0.5773218422696332,0
0.011720565063002225,0.037892897,0.3400220198736024,0
0.005869250887027803,0.01630966,0.18455737578573883,0
0.021978040326109352,0.032760717,0.6420658555369009,0
0.02297476810864739,0.08986304,0.5698126090755438,0
0.046627621112442216,0.11266749,1.6405239771071596,0
0.023338536057324773,0.050997723,0.9586379288153789,0
0.018947127148961504,0.017722217,0.9397437359995126,0
0.014835712683534225,0.09704524,0.18490710517451434,0
0.006670284618773543,0.031834614,0.17275783287070642,0
0.0269935953229501,0.02240664,1.2755703657944355,0
0.014809393190245042,0.036771465,0.568728446823769,0
0.021203235015739116,0.030061686,0.8738948627712283,0
0.012674928976776093,0.033193037,0.46513160606409315,0
0.03190210448016023,0.020710459,1.6042104712715,0
0.014932700355534716,0.034532968,0.30423358995449207,0
0.018052247193335244,0.052627765,0.39946344438335774,0
0.02800558779806334,0.07304,1.1756126895215613,0
0.023270229393769364,0.020100897,1.127239909357173,0
0.016132438791575256,0.028123457,0.22176846519993842,0
0.010579982332386339,0.045793395,0.1523341640915614,0
0.01475587651127843,0.022442292,0.5175538896489995,0
0.02459798580561013,0.08752958,0.7058869850834373,0
0.012076644008362033,0.013535073,0.5070303426744349,0
0.022464613080687288,0.11064364,0.6352243280932752,0
0.02280521454044758,0.02985315,0.7818875411407006,0
0.021343732070932382,0.038495343,0.5441798904187881,0
0.01431014126739862,0.06076461,0.4605867463001523,0
0.024927861617283508,0.048302278,0.9362165695829007,0
0.029585131619135188,0.10553604,0.9608475436945113,0
0.010704782604844358,0.021224976,0.21226543336401188,0
0.020221394957121944,0.03214763,0.8993612638904822,0
0.03713332834325083,0.014546965,2.028943702535247,0
0.015953983337740674,0.046891607,0.5899593328125597,0
0.017289002547208575,0.022690538,0.765734222343958,0
0.019630948354197666,0.067913786,0.5096864472874858,0
0.02849337085614529,0.058941025,0.8250378662070292,0
0.00815527505411312,0.017375099,0.2711321984439443,0
0.021849387282116155,0.04658856,0.5927508142883547,0
0.01678988387078126,0.024059031,0.8219948188122781,0
0.03278295186835939,0.06471435,0.9977185241881095,0
0.01484528655723398,0.026993936,0.6892875133844276,0
0.013804252635751165,0.04101043,0.45802098135825786,0
0.01803649289503348,0.028158158,0.5976553610803533,0
0.019892074339797887,0.04830924,0.6651049414927722,0
0.025648549835565818,0.040380985,1.1653703811095717,0
0.029459672477961236,0.056882367,1.20130788980426,0
0.014317024961916506,0.040810443,0.42756191778868474,0
0.009053783780024763,0.01855058,0.2057423898190635,0
0.011426974302031424,0.015266807,0.36131152319158444,0
0.03290818213191665,0.07987069,0.9733551845430115,0
0.020384256785004776,0.035239924,0.9379064789712891,0
0.010969331950244278,0.033151183,0.35888724714118136,0
0.01994121486805322,0.06242579,0.5670389124888753,0
0.041290442744241894,0.13051091,1.5731506903878643,0
0.010409083800796677,0.049085263,0.1899022908811244,0
0.030196851324054374,0.029433507,1.2204549782514051,0
0.03176409158013545,0.030344617,1.118918902096431,0
0.019178870755300732,0.016769972,0.827017909876673,0
0.015560888812697916,0.037786454,0.5259090187025266,0
0.016397567456585205,0.019229146,0.7311399870684046,0
0.018581366481093493,0.039296888,0.4786757366776726,0
0.05328592004271712,0.06093035,2.604863553738839,0
0.022480157449656334,0.04772989,1.0104464871811327,0
0.015040059254717589,0.046075616,0.4887775768235118,0
0.014636674383950521,0.03700081,0.5886904534155604,0
0.013879868139306691,0.028273493,0.242060193050971,0
0.017695374255975303,0.026302135,0.7485410780550957,0
0.07122161425411894,0.14539413,0.440986147705208,0
0.028698043342182112,0.048096854,1.356977849721639,0
0.012020687130564874,0.05367363,0.2650585921820821,0
0.006816485365441825,0.020276044,0.19420812767788614,0
0.02565117870970546,0.11760017,0.2703911497960051,0
0.024913886603341727,0.034650154,1.1009121175871759,0
0.009997921604025774,0.03773683,0.27556998939246485,0
0.025094257969107255,0.02791581,1.2294722875847928,0
0.006158783135726106,0.011818151,0.17555942250158454,0
0.01300852409839116,0.038159285,0.33867423059195445,0
0.009202959392000623,0.028836189,0.2766190010318946,0
0.032417697166020824,0.060769316,0.9047380250818684,0
0.02793057269437221,0.06668684,1.1834965498693055,0
0.05574576798804405,0.18514457,0.7474063952589224,0
0.015830188759034483,0.046622034,0.5666636697500909,0
0.025298569101413763,0.02059821,1.1899573571434747,0
0.03178740954017967,0.07647636,1.078843699299444,0
0.030176859789886896,0.037179008,1.181221424697864,0
0.021945345658201314,0.035369735,0.9768755584098601,0
0.02533481464539601,0.027130947,1.2448660806577514,0
0.0185939071257,0.015496694,0.7041552977036083,0
0.021415447755451962,0.030169437,0.9901093946041526,0
0.04661828534364556,0.081176765,2.134943217473218,0
0.01282478752381972,0.015258375,0.5235201126255242,0
0.030278591691768275,0.054451205,0.7694452637477864,0
0.008834575535211229,0.0105909705,0.37150374062316294,0
0.013772725458187779,0.048149206,0.46472342202416544,0
0.04201273170894275,0.01687662,1.989363361669085,0
0.016698226797450366,0.035570018,0.7164958618683188,0
0.02065917769266626,0.0148598105,0.9347052854657794,0
0.0065497139924746576,0.008530459,0.2489762620409731,0
0.020441993735500333,0.09483882,0.4340876909177383,0
0.038110899990522674,0.2531391,0.5864887750090386,0
0.02468131848820778,0.028024731,0.9462969325982904,0
0.023979811533126102,0.03621838,1.1623084495322844,0
0.02974525151956745,0.007037479,1.5269323779407917,0
0.015756677323145334,0.024137361,0.7282334325711579,0
0.017424720830558703,0.015109907,0.8261823114832261,0
0.018353678071098493,0.061139774,0.6300214125210293,0
0.015043936969087963,0.021754233,0.6182894448268942,0
0.051523135761862945,0.07001761,2.548941742280623,0
0.02978850193183268,0.052768376,1.326631425696728,0
0.015624989205428706,0.06567895,0.3712535668007258,0
0.0184162888363759,0.031073501,0.67441210846218,0
0.027704960869158277,0.04287208,1.1348769233385512,0
0.046778927351111076,0.09957806,2.043784313405922,0
0.030927332975072407,0.06561228,1.079837055342687,0
0.024659625606330643,0.0916225,0.805544526737688,0
0.028278273568390484,0.11569218,0.5640531921802489,0
0.03139049940099224,0.06601681,0.4436757527046825,0
0.016932477730610303,0.030617682,0.638326749349629,0
0.01755225562629925,0.046194755,0.6089881492529924,0
0.026061029877320833,0.1363344,0.5361854181839494,0
0.009354238025295551,0.014379716,0.28402869950415527,0
0.021283130522157825,0.038867474,0.8629880189949858,0
0.01344568852977338,0.037722435,0.49512474193452044,0
0.028650290058825977,0.06640054,1.2231587719281123,0
0.022355485991578463,0.046654355,0.994138932488664,0
0.02063812486568387,0.025138972,0.736424104074627,0
0.013383473459413632,0.03278069,0.41556200682909356,0
0.019388838368328085,0.0610548,0.5996314145909708,0
0.01443516099322786,0.025455177,0.31547347612368704,0
0.03385141773395715,0.024377562,1.7918149260193534,0
0.020687742266624384,0.09838844,0.6133319971830847,0
0.032876933090926166,0.029886909,1.281327325536285,0
0.019128173751620375,0.018218739,0.7480660460758926,0
0.02669923943565746,0.08898076,0.5158103393150313,0
0.0200972627905545,0.025223654,0.8561241174437288,0
0.02906026431336677,0.031569395,1.2629824835747312,0
0.016255315352825907,0.046619087,0.47906642450227255,0
0.02788105013378785,0.090814255,0.28768925541466517,0
0.009873327339812771,0.0058520683,0.49153275638391014,0
0.014045814106836647,0.04331012,0.3340357939346807,0
0.013626379546898104,0.010138876,0.6384512458702186,0
0.024123391515884378,0.028491884,1.1664097424114053,0
0.020052211096546257,0.03767823,0.419629998891223,0
0.0082177948818507,0.027635593,0.09313416851122677,0
0.032169160088687865,0.037426982,1.6225120579326242,0
0.020200046067392625,0.024558341,0.8698802359940371,0
0.011951393302918988,0.01620349,0.35547065034682596,0
0.011816184545301624,0.024600822,0.2777691751462846,0
0.01774543880585576,0.037756033,0.6517952051249459,0
0.011861579418832556,0.014911612,0.5400981915629213,0
0.012481905255316589,0.0093360655,0.6035641516568668,0
0.01996957201893173,0.04009838,0.7549684330269932,0
0.031327088528793665,0.038042556,1.1187823808387227,0
0.023899321189268137,0.028205132,1.042072048616517,0
0.008912273803627604,0.020790854,0.34296364205468477,0
0.019497389654219523,0.026219552,0.7235583431840217,0
0.02252908986204713,0.025511667,0.8403262866526189,0
0.050813541760480335,0.0155617595,2.8150755672464305,0
0.025698433208347263,0.061834928,1.0817885752294802,0
0.029903650730136726,0.069297574,0.699297204356558,0
0.026919791955015423,0.038157847,0.8371313308758637,0
0.021421607786399413,0.024393532,0.7116112210551727,0
0.017907157608192725,0.049641106,0.6664230819911949,0
0.021310826477052687,0.09625916,0.5939658803336086,0
0.018576397927139478,0.03235171,0.6152028968715004,0
0.030764456076111096,0.0288971,1.2729256099941395,0
0.02323132825231894,0.048907463,1.0079764403967413,0
0.01342201782860091,0.048795838,0.3931577964725248,0
0.020796396601126692,0.023250004,0.9935960799453029,0
0.02186688166458766,0.030311514,0.7494965827668183,0
0.03994003911357064,0.064448796,1.859480659011707,0
0.022336086876441924,0.036779042,0.7107437041159321,0
0.02670780544995706,0.041545197,1.2712939182138718,0
0.020886816009025054,0.060805716,0.7588384414214044,0
0.018340287616235334,0.022285387,0.8837017677626072,0
0.029811464409421427,0.033762734,1.4965182552193308,0
0.03133284696517047,0.06073611,1.444936350733117,0
0.02336681066556129,0.02231348,1.165816329587659,0
0.023094226310238282,0.026596436,0.6774282834871177,0
0.015182033592633058,0.03647076,0.3536052134861239,0
0.017002349837530767,0.026523788,0.7399954013302674,0
0.023366029067274956,0.013140406,1.098625318275931,0
0.039639995493904324,0.012166725,2.133388553204438,0
0.012623762711168536,0.021198062,0.5525799128945731,0
0.029959418024265955,0.03507497,1.3080529246531118,0
0.009173764930428123,0.039258696,0.18679834145010837,0
0.032441067102589746,0.06381301,1.0407226239964802,0
0.016633858662944895,0.011836258,0.8503143884055916,0
0.01612336918020329,0.08433314,0.4026142962332871,0
0.0409006078464135,0.05306878,1.2582611452976353,0
0.0236513631997877,0.023705708,0.9638833853139235,0
0.023933730004212585,0.06521876,0.9255291542618606,0
0.010085108560144726,0.020084634,0.46176050760975307,0
0.02836197319147166,0.06854172,1.1441403465550304,0
0.04355747718946089,0.062066797,1.9745094520540267,0
0.03602370490714459,0.021936286,1.872040438587371,0
0.018745376359784866,0.019401953,0.8106245186954526,0
0.016954506977663653,0.010605898,0.8947689284193058,0
0.010803523255757596,0.07201601,0.17680765176475052,0
0.015258615335339818,0.011733108,0.6614161338602211,0
0.01942575167085279,0.07325383,0.25910872402021984,0
0.012562984455762444,0.016520787,0.5598275224152482,0
0.022819560435249398,0.025598366,1.1305189546025116,0
0.013259056197851537,0.039032016,0.2997627119097273,0
0.021623532523573068,0.0576179,0.12922404431647058,0
0.02424991450236779,0.13198721,0.34910257070912876,0
0.029474092843044385,0.05695395,1.0873430751852717,0
0.010885047884606782,0.04931656,0.2043527590111405,0
0.019617826111650083,0.022577498,0.9283423908368217,0
0.01899957049739811,0.06865584,0.49653370079455916,0
0.03615437588464592,0.04144794,1.2960829035459704,0
0.016597596813292856,0.03712339,0.5868888803518032,0
0.016387589237030698,0.010827775,0.7947677598503385,0
0.008786125315024429,0.012061978,0.3291211346795154,0
0.0444052184232964,0.11088236,1.6077187537016158,0
0.017533106710248676,0.064509645,0.6119284393933151,0
0.028331743633093105,0.04403766,0.7071509404071887,0
0.037039355518104874,0.088453,0.4890636975334625,0
0.01650850148049054,0.019120539,0.7618369249940183,0
0.033927238103631296,0.07288578,1.5064431792815711,0
0.023555282251718428,0.14963375,0.3003248974909708,0
0.011629530626064102,0.037883233,0.3320353685603473,0
0.030336928572775358,0.052417383,0.9785429540587047,0
0.021695034480150716,0.04626225,0.3491597449870192,0
0.020789397267296766,0.036371615,0.9173702495352906,0
0.01951628550778172,0.057600796,0.5917507275979758,0
0.021307849808518683,0.056148514,0.5454889236063913,0
0.03569386768211304,0.10922184,1.1858628112981802,0
0.03553322010786776,0.09901949,0.4242008817152306,0
0.008198198566305583,0.015593807,0.2870289445506724,0
0.011335847926474053,0.020991541,0.3859065967961617,0
0.011395860043255988,0.01707116,0.5203544160297513,0
0.024785307114786333,0.012979691,1.2894586398767165,0
0.01101953209749858,0.036664765,0.2303359898441979,0
0.02086457931668076,0.02400769,1.0525814273111938,0
0.011246722919490618,0.021773724,0.4080242569028291,0
0.01676934299949135,0.026689367,0.748939243910452,0
0.018814804831156502,0.062638246,0.42424075755459967,0
0.031232476378720283,0.11512364,1.0797955531290369,0
0.005758381762530469,0.005214316,0.24590240280135298,0
0.019102078772368372,0.0717356,0.6622920891515732,0
0.023150754591264734,0.058344163,0.9858144343611245,0
0.01649117237418412,0.06022739,0.2913628235286082,0
0.1276464872823485,0.089153744,5.755575021688942,0
0.02464819831663616,0.026835367,0.9485207721060613,0
0.01016388225046454,0.04385415,0.3090320139332129,0
0.013616297995313694,0.050775815,0.4828009205562397,0
0.014129881658927122,0.011919661,0.7198032692523074,0
0.006900929380208254,0.0214765,0.0,0
0.017539773629117697,0.041838612,0.7641903807531042,0
0.0074651294601701616,0.031099617,0.135450854029567,0
0.0166992642869036,0.031051721,0.6930368565692353,0
0.033215357585639566,0.036072947,1.5095895813825337,0
0.012681666788422075,0.032590628,0.3585106012922797,0
0.03422639618035897,0.049356792,1.0247833904140433,0
0.010912699215061758,0.023090534,0.4493949009812186,0
0.016734466397200304,0.047273237,0.4272382829424353,0
0.03300779034794053,0.077000365,0.8637707494486022,0
0.032734009454538755,0.07323868,1.3591435594380428,0
0.03666489624300443,0.040270835,1.8635619702642388,0
0.031063849229827016,0.092818916,1.1333800401574186,0
0.0276382834712644,0.015385773,1.301541126422024,0
0.03350921727113894,0.05118033,1.5426769885896046,0
0.01347012855882566,0.018694436,0.4748349596477979,0
0.03675891564706289,0.14892691,1.1714698175046971,0
0.05609325896747042,0.06076213,2.859167409686608,0
0.023603909287043968,0.013870804,1.2176176425196472,0
0.01316247331650199,0.019777676,0.5349733585027786,0
0.03725319432184942,0.040627662,1.8491373445681452,0
0.02340601301152269,0.094593324,0.5719815510466384,0
0.007450544334593752,0.015755422,0.21094209829801333,0
0.012175084459644341,0.01124312,0.4787830083860793,0
0.012055077450928958,0.015748804,0.5354108104231049,0
0.04787868881414376,0.04382931,2.0245286163118457,0
0.018462576075789494,0.040085204,0.49947669218462026,0
0.013588078169957923,0.026119752,0.5477548292558307,0
0.015893521932125083,0.011437176,0.8129817477154276,0
0.027271735064411624,0.035182133,1.3591315016545436,0
0.04160276948638993,0.12964432,1.438119253129313,0
0.016643294265759598,0.013358702,0.84713044777269,0
0.0174171616411671,0.02538475,0.7195228315102694,0
0.007986706311549059,0.012358954,0.36305620952300843,0
0.02482314593372975,0.049528368,0.9309583052782124,0
0.02734203129042652,0.08651864,0.532068030413958,0
0.03196815972777285,0.09530108,0.7557684430481032,0
0.025932039316381585,0.0576587,0.5479132499839116,0
0.042461094576967645,0.121638194,1.7328360753815353,0
0.03123149355394341,0.075543106,1.3164729577197285,0
0.028220207491376076,0.0284764,1.338531064881716,0
0.006252939705019269,0.018013595,0.19662493166798423,0
0.021715184920950245,0.14026535,0.32418576505624697,0
0.02352470799275231,0.040303484,0.5189180656836982,0
0.04078580946716413,0.01778982,2.0295143498522044,0
0.01565583713893249,0.053613063,0.5327165022424974,0
0.022263189179760935,0.05329239,0.9478078678625619,0
0.014689231629481886,0.034281004,0.11146699907721835,0
0.015878957976160454,0.022652337,0.7474318324190444,0
0.012458110183094243,0.029411577,0.4027020278260065,0
0.025514810744624188,0.030139465,1.0536395983950801,0
0.007416675638193486,0.02154885,0.24140407574070127,0
0.019583093589568328,0.097398,0.4125070140463043,0
0.03890505419023522,0.038067646,1.8194967796675203,0
0.032521142049879076,0.054381453,1.3512009226650297,0
0.12659667957273307,0.034966778,6.401981112787114,0
0.019646072093247244,0.022196652,0.7883696108548565,0
0.018994443265512268,0.020336965,0.9358792919822948,0
0.04301550668496392,0.026799567,2.2490126925037806,0
0.011894958880612806,0.019783441,0.3381889110693081,0
0.023916772302798445,0.021475846,1.0626111739943096,0
0.10070464394533205,0.1819624,3.034574078183462,0
0.04104053237134297,0.030723307,2.0390873474652587,0
0.02937524342203467,0.07155245,1.053038889899506,0
0.017853691108030166,0.033522427,0.43480706008635817,0
0.031411022329923544,0.020839775,1.459375512511256,0
0.02534447376338989,0.07286897,0.8855118004044286,0
0.021730389951169014,0.052602153,0.8208937048190073,0
0.01911540972646876,0.0922618,0.37134665463722943,0
0.022260451452607084,0.051766407,0.5089231444646747,0
0.031179810691697403,0.06508249,0.3829978846945742,0
0.02368762106059314,0.025856405,1.202415099908493,0
0.008567944553147326,0.018533833,0.25475321808340007,0
0.015204177676135312,0.017412273,0.6122054084170383,0
0.021314046157665623,0.046498008,0.920028311379365,0
0.013257754847692428,0.018633263,0.5714057884442502,0
0.03552056426846523,0.14090721,1.2178579187418415,0
0.011944711086967569,0.034466323,0.3411621257548429,0
0.04039983996655337,0.07141955,1.0710897673363053,0
0.022987276495429813,0.053734656,0.5396591263149104,0
0.027384752656593073,0.11842019,0.8726635091588565,0
0.02631832866661269,0.076197654,0.608725467414493,0
0.027059431828145266,0.12044288,0.41898566496600786,0
0.062378723538022735,0.033213265,3.3169631169241143,0
0.01414640088176579,0.021234479,0.5015381913239721,0
0.016635168983417995,0.06258435,0.38100874592350437,0
0.0327803040152615,0.05770745,1.513794778686641,0
0.017809219425675833,0.084783904,0.43005996627112886,0
0.0195610441617379,0.021919189,0.7336185451947747,0
0.015848134768699486,0.051034223,0.47872548477240695,0
0.01525182907345963,0.019721044,0.7474221857443221,0
0.02274894062567253,0.04060071,0.8820809918195727,0
0.025444212315312235,0.037994098,1.1316524723633592,0
0.026972983713602797,0.018552715,1.4246943370017517,0
0.020856409544677573,0.073260486,0.6366271636718394,0
0.1036817849480673,0.05118644,4.75599833062106,0
0.055393928894664234,0.06318657,2.7945393888048544,0
0.013970708779938236,0.026293373,0.6398800466722117,0
0.031147514155575724,0.031036025,1.5499296403783303,0
0.01458531390102032,0.057865813,0.2720937417961375,0
0.035433474850638025,0.0507508,1.6305235916379248,0
0.018730207392577785,0.109455444,0.4257348183196911,0
0.015243423517290099,0.025269642,0.5888983164100904,0
0.019374984651749177,0.014841906,0.9192809559111091,0
0.044785664853221836,0.028014697,2.3840291164810257,0
0.02452143106437585,0.12675713,0.5221833896387151,0
0.013852173997298958,0.060280275,0.13320061892658724,0
0.0579370874423485,0.12216537,1.3173911962249223,0
0.017734848549129552,0.06592395,0.6309982021610315,0
0.021954393424355862,0.051433433,0.8220105420209054,0
0.01928499738464977,0.02926337,0.909431538057621,0
0.030514869630398046,0.017057857,1.4662795993030417,0
0.013200175031566837,0.01049241,0.5896660400277011,0
0.03633394840170716,0.12283062,1.1085538978792129,0
0.026363834990886702,0.049546547,1.1695767150825453,0
0.017875793989904982,0.01719837,0.9003685774723702,0
0.014481998981337951,0.036559787,0.39162162270015793,0
0.009047789672357798,0.019219691,0.27208256986230994,0
0.009591549698911683,0.031651605,0.25472689284113526,0
0.008846475834638122,0.031245548,0.10761908050889465,0
0.011629458510033825,0.013998247,0.44899202295349694,0
0.028953973372728453,0.06145537,0.6638580048968704,0
0.01766424823915909,0.034948293,0.6185037848381327,0
0.025812428238733875,0.118501686,0.6694584717420817,0
0.01729294638859257,0.02512633,0.4845546330976594,0
0.021205871725035,0.030069603,1.0309699714937646,0
0.016737669899170724,0.040113665,0.38297912317705146,0
0.014208311037704447,0.025150489,0.5994038911037831,0
0.03396662250506921,0.08355264,0.6972910883899637,0
0.014514800623448273,0.026974723,0.4022836811314624,0
0.008533443975915172,0.011751481,0.4047222229249782,0
0.05434020674300014,0.03599428,2.854521894245013,0
0.019957386906401794,0.027391821,0.658326930400084,0
0.03244197152127215,0.017017394,1.7547221644802797,0
0.014628438857180714,0.009837375,0.6575526298269629,0
0.012327609119950532,0.009220708,0.4920919978771977,0
0.015174155085845792,0.085894495,0.14644490989622955,0
0.015912864410217463,0.03904143,0.6803742761265148,0
0.0067048993692745895,0.010779677,0.2001176793285054,0
0.018488928048118997,0.04558841,0.7496077292860849,0
0.02897658287122607,0.10656588,0.8336822683705263,0
0.029429411993069747,0.022331735,1.1770386296194417,0
0.02387862961814327,0.052886263,0.8894502493651156,0
0.016296356474474295,0.011533737,0.6940982322453428,0
0.033257831259874346,0.1201113,1.1611564060343247,0
0.029366120187525425,0.027087627,1.379534925675824,0
0.017190948600685048,0.053736903,0.5881436677694205,0
0.013680412955766365,0.019277234,0.6562113348556805,0
0.02321614040405126,0.040456332,0.8440063660118119,0
0.01912350608691164,0.04778088,0.7773434189360099,0
0.013465206378126064,0.014885521,0.4966895825677216,0
0.02732295710792818,0.035987493,0.977776307044609,0
0.0180112150371953,0.01747894,0.6926809338970116,0
0.01416863539295011,0.022143142,0.6126672834190552,0
0.008376880483715826,0.023602,0.2731909678408035,0
0.024085309816219095,0.07219587,0.4983486107943239,0
0.00901224569738639,0.020465003,0.3066667496745876,0
0.007820817002386286,0.009142949,0.3323897852951157,0
0.024286831623520265,0.033984937,1.027913421876663,0
0.015767950441668826,0.0061846236,0.8615167425233793,0
0.012047664614238533,0.015586056,0.5221110194984911,0
0.029853683147229425,0.017329324,1.5800107690875698,0
0.027425046289564263,0.067099094,0.9644578876802768,0
0.02512698869182452,0.06557963,0.8994457695790292,0
0.0305129396843242,0.13575044,0.8311916274465072,0
0.022011479483900573,0.049284108,0.7853634923169004,0
0.01770480716337497,0.018032199,0.8482740866370553,0
0.014196510756110418,0.019619623,0.48224435128380677,0
0.025930776956038168,0.08978682,0.4951325656824323,0
0.034067846876448704,0.051454116,1.5143320488505783,0
0.01561961182074056,0.013567185,0.7774634904353321,0
0.020692307275593097,0.032308355,0.5693248024029045,0
0.010757957837665682,0.010096883,0.5016886014440715,0
0.0177102283429999,0.03128887,0.557222407693863,0
0.022079022806265884,0.012269715,1.1511564926031053,0
0.019829189465494695,0.02808128,0.8612649798638805,0
0.03910050214231435,0.04583381,1.8665511609794638,0
0.019883819108943962,0.026124012,0.8825301672919904,0
0.021219899271681587,0.13575298,0.3560217614838249,0
0.024773171330484938,0.10258384,0.3450271217514313,0
0.014259577804678921,0.03636969,0.464323174355004,0
0.024260007649916746,0.06373524,0.8889919086388061,0
0.016019871203324983,0.04531988,0.6066675260272172,0
0.04884431648032274,0.21682598,1.4341655275770462,0
0.02479240928430354,0.10782523,0.6638054223121116,0
0.016281524832422366,0.03528461,0.6077528027969269,0
0.036172868215897075,0.05429116,1.6345434290731884,0
0.020494964143263475,0.023398379,0.8191541217836692,0
0.0256322228348817,0.037108522,0.824884064482981,0
0.011229107303393677,0.027813861,0.1128578387602639,0
0.02771699420641425,0.03594376,0.9043277137442026,0
0.0081798700511835,0.013557199,0.3296796823204992,0
0.01304000842446624,0.026238425,0.5376599212825997,0
0.011578312064820823,0.04546375,0.2627314928382437,0
0.05439418091083626,0.02436338,2.847937262190888,0
0.02382955772094494,0.027378405,1.1566559049114704,0
0.019228998857426596,0.018048463,0.9065031232251818,0
0.026499067133063336,0.061446976,1.0551280860359178,0
0.011438432798643816,0.02037822,0.42129600363269587,0
0.018303467088720028,0.04644866,0.2452914704147355,0
0.023544205555109672,0.060065586,0.8349527514277894,0
0.012497245174172018,0.027500631,0.1375851336832115,0
0.020146608173694,0.02521963,0.767601781633683,0
0.022598545623149894,0.025107095,0.9037171419049742,0
0.020694265865564065,0.028362328,0.760776339925188,0
0.01846775734894322,0.024145955,0.5442256023260399,0
0.026361141886516806,0.033645123,1.3036191535957826,0
0.01798147101910466,0.033717882,0.6599280746099546,0
0.020356218342234365,0.08590574,0.6714101574019629,0
0.020127754623679908,0.03300377,0.92463264139031,0
0.030156465190589097,0.04796315,1.159272476570299,0
0.021747676442355115,0.024318133,0.942002549273476,0
0.035609072947730525,0.10571758,1.3241788562749366,0
0.027712566048477844,0.08599824,1.0268938736692168,0
0.010726897868552089,0.044665426,0.3454266458005504,0
0.015475038613348363,0.012539704,0.7841126369353094,0
0.023147412818987474,0.05519275,0.6207985222789354,0
0.024110133053139474,0.06078856,0.7652032344295175,0
0.02148877034383877,0.028609496,1.0648425246475341,0
0.01973627072669716,0.06251647,0.6394713559585075,0
0.03284472856065751,0.020005185,1.7031560146624438,0
0.020077018686835424,0.008498195,1.0960179366466016,0
0.02367747809406538,0.056513723,0.929666920565569,0
0.03745876749379087,0.06900317,1.3211360281161697,0
0.06598311422081023,0.031972982,3.321448925097911,0
0.03915865404785451,0.1548213,1.3426919604836418,0
0.04169663792833904,0.059488457,1.7636182397972082,0
0.05233205035146752,0.034969952,2.2778266907452367,0
0.02955116733056322,0.12498118,0.9220899619691248,0
0.014108530673159774,0.04679453,0.4529580532041241,0
0.01881298442368081,0.039313897,0.5704916683510188,0
0.03270124446735304,0.06317705,0.9384494160567802,0
0.01634837949578926,0.03391996,0.600747758019348,0
0.03146745390630297,0.0880817,1.0569773958382176,0
0.030839685389594456,0.009020066,1.6711035330869888,0
0.031541680293838775,0.10728578,0.8777439459875935,0
0.025493703094669105,0.021851817,1.3316350255343261,0
0.02236318848262163,0.037188303,0.44439797630420186,0
0.025967071799728663,0.07596391,0.8719771162831798,0
0.01262689841542343,0.029954562,0.3332551981561147,0
0.01727977744887541,0.048002195,0.4370689146253286,0
0.03730487872439077,0.058356322,1.600482397763804,0
0.09887855039048513,0.021509748,5.3325207067664335,0
0.013867099694197098,0.02513832,0.5606165866797768,0
0.007116059338728144,0.015927657,0.2179056346619801,0
0.018268629767863573,0.06795816,0.4386990936253959,0
0.03400269838610846,0.04134916,1.0638970728677979,0
0.023682491373884004,0.08260015,0.3069029969112353,0
0.03017811869948551,0.04540433,1.2412141108020875,0
0.016280596672808435,0.04722626,0.595947855814504,0
0.03371668887028398,0.13490115,1.0955904644033978,0
0.014241013584963698,0.068321966,0.38795740768749154,0
0.03140445832851277,0.08255615,1.3259259135194166,0
0.012036561004975724,0.018777167,0.45997500585078166,0
0.012711401939871515,0.017437177,0.6124215030156819,0
0.03595835603692959,0.013934349,1.839056757920447,0
0.017406388304760573,0.03015365,0.6933838425976341,0
0.019494288609861625,0.059989054,0.507615017229955,0
0.00828830653309071,0.023047477,0.20338101544568424,0
0.009248567592671612,0.029585438,0.2915915991880777,0
0.021660813719464343,0.054114398,0.5950507566344172,0
0.016794400563303967,0.016777968,0.7496688123954917,0
0.011218045979218294,0.006485284,0.5570714574168091,0
0.009266490903768902,0.018123683,0.4186873995448106,0
0.03507373048883755,0.08801682,1.0783090368756203,0
0.02801598474456176,0.02728959,1.0629052640204588,0
0.028442094028861047,0.03916136,1.4029716508332626,0
0.014616190413765199,0.01712345,0.5669073262055643,0
0.020945901156831113,0.030775059,0.9026057429313545,0
0.01719304245471122,0.041023623,0.682062517918116,0
0.021146644297666793,0.12475376,0.4631493336787984,0
0.022158440021139425,0.04710282,0.3772805895372826,0
0.036361223609937925,0.023991302,1.9039625521754087,0
0.011880218336672315,0.03960713,0.1040874569031845,0
0.02245928518087386,0.051527675,0.9741100180432593,0
0.024630720985141033,0.01834578,1.0674477248831578,0
0.015346545667355596,0.033790443,0.24050429752580735,0
0.01393772282538662,0.0334863,0.2638345157548638,0
0.028138900541008243,0.13167895,0.7250421036877579,0
0.02058345399844282,0.0445566,0.9021813014786242,0
0.03227866092368264,0.03377653,1.3528840772854616,0
0.017169580219709213,0.047061928,0.6380234387443212,0
0.016735352455553465,0.069659,0.2784282256763662,0
0.027900555667095712,0.057029106,1.2193969025935874,0
0.029822633616868502,0.081700906,0.5562559963196332,0
0.05148462414883881,0.11515601,1.355357778906351,0
0.011324912977883987,0.030835707,0.3260261249500614,0
0.01895709506769206,0.025087908,0.6597467195054726,0
0.02598990121070723,0.06528376,1.1138256780895055,0
0.014426429324666552,0.02710293,0.4564182418674888,0
0.025435511340954235,0.043663558,0.7010752339918329,0
0.01890554054887529,0.03230321,0.6982900509908267,0
0.020632892078822775,0.03830731,0.7718808080250875,0
0.009725991874703582,0.025990935,0.18772138636309976,0
0.029666764214162394,0.012500268,1.618842732998091,0
0.016263432072457687,0.022732662,0.6403910243317803,0
0.00856420052250212,0.041185346,0.12376880621449719,0
0.025508775760931888,0.058605716,1.0931029899081186,0
0.03457183819451659,0.043516986,0.9096825119917838,0
0.023036697959736216,0.01971207,1.1117138372076336,0
0.020173382041484788,0.0494923,0.8288320381312182,0
0.027916785046281655,0.035439506,1.3948397650053248,0
0.02461493411592846,0.037012942,0.9898467962720676,0
0.01980649751726804,0.054508716,0.7990295344451331,0
0.0197109972226998,0.07227559,0.4048440476763015,0
0.04455503631276654,0.012763708,2.4669996860099657,0
0.014533352302219749,0.04254954,0.4017169202198147,0
0.014238205294221788,0.03405328,0.5531507152117152,0
0.01788936133917972,0.038731966,0.6709919130089157,0
0.013026856913924472,0.031877328,0.3871382226216733,0
0.014571836124173327,0.025675602,0.4089039435078566,0
0.01593373492845681,0.046905585,0.3907372254645788,0
0.029048497743390075,0.13058452,0.6674081435364402,0
0.015686531440492327,0.01671871,0.6852930701681319,0
0.019364057709054933,0.05186832,0.8009119918536085,0
0.014317360395205979,0.02342153,0.5355787004745461,0
0.023999639541215766,0.03152446,1.1574913738602859,0
0.01810545582457032,0.07008939,0.5491366524339584,0
0.02599507462987618,0.013891088,1.3627616562924978,0
0.038667670284660643,0.018292341,1.9822597859012363,0
0.024114694405879617,0.059151564,0.7968626935006823,0
0.017851082022232293,0.041009214,0.4159686254478639,0
0.02093624819678921,0.05463837,0.4133246461793916,0
0.04770579796004418,0.055332374,2.3677363831517524,0
0.015129103035101066,0.03714314,0.5933264303382315,0
0.014792662557959423,0.04043644,0.4959710103717495,0
0.02616408790088039,0.03599284,0.9813653934334853,0
0.028698309732846487,0.05410902,1.3062579873798785,0
0.02510512705567281,0.0798237,0.9078592417911759,0
0.02566781485361509,0.03961411,0.858877149673043,0
0.03058547581730094,0.11020236,0.8976552420189221,0
0.014080777608635181,0.008901872,0.6962414939737608,0
0.017918299200055443,0.035612397,0.7160844372586648,0
0.012397844005009194,0.008538329,0.597379371061491,0
0.005762854644634758,0.014187832,0.12600279927222402,0
0.015177158313486164,0.029612057,0.5059363723697973,0
0.018180189913714326,0.06092571,0.6241808542328773,0
0.010225038933803365,0.038636196,0.2741531454064242,0
0.019115055695571457,0.03337226,0.7036404730480931,0
0.029761058689605352,0.10911105,0.9647072544347863,0
0.008996954511508854,0.02777403,0.3397726479900798,0
0.03596455946211462,0.091503926,1.487923129432961,0
0.03465635982889992,0.04229943,1.6544924916317658,0
0.026786462297742637,0.10732156,0.8755083693290525,0
0.014050086721897372,0.07848146,0.24447620232075873,0
0.005115079838176256,0.012196572,0.21343379488861333,0
0.03655392382453819,0.11937134,0.9189280395978299,0
0.016134306553880932,0.015906151,0.8069019265403405,0
0.0346327391859575,0.016335193,1.8127204286421115,0
0.029264069439666696,0.060169913,1.272282484519419,0
0.020908042204738055,0.06146484,0.8157970139669687,0
0.02664910597628846,0.08114972,0.9333135288151617,0
0.022313877320754023,0.1899061,0.13884074158476506,0
0.008909904980861824,0.011382025,0.34627987210193173,0
0.04498940836211833,0.01850529,2.401259625461889,0
0.014937259934499321,0.02258942,0.6201564827088761,0
0.06258806930500721,0.17383939,0.9074143072436823,0
0.1091761510895316,0.11231647,5.067856055495035,0
0.024373615219047226,0.019164123,0.9581743717253784,0
0.026645455493462658,0.04453049,1.0036591051043793,0
0.006486066617071629,0.028469848,0.0,0
0.014954830867729654,0.02568817,0.5218756712270877,0
0.010887334589618712,0.008870422,0.5004958652328303,0
0.024902647152665675,0.06104318,0.332082184674627,0
0.03620122401042761,0.10535055,1.433617502566478,0
0.04465198868091472,0.085118756,2.0311430202463225,0
0.09076504948811773,0.060612943,3.9335372014149317,0
0.024620296291682147,0.13001235,0.5276775687006873,0
0.024658453879186956,0.04058325,1.1513053707231242,0
0.03561522202411738,0.044584155,1.0758230672653093,0
0.0573256534778903,0.16153255,2.1250184718654404,0
0.023459201289136127,0.041258782,1.0683531414168224,0
0.01745194522983385,0.035102587,0.4638420687412757,0
0.014375244705484597,0.021282004,0.5736936535925765,0
0.03364339715646847,0.07124501,1.290129492973467,0
0.017087908684951855,0.012483636,0.8537572372410817,0
0.022882060832494833,0.05762995,0.6685344728780744,0
0.01766335621171297,0.012479605,0.8194169711937883,0
0.050193544294049305,0.078738295,2.359910175580173,0
0.05831718919685521,0.121336155,0.7629669801985823,0
0.01555771635440561,0.02750349,0.6758758590450419,0
0.013057324249095054,0.033144414,0.5186767565185204,0
0.015932830895298702,0.027290625,0.7267096044469619,0
0.02728030814887765,0.119757,0.8654232185572465,0
0.01618987928878765,0.07647413,0.393921209535656,0
0.022103730952072076,0.017370872,1.1203061780154817,0
0.024496384540813373,0.035149187,1.0362187041440056,0
0.022291895551685197,0.060653716,0.46993385505292073,0
0.03379334073716167,0.0066263927,1.777542487999335,0
0.02252585864377493,0.02071765,1.1623368227025477,0
0.011267572751241491,0.0062761386,0.5526190794264197,0
0.03147885722841741,0.025121285,1.3498613088412978,0
0.02208829767546206,0.05153367,0.200182120914907,0
0.012707152106523487,0.015373422,0.4543488089455413,0
0.00804612553037548,0.012368769,0.35243461971884105,0
0.016407107811143226,0.043746255,0.35465751223250247,0
0.022081456060170816,0.021406256,1.0639627745172444,0
0.010013002833768214,0.026498385,0.24764435260729414,0
0.007662733690676027,0.014444005,0.3106164141592335,0
0.0036201676882837057,0.009927329,0.12371510073963234,0
0.016694953143401494,0.03261121,0.17491583202633113,0
0.028787584461805276,0.07721699,1.1724620792892737,0
0.02631304047787131,0.02653832,1.3480230674701874,0
0.022662571937643854,0.03048954,1.0451492144019432,0
0.020981236398337877,0.06062832,0.7444269088142226,0
0.031631599501084406,0.11684748,1.0113604828470575,0
0.008730708628161733,0.0032656828,0.43963713917487185,0
0.018891146804589025,0.081441134,0.5365785634253168,0
0.014675152809625938,0.02600922,0.6548637217284999,0
0.026012815017427623,0.08053876,0.6538659324177301,0
0.026117449628974828,0.054433916,1.0032521763064988,0
0.0133523375307407,0.03507784,0.34146971826804523,0
0.032950123436386744,0.021265069,1.7188109355647512,0
0.025923143641775212,0.02837844,0.8653072497718836,0
0.018996460012586605,0.036828205,0.8575640876636473,0
0.01936898432058661,0.033481415,0.8209964517289957,0
0.02378183536534638,0.06036611,0.5582319095883848,0
0.031614141191715434,0.06468054,0.36955142058536217,0
0.07199193670441215,0.110324,3.4370959279439925,0
0.015955252603408,0.023976196,0.7603574308661252,0
0.014273166199124464,0.018301526,0.5207154267460107,0
0.011957024235164104,0.025995558,0.4986425233434864,0
0.02180340803182251,0.014935182,1.1281902290795611,0
0.019270384721951757,0.015541531,0.9838244122546905,0
0.01748091581631826,0.030750329,0.39723309974466287,0
0.04267073781600636,0.049002536,1.4358776844131795,0
0.03616002080102429,0.09573571,1.192226205071891,0
0.012794587910684108,0.023913078,0.4558200199449611,0
0.024263895118170405,0.02325614,1.075679288751756,0
0.020094908033540443,0.04613567,0.5256505156919629,0
0.0214393226062265,0.01931503,0.9407036975321469,0
0.028096560032427137,0.04357154,1.2529479702574084,0
0.006848675039431298,0.0072845477,0.27429861368516184,0
0.012898621148577991,0.010250961,0.6770005798125909,0
0.022091121996058408,0.029232709,1.0541349711144927,0
0.0368809205967031,0.054476712,1.0800269149751485,0
0.009984089813019998,0.014108925,0.30464977204702726,0
0.017623737170609083,0.034559693,0.6728264175493464,0
0.012709805361221665,0.041795168,0.42973805844711815,0
0.028457831097836065,0.050642483,1.2915401853959996,0
0.022202571602213825,0.061032515,0.7080030942289298,0
0.015882823670618135,0.019810624,0.6821981234762434,0
0.02045155626015497,0.019083634,0.8209292847694544,0
0.03305784539688085,0.12597309,1.1174317662356994,0
0.023461157162056913,0.05615579,0.8276619229323289,0
0.017404724344594277,0.044962756,0.31054946305105424,0
0.030444099661765475,0.042802714,1.4673468603726763,0
0.01800490941527044,0.02456162,0.6424887226232145,0
0.015427039435466531,0.026650248,0.5401286628329155,0
0.034792922548705266,0.026936382,1.7661061925458528,0
0.018411669594574978,0.060613602,0.6399481813000806,0
0.03021647784394851,0.024884857,1.2352906728798463,0
0.030771729908809477,0.06049273,1.3584526101042296,0
0.013679466514563539,0.05608536,0.3478239324601521,0
0.007321171314030912,0.013858916,0.23553702396655998,0
0.024457836447502716,0.035112783,1.0480260628331441,0
0.01919981633016847,0.025524601,0.8704866285946937,0
0.024205560510861333,0.057099704,0.7118641235524499,0
0.02353820421785507,0.04005206,0.7097811099124535,0
0.013770698918495793,0.027895425,0.4818836597085379,0
0.015350573438838267,0.010555271,0.7953351799677896,0
0.023045007713839227,0.035671845,0.6734554577740429,0
0.006230416641626126,0.027456129,0.14930549021201828,0
0.013168828453550578,0.03379503,0.5086240375608014,0
0.014057722630961883,0.029647961,0.5548248167727818,0
0.015077405888429207,0.036197055,0.33942285170840014,0
0.04623602921455695,0.031848636,2.1991032187860626,0
0.02046869815634492,0.04310144,0.6307284984702356,0
0.01949650248281594,0.059249673,0.6873713289858815,0
0.012931922696532648,0.016652677,0.5734405253672644,0
0.014619278020546609,0.041855093,0.4529133521979407,0
0.002505278043780425,0.0042988905,0.06618365614416072,0
0.019710888479508328,0.020036908,0.9662517927046962,0
0.012540196483058486,0.028309569,0.552624292892037,0
0.015057170233326932,0.02842221,0.6941419297228357,0
0.015855709800640376,0.025345024,0.5775572350279102,0
0.02112101963531092,0.054628123,0.7815134543792276,0
0.017593175096469838,0.026020015,0.35214331161267926,0
0.027243327399603855,0.035973407,0.9403535005717188,0
0.020179765564847078,0.083839774,0.3947705418305153,0
0.03670311415055147,0.039870247,1.733288100202762,0
0.020417964121790037,0.020970577,0.9322182908821647,0
0.020689994913891757,0.018188449,1.0293126363286071,0
0.020260738687500973,0.053843886,0.6507122030103588,0
0.006960635674987069,0.015263771,0.2769533997349517,0
0.034293015541730046,0.20868698,0.5517621609725414,0
0.01705021919477738,0.045875456,0.5941607149685241,0
0.02173901668531273,0.04552359,0.6366078577718802,0
0.012639082110624185,0.01910486,0.45401868660998657,0
0.02190820897516373,0.067463286,0.7375693575562928,0
0.03136498288621863,0.0735197,0.47059576142261317,0
0.026617117159832223,0.11346516,0.8254870009751397,0
0.020303314623831618,0.0458196,0.42444930349795085,0
0.02611287441877803,0.050288867,0.9065174026659623,0
0.01149885727409198,0.02396117,0.3014763048267578,0
0.05620288687771375,0.04667694,2.115261041991827,0
0.021838516869106664,0.06182853,0.806930444626519,0
0.011626579247254833,0.032757793,0.3563322447416554,0
0.03468671975757219,0.04152539,1.4571846669473627,0
0.014903269359238388,0.052774467,0.21188199965492285,0
0.023248195824368774,0.074475065,0.8903108461761857,0
0.01047974598859284,0.016277447,0.38204491422440806,0
0.0668467286812855,0.23432373,2.4114625533598324,0
0.021136767327000584,0.06047516,0.3728615263994337,0
0.03641236247683409,0.078474596,1.3164247006813816,0
0.019146501018652343,0.035856146,0.8311496545860222,0
0.020249754801239587,0.015399676,1.0543338419216026,0
0.03198616262114057,0.05973052,0.8294484929119974,0
0.01648394269174923,0.043698154,0.6659210161122502,0
0.015463605788945348,0.037236355,0.5228144973723746,0
0.06807652695719738,0.070057936,3.3285788853984024,0
0.020294745610292483,0.029786939,0.9532243445463539,0
0.039179421799911206,0.07139062,0.5735400467036341,0
0.014010751518827944,0.07862044,0.3040139553200793,0
0.015191021250641491,0.038478065,0.5468196017201962,0
0.018100957468594744,0.061849322,0.46483076984215893,0
0.024766735824699567,0.046476535,1.130253092387424,0
0.04177316280538479,0.073296085,0.6512594991849034,0
0.0218260450917089,0.03151316,1.0052087034514412,0
0.012193751989405454,0.019152174,0.222983398378655,0
0.012975379820343438,0.021930953,0.5669041534002431,0
0.006599153864285031,0.012467075,0.1474720021304654,0
0.03713180008855844,0.037326198,1.8765853900688618,0
0.015988301116663516,0.018680757,0.7408822708092138,0
0.03069654255421293,0.05355271,0.6363548294120176,0
0.021641055614269697,0.03514508,0.9521254903372476,0
0.008962318922327083,0.006971353,0.4203148026695538,0
0.032993793672954505,0.015667921,1.6437099539048312,0
0.015528752172295721,0.02382394,0.31712059690990185,0
0.036659647149608836,0.06514393,0.7966054110026134,0
0.0256456032667761,0.03833585,1.2270375789071022,0
0.015007575373223388,0.03655479,0.4504541696795184,0
0.01828115168906331,0.054908734,0.5613900650596239,0
0.03105146665940608,0.10927818,0.9977216678632205,0
0.02248027253279406,0.021172632,1.164957949740643,0
0.016064745360525004,0.03763839,0.15746141944389802,0
0.019921293630161832,0.052874874,0.41233772825935805,0
0.026867638001848416,0.056805704,0.4329676463446882,0
0.006785560056455319,0.014847545,0.25978310382833714,0
0.03647309968993637,0.10461651,1.1896970018830202,0
0.02396438708102402,0.029885856,1.1687575019091372,0
0.04273782688651618,0.09566154,1.8150888448297675,0
0.04721010765012324,0.045023087,2.349768934611342,0
0.008686543806651154,0.017000811,0.3494257753456614,0
0.010950029645238328,0.019028706,0.3440402732602964,0
0.044172273385027966,0.08025662,1.9503514672118951,0
0.01820186964964027,0.05517722,0.7000842896674776,0
0.02132519049139265,0.011504344,1.0725165074296314,0
0.03063890449575644,0.026691733,1.3546326026267426,0
0.07191396217358853,0.20877618,2.2552689620694917,0
0.009518479022574716,0.0387058,0.1828603338820274,0
0.012079259649446755,0.026119294,0.3205108843888108,0
0.032494278084405845,0.16018602,0.8426715696886328,0
0.02092494996674432,0.031286836,1.0126744058077621,0
0.021754592297432075,0.029141372,0.8680629683578052,0
0.023627065203978018,0.038923375,0.8482498421717392,0
0.013023025091750733,0.0080696,0.6931382940103872,0
0.023319704380108826,0.05214529,0.9101283053241856,0
0.013489411974840076,0.020992607,0.31934084256753664,0
0.014361376319900499,0.015248441,0.5102402055251465,0
0.023022915698843096,0.034053344,0.9903828455795959,0
0.01580445038239809,0.06583028,0.48358829917676827,0
0.01149611287075143,0.043424837,0.26146773641624155,0
0.03786109268612181,0.062986925,1.56135791060072,0
0.05267053669187127,0.066318884,1.6131032860368755,0
0.0412568097097715,0.056118526,1.388696031958599,0
0.00833034567102153,0.025533427,0.21955229835765275,0
0.032700544521636996,0.041340314,1.4469733782915963,0
0.012087247387650206,0.04889072,0.3941948194044456,0
0.015240906094110584,0.03841553,0.5148409731399513,0
0.010271936481983773,0.010327983,0.42971368443330993,0
0.019481526302752464,0.007172408,1.0540152806066152,0
0.029995083439050527,0.07932609,1.1552375243751356,0
0.010833231819089392,0.01370522,0.4303020961091482,0
0.017468808343169884,0.029378353,0.7296105526201765,0
0.029489147837882243,0.037629314,1.4650613769859524,0
0.07804103301017218,0.13048351,2.200611878858314,0
0.024590920600597796,0.033727124,1.16253381187848,0
0.012778620690439719,0.01790115,0.47584769954842443,0
0.008899219602982088,0.0443786,0.21522586621678053,0
0.014402243434913205,0.021690726,0.509948600769931,0
0.012668383264314877,0.06291148,0.2594904100240735,0
0.012214688091717003,0.015924033,0.43472678485823024,0
0.028550032698646265,0.028537415,1.4518823160710135,0
0.028904754654187514,0.08694055,0.8598049692744129,0
0.016494862068197308,0.019599725,0.463580588838982,0
0.03671771496932642,0.0704234,1.6676366692681892,0
0.025060752819992666,0.08036711,0.9371075806942918,0
0.03702808836510452,0.116259366,1.2513350063059112,0
0.023146095648668645,0.013152898,1.2384781394186077,0
0.01709427543945025,0.0315497,0.6779049190650652,0
0.014102632465784509,0.023613041,0.48819419061148783,0
0.016193610101829133,0.042108163,0.5649913777325875,0
0.028060419163882497,0.044146504,1.3458573546919583,0
0.0278527564031803,0.10870009,0.9575671999782807,0
0.023295901345295016,0.017545676,1.1508652694563342,0
0.024687604101090485,0.055749845,1.0902225787607658,0
0.025077955539337216,0.07496626,0.6626852689785706,0
0.01786802892111824,0.025191057,0.8754016518366888,0
0.024199933369174198,0.054818254,0.5983191069547816,0
0.021501925542169967,0.037421115,0.5627887913106128,0
0.01334372688109475,0.028558474,0.5138192105301052,0
0.03689904601997489,0.051770497,1.7625114243711248,0
0.08168239609251832,0.14980301,1.8593167088922702,0
0.030020292540925572,0.012767937,1.6006320826551137,0
0.007715823571773739,0.006195465,0.3737187550254438,0
0.02267365820207211,0.045389216,0.2399088532495439,0
0.011633055916528062,0.008064193,0.602414309996391,0
0.012311101175110603,0.011785608,0.5031427225759012,0
0.024524891105302996,0.026677597,1.2363172302373489,0
0.00499011790390111,0.007306623,0.18178025140010295,0
0.03155291274058515,0.017370122,1.7063795277817695,0
0.014539587075128686,0.048323546,0.49533520350751303,0
0.029375017440385516,0.07840472,0.7610375428816857,0
0.012791527262421045,0.03743902,0.3925398196036517,0
0.02379000496994506,0.052461296,0.9886448203354384,0
0.021698967418749573,0.014249825,0.8953182908279553,0
0.016304736804190926,0.02459026,0.496793987291183,0
0.03525644997200374,0.07539859,1.4482387284783134,0
0.020323375988680375,0.063491836,0.6093131079052401,0
0.007917811734689896,0.024954282,0.07240115854865391,0
0.021371380698064824,0.11169178,0.5538483693583113,0
0.02447424067872658,0.014771174,1.1109605682564458,0
0.02416320688542433,0.07873512,0.44019821267509907,0
0.022473570629642545,0.05780981,0.6964472140331757,0
0.03536290820954019,0.09053592,1.246980249645166,0
0.023163418842941104,0.023547744,1.0733642600037367,0
0.02100660900635893,0.056742698,0.5130943583201059,0
0.01630943300127881,0.0087149,0.8659495170837157,0
0.020170903899143854,0.050673462,0.5164497673959152,0
0.03022029139446417,0.04697163,1.3769767716901715,0
0.024514203790497416,0.053126585,0.6821678589910883,0
0.011456681394999928,0.027624907,0.25578898242033826,0
0.007880642756477698,0.021901296,0.1286929423841771,0
0.038459104571022217,0.05749315,0.7676195125732158,0
0.007548271368560532,0.013801716,0.27106479064001704,0
0.020656739646665378,0.07814975,0.5032815448309866,0
0.023304700783234773,0.039903726,1.083020404098713,0
0.007325988419445964,0.0122479135,0.171601441553457,0
0.031091652131084092,0.05670475,0.43921826385355206,0
0.0412589060298182,0.1603339,0.9372183350371156,0
0.030791142616992367,0.049421586,1.4548228033026986,0
0.012781343221101193,0.028614294,0.44729568361184424,0
0.0137932304381507,0.026277354,0.5848419464657802,0
0.01989274015121692,0.070157126,0.37932459243030103,0
0.016187040308219807,0.033462495,0.6211750057514361,0
0.01865587359403549,0.068988204,0.5877576678665016,0
0.016256053977242585,0.024577968,0.5452313523516373,0
0.009414011061513346,0.029525865,0.23806317038099187,0
0.015821736527921088,0.027837107,0.3695546548374208,0
0.042866678797661706,0.18298249,0.4626216194626707,0
0.02951007066677359,0.05590693,1.326976734746606,0
0.02120662392615248,0.056654237,0.4652561607937541,0
0.009466972195824808,0.02247481,0.32993096681895734,0
0.03326215763583315,0.03802393,1.3467803723074048,0
0.01617078058273747,0.034687977,0.13564683325856766,0
0.030787529873713308,0.034676358,1.4370791109033514,0
0.0323690312841508,0.034906782,1.0811191443913553,0
0.007220043401382696,0.0106414985,0.294693678199866,0
0.014350005713289475,0.03262746,0.5075350986519053,0
0.016647234518144975,0.07283692,0.3498460755643993,0
0.00907007386572584,0.027509877,0.230784896685185,0
0.03454949930641778,0.022286164,1.8155755736421726,0
0.04313986506364911,0.14290531,1.4891993462425792,0
0.044192373153087064,0.17159349,1.5310139754224097,0
0.055059674557575766,0.15655488,2.249978472186435,0
0.015491236678876035,0.04910085,0.4925701231560977,0
0.017080601398413928,0.031471923,0.5115330427100772,0
0.019867621946900525,0.046655446,0.4417412907712965,0
0.017528262038677033,0.044053704,0.7449726309414911,0
0.03007922923723179,0.07256616,0.7513442056050854,0
0.03249222578098154,0.06919967,1.463682126377123,0
0.03375349782505537,0.053744104,1.532976132144613,0
0.021399618667383352,0.11559359,0.5030557897215422,0
0.02025418812165273,0.04801883,0.3819865947894057,0
0.02499879742449717,0.09957823,0.7101962580854916,0
0.018535276468040585,0.038375597,0.8155514574580598,0
0.011497166828703833,0.021876242,0.46742796490928806,0
0.0179740513278042,0.039743077,0.2700492797182968,0
0.01658307900465028,0.055128492,0.4875839660884834,0
0.026212751260069583,0.082099564,0.5158167052108782,0
0.011295938719519802,0.020081315,0.497339015497111,0
0.024074358629659186,0.025490107,1.143313035611766,0
0.024124904440966082,0.058209684,0.8767445808580785,0
0.015138372443647269,0.0146045545,0.5675395554744094,0
0.036264840605053805,0.05499218,1.1119565096728605,0
0.015250631775527742,0.02313178,0.6171102157871261,0
0.012832537305400418,0.02090291,0.4859591022304444,0
0.0186947669453875,0.041932613,0.7900950007015676,0
0.01469402413071222,0.015869092,0.6533555400125652,0
0.018753777355200788,0.06039604,0.3840627165321534,0
0.01754293426083984,0.023298834,0.8278697926538561,0
0.03019809049796971,0.05875941,1.2622292451290833,0
0.014260331689474746,0.03832836,0.5106547475402053,0
0.019043660258447427,0.07006174,0.32214525863610693,0
0.032883426453379216,0.06679089,0.7604771201480013,0
0.015293228430408942,0.04528594,0.28170421485753466,0
0.033897500349274294,0.06588469,0.771773162053844,0
0.01890815030923826,0.05858246,0.5511317955180159,0
0.035572086897684076,0.03089671,1.834575682641737,0
0.017091265232115613,0.073828906,0.49312457321791936,0
0.022416096588084404,0.057130516,0.2707948258189041,0
0.02081725489715773,0.09673854,0.37785941811555196,0
0.01852428757994144,0.031435605,0.6158550967343429,0
0.013573654654630094,0.046184056,0.44073621666358936,0
0.0194764176554827,0.01846687,0.9933584853723745,0
0.021249808371067047,0.063126996,0.0,0
0.019706605527767415,0.07943317,0.660383166591303,0
0.032977208502316196,0.08150275,0.7280315715901132,0
0.023290145614634456,0.025293017,0.9619966293993041,0
0.010987789893718826,0.05250026,0.11609168810567634,0
0.042727679538499985,0.08339319,1.8939433450752308,0
0.03259960802037761,0.011903753,1.7927856028803948,0
0.03815495816658751,0.04705453,1.7230134755528004,0
0.050876343318325,0.11465532,0.6532410890436743,0
0.01744386102703726,0.060211383,0.19780746273186725,0
0.02035168024691744,0.03357641,0.9178678356540954,0
0.02358249524983938,0.102277696,0.6981783865428028,0
0.024375157954154444,0.040691387,1.143796101559451,0
0.024878071304512153,0.045781933,0.8284185251726015,0
0.0240944050039865,0.06384524,0.9216100913583456,0
0.013362254919617015,0.06913686,0.35495316350428113,0
0.02797642982635986,0.05461892,1.190702491253355,0
0.032341888929599515,0.09589419,1.2665074001906786,0
0.03278436913739796,0.0367135,1.5526901655881078,0
0.020736945426043516,0.0519687,0.5311686362427424,0
0.010034283826101243,0.020109685,0.19891264930209887,0
0.0260212116796393,0.119683236,0.6684010470762562,0
0.01127111796576262,0.05343464,0.26076041484982776,0
0.014677302599328866,0.032641023,0.5871209887537345,0
0.022760004765384093,0.09153987,0.7352684784256026,0
0.016961351566622505,0.028339723,0.48795893657228917,0
0.02748203449130711,0.032137,1.198869826085651,0
0.009375119296088691,0.012370558,0.44336309733270873,0
0.01642401538522612,0.054683138,0.5287175925068076,0
0.010594490729413687,0.015010319,0.4362533630315513,0
0.014840208189156833,0.025076013,0.4329720526111691,0
0.015506049223590498,0.060274955,0.23027916493158554,0
0.015832248868480003,0.03879134,0.6833055596602913,0
0.01780363956424897,0.0799926,0.49606684340892043,0
0.034706619373786676,0.09584486,1.4352948204712752,0
0.017024603464579825,0.029281585,0.6596096856981425,0
0.04284267278713733,0.02568659,2.1697988407091793,0
0.01836089517246932,0.11095645,0.34555586921872966,0
0.03795741050972232,0.13070624,1.1255538740048843,0
0.015018256743848884,0.01913479,0.6551742575679992,0
0.019071143554301617,0.04700749,0.4406259869381287,0
0.02579961394870729,0.091982216,0.9395988973182293,0
0.014897957781404812,0.03381021,0.3028280888393749,0
0.01833870113384738,0.013376989,0.898641674121684,0
0.012249449076628664,0.035906933,0.29168209696366293,0
0.01576126080728685,0.033104993,0.6433685444364333,0
0.023664297348247883,0.021633472,1.2187139111993222,0
0.062036776094359224,0.058077317,3.1442855148325886,0
0.017236197023776545,0.022612672,0.7666319253631954,0
0.016775879422834435,0.030175114,0.5913976586765243,0
0.017915549639753513,0.046991337,0.3886587851830832,0
0.012906690428713483,0.030182708,0.43278102679640995,0
0.050014939539853545,0.05571866,2.487803178899144,0
0.028159129250001413,0.04315919,1.209942094269504,0
0.011353247092918916,0.02252603,0.37075519417486874,0
0.02994338362579573,0.09058303,0.8622527578714391,0
0.015582066450307784,0.029395128,0.6961558494958259,0
0.04357103449891781,0.17307065,1.1430807189891807,0
0.018527686502113304,0.095409095,0.34099878976393183,0
0.0265274255933409,0.046312608,0.5669668709308673,0
0.020277157024802477,0.0615313,0.618174091897305,0
0.00600781634480382,0.009740411,0.20973897737547686,0
0.024483154079986805,0.040893365,1.1174627851748926,0
0.021745975712864393,0.009236692,1.178002552814209,0
0.044389597396483474,0.22451903,0.9852440769238567,0
0.019027323071078635,0.07213217,0.47189817424090436,0
0.06968527140382048,0.10075433,3.2904942413177323,0
0.020336590368988272,0.062343746,0.44837089697185356,0
0.038238236866716235,0.13131604,1.0979069226864933,0
0.01825270539663814,0.02383863,0.7402974002086568,0
0.011733943106576716,0.020710241,0.34719020014943663,0
0.02869320987577449,0.06959761,1.1511966086675267,0
0.01643298486783425,0.018701661,0.710512330498345,0
0.013172649601888253,0.030007651,0.4504129994006589,0
0.024183495556399967,0.02836292,0.7880289469303395,0
0.016870265634497374,0.07437626,0.48005673987918807,0
0.01769331601633707,0.064031936,0.5524526159246357,0
0.023057852918985933,0.02450698,1.10468491698861,0
0.014793710261688773,0.019879913,0.646299883528743,0
0.01168755207301083,0.01973216,0.43884576297549843,0
0.026578796947742622,0.054003954,0.9033186599841361,0
0.047365348321515836,0.1323383,1.8943004859650365,0
0.025950715525353087,0.047070447,0.9059302846206189,0
0.03549005822206584,0.08718898,1.4672127778023476,0
0.039219017780129754,0.031497095,2.05534409684097,0
0.04086514139065313,0.09843903,1.5422688517719503,0
0.024282547893515343,0.027371371,1.1889019880630838,0
0.01611159917502162,0.038184185,0.4971150888793674,0
0.020558622802507892,0.011925874,0.923146364705432,0
0.02991876954177953,0.09388283,1.0443547167001634,0
0.014097186793007612,0.06272576,0.3269923215292047,0
0.027101168754756655,0.080773495,0.7515022554122064,0
0.024876063630620303,0.061808325,0.9027160037008688,0
0.016432920888612503,0.03323928,0.5389278828254687,0
0.012054947604526082,0.052447718,0.23968069902258635,0
0.027060410592676134,0.05978699,1.1796570528223784,0
0.015953229801248296,0.009419881,0.8083032528318631,0
0.01740993975055896,0.014128299,0.8879436533184301,0
0.013178287084093993,0.025838688,0.550711309828816,0
0.005503902824844829,0.013811332,0.11671963040797644,0
0.035723586699238655,0.15770465,1.1283992853089315,0
0.05930537615992092,0.072671905,2.972094106107111,0
0.05102761068497599,0.06391642,2.121318486029719,0
0.044293577169483164,0.044789273,2.2715979927610097,0
0.03803279761909589,0.24146397,0.5985678694269043,0
0.04622989165064197,0.02255273,2.112068084055877,0
0.012531754747675492,0.015274161,0.552527069719673,0
0.017428709652534367,0.038134884,0.7122815814277078,0
0.025572019118477653,0.16490562,0.41998430073900334,0
0.02428258921703674,0.043581735,0.3232794508108157,0
0.009286283145325432,0.04797061,0.21875959873091724,0
0.010667885931428433,0.011958827,0.45529826487263014,0
0.008835781615062974,0.010832704,0.31757862437431267,0
0.011285156789357044,0.033739913,0.22167831638766727,0
0.010367206478481963,0.025686225,0.3567549846880982,0
0.03783344182260489,0.1205127,1.3792833226827825,0
0.017448348624207542,0.021567076,0.829630591195964,0
0.025022970134158613,0.081819244,0.8651581625379299,0
0.016488157304533218,0.027956739,0.7382904138503,0
0.028212687246704216,0.09230447,1.051381224961848,0
0.023573972831055907,0.061633475,0.5241758555185572,0
0.012015868025559956,0.016902475,0.4571195376147712,0
0.01200179632780049,0.031593733,0.1890968650412191,0
0.011264383547547139,0.025190886,0.3909346943104563,0
0.01789821890118086,0.02209937,0.5848201512143694,0
0.03954767275541333,0.11157328,0.3277260449403398,0
0.019803074026104796,0.050440088,0.7623365871854331,0
0.019488485307404903,0.066696525,0.31233637377935375,0
0.014385255510608394,0.0103491945,0.6699471083706019,0
0.020687845528928123,0.034548886,0.6811305293974103,0
0.017916846663782373,0.069888346,0.3965586817057003,0
0.030061498491741192,0.055712912,0.91210160601687,0
0.02171910465828232,0.04625125,0.7408517322737596,0
0.007488308703782257,0.013908334,0.28859444867721823,0
0.015793301323034935,0.031779855,0.6757039001706783,0
0.04174971121201828,0.08146938,1.8892612240020696,0
0.03158947251637712,0.04931959,1.3595905003573368,0
0.030733001493287556,0.02152869,1.4017508964306322,0
0.010240932723339135,0.018782303,0.4404261140483131,0
0.007751167808075525,0.026582818,0.1585433414116743,0
0.04284012344057539,0.05426006,2.0481650795977195,0
0.012646634811628789,0.035800714,0.3716968525176001,0
0.01931943628559262,0.03621676,0.8091499796684546,0
0.02713911724756797,0.16574359,0.40072865296288407,0
0.03130465541094653,0.064938545,1.1521341744455131,0
0.04418682228501029,0.048490293,2.2232533970491595,0
0.03422846038378804,0.056307096,1.6017536378854897,0
0.025001063233288073,0.022031484,1.2750152907102905,0
0.02444999449156317,0.016446985,1.2913229713511085,0
0.013098940385915468,0.04139367,0.4140264382930364,0
0.026153921607957174,0.031948715,0.8613640403897471,0
0.022586068669404477,0.04846109,0.9155468947006887,0
0.01569025666673227,0.065330915,0.4896073730446169,0
0.019962277744521074,0.017731085,1.0099559143292514,0
0.018495895734181287,0.06296408,0.6964557305570139,0
0.017205660100527553,0.027451502,0.6734273762363513,0
0.027647227287716535,0.06849483,0.8154503756378264,0
0.047549250213064026,0.0984982,2.1101758265342525,0
0.019605904231608233,0.087610886,0.453874734592592,0
0.022179034030967902,0.035806756,0.8900286881695549,0
0.021311725432223257,0.025694156,0.9332540730447431,0
0.13688256889529504,0.14350064,4.595732867685877,0
0.01677662550820544,0.030556004,0.7672155379531291,0
0.010646438358678734,0.03214139,0.26337162174400075,0
0.021528245614117102,0.0018400113,1.2127015059059718,0
0.011371770261722909,0.013266276,0.42900089169472905,0
0.04451328490057678,0.18083876,1.4808445479030279,0
0.032051852233745404,0.08957763,1.160281441767718,0
0.016768023527181986,0.025911197,0.7261004241410737,0
0.028084400465582388,0.09423389,0.8925359506631905,0
0.014024305121699015,0.04658614,0.5287055449372416,0
0.025351870000702194,0.05597229,1.0809250146314149,0
0.04346431455587813,0.08062979,0.4423753651039729,0
0.020934293661230008,0.068712205,0.7932233607844116,0
0.024358631087441098,0.027442407,1.1622240272851472,0
0.02131921351562001,0.09707611,0.6471572865877921,0
0.018314866026416434,0.08222718,0.4410384229890668,0
0.009568043611203881,0.033586483,0.32063547187584845,0
0.019277686382700703,0.045428384,0.7142749106002991,0
0.03741829343854579,0.07811758,1.48676343649438,0
0.033390507339939444,0.09098594,1.2830864808254168,0
0.010663397713464542,0.017872306,0.3196131319189566,0
0.02141896154153014,0.0451723,0.8866627324637328,0
0.014651087090376737,0.013529465,0.7519809945630247,0
0.005026708250318401,0.0066207126,0.22188506569531008,0
0.01772804314209653,0.015300342,0.6351528114574623,0
0.014979170352659764,0.014236933,0.5963566068419738,0
0.010890299197567507,0.016791152,0.4302186067079536,0
0.02765199774965459,0.06749543,1.099864054757378,0
0.049002834887907326,0.19076252,1.6906091337926072,0
0.01501941808377271,0.033616897,0.4043178167083553,0
0.012328852100806892,0.008603723,0.6006498981261588,0
0.005097640015565755,0.0032050272,0.2314374736096593,0
0.016451124314509215,0.09932599,0.3596832700436356,0
0.03388494017499225,0.05054703,1.590766717485567,0
0.10494101126694522,0.09353495,5.47566766728625,0
0.017307462101391245,0.03823785,0.667941083673236,0
0.02688359533485857,0.031028677,1.278920222048852,0
0.016449031296153514,0.01881987,0.8198817068825983,0
0.024633505237906892,0.029975062,1.1253775777850887,0
0.020469699478802693,0.022725265,1.028545818338738,0
0.015099264510731007,0.03872933,0.5438263487283199,0
0.015603813433559785,0.022171812,0.716302167225496,0
0.014673094507764899,0.056410834,0.2692246199191086,0
0.0467257427874456,0.08452848,1.8557994986716486,0
0.03351328721783285,0.061067197,1.5650743566581118,0
0.011631789366206548,0.016550627,0.39495372670167495,0
0.019342205665380793,0.0891199,0.4075076656692509,0
0.02639741591161511,0.05690627,0.605230293274626,0
0.022748424582606834,0.035363235,1.0767243825560806,0
0.02658159525059988,0.065173134,0.7260154150867983,0
0.028745365656611517,0.052200776,0.6078568127367423,0
0.04401229090184103,0.04548234,2.2377496386941136,0
0.029160229962240145,0.13200027,0.735494967332153,0
0.014297692749035031,0.021628046,0.5680489409139051,0
0.027675314646299354,0.032023743,0.8883712666280154,0
0.03870854989750885,0.05959882,1.8284972679725588,0
0.0570883220978773,0.022153273,2.8661729106367644,0
0.013742433035302268,0.01869879,0.6751560679833954,0
0.027516578301650316,0.07500782,1.0326072073410548,0
0.03315089260039719,0.061545685,1.071151347520567,0
0.03699155786323265,0.017372815,1.980632146026332,0
0.01806167183129524,0.02858513,0.680852223935513,0
0.015879695785579538,0.055205617,0.5294947549219685,0
0.024100148377908606,0.14150964,0.5369063511701136,0
0.030203773505247434,0.012812245,1.4964314469366917,0
0.01004474338377672,0.017155197,0.369393683509504,0
0.012415022361070548,0.019346777,0.5403190166095715,0
0.07969113795150082,0.0799604,2.822834465075627,0
0.016918956064878136,0.038485836,0.35117298864526475,0
0.02960867864686822,0.02822898,1.5189677634284129,0
0.029039835733361802,0.1296893,0.9144316592211941,0
0.017591145223736337,0.0617407,0.49689265272542704,0
0.009770304125497033,0.022806028,0.2673535436107228,0
0.013482508397314867,0.020977952,0.5739129500554976,0
0.03542638251508329,0.051609598,0.8502530348204357,0
0.012876157855278545,0.022233002,0.5829701444429872,0
0.01775112911826829,0.03378821,0.6212798102977933,0
0.01766611707415479,0.019967299,0.8605202067028297,0
0.016921147782185075,0.0060249576,0.9154645296224483,0
0.011512948689091102,0.019680593,0.4477601360297277,0
0.0174042292625014,0.04547077,0.6740021000584248,0
0.007610654153795558,0.008723796,0.23124011900327332,0
0.007691800835173982,0.019347744,0.29704875610418946,0
0.02814045170291592,0.072388574,1.1549689238133276,0
0.013487331644427707,0.032052837,0.22887692199415835,0
0.022632258470263657,0.04793631,0.7742074114334735,0
0.02027846824570551,0.034483347,0.932751149348113,0
0.032087938660390024,0.078585036,0.13256702343889443,0
0.03284360421894909,0.06583105,0.4957103438854325,0
0.021346903652860842,0.07279409,0.6851163861851461,0
0.03427073253358815,0.1549463,0.44279651405020876,0
0.01858347466241616,0.03309477,0.600216479280109,0
0.01339200505805563,0.033627514,0.39246912306663456,0
0.029976676469852928,0.13021563,0.8465869676414012,0
0.012760408964327735,0.036208637,0.41374408755236447,0
0.04938317835047444,0.059723955,2.4589023320292753,0
0.021935081452297785,0.012796496,1.149036607219497,0
0.02374104273559023,0.036178354,0.9697417222534349,0
0.013045644821860438,0.024537288,0.3068564119060016,0
0.06741293918751173,0.061525557,3.206370369088103,0
0.014179438302934087,0.035787754,0.45984608488390005,0
0.026924452740533143,0.06100125,1.0001383033613767,0
0.031989276068250645,0.09836215,1.0868185072616185,0
0.010418792836034032,0.01976264,0.4685880961336662,0
0.040634047816660974,0.13514653,1.2508471535762686,0
0.01541798414562146,0.010713691,0.7953455490625179,0
0.043298247038146276,0.041638304,1.4501465310496013,0
0.017810628130226255,0.039393406,0.5448040272527719,0
0.030025083024593602,0.032091547,1.0813125625645332,0
0.01595026309079909,0.054240067,0.6010285036145842,0
0.03003770965326046,0.08625579,0.6118382687526877,0
0.01717659296702693,0.06409481,0.4097302023518664,0
0.02865720924945947,0.07618459,1.093935430777273,0
0.07487247540926642,0.11404097,3.5836654313505716,0
0.015765555961591335,0.038605247,0.4759347218262412,0
0.021640232389069702,0.06647789,0.5693025424087105,0
0.021457467341518436,0.027176917,0.9278363554435234,0
0.029761038485330342,0.03905446,0.8281661329949024,0
0.039218847825147334,0.04089041,1.9977107878540834,0
0.01073302709442455,0.010659913,0.36418651840923155,0
0.022992990487115242,0.04844947,0.627829790281604,0
0.01281336512202961,0.033906516,0.45748604593905495,0
0.025215877475021877,0.034355186,1.240616045378653,0
0.020264687983782587,0.05715495,0.6433768212779031,0
0.016261026029075032,0.02990912,0.6834333840096112,0
0.010562180547487605,0.033612173,0.2289607479291212,0
0.02459362249133209,0.022651372,1.2780358796818705,0
0.019713434500685842,0.026449552,0.5117199133518372,0
0.03170808814659991,0.08197634,1.1680815776730284,0
0.02901655461203771,0.054241464,1.0309259829291162,0
0.018232748462896076,0.04655131,0.6420855714852409,0
0.03925508207864996,0.12862866,0.781630063020795,0
0.04515479201607763,0.05985339,1.4528166009232077,0
0.020838212011272166,0.061070308,0.738171348461961,0
0.015640553189255578,0.033657294,0.6979830535788043,0
0.02326369285117242,0.030433638,0.8637224568408083,0
0.015733107310578,0.023151528,0.7212908063058843,0
0.021629153310878932,0.07163722,0.6386239428489299,0
0.02176921526679705,0.06955252,0.8362301403563452,0
0.050452908650821485,0.30949485,0.9771158789088052,0
0.030657631045415083,0.1109687,0.8462791506536502,0
0.014305732154035704,0.09582786,0.10006909815370212,0
0.04151088363070386,0.12340093,1.6703851353201773,0
0.027297115047439688,0.040214274,0.857371667228461,0
0.026142184780999243,0.04726587,1.2103415731948435,0
0.04801843600437182,0.06773302,2.327764250845165,0
0.030228783793286397,0.098076396,0.9857803626937072,0
0.044193313946408436,0.14057586,1.6687640123288994,0
0.030740527300030965,0.03965551,1.4814692504770695,0
0.024608257166137692,0.05938259,1.058662802701139,0
0.025420905281001542,0.08982043,0.5662639943880169,0
0.025048470178705724,0.098724715,0.805448300065505,0
0.06425877686913853,0.02332099,3.1915054228057174,0
0.021430082903376047,0.01336835,1.0564769084522,0
0.03733070244376421,0.034727708,1.7142418668354855,0
0.025669392007701353,0.05560562,0.6507620037026828,0
0.019187712309192705,0.03956947,0.7818138261046805,0
0.01817078769934318,0.016605597,0.8961074110072808,0
0.047356727726461476,0.12551992,0.9221561772825342,0
0.024599709273959283,0.00632078,1.3446668567461821,0
0.008018525857345611,0.040550534,0.15561351146255745,0
0.019096099160271277,0.030973434,0.412584318618717,0
0.036105701978245,0.014235359,1.9659793017796925,0
0.023150552772242077,0.01625507,1.132829869902139,0
0.016187092215455383,0.03383651,0.7228383820212982,0
0.008822433524455213,0.04063667,0.09190074835000801,0
0.05366461304463057,0.078699216,2.5733176054652542,0
0.021126914864896967,0.025679277,1.020387858933008,0
0.03896524683145122,0.042288724,1.1667115272805637,0
0.04583589291688363,0.047783915,2.3139631174758666,0
0.03576640643796364,0.1033951,1.2497956175367377,0
0.029256519130600386,0.015128024,1.5828910755784074,0
0.0232181486893441,0.011828631,1.241476811954486,0
0.023136695822083653,0.029441193,0.8667185074924623,0
0.039242332602705876,0.19411318,1.0316265315009605,0
0.018186355772097363,0.020063767,0.9014084297228366,0
0.04493091569058501,0.19633731,1.2766495137635483,0
0.01270451378500944,0.021407295,0.4156139589972387,0
0.02129521336190093,0.07655925,0.5843106899853205,0
0.06003631794282269,0.092632525,1.8818358727399807,0
0.03360131997753708,0.12701148,1.1558847380856754,0
0.031665201025926584,0.026932847,1.275995167730213,0
0.02313790041447327,0.020505944,1.0227289085143043,0
0.02839035545132517,0.05507082,0.6815034712505454,0
0.028297081541897053,0.018507877,1.3279818314773995,0
0.023996963562106743,0.054942522,1.0456840553947893,0
0.010279113303958103,0.019468782,0.4073977250642293,0
0.01971435760103989,0.054073825,0.2817544967792288,0
0.02462493832721185,0.020606043,1.2364448633430636,0
0.03334737439941571,0.027848685,1.7500454025722258,0
0.034623498746248135,0.10784908,1.3228566682134084,0
0.026265093143665746,0.010462908,1.4269304255828374,0
0.01491052945618716,0.023555739,0.6760395759814166,0
0.010245166664890538,0.02697106,0.32706696704185173,0
0.021758206337156215,0.04245184,0.8935326394846204,0
0.01997601257181547,0.025559418,0.8115209581314742,0
0.010870564078803654,0.029244486,0.3196916359249836,0
0.018129610185698752,0.08995795,0.49238816166638616,0
0.031262593024357216,0.03640658,1.4973620763119821,0
0.01782752079415722,0.02825254,0.4147000951805281,0
0.014128086587057536,0.016101655,0.595391069697518,0
0.04910588211978861,0.025907908,2.648251874539322,0
0.025436529795450948,0.027269829,1.2277200145659326,0
0.0286977309842448,0.049393017,0.3986443116963972,0
0.042276348871841694,0.07841156,0.7683897689189522,0
0.030011173863704818,0.044692375,1.4267859401445855,0
0.01856450386556869,0.046290927,0.5804740982684753,0
0.023771405390267394,0.010736994,1.1187977757261405,0
0.008903354800560842,0.030661719,0.17621217970509195,0
0.018378365687882973,0.03557052,0.27187978314030936,0
0.026370365951956347,0.025062304,1.0247728662214257,0
0.009417285837919592,0.01671638,0.30010275321573276,0
0.02027311004851667,0.10462619,0.5402189867106777,0
0.018159343564371776,0.015716327,0.9283619897131691,0
0.02411779282107715,0.02907465,1.1636533313783988,0
0.014169296720851876,0.03931209,0.5358484043800661,0
0.018693804461275658,0.043878183,0.7078518946566565,0
0.003432136792174704,0.010767172,0.07423364789577964,0
0.011880413148498569,0.029531782,0.33270331609123593,0
0.032647745505409845,0.02598958,1.7116401931016514,0
0.01597576112292181,0.016367,0.7128107821172832,0
0.01584315533857894,0.022843244,0.7072691974200663,0
0.020295363208032425,0.030266998,0.9400885242289263,0
0.021221881751746406,0.05300993,0.22502261103012003,0
0.020198727955138985,0.05827826,0.5072498682463719,0
0.013846143133212618,0.008200356,0.6842701480649304,0
0.02293453875445036,0.039636333,0.6518268557798533,0
0.04118720202941646,0.023643035,2.1979658102842694,0
0.03181646995178365,0.0486287,0.9123952644813318,0
0.048767080587891164,0.06980216,2.09729843375936,0
0.02750234023062988,0.05343603,1.1951881738475403,0
0.022186740375436033,0.080640204,0.802379038301577,0
0.01804481949211085,0.029413488,0.4938342240248814,0
0.0299631036164804,0.10386999,1.0957120483362204,0
0.03639736778697031,0.16131161,1.1065174367659372,0
0.020089660178688226,0.058474082,0.7681121544977292,0
0.021977639834303953,0.07533026,0.7668113086366672,0
0.014305252771032612,0.025762226,0.5535114975454882,0
0.017727194905660364,0.054460425,0.5365005053018689,0
0.029195471108178276,0.08649882,0.9659912210725323,0
0.012714181339344367,0.018588714,0.5667144564532612,0
0.024753311439232706,0.052735165,0.43238820832035624,0
0.01662407998741437,0.015727079,0.8306891926352146,0
0.036144167028157426,0.07716892,1.589537569563721,0
0.012310513951081235,0.02376388,0.45068462715361807,0
0.015938405540552824,0.030396778,0.6706110318981922,0
0.01439089653620346,0.05725953,0.39830584295775673,0
0.024389641293128813,0.11268387,0.6012701932945564,0
0.05222784707247606,0.043806154,2.6401273828117016,0
0.03756709347489151,0.048359957,1.392152607131809,0
0.0270727868103509,0.060046483,0.6012216115314029,0
0.01976196403297611,0.051060904,0.7483016680047582,0
0.01680255385161575,0.033019196,0.6534189753134355,0
0.02024690438950031,0.09182128,0.42490900575666773,0
0.032161497112963094,0.08747261,0.45271275942972505,0
0.037882480176221825,0.10988719,1.5167366392094703,0
0.06541445149744149,0.05725563,2.584119494784089,0
0.01998933156767776,0.0052633663,1.1079023249422773,0
0.011264354607779574,0.019568348,0.2699323130144514,0
0.028885866496959227,0.0621379,0.9790458246006302,0
0.036561277551725974,0.11355044,0.5060704252643643,0
0.04339354125197898,0.030235272,2.1181712822679937,0
0.0147336222025665,0.037620187,0.46635277021324956,0
0.015776277597010772,0.06002422,0.5215354802841602,0
0.01979381869382251,0.04480456,0.6912613805562781,0
0.03075602308595368,0.11528573,0.8339053904728683,0
0.011659470713789527,0.03128609,0.3298388450585672,0
0.03758457672349688,0.039830998,1.3164109583050458,0
0.02082482595826163,0.028948428,0.7926148308937419,0
0.014963829157407956,0.060257193,0.4073931544619841,0
0.021763766693756705,0.026385138,1.031456831183268,0
0.021942183650525394,0.02559729,1.0420870867364067,0
0.034063732338609674,0.077420786,0.23981413660767176,0
0.015714606068869263,0.020312637,0.7617147442575145,0
0.014102851789838998,0.028061034,0.608745708642916,0
0.03378237280028669,0.022008032,1.807200450967378,0
0.055134663477153574,0.022783028,2.9958925719383234,0
0.017506661949466304,0.025110867,0.4566852380654231,0
0.022376212091076625,0.108511254,0.533623885354077,0
0.011030523477471249,0.016251283,0.4181712028373625,0
0.021257293370689868,0.059475005,0.6708102183775037,0
0.029746702733196812,0.05928208,1.1954748223314149,0
0.02049834991960304,0.060054746,0.6879182240547577,0
0.02070608198338746,0.08162868,0.40322940835083415,0
0.01452545264387012,0.053138606,0.45003075991319247,0
0.033135185913678505,0.08252381,1.0496001302625069,0
0.02410027687390503,0.023671633,1.2434516131242401,0
0.00925208962560485,0.008842981,0.4075906097298562,0
0.03535451141432477,0.16874012,0.8605570685104948,0
0.028355334107784257,0.0143309785,1.3294047902055455,0
0.012940521346788308,0.08290478,0.23342886494126144,0
0.025053110355475448,0.052991234,0.3759237086747592,0
0.04980999391966301,0.025966626,2.6087348966650645,0
0.024058272351279886,0.051467773,0.8004973295851384,0
0.028465576207325434,0.05469489,1.2884899855560283,0
0.018586925859506928,0.050600167,0.4941616077839909,0
0.020138610198807236,0.01656363,0.8911696015129756,0
0.017400732341406662,0.035239477,0.534249930798497,0
0.030537863751665388,0.0364427,1.1854677774448448,0
0.012253787740635303,0.014293852,0.573082801441835,0
0.021152833470655365,0.08091433,0.5231804838868851,0
0.0040290746837854385,0.013878938,0.0,0
0.015164527785696914,0.014626527,0.6782093952591863,0
0.011309799152284677,0.04389632,0.3634366000005284,0
0.010753280986423632,0.019387102,0.4753226848910712,0
0.011450880335112303,0.008993539,0.5529628577594893,0
0.024976058184479708,0.066572785,0.7903228041663422,0
0.007888879225738752,0.01713108,0.16467943975661092,0
0.013281567785944413,0.022948172,0.37924066785405747,0
0.03313982895005366,0.08033333,1.2042067673869434,0
0.04079477617728971,0.0140678,2.220648852496428,0
0.020984755594020223,0.05779048,0.8337750523431974,0
0.025741968002600445,0.032247096,0.7918230128025127,0
0.012929203556898106,0.02170127,0.5522491348808343,0
0.032885061443333696,0.052485228,1.3781474849403534,0
0.02435449036935645,0.12589663,0.5047617004880512,0
0.042810984391437726,0.022710718,1.9899424491894744,0
0.01599418896979886,0.020310288,0.5965521178779323,0
0.01757412663976355,0.059370104,0.5762517901089541,0
0.03090858156811829,0.060785156,1.3054084192059938,0
0.017621543327494597,0.07505504,0.4682883922629911,0
0.02097810936845531,0.04209535,0.4821999584508906,0
0.020493534441748177,0.027624125,0.9536618439081342,0
0.017011755503430592,0.0243891,0.4600237731627028,0
0.025108391426753786,0.13565405,0.6215904905640728,0
0.029105854559303104,0.1338695,0.5048113501897584,0
0.03486803164256104,0.058559857,1.5816015868222673,0
0.01833311887997872,0.08849004,0.30279858795656633,0
0.022152063675266107,0.08646047,0.5604146871847651,0
0.02037747739778583,0.06317219,0.5530985137040978,0
0.012972810809901415,0.040616434,0.26315595847182255,0
0.01475875254035261,0.04912072,0.1683970798911615,0
0.012432940701126518,0.042182975,0.284542155063683,0
0.02239157795865305,0.016750593,1.142967858284154,0
0.022785594766876905,0.046392612,0.3921384537510668,0
0.03204162473685489,0.05188097,1.4884098824728493,0
0.02667524994416349,0.073382236,1.0787437774095407,0
0.02696448806147155,0.08549197,0.6331032859316467,0
0.0252285502766009,0.024658807,1.1743764875212732,0
0.024536612038475392,0.041249003,0.9520064708983593,0
0.07076722900188948,0.21098787,2.8399050142471878,0
0.008284949840239116,0.01835921,0.20012575147581219,0
0.0063944150989701295,0.012165264,0.12645142393033856,0
0.036445800534061025,0.11839876,1.400970854793094,0
0.052302499602273934,0.03977458,2.68038745494847,0
0.015290485048477385,0.068994276,0.2367861329775259,0
0.023759434755774692,0.04146282,1.0182608131262432,0
0.34912358960117806,0.3332584,12.119215731017343,0
0.013241078694191027,0.012330988,0.49386605876918593,0
0.0159651468323668,0.028263973,0.6173268715436887,0
0.007984966150227334,0.011069667,0.33377512937442383,0
0.023098473757903498,0.03642382,0.9780789453782422,0
0.03161041058788741,0.026516037,1.5785812572598952,0
0.01724456480480073,0.026452996,0.8149779699334546,0
0.02629655596780063,0.11990737,0.7364790194660428,0
0.010710197512734259,0.0077932854,0.5247254083332277,0
0.01829863749604207,0.036168355,0.6312407684431447,0
0.011628978405881504,0.049473092,0.2503586355439519,0
0.034552907354551084,0.21616139,0.6954804780073862,0
0.024021327157664456,0.018055674,1.2350065317892547,0
0.03595499364905215,0.080300935,1.5243810670008522,0
0.020399780312632003,0.058533825,0.5158838316718112,0
0.01690104605016846,0.050211985,0.5229565828082294,0
0.027061407629283156,0.031993542,1.2451138004038083,0
0.019578175440971953,0.030115774,0.8387690177717028,0
0.026060747797423685,0.09883881,0.12995261321142895,0
0.028851066145753133,0.038425226,1.4032271408230206,0
0.03472997500689358,0.05342023,1.6063520748131461,0
0.016372357453731702,0.03884261,0.4778004915702034,0
0.03213069365759486,0.042974938,1.4541334065726357,0
0.016290923549706467,0.017394217,0.6581841606502196,0
0.037129065990401375,0.07613059,1.2562539644488768,0
0.03135644297551459,0.0808869,0.8946995140852894,0
0.011717998285931897,0.022763323,0.5090080206310649,0
0.014795827443653384,0.034912553,0.6086949460641151,0
0.03859674059514189,0.035380024,1.981908715554628,0
0.03169660630618425,0.21757738,0.5583173716130686,0
0.019127741793745236,0.028749544,0.8459865028953935,0
0.02521444290453803,0.0798542,0.6317221641110777,0
0.0212700701379435,0.018770378,0.8206965558975374,0
0.04904728439946128,0.05285313,1.576077709652174,0
0.028349755942500974,0.06881918,1.0776377203184648,0
0.03548198210830507,0.15033244,1.0492953985218612,0
0.04194538177086289,0.16225176,1.4386282697357926,0
0.029315708903092902,0.1332067,0.7816761303554687,0
0.04444832276649148,0.06798584,1.7396182409004446,0
0.025430702170451458,0.062213726,0.8790379041613378,0
0.006508542105598569,0.025019355,0.18086593703472648,0
0.01399243889188686,0.06064712,0.450054923934045,0
0.01101795399374884,0.010753848,0.5411359319414092,0
0.026936226806211876,0.11276573,0.8822245485809249,0
0.04673534005103251,0.19443026,1.4675638613946729,0
0.012046550812608987,0.012075293,0.49075557213756266,0
0.019178205345516015,0.047210097,0.6093671829834055,0
0.01642691262461839,0.059038453,0.5132823994952833,0
0.021604604371036493,0.018402006,1.0862815194001485,0
0.013625907628001012,0.024232728,0.21440673024541232,0
0.03293808072688747,0.10615412,1.1323608343269929,0
0.01113648450943169,0.047037616,0.12714243407921458,0
0.01851401060612065,0.054282892,0.7248814141768412,0
0.0290987144702161,0.055169478,0.8005053078092059,0
0.016082967822284067,0.065423176,0.3167439505521541,0
0.0291809756761348,0.05209432,1.3477849297710012,0
0.03513874961696639,0.051078644,1.5332752349727052,0
0.006636464096626089,0.022576548,0.05895755600157371,0
0.014665381045312703,0.051090993,0.3468549349395843,0
0.05095039958433716,0.070521004,2.50528926755951,0
0.02242731264935016,0.036979843,1.0393888976685028,0
0.009052873773668011,0.024432592,0.2693224270374459,0
0.014982907421430828,0.050392594,0.5406595702969483,0
0.05743717265247675,0.18603832,2.137509756710375,0
0.028985674225961287,0.13672349,0.833622331743195,0
0.03197866792464355,0.027087983,1.6750568017388143,0
0.07100400024034613,0.023111772,3.882691482258713,0
0.01913280979285792,0.028721036,0.8441710451566465,0
0.04472565696551665,0.069598466,2.159470226845685,0
0.018369940422619434,0.038601194,0.33296122788760485,0
0.02367495783303895,0.063643835,0.5457832027258469,0
0.024203765143990925,0.058008544,0.7159256976502486,0
0.01294317967958197,0.023622198,0.4814006363617612,0
0.021714098734112675,0.07125048,0.6668311542261375,0
0.029013990036345874,0.07354068,0.6441007436710069,0
0.022020833434410386,0.051459048,0.8810994913085972,0
0.027863029390017016,0.040789157,1.217561874452033,0
0.044728730223229186,0.14835088,1.6787434976540823,0
0.040418838227283524,0.05686167,1.250014108644856,0
0.020179201038321444,0.018331958,0.8279911564818189,0
0.04169166142869643,0.11112906,1.6459312802442636,0
0.02396104855960946,0.046433188,0.5037861079401096,0
0.04089418130955108,0.05093478,2.0442855613287616,0
0.02107330257260339,0.05642581,0.593349543784705,0
0.0271206313304959,0.024976427,1.3660622280678987,0
0.0196614011145577,0.038534056,0.3013533193595585,0
0.020037189811242435,0.03982724,0.7339402309997718,0
0.018024675997176078,0.019000236,0.8695245150959694,0
0.017575996824028432,0.018186422,0.7680205619088543,0
0.04976925270733754,0.2526378,1.2994018777929774,0
0.017534827085412215,0.06379037,0.5848868794363491,0
0.03184898985723063,0.024822451,1.3624789032034106,0
0.02706983936783415,0.058154304,0.5050659526745308,0
0.028113671946976747,0.040734295,0.7829369217098047,0
0.02399847220648306,0.038747627,1.07889090872895,0
0.024711930405725925,0.035650786,1.0371720283388552,0
0.024004797934354657,0.09432132,0.765051384245811,0
0.022945855646562863,0.06324802,0.5827955970133386,0
0.05691761992668658,0.023238705,3.097717907748963,0
0.0323955914884986,0.06370092,1.453611237550213,0
0.017625798444790695,0.034427322,0.7964285103810241,0
0.007041078558496529,0.005557407,0.3400375945868763,0
0.027277982044136576,0.07081947,1.0459201648676826,0
0.016430755770610796,0.03039746,0.6602161261296327,0
0.023363497631127654,0.03700246,1.04990189121819,0
0.04686711680709647,0.19814855,1.4498715484516944,0
0.018023364072145262,0.024911305,0.6250225168237238,0
0.014783212298435723,0.031968597,0.41716678827649906,0
0.019161283728957264,0.023308832,0.8206644238482819,0
0.014389059257730057,0.017122926,0.5263169141970291,0
0.02369750486124459,0.062303957,0.5702814204005042,0
0.04111208467867437,0.0841001,1.6136514435481841,0
0.01885961280915776,0.0464918,0.7782499264773185,0
0.017506899333546298,0.029252514,0.6973067668370158,0
0.019677849622760063,0.07629808,0.5706439568300035,0
0.03577900403261411,0.043796863,1.3514663751753981,0
0.01605677556330329,0.040152337,0.35230715946601054,0
0.02500979449952359,0.044591885,0.9002957916476478,0
0.03071535843916735,0.050866652,1.1549700473587687,0
0.02545624705236991,0.049532764,0.8475678933703573,0
0.013008348372085195,0.019157251,0.5947387997934013,0
0.02089257977864315,0.05882404,0.8317956566845129,0
0.020999526366362792,0.03600474,0.3002658811325648,0
0.025384567488441277,0.017816314,1.0390750400685613,0
0.0169525508589921,0.021002237,0.7205957299673188,0
0.025610230972715302,0.09053055,0.6693701776079987,0
0.03128090100909852,0.032712575,1.2882867334168067,0
0.03125848805885869,0.032284934,1.3742154105240956,0
0.013826372162615107,0.021211669,0.607861293101363,0
0.01487576082015919,0.043266285,0.19967105848399272,0
0.011377730495923315,0.016498946,0.3352999145157963,0
0.02822196674107709,0.15826187,0.5609319560542027,0
0.014133343856992595,0.078893304,0.22579519034338538,0
0.026631598049338737,0.11914737,0.718501625170278,0
0.015133677372142546,0.008424745,0.7982051065545192,0
0.013664113813215714,0.029911209,0.39987812013426344,0
0.014215637367639845,0.060453642,0.4261247445798373,0
0.015089393396550896,0.037511174,0.5763550697878295,0
0.014761352238297118,0.039305508,0.5614342808025533,0
0.0062140919184938085,0.017241638,0.183085269282281,0
0.010008256389043214,0.023728065,0.2612622313643151,0
0.029300984278071374,0.11317426,0.8143358300262045,0
0.015194982330001713,0.043446325,0.52116595422847,0
0.01736816849816388,0.03804143,0.604555300520047,0
0.016040971414006067,0.056329966,0.43971177887337143,0
0.010697888112169639,0.017577434,0.2828783886646414,0
0.03504209773786532,0.028089432,1.4943712157098998,0
0.03167652842823643,0.050618753,1.4948354802459698,0
0.030638678230620768,0.10906463,0.9987658223364013,0
0.048610515763277476,0.033506017,2.542024152841386,0
0.02555008733362333,0.046466384,0.6184208755762667,0
0.027531811002512296,0.031544287,0.8481840416220201,0
0.02174278663661601,0.037858665,1.0017509423056716,0
0.02289484854319358,0.010591935,1.2301545053577785,0
0.03201357935964813,0.043582465,1.429257803193046,0
0.06428530067313086,0.1481219,0.872479826902649,0
0.021644217014210446,0.04096489,0.7149109942091153,0
0.01399647678452341,0.018571943,0.6596406342059152,0
0.0407864990174736,0.060282275,1.477727320440751,0
0.013999961327075353,0.03485337,0.5563195221483688,0
0.01653161479381412,0.026843239,0.4840849735357379,0
0.012823915693056045,0.011366715,0.5668115793478815,0
0.04728832832178611,0.23280069,1.2378045491436942,0
0.025975778176060598,0.07720915,0.9325616092781304,0
0.016972168607383646,0.03694692,0.58082630846999,0
0.01922553873359592,0.038521904,0.7894832915207504,0
0.01160359733249358,0.02693197,0.41165308748531804,0
0.04461182461213596,0.08857525,0.8833837932823276,0
0.014284484198308677,0.01516624,0.6425201437070119,0
0.021197753416707286,0.074689694,0.41980457961064216,0
0.011114509591803363,0.024576228,0.49323532351702065,0
0.019747877892129475,0.023360346,0.994921075754387,0
0.018223727483810907,0.018622644,0.8866298384198394,0
0.02436388276450828,0.0704584,0.9169220491942348,0
0.01508159291298751,0.03491999,0.35672264210029625,0
0.029582902172282592,0.05405971,1.3754836834784678,0
0.035111974615923594,0.01564134,1.8774709754733259,0
0.01005890782277944,0.005670653,0.4691102939477892,0
0.059446991250402384,0.08163745,1.854165564179012,0
0.020851846268187833,0.0366244,0.6899747947665981,0
0.019715151356626853,0.0617544,0.7110563407835891,0
0.007242787427478076,0.004734993,0.3504306344847048,0
0.029886487209904167,0.14203818,0.7816043354759539,0
0.0161349067586432,0.02305955,0.513977669469087,0
0.013819455762136152,0.037588205,0.47399515205515363,0
0.02630362204829605,0.11263883,0.7672356892629328,0
0.021259626009073582,0.11231219,0.18453322763003202,0
0.022719917659198063,0.082868725,0.7564112114732945,0
0.014837353060315209,0.022992462,0.7064662247547139,0
0.02933749126278272,0.18538073,0.6127539531657773,0
0.019132743030771622,0.036799375,0.8493621391236206,0
0.03132357821985857,0.08366678,1.3153188242177951,0
0.013012678623960824,0.056921177,0.33729191171409556,0
0.025286935006295478,0.027371068,1.2796909409416537,0
0.019747803302807558,0.03346453,0.8866858379564341,0
0.017070457993649306,0.029179936,0.7974738084573503,0
0.014265224891498736,0.014727641,0.7024320539070745,0
0.010477232124306648,0.040012844,0.33787541535155574,0
0.032006746508050216,0.11136099,1.0886134992193852,0
0.05745901092405904,0.105154686,2.61320445346894,0
0.017127896992855447,0.032906655,0.7835330004673159,0
0.024232013817978904,0.041588496,0.45392224417682187,0
0.021851765860325837,0.028304216,0.8813689942780796,0
0.0179992742451446,0.018673098,0.7572584073347153,0
0.03251237964743181,0.014865684,1.5796280586254425,0
0.03283902115573567,0.10802313,1.1583623824113747,0
0.012502085209853929,0.030092664,0.31268602162499354,0
0.029651526091511494,0.069652036,1.1930804066248721,0
0.026050631369657885,0.07328005,0.3601819386809439,0
0.04000824434342955,0.043122455,1.6410099511655976,0
0.012656056315848114,0.013880975,0.5356712323348823,0
0.016656353608721995,0.017721228,0.6749896563737271,0
0.02645128083622044,0.054523725,1.0992511269887926,0
0.0070241176231334995,0.040468697,0.0786604535370942,0
0.01816577792067619,0.053584103,0.7123540202074202,0
0.026294739059637584,0.045005623,0.7338195204124534,0
0.017098867700415563,0.046096575,0.6200435799672414,0
0.027409745596918184,0.04879083,0.8396883144914626,0
0.033689654893929256,0.032698628,1.7230458319359625,0
0.0318915144683498,0.07415378,1.342730395913244,0
0.023765149890479408,0.086302854,0.7160125935398999,0
0.027989958601187206,0.032767307,1.364928445975994,0
0.030018461901564705,0.09495536,1.0569578487904205,0
0.050336191176582654,0.10407292,0.29521644945954245,0
0.02560282412632507,0.107243694,0.6548436970900819,0
0.014709652489882897,0.05829176,0.11520395202053038,0
0.014623023264855407,0.047306024,0.4546958408305684,0
0.0098483146887464,0.005217475,0.4968993171457462,0
0.043372284494445384,0.19204734,1.2346915814648507,0
0.058900331518711053,0.052948996,2.255047753787762,0
0.02218587620884556,0.036485527,0.5821042694029543,0
0.03733203451429523,0.0798549,1.61829186562263,0
0.02442622447246274,0.07765904,0.8865163361477879,0
0.016598695976708273,0.044236712,0.5507737331251196,0
0.03508428255999382,0.123944245,0.7706238597627733,0
0.026264220737263602,0.0745029,0.8919185601795007,0
0.04859332650274773,0.046712264,1.863407782188359,0
0.024130760868088783,0.10490165,0.6834015244022084,0
0.022708252164048585,0.046576384,0.795703649987252,0
0.02889160277082622,0.08207153,1.1478451068256714,0
0.008226476767471784,0.010616343,0.3228887310162196,0
0.01796185513602871,0.017269792,0.8718138485086699,0
0.02431883848967059,0.084759854,0.5617706260193049,0
0.025300997490708303,0.053217992,1.128964886466851,0
0.058408819642357494,0.054871347,2.015598991472857,0
0.025334718635214505,0.05367871,0.996926993984559,0
0.014753149074029689,0.031685047,0.5463872363599682,0
0.05692686768955832,0.23195222,1.7585900831148344,0
0.01138122810977368,0.06234404,0.25409024777377537,0
0.022377754512877938,0.056746412,0.9428866946741827,0
0.024930592297952234,0.022140918,1.1579662673657418,0
0.016587405444632095,0.045034647,0.6550137795043521,0
0.022570376017473543,0.09244306,0.7094661945854244,0
0.018692179787795995,0.031290837,0.33174021864745457,0
0.024290943338508845,0.030435557,1.1356574106276864,0
0.03779181259691824,0.019001812,2.000020730677593,0
0.031558378698449546,0.063050725,0.6859861596125423,0
0.012940097484017917,0.03128909,0.35518447773679895,0
0.014646475586724826,0.016681874,0.5245579098933472,0
0.015130249795816118,0.017268755,0.4953743579447103,0
0.043885548434218734,0.056415353,2.046796482552122,0
0.028035128593687512,0.062537186,1.0848692074670347,0
0.032558865242491714,0.020711109,1.5185768144100056,0
0.011439187372705153,0.0039135693,0.5659648846890837,0
0.013971152756080457,0.017945778,0.6278226798864146,0
0.013651176416056031,0.037157517,0.44893729190199944,0
0.023638605191275638,0.1656722,0.36888811463538157,0
0.014496427203893988,0.036764596,0.23540594819934293,0
0.05049889514257428,0.07500987,2.4500220606949847,0
0.013081748893151628,0.028199738,0.511774277365906,0
0.023875568531259963,0.0566686,0.22050318600482188,0
0.02369497879260636,0.03851622,0.5709571638028211,0
0.046297695538584815,0.16156688,1.6914931492158118,0
0.030072043583259482,0.047478065,1.4411161233174905,0
0.03259128381623429,0.046657693,0.6843577691533302,0
0.026787212309579676,0.040422726,1.2224433095736247,0
0.020374928234633202,0.042634066,0.48980367663854457,0
0.035642934148381766,0.07510735,1.0138582926775597,0
0.030662654805165702,0.11430081,1.0106018278478797,0
0.019804610944094664,0.04644306,0.3855368087303902,0
0.010936216331507256,0.0032278139,0.577073684811191,0
0.049420489678868404,0.063275926,2.372352908746437,0
0.01862417460949793,0.045772295,0.5423234349111243,0
0.01917016115859988,0.026132153,0.9032312359327391,0
0.02100880010002576,0.04810093,0.3457525715534532,0
0.018136427470615994,0.024119886,0.505899076467801,0
0.013066863583677334,0.024660923,0.45399512027753225,0
0.012883810304224858,0.017970162,0.3700540717483545,0
0.037951781807061324,0.056910675,1.6206369997912005,0
0.021861851285842903,0.011753309,1.1178279631897203,0
0.02531602263558676,0.030826965,0.872786188634795,0
0.034879499762646204,0.08144452,0.7879101158288466,0
0.01195337622942188,0.027542396,0.49588518043974167,0
0.016766828346157524,0.061921135,0.5204234277383851,0
0.016745105115665432,0.024998195,0.6493158399935057,0
0.029582383551127373,0.05343218,0.620258361641045,0
0.02011558302526479,0.03955591,0.7881386663926185,0
0.011259761105840878,0.028568124,0.25629363999373705,0
0.020708518603458723,0.044517916,0.7884056696527364,0
0.019934720380302712,0.09530799,0.4840329360160362,0
0.027625728414758393,0.01917537,1.2721963451394525,0
0.02769173084276849,0.03422783,1.329615641336716,0
0.008507998256127487,0.009678458,0.37121571563755584,0
0.0233468548716695,0.116221294,0.5268470970408516,0
0.01934773185253902,0.021262035,0.9049124139352129,0
0.014280143783867062,0.020711603,0.6012870262254273,0
0.01934981788453826,0.054176215,0.45100682239531054,0
0.03952374742599725,0.13747536,1.3964240464168698,0
0.020332771249851594,0.006487173,1.0946324040122668,0
0.022442718998533402,0.033122867,0.7144303184250884,0
0.041026504613142806,0.059071068,0.8627242834261266,0
0.015336012230821157,0.027299508,0.6455140945703346,0
0.01390378331732971,0.034623403,0.3579676615985097,0
0.032323290935748504,0.015176381,1.638728527146529,0
0.03265976516271337,0.117827624,0.829518247373594,0
0.02976555519111824,0.031796794,1.1026283615718608,0
0.015891465651041548,0.042292222,0.649836380674529,0
0.01322577603379165,0.034117505,0.41406169593757497,0
0.01870926560135877,0.032633353,0.31996207783185765,0
0.032115812275416794,0.040376894,0.9525942560008291,0
0.020754314688490063,0.05326072,0.7811546326072971,0
0.03401699962317607,0.04509485,1.5968599267238668,0
0.08845718906393998,0.3511418,3.05171163412877,0
0.029464187314960685,0.046495646,1.3029780447351202,0
0.06012640344008337,0.08890697,1.484311636179206,0
0.016701375720830244,0.04619496,0.39863415275633207,0
0.013272763799560801,0.023199145,0.5964590684942014,0
0.01618326257235574,0.05285048,0.6056217678554429,0
0.022618585906360587,0.084179014,0.5627591192738265,0
0.027531337204073365,0.07929485,0.4662899830990023,0
0.017259095391651283,0.028379574,0.6442066907521105,0
0.008926078282671609,0.015375412,0.334782393255744,0
0.017864206161125808,0.041160654,0.560374082335266,0
0.018915759546805352,0.008081116,0.9145062293659614,0
0.021116739442661746,0.035959892,0.8635139936564883,0
0.12701641524171026,0.017965602,6.830173608898171,0
0.15097692791180173,0.034141667,7.863832270634836,0
0.02111331954569895,0.044583425,0.7451122862578239,0
0.01636807141946802,0.015417681,0.6043259789754064,0
0.028221271729046885,0.08311625,1.1107264717698602,0
0.014514574088933245,0.035088394,0.3686797512804351,0
0.02108656866827194,0.010633018,1.081811688840353,0
0.02947720436335636,0.05379629,0.9358640986403185,0
0.01802156702815679,0.06182274,0.6059519850603272,0
0.043566398186634325,0.07089163,1.922983617410607,0
0.008645730930181252,0.0123442365,0.36443763775135307,0
0.008013934519962414,0.0052620457,0.37780027694474644,0
0.012205946956606083,0.018857412,0.5458609410608629,0
0.018610321227234772,0.058792792,0.6770294419294097,0
0.01952268281759655,0.01942,0.9745191875740259,0
0.020187384625914757,0.030567413,0.8070689562487692,0
0.02515289504405884,0.1403605,0.3180198725060617,0
0.018458471108361112,0.043812618,0.6113171618321755,0
0.01301605983602197,0.03558844,0.46429714750068973,0
0.0387713777602208,0.047695376,1.8362481668511357,0
0.031451373394033005,0.16237712,0.5622236616855922,0
0.03775769912497441,0.04766828,1.0958142449687096,0
0.02190476614279039,0.08273586,0.658337524306279,0
0.012118596385964365,0.018427642,0.5070891075115181,0
0.01657176092520577,0.007820921,0.8657998712954715,0
0.02426142998214658,0.046242233,0.4265709312457829,0
0.023481485925610675,0.12635882,0.3882007132019897,0
0.014907457863606982,0.03201525,0.5946901101176797,0
0.027007153288786268,0.037400797,0.6178915709408519,0
0.030335255429238574,0.083234645,0.43806733566071276,0
0.023850812664928396,0.05659815,0.8027490432766053,0
0.0221809322837778,0.016500352,0.943226829595654,0
0.020620783304590676,0.049894705,0.6323684474061743,0
0.04537249843750415,0.07264377,2.1732518272748154,0
0.03073934235299023,0.027901148,1.5846402542868132,0
0.01740619882793932,0.052950718,0.6176046840563043,0
0.014726472840610053,0.022411259,0.4992004535936365,0
0.020673003594791434,0.035490703,0.8952668633617709,0
0.028670810063463222,0.074315995,0.29389417637982324,0
0.01796481473634253,0.016888544,0.7531285112637419,0
0.030622412935077174,0.016871259,1.340197095015683,0
0.025866262999110105,0.052413013,1.169383076123498,0
0.05202869476228421,0.055952113,2.032032483921319,0
0.03662143394200596,0.079449765,1.5007184003977783,0
0.010989732384061658,0.01469451,0.38268772427057896,0
0.010163912075295017,0.01019451,0.47164351813626854,0
0.0657190585987412,0.12343843,0.8871375115907768,0
0.0270254308094581,0.038001124,0.6009078433784178,0
0.01497957553864256,0.0204075,0.5852493887059353,0
0.01055981041648273,0.029168483,0.2364645960535874,0
0.012464116840250472,0.04385644,0.2417374462192908,0
0.013857568034581989,0.046658434,0.5180395330526536,0
0.044376390400208535,0.17971233,1.4312202700318783,0
0.01904414399389382,0.045772836,0.7574343567357592,0
0.016057255595350404,0.0277131,0.6839698560321087,0
0.028304077996890463,0.12789834,0.7945307377019416,0
0.02044119157360643,0.04157094,0.8702240141260926,0
0.010471235963248067,0.06230064,0.16487033466210238,0
0.010259629704186679,0.011100972,0.5032632463825091,0
0.025384746665334506,0.041103143,1.1177779699688828,0
0.08975983521183678,0.25286248,2.7800633595415194,0
0.022040934975887046,0.03148401,0.9216768642748026,0
0.012981860632929363,0.024240572,0.5322384604567045,0
0.01974936006895978,0.06627921,0.7031075120452999,0
0.025391395803651066,0.04567338,0.665898548608808,0
0.03420448422865058,0.019524923,1.7740061021934501,0
0.026071177168648475,0.032589346,1.26554442441373,0
0.019379545522113698,0.020877277,0.8822540974000475,0
0.021227984675779236,0.11949652,0.21040338964527835,0
0.02299115885998774,0.022686213,1.163807037082471,0
0.022486128358643345,0.04520867,0.7350537782312512,0
0.035792806310683906,0.062341116,0.9826404866650185,0
0.03708201822051255,0.19812807,0.5772007108680827,0
0.017946857854429184,0.036810603,0.4614962394305944,0
0.024545889719460364,0.036113545,1.134946302136444,0
0.011944219893015154,0.04253049,0.35013008860329436,0
0.02050744649671426,0.044278376,0.49139246404034476,0
0.010155100514476465,0.025273148,0.30885713349128174,0
0.024549137176589138,0.0038737496,1.3482842689476289,0
0.018749651245305483,0.0340653,0.5976402038138638,0
0.024566646574195675,0.02002425,1.1796495168917047,0
0.02895842119322687,0.025791898,1.5082310729441035,0
0.017968755737866854,0.053540476,0.4823769640641981,0
0.00847483878616867,0.023444096,0.268970600694885,0
0.023059835620498095,0.020147387,1.0358448228991033,0
0.011840005576486783,0.024380013,0.49470870374483744,0
0.012242233551156396,0.05194472,0.151317941631013,0
0.020030372183836728,0.021562552,0.9977717558455862,0
0.02602895782786933,0.04406136,1.087169649472109,0
0.006710445447519618,0.008561243,0.3061714236209004,0
0.01744249287575838,0.03131723,0.48057931988168634,0
0.023537731158444986,0.03477675,0.832360490239874,0
0.01592105969875507,0.012046915,0.6927197562899051,0
0.02093615138422023,0.04675404,0.7984516152555454,0
0.009739559563615925,0.008055755,0.48744960094250245,0
0.012558104503833122,0.0231121,0.5692284475937083,0
0.018800351351346466,0.01139635,0.9239873133344434,0
0.02928597353660064,0.06804812,1.2471605335528064,0
0.030233304235352986,0.043827903,1.095036324133513,0
0.010586952778991406,0.03346759,0.34261122604454725,0
0.019704784371603692,0.048863634,0.7319694747335197,0
0.00597068050555773,0.015200182,0.14912938325577862,0
0.03053123697147282,0.06817137,0.9852374494845642,0
0.020336966625831905,0.036136147,0.658736561406306,0
0.01997064262096387,0.029191434,0.883995805087567,0
0.025525533741397603,0.06887254,1.0137195028529744,0
0.033697759795612,0.16377933,0.9073997061912764,0
0.033080515956520826,0.14967938,1.029932044553169,0
0.01867625918586302,0.024720186,0.8076621642456363,0
0.01613701734543327,0.032236703,0.7188950292787557,0
0.014182592600809136,0.021913106,0.65469051255771,0
0.040739284698584566,0.049265325,1.55591954009569,0
0.01603732699278168,0.06352028,0.4599232601852272,0
0.05282846931352125,0.045916762,2.7251095687336147,0
0.05075364068041273,0.085583344,1.8987795008509536,0
0.01593833751972711,0.05332443,0.5450012897767474,0
0.03247510186623265,0.039804205,1.594223707960417,0
0.02180249435577011,0.049411748,0.9321939860177594,0
0.018542245719657596,0.034621198,0.7678691425716722,0
0.03020452022717585,0.06854898,1.1411444449544568,0
0.02407222308357435,0.028106842,1.1712824588178314,0
0.03577995962488606,0.03911413,1.1563575423913937,0
0.020110379580502036,0.009705882,1.0318620057547412,0
0.04323751381161853,0.08673223,1.7254801113334415,0
0.019993491868034254,0.026734143,0.9599747062700202,0
0.034910743014866026,0.05256848,1.5716880734659624,0
0.030076767424315188,0.043274917,1.2747260015782365,0
0.02719071743925472,0.066220716,1.1397185307644868,0
0.01723109072053858,0.06055761,0.4687432778255963,0
0.020192102448179178,0.0313645,0.8056309732085696,0
0.049934331274014615,0.086849466,1.521968595080093,0
0.015985965031576364,0.036065202,0.5849170300892743,0
0.030686518992505372,0.018602958,1.598459439784457,0
0.023612693282300482,0.043089822,1.0370734242106978,0
0.022518480687929124,0.050491024,0.8537003299106563,0
0.011999052345362877,0.036141474,0.43724250256570457,0
0.0658552878471691,0.28605086,1.9768091920522226,0
0.026336453628227258,0.06607092,1.0726844778476747,0
0.019641703915700328,0.029833168,0.9228754432253153,0
0.02046404273317886,0.10663167,0.381713796679366,0
0.018663847196718743,0.032839745,0.25110429194199846,0
0.018707323610713172,0.053963523,0.6092452314063637,0
0.02263713992590573,0.04845197,0.1985368392853144,0
0.03100448418448462,0.034408245,1.0261862652075364,0
0.029515823786713177,0.02972265,1.4689141816801785,0
0.024124222951895185,0.080069825,0.9144280822271305,0
0.023140264827783502,0.022553416,1.1116393496086359,0
0.013671645012599189,0.05121372,0.22119215727782848,0
0.024189146648676715,0.0055321488,1.3265777670924168,0
0.027162562632171604,0.042010084,1.0799103531481125,0
0.029474251607724475,0.13876688,0.6425141173629054,0
0.023128589995498133,0.05392663,1.0012555148688729,0
0.02376105367055832,0.06202246,0.6297230634130041,0
0.02795912599593872,0.08270755,0.8240028230402028,0
0.05583302348237172,0.030155325,2.567092473864291,0
0.012680531524482553,0.083920315,0.15181253619060348,0
0.011972031020891394,0.048649665,0.31123752250757164,0
0.016818675434084048,0.026716512,0.4453674600822739,0
0.018484396458901785,0.010668551,0.9283202021819569,0
0.02582344249626524,0.04179534,1.0715739313202666,0
0.02359028301595513,0.04540774,0.9307545747119039,0
0.037453507782545865,0.0721107,1.7136926891283735,0
0.023348023276101977,0.028497139,0.8785638231416174,0
0.03264019379250692,0.02783661,1.7019906784673895,0
0.018845285937655935,0.015680248,0.8455090478000191,0
0.01993300683185556,0.07114071,0.6692961125166786,0
0.020685715050712983,0.06424747,0.5380808305501503,0
0.01715393724155071,0.03679328,0.4887358862717285,0
0.018613684896266233,0.02958634,0.7940858222134369,0
0.01461290778646742,0.028202476,0.4385506656991185,0
0.021646227072335947,0.03265518,0.842761131582261,0
0.011819384933868074,0.05140767,0.20479868325259526,0
0.010248996896879817,0.014709554,0.4958992010939322,0
0.017864658791919716,0.03359327,0.4015435298141307,0
0.012380366006221626,0.03399521,0.3553385786548951,0
0.014140682965563173,0.08517487,0.11932178903614016,0
0.023237031481939847,0.04757736,0.40237084989173366,0
0.023433031156985064,0.054568324,0.19940233642645777,0
0.023508184211665305,0.038307145,0.7827780236914738,0
0.026675569797702116,0.11768103,0.8427244263300658,0
0.025540131826212814,0.12932211,0.710143611621942,0
0.01629019676406771,0.052639525,0.13818996606292405,0
0.03723251862026704,0.062467992,1.767437643780099,0
0.021359935731640182,0.062435456,0.8003148950329484,0
0.00771849947055447,0.012569154,0.3195674597867141,0
0.01162163590271177,0.04681687,0.24379303868450108,0
0.012710152855070146,0.035206545,0.4593724946804546,0
0.016365274083855554,0.048550703,0.6539549810555467,0
0.010122371310364697,0.009023596,0.46461483690780103,0
0.023874439389783977,0.011505479,1.270645549619732,0
0.029128372141108003,0.04712724,1.0979458351883813,0
0.016317875354853656,0.007184857,0.8442738201388357,0
0.03213231773985618,0.07067225,1.3518000090233544,0
0.009657649363387314,0.01922838,0.43466901222631954,0
0.018684663065293643,0.080847636,0.5787327713300403,0
0.032670089175545314,0.08054684,1.323191744729449,0
0.021029371104980592,0.06693777,0.42996778740910974,0
0.013323110537480257,0.037098914,0.47772514894436574,0
0.023901285817820694,0.018677726,1.2101303207733347,0
0.02224126450523223,0.055455517,0.3831119229116221,0
0.02297368895667866,0.023215469,1.1350425403170208,0
0.017889833474198216,0.036297526,0.6468978044533922,0
0.036973016200099434,0.19568421,0.9475379417503714,0
0.021918414020043027,0.04849973,0.9432383907934788,0
0.020670543300382267,0.029692529,0.59604488180816,0
0.014002170239860822,0.058231868,0.3492452247429438,0
0.019666052610109636,0.029802447,0.9509568434712292,0
0.03218489765833804,0.032844305,1.0758180651429978,0
0.03023592608679715,0.047448542,0.845793553474424,0
0.019802449331090235,0.03670444,0.9037374706441839,0
0.02310827664101577,0.054752085,0.06937834605629922,0
0.009463093764633956,0.0152154025,0.34126901767360807,0
0.01857996906938299,0.03499194,0.7605359013430543,0
0.018600919797729137,0.022127962,0.6360758833677206,0
0.03425065084757713,0.03948824,1.0443826849715097,0
0.040690105205790444,0.04264967,2.0860601963564713,0
0.019484514812252975,0.03800439,0.495042584756963,0
0.04644143013932937,0.04220875,2.415636280486814,0
0.020927760096260198,0.0331642,0.842080431654537,0
0.01927755984454667,0.022041103,0.8218902041980761,0
0.01076220173637228,0.016837213,0.49646803447945353,0
0.02671915992219142,0.14094812,0.6837365409970817,0
0.02796996317398909,0.014453704,1.4132941266501025,0
0.02123816331628666,0.030263029,1.0414178841278379,0
0.01396254479532474,0.07129716,0.36002313000621267,0
0.01626865675052484,0.08118622,0.18517694973655285,0
0.021188310816314712,0.057957996,0.8798461860416483,0
0.03542360268009778,0.04576625,1.6394654478538613,0
0.014064139422429687,0.018560626,0.615997510556427,0
0.015843423737931253,0.06352713,0.5038455368517102,0
0.02384823800055748,0.026214888,1.0554049163857908,0
0.03896493696712776,0.16667634,1.2126441911689851,0
0.013419437748608392,0.013400422,0.6635449639317321,0
0.014083804151879348,0.0076515204,0.6802847367224125,0
0.01729270626545742,0.09026171,0.2736290090753953,0
0.022152842909222654,0.057757888,0.8337380041387155,0
0.017203764208953847,0.052944202,0.5366186765914672,0
0.01432676088520606,0.014423626,0.72524109151814,0
0.03385985251204986,0.02625396,1.5964929414208477,0
0.018592621034730174,0.040546216,0.6624084115173248,0
0.02138079397200232,0.05900229,0.60080332794821,0
0.02334390181359459,0.034629535,1.01512089516254,0
0.02404895651116439,0.06372598,1.0052558724239042,0
0.017980274507424218,0.013777846,0.8307425949822613,0
0.02412362465053662,0.090956956,0.6195962741217518,0
0.01931334241849975,0.027362598,0.9133648998381455,0
0.01600306054578652,0.07175965,0.31549003535240483,0
0.005915765761907207,0.029827101,0.12487543449976038,0
0.019557415486286586,0.04688641,0.769931445454838,0
0.0200305142201703,0.03795224,0.8072002337868526,0
0.012246005032193722,0.019118685,0.49034826007851884,0
0.02551288401304314,0.03694942,1.199521803593183,0
0.00981112507325375,0.015424184,0.44946932718892313,0
0.0247235029465477,0.028176028,1.1944994685840988,0
0.01260113693103475,0.015386621,0.4498919275963893,0
0.012555917875336876,0.015166808,0.3792086695596555,0
0.011919455177585471,0.01744433,0.4692256740062542,0
0.02985978606563675,0.07747521,0.7861543014579243,0
0.02593082719921582,0.05086264,0.874374494354279,0
0.017231877354504044,0.032289922,0.6154719704627255,0
0.011466354138269984,0.0213945,0.5031809169854241,0
0.031071255873879183,0.07297342,1.1758814698187097,0
0.02127871802605797,0.050232187,0.5871287442882808,0
0.03010709940025157,0.030683136,1.2713036878657389,0
0.02027411405322294,0.03452798,0.6083201371150946,0
0.025199990929486115,0.033142492,0.9761591222620613,0
0.04719966650278934,0.2623019,1.1539885282368465,0
0.01750623223873448,0.03502463,0.5883577903897518,0
0.007824001174299641,0.007363011,0.3862227405175302,0
0.024172294336284896,0.030591872,0.9645814279086675,0
0.02049938634596315,0.054630257,0.13781456708546203,0
0.01440072557409486,0.03500594,0.4224252872563507,0
0.014840186243563975,0.02173001,0.60844763978735,0
0.010639842240057287,0.0073458194,0.539197804181479,0
0.014982728984898297,0.026042728,0.5295029314785121,0
0.01640019660640476,0.027247982,0.6879301708269382,0
0.01402030824518359,0.06461914,0.4149995111068166,0
0.017465393479654187,0.030233042,0.6522879990389333,0
0.047463928372222616,0.13502896,1.440336793188953,0
0.0217398195940606,0.06520979,0.825375242833946,0
0.02170581952308715,0.012130618,1.0800500492437495,0
0.03486570905797215,0.03668991,1.7573517266689818,0
0.01159372186874613,0.04313048,0.23578579096884952,0
0.013703757647047813,0.07132293,0.3381020869169842,0
0.03864776593050756,0.14806744,1.32533042328234,0
0.022874207936529466,0.025827253,0.8706870223697903,0
0.01746379332193943,0.063867696,0.20061681231519535,0
0.03109128906989675,0.07862724,0.6243739222192014,0
0.03594728640930099,0.065921366,1.5759787926994484,0
0.02120498094817263,0.07711045,0.7310997626532064,0
0.013555385942522388,0.020291518,0.45160566870426466,0
0.02740086230791169,0.036590844,1.2641740668467667,0
0.018796456776470724,0.018190822,0.8950890888242216,0
0.03512848712247869,0.09077055,0.8935353703769741,0
0.024931503006265565,0.06580853,0.7266168422608613,0
0.016820914009225547,0.00778201,0.896493858937887,0
0.018695421932186894,0.026995381,0.8574647869828466,0
0.012754233751690078,0.02550597,0.46974944646485894,0
0.016097691676978897,0.049043223,0.6190728623006351,0
0.016998230078110462,0.024036111,0.488611219648243,0
0.0181090178766622,0.047274068,0.6176990637872881,0
0.024377137589416533,0.02846982,1.2237582263229483,0
0.020458696121005145,0.0129486555,0.9047465310529865,0
0.022024025110665417,0.036286596,0.8283175789274394,0
0.06685169269826854,0.026039878,3.2071757002007093,0
0.008250918109018684,0.018825248,0.23728684743574668,0
0.02833125069201336,0.058696553,0.9840264099614624,0
0.0076986592783430605,0.009143773,0.25853128884879567,0
0.01243223006570012,0.060326733,0.25305692858110534,0
0.027300621842030585,0.049428504,1.2203069431458702,0
0.018839809503236504,0.019236375,0.9640357736426806,0
0.020423302046471865,0.039918546,0.5055636970154325,0
0.011361925368636918,0.026073191,0.34935467618534166,0
0.010321174084507405,0.023228332,0.42952058341380517,0
0.011745365955941486,0.021438742,0.269468660688552,0
0.022583449891430324,0.07872261,0.8394151307249952,0
0.04764561537879582,0.044981204,2.3781594089962415,0
0.01638142365943134,0.013790231,0.7887499902772332,0
0.033955595954940875,0.052051786,0.8259796607508088,0
0.024033456458905905,0.025963135,1.1403595192648592,0
0.011242617802848211,0.0322004,0.33953998658904466,0
0.015519732910548251,0.03832207,0.5303473709574303,0
0.0079253616087638,0.01713778,0.13332359730586932,0
0.009758645830414768,0.016935872,0.27820228530303726,0
0.026992278986651137,0.04024399,1.255253652994326,0
0.023835474129879377,0.038035516,1.0687353324607278,0
0.011471508634710482,0.011486078,0.5758821427832529,0
0.048073110699176566,0.057898466,1.692362051351735,0
0.022572158125632236,0.026025893,0.695071812317583,0
0.004778094276374758,0.007605132,0.18641469421813123,0
0.013191352304724747,0.025659159,0.48291631548628267,0
0.04022332568875287,0.08731164,0.8546120035412392,0
0.046844223367784904,0.042745817,1.936751997517201,0
0.05049101498300869,0.042433593,2.616516899309068,0
0.029571961070899898,0.06940895,0.8375721397614208,0
0.02734198970496783,0.024300452,1.1860933198837396,0
0.016372769870457975,0.06687409,0.5493414579620627,0
0.018856356856766607,0.042148292,0.6055025134284723,0
0.04557938918516274,0.010519461,2.49785642077114,0
0.019821447466891726,0.050664287,0.7872345920876567,0
0.01330460931142274,0.027464395,0.2762237607104666,0
0.01148388319465226,0.026090825,0.38476441621747415,0
0.02138432802975783,0.08319756,0.6740354778084018,0
0.02172015188098543,0.06043297,0.5505984376110902,0
0.021198235265274805,0.052056428,0.7341414848480449,0
0.026820235022101298,0.042768456,0.46026756230668997,0
0.027487047204610066,0.03753727,1.2284490733897862,0
0.018167970276689562,0.03282386,0.8172816286920291,0
0.01691384391352753,0.02543749,0.7604877691141373,0
0.01914289110892705,0.041611686,0.6387034125446284,0
0.04303803977648895,0.20823194,1.051559133608507,0
0.018097313501838713,0.056509778,0.48643227405008405,0
0.007710080095288216,0.018299146,0.3128393640499467,0
0.03138841797533817,0.1208269,0.8397519706113845,0
0.010734108212799583,0.0075864405,0.5271112010783348,0
0.014633285088851911,0.027628317,0.4592955756777046,0
0.03722724945526572,0.18651155,1.0566666957948059,0
0.0326452311999757,0.058264002,1.506641418525996,0
0.026481114521002543,0.040743593,0.7536994865042399,0
0.006254773733101063,0.04007987,0.12610512400692042,0
0.01105796836353814,0.016134202,0.4793326505357841,0
0.03493295231518644,0.06335637,0.6124308295375298,0
0.03418389686265937,0.015142739,1.8472662768250658,0
0.029893559981977146,0.09746515,0.527170201611846,0
0.013266017980365918,0.031192152,0.4184822936791425,0
0.017056050334704802,0.035460513,0.4789733439640303,0
0.008180077966825433,0.019610506,0.12317815741129663,0
0.02482608039098424,0.07515273,0.48841075748846036,0
0.017268399585582007,0.027602889,0.3471488932259062,0
0.02372237658470961,0.066940464,0.8177063469520007,0
0.012489576967197023,0.037817236,0.19265189704660188,0
0.020329802818734637,0.016151676,0.9806554856711293,0
0.11026730427397809,0.47689152,1.8594972526504068,0
0.0214893012661786,0.05573922,0.8130889061183252,0
0.019206443975224155,0.05257657,0.500788412680663,0
0.022958821442418027,0.035044327,0.47083860018051193,0
0.018870055921029992,0.03491403,0.47492222360462893,0
0.03098799060737647,0.065491855,1.383780640787893,0
0.008920785149652874,0.015812937,0.29442783693555324,0
0.011419177583353205,0.030708471,0.2072711386000215,0
0.036177150248827436,0.038793884,1.6038881952699031,0
0.031526744833798775,0.053505845,1.28308521335328,0
0.017599615904676402,0.020763483,0.8408574614811914,0
0.017301777086122447,0.1361496,0.17001369037864986,0
0.03716904330668777,0.0615388,1.3613410307520073,0
0.019867635176090567,0.014415131,0.9067076033834935,0
0.05820377358887247,0.14841409,0.5690165506367884,0
0.01184815296614918,0.020236524,0.4138306965154001,0
0.0221661369513573,0.026892887,0.8603066326096676,0
0.009448955677189045,0.034231327,0.22396939494697274,0
0.02604488367931013,0.066569455,1.0011800625895868,0
0.02630962477382316,0.049931977,0.8142484884309105,0
0.030902463398543596,0.055702787,1.4363520923660877,0
0.007475194993369547,0.015190147,0.16474739148243359,0
0.013680079921894505,0.038431615,0.23399251421038017,0
0.03900786274535359,0.029910678,2.043026144574433,0
0.019289685509276497,0.052859407,0.6172996960834652,0
0.023821480965195742,0.045073744,0.876368734954431,0
0.01193643839963551,0.03762083,0.34763201015258105,0
0.01969465158053881,0.013653847,1.0256174097384565,0
0.02364034358014911,0.105094984,0.580666645221345,0
0.035753667826949664,0.019558365,1.738147660946903,0
0.01778409611127761,0.020467153,0.718994526368451,0
0.1377136718631322,0.21401826,4.597348315033002,0
0.025961851962987854,0.09582956,0.8171675292019287,0
0.021333756995749693,0.032430567,0.6192507847776814,0
0.03128477407165611,0.10959161,0.9581976003638623,0
0.041187165208080155,0.025921369,1.9380213216401097,0
0.008363550473691965,0.015532304,0.31512096611917356,0
0.022076783307371912,0.02323983,0.7865248083854915,0
0.020564590411770854,0.054016687,0.7757463825841412,0
0.04688579673348421,0.1398018,1.2669266080365456,0
0.0184240447688575,0.061047707,0.6620064235511108,0
0.018697907679585728,0.05023185,0.6630934941167553,0
0.010515085671917397,0.013567067,0.42916554599514084,0
0.01776930937489153,0.015449052,0.9240593295460181,0
0.023728990630395706,0.12017164,0.45117175714961427,0
0.03608676347308368,0.071281746,1.6469905543153558,0
0.016822316134183415,0.03120082,0.2999876398267096,0
0.010226301226363962,0.012845056,0.4438931180576729,0
0.04082535827420248,0.037610654,2.0834999093577906,0
0.020525867421485103,0.032779895,0.5260000356433662,0
0.044056112610233705,0.05910232,2.1516359050299485,0
0.014839851696406895,0.021333091,0.6083817008596425,0
0.02508518397632624,0.06852744,0.6463811525347366,0
0.02000946076842501,0.021562304,0.7261619084257626,0
0.041482121901643076,0.033053283,2.0980867962027583,0
0.034932602987101616,0.02809064,1.4384053877186684,0
0.008830675573039699,0.05048254,0.20639528049856098,0
0.016951235269939864,0.0075355554,0.8733120842066339,0
0.014996787813562406,0.04073261,0.4277721757821773,0
0.012419176407925177,0.07308793,0.28323378444811,0
0.020528315782207686,0.0477379,0.5544750359861763,0
0.021552670022953295,0.025696887,0.9378706290852835,0
0.02378604975029007,0.018439367,1.2286560864332619,0
0.01742472933969022,0.032976873,0.48986525812468673,0
0.022189449517626986,0.010930836,1.188978980146522,0
0.012849602756458897,0.030996164,0.4060399332589662,0
0.024739377378947016,0.047190946,1.0728546154603025,0
0.04200152667206016,0.06278228,1.9789023230842961,0
0.01783026109017985,0.04268726,0.5712417007832351,0
0.019612568277676178,0.021852003,0.9396710169663508,0
0.02231674256257403,0.070195764,0.6213674879083284,0
0.029736994239689573,0.04926422,1.3423198118890072,0
0.01746293331497443,0.020945534,0.8480547432675599,0
0.00724488113044019,0.016803479,0.1454675749330231,0
0.03369751730049485,0.23874672,0.5511914470283461,0
0.038474663915367545,0.09764067,0.5525104269810661,0
0.02073539463988825,0.040846046,0.5505970482944298,0
0.039050173019029744,0.04897835,1.9291716167704498,0
0.018724862954649014,0.0329424,0.6963028613686604,0
0.025734500766264275,0.118926816,0.36246852322657264,0
0.009011340292547076,0.021649119,0.33863981654773573,0
0.013045414635736557,0.017451147,0.6089217061500638,0
0.011388261853241096,0.03366434,0.26045731407495304,0
0.008376154287757544,0.014828839,0.24316819115467062,0
0.014671433457277597,0.028678019,0.6309831459484643,0
0.023131774907259057,0.024438102,1.0134657198754498,0
0.019029509109579575,0.12381341,0.26750584340355305,0
0.014455713933058098,0.056283552,0.32220892582623234,0
0.014825044414955765,0.06046206,0.46556985194012523,0
0.0203824737405314,0.028161783,0.9131593146560085,0
0.015367762954553497,0.0059695174,0.818604325899573,0
0.026834824237255053,0.031283032,1.3311276098121303,0
0.020939401791296948,0.02691468,0.7202880295220107,0
0.04791562305004386,0.11571826,1.7388383363272848,0
0.022325257427692435,0.04404844,0.8999496274096994,0
0.02352769029104793,0.03178934,1.1645381467968552,0
0.02166216823542059,0.009036036,1.1128126543848982,0
0.02471278505386325,0.042237267,0.8166750415440274,0
0.01408862035391954,0.025107577,0.5783302285768287,0
0.026591951750690443,0.0077880425,1.4678890493611199,0
0.025317445361581516,0.060189113,0.7192644343589275,0
0.01852664346762358,0.04411554,0.7759064187709558,0
0.04929617957564681,0.13775998,1.94838556689986,0
0.027283904179035024,0.029591618,1.3700838960756794,0
0.016407237238821443,0.059296608,0.40336038805385205,0
0.012983255806354883,0.030081961,0.4146514074607735,0
0.028400241220961558,0.11742189,0.8776962136323403,0
0.015160239194340423,0.020453885,0.6690168896538401,0
0.038536805739302876,0.08841116,1.603884608905908,0
0.013999291043957671,0.036430597,0.5757727700985706,0
0.015395865784751378,0.021682236,0.5868177040953986,0
0.056843060129612676,0.13958998,2.3486011572030376,0
0.025628045348653317,0.05507845,1.0768927229075358,0
0.024923527516473965,0.090077095,0.35459257358738766,0
0.017468105435144488,0.013180334,0.8403330821690786,0
0.011896575318505347,0.02303041,0.4255288951726841,0
0.03155859014630204,0.10238331,1.1043574465465544,0
0.048432209936116896,0.09599944,0.35504483568941475,0
0.04033271266592452,0.039381724,1.3114001874247903,0
0.02448053622610692,0.08815974,0.4412403386633796,0
0.017304495501592333,0.02426052,0.8031899356457912,0
0.014464057467190107,0.031571824,0.5399576138134261,0
0.021163081595060612,0.05876931,0.8624460832941773,0
0.040648767272694744,0.016994381,1.9753786207590844,0
0.01180787299074987,0.01300113,0.5318906873803082,0
0.017297017865711882,0.043678105,0.5527900486619939,0
0.010768058671405512,0.02668305,0.4323653396715918,0
0.025051338518126263,0.06772328,1.0465839855628107,0
0.021203246984406225,0.040923186,0.554903943057765,0
0.05252049981838414,0.08048668,2.514956508625438,0
0.024606296358572533,0.067400016,0.11492729942611961,0
0.037547129440202304,0.05465181,1.6598697573695076,0
0.13698493231834125,0.1425552,6.683373991695473,0
0.029982420296898342,0.06927277,1.1381193123229991,0
0.01456636615382352,0.077410646,0.2411227832196479,0
0.022643610818817748,0.042021178,0.8900531022311221,0
0.01839324543327163,0.04921493,0.4729193046305643,0
0.013233069749838174,0.018748304,0.5166069314315656,0
0.01384168605559057,0.07116733,0.29502773909190305,0
0.022067246105310925,0.10881548,0.5579717114251985,0
0.011101343576676076,0.03844301,0.21087827003354626,0
0.017426638171225153,0.03292775,0.6558365653620759,0
0.037924685314477825,0.031934135,1.9194818610741256,0
0.027709473190851548,0.041217737,1.1176822459247358,0
0.004355037433238557,0.012799997,0.0843881124240218,0
0.03550428936016255,0.08837875,0.8777111336880337,0
0.03398100730427593,0.07893692,1.2385450834884777,0
0.018302245939449745,0.010294457,0.9845665828932764,0
0.033644301147276595,0.06254138,0.47108184395340735,0
0.02478909156809781,0.052363172,1.009246008427848,0
0.015838037964811705,0.09286918,0.23348995129875286,0
0.016496720136865005,0.021826932,0.6614879926739337,0
0.018374175560108216,0.024585575,0.7842039690103827,0
0.017433837956420853,0.036278494,0.5916819971021641,0
0.01274653890882537,0.022930594,0.4001988961535075,0
0.02981406762908707,0.039460335,1.33030777279777,0
0.021630714767762474,0.015448988,1.1402294190462234,0
0.012693327578617053,0.018872254,0.40221744486378225,0
0.01795256831625515,0.06490829,0.45373002415179814,0
0.009803549835368217,0.037298057,0.08670383442108116,0
0.027862692841750462,0.15190364,0.5177080957644542,0
0.01606948079816148,0.051993508,0.5535314502249967,0
0.019324867534953206,0.015348281,0.9795643605708224,0
0.02140483882211131,0.024609977,0.9871784027267205,0
0.010070371537773471,0.006878572,0.45757765668482175,0
0.008578571788275313,0.024114808,0.08160975860139233,0
0.007290249010124845,0.01951031,0.06886891850612989,0
0.029327508360760694,0.060902588,1.2863629473930187,0
0.021012534407549358,0.033407975,0.6157498791236186,0
0.03461665234867311,0.019952435,1.8642020665064554,0
0.026645993038386762,0.03677334,0.6198035508100525,0
0.020963162598907688,0.09296914,0.453628851781514,0
0.027777032755308066,0.062740065,0.7682736485676799,0
0.030528183485174634,0.060248956,1.3140840224272041,0
0.019823360401170248,0.03153496,0.8834025082119067,0
0.018594615425089805,0.049692582,0.7010454021537548,0
0.005255662544138829,0.009349211,0.13757592136852886,0
0.014645983496315981,0.04647899,0.5385271740375177,0
0.035691215571227244,0.11471137,1.1684431244596267,0
0.030383912444536663,0.09843611,0.8534886762694465,0
0.06328440560525593,0.10637267,1.6639186643881478,0
0.018690235753089146,0.031230982,0.7088238694629373,0
0.007606171193204334,0.008622045,0.31436149123370755,0
0.06281449021412469,0.06272005,2.853744724979111,0
0.017429985635485125,0.048526432,0.28839553661399614,0
0.030756033033773788,0.014712788,1.5383354394169781,0
0.009714559112228065,0.023126341,0.2935724652608478,0
0.01832990681323657,0.082628995,0.28202996075589487,0
0.017671813246824847,0.03241202,0.40476858893482837,0
0.012903214486837369,0.06774668,0.31606375195512426,0
0.016300704538791233,0.056954328,0.5675036480991836,0
0.02918660809591897,0.06487653,1.2582520494903462,0
0.021708218148999554,0.100277886,0.5746475471710158,0
0.020031595913888707,0.036071267,0.8579769518283695,0
0.012319670323987276,0.023667375,0.5049537260791515,0
0.03699092686553868,0.09597051,1.5463095932450048,0
0.02841914924493986,0.03949588,0.67216996975034,0
0.0314172573033008,0.16057234,0.8392630780828376,0
0.019253853411087773,0.034111064,0.256462754040054,0
0.023556355080177414,0.06760316,0.5067595713103955,0
0.026029841483424177,0.0254072,1.291761326258312,0
0.010615045544672906,0.02520135,0.23862377718744932,0
0.03690487277482937,0.057635464,0.6507668388583205,0
0.03609244616926573,0.043977134,1.159277174634467,0
0.029137797227144893,0.09563384,0.9950037911590952,0
0.011934669387643,0.029455172,0.37798329176984197,0
0.01258418748535547,0.013478629,0.5665712579145995,0
0.021236034032012543,0.12639885,0.3059209667945462,0
0.025939148891400886,0.046453893,0.3973449232739239,0
0.005957267959336766,0.0113273915,0.26483282184835466,0
0.019537394815972428,0.04453173,0.4746980910687651,0
0.016389873074999374,0.04147727,0.37497718323226303,0
0.013992515320976187,0.062785074,0.3815652855473349,0
0.02490164171097189,0.08344233,0.9415849696693733,0
0.02815871431769391,0.03598336,1.2988577887593804,0
0.036700047702244054,0.012237689,1.9806293631524965,0
0.01825714089631484,0.022589633,0.8280482866004367,0
0.017858596778216038,0.044178672,0.4798459903888152,0
0.026634641910946166,0.11063188,0.8369965131638472,0
0.028687070267792467,0.07286228,0.4147257329166636,0
0.008538210175110188,0.010596858,0.38346116031314914,0
0.023426636702422676,0.039705474,0.8963413927568653,0
0.02471889504037797,0.049804397,1.0821316001814014,0
0.01472424137587402,0.022593923,0.6449253000520149,0
0.02442372746137637,0.02820279,1.20506183713515,0
0.045134545049793175,0.09021137,2.0096788816115336,0
0.020904340633243694,0.025576109,1.0152967260270396,0
0.04384542619791551,0.14562006,1.6590455802520243,0
0.01295881860683706,0.023733059,0.4265659391198561,0
0.04218571738884768,0.082628466,0.9685630399915073,0
0.02795168225436668,0.082519844,0.5507653391225127,0
0.010035085561972176,0.017528057,0.33097293522904364,0
0.017359116752747355,0.024427162,0.7961163607872492,0
0.015210388438460764,0.04061672,0.42409865056246054,0
0.014088610302597152,0.029668272,0.3126585859772681,0
0.010491106233497456,0.015188548,0.4755638227232914,0
0.016143767151732442,0.03288451,0.6575629080317378,0
0.01898244274066698,0.0069047417,0.9795705531938651,0
0.011986129023886622,0.023169184,0.5206043444929467,0
0.026866637399692653,0.012789735,1.3812839899709526,0
0.028453966118835345,0.03311173,1.2884559553341908,0
0.0348767630702433,0.070439525,0.7665392809508039,0
0.030038364073215636,0.06414692,0.32659765236463917,0
0.009773653708097577,0.022159768,0.20245349096237844,0
0.02718541453144825,0.06385443,0.45911851704550344,0
0.006869682814637778,0.015025977,0.25352705736164904,0
0.02356270488923888,0.08133993,0.7917880640950091,0
0.0374800432267451,0.04561927,1.7694033253961259,0
0.017274498529732292,0.020447463,0.5244816651500451,0
0.04361305883882003,0.1972461,0.6658410631591943,0
0.014585678499855311,0.057521198,0.4753376257359243,0
0.029274680591437095,0.05027439,1.2685156158465365,0
0.04734557413854375,0.12833154,1.4943994538466512,0
0.027118721924167817,0.05798876,0.6373361542130256,0
0.024170768906794562,0.025404505,1.077761402120775,0
0.04131280213218568,0.03057635,2.1543870467175825,0
0.01582634243649267,0.030553063,0.6537185951425754,0
0.02276656159089874,0.021980612,1.1407769742162472,0
0.018026707174888967,0.031431008,0.8345122962900577,0
0.013493136434062733,0.040655185,0.3622725092674711,0
0.018644875932734454,0.061080955,0.5546027210703659,0
0.031282344805383784,0.19114406,0.2111404622906087,0
0.019328711312386962,0.05108729,0.6735919614193998,0
0.017670948574179817,0.024055569,0.47685342171805284,0
0.01778392223748677,0.05220879,0.358890000819267,0
0.028827512170592078,0.021312658,1.3949816943951885,0
0.015829134732484818,0.054722346,0.0,0
0.015334123719084639,0.041728385,0.24039165461195586,0
0.03529410163723572,0.096362196,1.3998574659672638,0
0.027961336568322427,0.019342743,1.4371250036537109,0
0.008330867711716958,0.017754955,0.1496464614314463,0
0.014334637611130338,0.016333492,0.7225571910986011,0
0.018110335541196683,0.088272884,0.4584259002219869,0
0.08522513900093968,0.1885813,0.9970268430056813,0
0.03611155817405927,0.024718506,1.5355277691686726,0
0.010874548759259504,0.02098246,0.4207407771829802,0
0.022602885570987417,0.050362136,0.9374660662092854,0
0.017763607331693278,0.11453601,0.29085005946691256,0
0.013840522996605044,0.033453196,0.4986684511477232,0
0.015637867018540245,0.02807602,0.6915346611061344,0
0.23687617303277764,0.06226551,12.042595639785267,0
0.03173082053076658,0.079043455,1.2218679146175142,0
0.01683676200407167,0.02800586,0.6566887268887291,0
0.056159527397705536,0.033452418,2.8769048071913126,0
0.019949406532660422,0.029232888,0.717120138972599,0
0.017073448826458344,0.079301484,0.437030458985971,0
0.020122171171027707,0.027989062,0.9814605390375409,0
0.0328176146545395,0.055562697,1.424171143824479,0
0.020967020195545607,0.03028373,0.6403879982713853,0
0.04572893552755848,0.0696821,0.9696128351091395,0
0.0416562927683131,0.04401346,2.0657691448464304,0
0.027120753515311347,0.04078599,1.0726102044133994,0
0.023769307555455435,0.06468068,0.7606443717580939,0
0.01739267221948302,0.016992362,0.8002039306147034,0
0.023401658264175534,0.04904526,0.8839865733886568,0
0.04463240587560146,0.025277365,2.402392756457466,0
0.009571538285709974,0.030440876,0.33757980400440013,0
0.013738342663938245,0.023143882,0.291756392142505,0
0.030767255834366698,0.15511304,0.8006839411489913,0
0.01649228648441452,0.023627214,0.7415127115723569,0
0.03207921421343864,0.14089586,0.9920900986270321,0
0.020581498042896287,0.027408607,0.9838522110553328,0
0.03067245933191637,0.060302645,1.1620713328378114,0
0.021795730279526304,0.037114624,0.9353913218155893,0
0.014847957449976277,0.044854496,0.2774678927602688,0
0.027873170813002498,0.14573854,0.649024279465642,0
0.020078639997019296,0.04399771,0.8405911695157279,0
0.033978168075633045,0.08634635,1.3086679357156554,0
0.025066462862590483,0.047820434,0.3319413002395596,0
0.01822991893087344,0.025515305,0.6618187517579625,0
0.05908107076349076,0.029482704,2.717400349459165,0
0.0246732033992059,0.05351491,0.6613191083499061,0
0.023600060551342276,0.047686942,0.47693823927710066,0
0.01675106339100165,0.044758003,0.6260488085594312,0
0.02021287144555793,0.024234569,1.018639322592268,0
0.02737919997848095,0.032892693,0.9202424392187217,0
0.03227429511079828,0.11533106,0.8198098102632919,0
0.02286824563201527,0.030270226,0.6708239224825258,0
0.014126579848212684,0.022302194,0.6767509704929396,0
0.014574152567040422,0.040947817,0.1861635912261414,0
0.012997923512452917,0.008588454,0.6295463852068115,0
0.14121164115094006,0.4726983,5.138276881651652,0
0.035913562972950494,0.117461115,1.2672205574263091,0
0.016990476405634697,0.029955354,0.5461246705439302,0
0.022599253886332785,0.05704314,0.6832383949356653,0
0.03177704635834937,0.03642196,1.043755449697267,0
0.015602125666996175,0.028729875,0.40993482038190726,0
0.03876694079217563,0.016015105,2.0850775394243892,0
0.033477417327903256,0.12934019,1.14285724843501,0
0.022977060750948602,0.06254372,0.8056872533152388,0
0.026784539895265976,0.022531444,1.356080177098387,0
0.009251633300826474,0.014166646,0.29329379860606786,0
0.02183421104473918,0.042700112,0.6370393958004219,0
0.03518433241117028,0.037265863,1.732051143600531,0
0.01979398560934665,0.02490027,0.530221033217543,0
0.018297595144670446,0.06606255,0.31690766061465675,0
0.033407865498218836,0.11677666,1.1757171973666376,0
0.0173658553460742,0.06290139,0.5788103310127556,0
0.03162243624622825,0.021817219,1.6327885841560834,0
0.011885649160275564,0.016674783,0.42842482211274546,0
0.023650085633150197,0.0105013,1.2850314481627352,0
0.08352405337268458,0.13768604,3.977013629905062,0
0.006495825047073489,0.011429411,0.24618371174313447,0
0.019428349949180343,0.025763981,0.8250346601139555,0
0.06896502655079537,0.07947846,3.4778413131456634,0
0.022353781445441465,0.010416735,1.0507074533903635,0
0.025783969597115482,0.04152857,0.8940448975754055,0
0.023314949633920872,0.044145443,1.0812725757458146,0
0.1538371631695203,0.06057648,8.005571247596057,0
0.023941901912701666,0.060947668,0.8111090526167418,0
0.01745316551127608,0.04463698,0.4173880988253388,0
0.009670997082359313,0.023047976,0.26187991401934746,0
0.008221974058994946,0.03329484,0.2517728549303126,0
0.021236192500299834,0.025057664,1.0452316164310524,0
0.04477725603545286,0.04678802,2.2786560982880695,0
0.017388838537669826,0.03115367,0.7695052380065038,0
0.02174599449638086,0.043123927,0.7614973527516207,0
0.020605226801583377,0.037039485,0.6757188220149847,0
0.026667375224980534,0.04568121,1.139031700616285,0
0.027478262787645345,0.047741964,1.0032225611993144,0
0.010371837446943252,0.030783921,0.2760131555017263,0
0.055147338776152806,0.20455739,1.7448754569929983,0
0.04062928199152884,0.040695444,2.07614964901904,0
0.016520571160911192,0.052763782,0.43499378872681344,0
0.02560252676375925,0.052099098,0.8234850008928761,0
0.06564692389653781,0.037584953,3.5432930631573574,0
0.02579639703109441,0.08797926,0.48088322516123955,0
0.053165321434234844,0.059168875,2.646935423553769,0
0.02018234836861646,0.05059988,0.35155920407410113,0
0.008916166640969244,0.017904988,0.1461175983000542,0
0.02603293183414178,0.103770226,0.7615448394508527,0
0.04403626209547675,0.0670651,2.0895351939481617,0
0.009106706436588787,0.028953193,0.32359378318735293,0
0.04012319184775953,0.032026038,2.0324774646050296,0
0.015654154367662543,0.02222828,0.5575835741935938,0
0.006381914052202537,0.008628872,0.2726997000818829,0
0.02115743376073011,0.028971927,1.0241005024317822,0
0.057232342717693535,0.28379473,1.6127313567781365,0
0.05415145732508625,0.0701246,1.3985114647114059,0
0.09078935941401868,0.077964135,4.642552863425727,0
0.021035742523562342,0.051032186,0.8154450016657375,0
0.056140454909560496,0.1735165,2.009088215795718,0
0.01339572038248221,0.0066147964,0.6719763613943818,0
0.0295290804278921,0.10588024,0.9606339664367084,0
0.013748130319151659,0.02647071,0.6133177450151941,0
0.01785991936734324,0.036823593,0.7805609231358487,0
0.03382471468485728,0.043662738,1.1714526196678012,0
0.023609658977697703,0.016328603,1.1816707002058446,0
0.027526932550878194,0.060469035,1.0598137606142646,0
0.020179311168404,0.05648255,0.6834636466811218,0
0.019713263549352766,0.01710686,0.971191404819841,0
0.04705694925629409,0.09877221,2.0850076398680923,0
0.0385712590476292,0.067148976,1.2165753680521252,0
0.03644888746394659,0.21790817,0.818774631473814,0
0.01787017853033408,0.018084813,0.8496409197183097,0
0.012025757668893418,0.021250717,0.4785453567204756,0
0.024702748088770404,0.084931396,0.777405983661613,0
0.019857337294263387,0.0362358,0.6825191694620452,0
0.02358691105599824,0.033661053,1.089049165179942,0
0.010732373034803738,0.009058846,0.5373360938806192,0
0.042446055500399774,0.19125359,1.1907493028001128,0
0.024188246326834396,0.08678839,0.5091559570414483,0
0.033062781989771306,0.048202563,1.0666562267241544,0
0.053912463534741197,0.1058237,2.477035973888213,0
0.02729191017435346,0.010418287,1.4296164450422049,0
0.031358143260085965,0.06577327,1.0004071324309356,0
0.02205764978356875,0.04385091,0.8368133853716854,0
0.009551369204195475,0.014327116,0.3968400787713564,0
0.01588892343318509,0.008490537,0.8219441244750391,0
0.03009856188091574,0.07038548,0.9454377589158055,0
0.011832761143810802,0.022848722,0.24845939198738864,0
0.007906872274539796,0.013796819,0.22885191589353432,0
0.027482401790836414,0.0327223,1.174004783072865,0
0.013743459227072432,0.013516967,0.685886928297236,0
0.017860209961714217,0.03765823,0.7409540180855988,0
0.019166472359694472,0.07422221,0.3820609848215233,0
0.0226366766495045,0.03453776,0.984870881780843,0
0.041542320154288714,0.058008812,1.7279288232819492,0
0.011139286936816102,0.030100118,0.34960668904144565,0
0.05640389791603716,0.1340532,2.2829157169412637,0
0.05459491545035276,0.2270547,1.700110395600474,0
0.041971558722367186,0.059628382,1.921209324477035,0
0.016265331936098627,0.014046517,0.6964068711668884,0
0.025659449944233303,0.022979232,1.097920123422228,0
0.01599830895521823,0.025976177,0.7238603767067672,0
0.01922841879670143,0.06209399,0.6389400495429639,0
0.022187841024936244,0.08796325,0.6888032277309883,0
0.04575535110629226,0.051884428,2.2526511714369217,0
0.025203241878190966,0.05935,0.4229267490810408,0
0.01353556208485307,0.070368834,0.18265836809378275,0
0.008882275789574682,0.021493984,0.25270904892727725,0
0.055223537207381816,0.030675614,2.65195170969794,0
0.03760414111494827,0.16971712,1.1737389309754356,0
0.018002271487747773,0.05636412,0.5293031524289501,0
0.013531508444038368,0.015299599,0.5873661095031695,0
0.01665761401819063,0.026710486,0.7635919297328136,0
0.05318152001336474,0.08759597,1.9447371535040365,0
0.03852474019264511,0.08028262,0.21491685431246443,0
0.017362548749400884,0.03721581,0.6110720929013316,0
0.04497521538454083,0.092801906,1.8759166209700635,0
0.01915462074073174,0.061342753,0.5420661393630782,0
0.024796903123115784,0.046882935,0.2791233638065844,0
0.01898719044639023,0.061953057,0.48758087140197437,0
0.017840925854587287,0.040053837,0.35226712751669154,0
0.035839546670497505,0.118407674,1.2076070185533254,0
0.022352247453751303,0.026513636,1.06441391624213,0
0.04061389557686944,0.08971857,1.4946576233969553,0
0.013601802677077545,0.030447805,0.5865784423764173,0
0.019357604540706952,0.055355053,0.4815275151454788,0
0.03488810526854738,0.04664837,1.4875931518282208,0
0.10931507111835843,0.19702706,4.446305652453723,0
0.01615593958055391,0.035791725,0.16932359297179578,0
0.02513870139727433,0.030294692,1.2530493678284307,0
0.010731067529140553,0.009102624,0.5110446266430992,0
0.012821100282689605,0.010710807,0.5976359950152186,0
0.013141687825706759,0.024089335,0.41666028804864247,0
0.038336954478926086,0.06156923,0.9833768821600669,0
0.028504018252107067,0.02606282,1.4390203956090903,0
0.012560828452992574,0.032160986,0.44679526930455926,0
0.0318706806226533,0.017179338,1.581751976313497,0
0.15705219944365806,0.066252545,8.60208005115629,0
0.032154997553118174,0.056694467,0.8619656963495061,0
0.015496668531974615,0.04619322,0.4618549176241076,0
0.02117741749254733,0.09816062,0.4923871038865218,0
0.018122196462640232,0.021733642,0.5529518532709905,0
0.007582367142340199,0.015548417,0.3049973202914641,0
0.04124307972063261,0.15418898,1.0912542889155457,0
0.010967712136781712,0.024519183,0.17722533216476047,0
0.046048428960354576,0.10587321,0.9495109193053457,0
0.009552733506015085,0.021860842,0.39358495511007713,0
0.02657339260507311,0.026247643,0.9810137229827901,0
0.032627150852762465,0.03420842,1.493265580264155,0
0.02309147804989674,0.040819246,1.054030004121545,0
0.026927974567048034,0.072877534,0.9518465464625601,0
0.03218751248607576,0.027543642,1.5806054449076459,0
0.009458735368708275,0.04650881,0.13104541107367598,0
0.01731946914818402,0.061972078,0.1637318750584418,0
0.028500308616441018,0.040990923,1.0876532697389132,0
0.023999404574461335,0.037421577,1.143101310209193,0
0.018940874830185465,0.05974844,0.6864916140036706,0
0.022261149276953166,0.020565797,1.003928739954535,0
0.02489693713579747,0.02213874,1.2914798061037918,0
0.028220542766155238,0.049985796,0.4833624057757824,0
0.011552391569961627,0.014514591,0.4492469145781256,0
0.03617831584228592,0.050937925,0.8060810415145209,0
0.0521566008284005,0.21585798,1.6425434060488535,0
0.020978004321124684,0.11331509,0.540930258171427,0
0.015799572022029314,0.031990882,0.5560555604213391,0
0.02613799413904748,0.0940042,0.605272874847722,0
0.01584850951602809,0.026594343,0.7347593350147373,0
0.006861756750111218,0.013234821,0.18616941012685567,0
0.024911008977583294,0.032095935,0.9669125397954295,0
0.03277795179501413,0.03988865,1.6436385329797507,0
0.013716790022970177,0.0102216285,0.6278936015287895,0
0.04567575945526093,0.1041145,1.9930007625668413,0
0.02286402577026707,0.029264389,1.0866479313225255,0
0.021882492428556208,0.099984884,0.6290252222126758,0
0.04916515125281481,0.028880939,2.592770661297966,0
0.01612920818772207,0.04000407,0.5823552645348414,0
0.02455456064623238,0.01513037,1.1889729029959242,0
0.02144042638742369,0.022119312,0.9514957526597402,0
0.021526506781082706,0.043190353,0.9248996960673006,0
0.01820927342480949,0.023520866,0.6151445503664802,0
0.0412723542876165,0.14335187,1.5392987610197033,0
0.06080028875762514,0.06914819,2.505943629944222,0
0.03179130079505967,0.076906316,1.308352687123821,0
0.020622328717211265,0.05249259,0.7814065301149782,0
0.018161855235356905,0.0551759,0.6208146002505156,0
0.018205024335627214,0.03900815,0.23777494855123096,0
0.02008216920734246,0.024216989,0.8849296872629112,0
0.02084954753560168,0.06927684,0.4393041177331513,0
0.014069257900923669,0.027671363,0.18071654099098933,0
0.027366684845805817,0.07353727,0.7052195986299248,0
0.022241281796564975,0.033782244,0.6492173504999718,0
0.03650274933322585,0.08158903,1.4350572504190808,0
0.008318228753491587,0.007283246,0.3630403152730466,0
0.024903804913124376,0.040579274,1.1741559108888018,0
0.035390192033568156,0.1854204,0.5656970428862138,0
0.028958199709517546,0.120236084,0.5495257605431321,0
0.021404876410402184,0.04764317,0.9410648800093661,0
0.020166658711740882,0.009766292,1.0266017466127284,0
0.018212116480343883,0.03766055,0.5349594746114458,0
0.014842348701657921,0.033288233,0.37383149139280303,0
0.020199532693918276,0.09613663,0.42590893633604465,0
0.0438902759792592,0.046541788,2.069806731544237,0
0.027703543307823073,0.035623323,1.3598723408388749,0
0.025466734408531366,0.07146879,0.59333121503231,0
0.02429642778124706,0.042248152,1.1280093797050514,0
0.02514461908374614,0.09582539,0.4669926885478381,0
0.014602472600876288,0.009280547,0.7615511749163941,0
0.034363665962435966,0.054051112,1.6089161789716189,0
0.015911547330443185,0.02802334,0.4341254817941109,0
0.014097597700257885,0.014813821,0.5436886484798353,0
0.02387406970973952,0.017458493,1.170322013355359,0
0.018896552383147136,0.025735442,0.9173729726220085,0
0.02602246479915681,0.13673441,0.5050726825568862,0
0.021882230540305993,0.03681941,0.6368588515295195,0
0.03179243088470217,0.032650284,1.6149373699979905,0
0.020407966848251975,0.0127995545,1.055410864939954,0
0.044648168247843095,0.07099252,2.1215942731375175,0
0.011322086091323975,0.038615704,0.2664121353523832,0
0.02735285161728232,0.027640432,1.3308269968536637,0
0.015668680987731345,0.017263098,0.640779218424606,0
0.07609897234096245,0.23163986,2.9399344055906087,0
0.03238699312715561,0.07477342,1.2770158203640924,0
0.0561305689637857,0.095240965,2.2753866752088343,0
0.020767463703328905,0.061179973,0.3889938064162236,0
0.025269140929234657,0.1489969,0.29180657063712695,0
0.04053897480112792,0.110089935,1.6222015573129709,0
0.013557949663398705,0.04665889,0.39653885730467797,0
0.01275078468676353,0.018441511,0.5890981627045881,0
0.03820554224011723,0.08457753,1.5829129680225416,0
0.019295634773995672,0.032423675,0.7341477695906153,0
0.061493710838737475,0.09588088,2.7191944243121937,0
0.029091481109651422,0.0423153,1.404150502456407,0
0.0187121585381192,0.02287729,0.7308626973803736,0
0.0345150983028152,0.0353081,1.655552269723556,0
0.02260357909751475,0.056639854,0.9455755908153727,0
0.04658310602608322,0.041838497,2.2443510283021024,0
0.01104371323328594,0.008136848,0.515270913908121,0
0.019423018648506284,0.03544385,0.8363097314629204,0
0.042444529404355405,0.19380365,1.3136061227715148,0
0.024574417573700234,0.05043262,0.6816009563532177,0
0.013976830794289422,0.044276267,0.32587135570681625,0
0.03620339545210671,0.07725898,0.9413379450140331,0
0.014166579662930525,0.027506663,0.37869685497219663,0
0.02750714247982767,0.10393123,0.6426642031395831,0
0.016410519881036617,0.025466148,0.7523818652408814,0
0.021162595552425924,0.07053069,0.4094619939774122,0
0.029541993757318075,0.07153219,1.0843319783679062,0
0.01993495797432611,0.027676735,0.6178926970345296,0
0.030406727097967462,0.11971145,1.0037323499815913,0
0.06182792837734208,0.23374872,2.1482266469251994,0
0.022305487010782193,0.043984447,0.8401059739187005,0
0.01993516531825387,0.04630717,0.7420317658676817,0
0.04296748289715499,0.14880393,1.5623547307797565,0
0.012183382219624823,0.0052707703,0.5850882141377542,0
0.03336649220958619,0.06203036,1.1778022070380805,0
0.0733087324939601,0.10393426,3.595408545166986,0
0.024937226204165656,0.155292,0.3634747465597453,0
0.039930675523343284,0.0590667,1.7808792647438694,0
0.021626800567092264,0.033312023,0.5350887209838532,0
0.03077409897206535,0.05080787,1.2662937620839538,0
0.019450822272206285,0.042032808,0.6641309031616343,0
0.03828886478452556,0.022608237,2.051162130808781,0
0.00419512505649149,0.014578523,0.05605904335341023,0
0.03336823236206404,0.04491621,1.5896627727114716,0
0.035239271451704524,0.048913267,1.6765762588810684,0
0.0033783032558858395,0.024975259,0.0,0
0.008383540881898452,0.005207939,0.43755295608929407,0
0.018489830721944336,0.026271498,0.6041269538546525,0
0.024070674059009152,0.03541648,1.143592071378429,0
0.01039400385903655,0.009074802,0.4008731091752604,0
0.029379473754899646,0.094531685,0.8981183152786912,0
0.011725093355963431,0.01875883,0.4409113960424167,0
0.03522301872518837,0.057671357,0.8504221776945539,0
0.020412605892439817,0.02243192,0.9695111981911765,0
0.035922617926277024,0.031252988,1.806602260085724,0
0.019759262363818468,0.012310468,1.0475956004692604,0
0.020851645446224126,0.046862643,0.6661958843904394,0
0.04359883287677806,0.13912894,1.5465317906821086,0
0.013524479992107593,0.018492956,0.5701333024877984,0
0.012147601986295997,0.035281375,0.29629215552655214,0
0.02451218771035025,0.06730964,0.8974516463722506,0
0.006516700240337448,0.017456753,0.17753967388769729,0
0.017230529313961362,0.060185462,0.569110330044396,0
0.015687059107759155,0.02866598,0.2539582506121367,0
0.009844112862030244,0.02251554,0.26739964884929723,0
0.03667703145682332,0.13257474,1.112926319536098,0
0.01283558796580736,0.036651462,0.39207786509633014,0
0.03209050513486501,0.011773602,1.7287030439504756,0
0.013021628385088255,0.016989488,0.6232645408685895,0
0.03919765422447782,0.09475362,0.7680807452168795,0
0.06910624877577373,0.024519742,3.8080959250705715,0
0.03340801482750902,0.12645024,1.1796548196247727,0
0.028588319159456484,0.015694229,1.479974765360151,0
0.027697377430149907,0.03734149,1.3704862914854128,0
0.05985579807058868,0.10903722,2.5508611869151934,0
0.0410125363359852,0.09796066,1.6866809884037497,0
0.017659775231013343,0.05866404,0.5838102735238311,0
0.021121391906544544,0.0786221,0.6757069791759245,0
0.04180078641439988,0.19256729,0.9401043905180804,0
0.028303506538846203,0.076381996,0.9238214376430928,0
0.031048059874870134,0.050054163,1.374907792024454,0
0.033216692657033274,0.011678998,1.8033071935779768,0
0.04484176909188143,0.040828362,2.3054887294629824,0
0.020437601355505597,0.047953688,0.6958189773944099,0
0.01841769900630823,0.0283396,0.8186210491532221,0
0.016268989639894576,0.036190793,0.213587945333463,0
0.01665669587221673,0.015565205,0.8495511490095624,0
0.004436868928776466,0.014524286,0.16364452161072834,0
0.0344707952211568,0.028785711,1.7838310492151195,0
0.026617422114716523,0.09576555,0.5130337244411824,0
0.012004028763019078,0.036078822,0.2500454209212756,0
0.021652072636992037,0.025603436,0.913921704364373,0
0.009252314956436842,0.042671714,0.13697632419825023,0
0.0286879025352863,0.12037618,0.5641514697486631,0
0.028181363424429333,0.15447758,0.7103151578994374,0
0.008517722802079818,0.016676834,0.18952239316589986,0
0.013580274954115195,0.03974242,0.5252225346835881,0
0.017209686688301844,0.053403806,0.4004033182467654,0
0.030894708466155683,0.066038474,1.0343359199247957,0
0.04077813355528624,0.018613992,1.9965499120416001,0
0.009610521645013283,0.006407913,0.4062355482392809,0
0.04521381567412462,0.05892509,2.2065757162017388,0
0.01593348559189419,0.034184393,0.5678203265197577,0
0.013597374253480114,0.029039098,0.43084371353103296,0
0.019133333789926217,0.027247647,0.44198152639969435,0
0.010490489556254659,0.05382783,0.25921589177755117,0
0.014936798469142648,0.023530526,0.27267461103372276,0
0.018181260986536725,0.038471796,0.6962188890608786,0
0.025176747883554715,0.029600058,1.1880690213248555,0
0.0227281939705647,0.03798565,0.6049161013901352,0
0.05203568406306328,0.050273106,2.655036994200795,0
0.022151194467723657,0.060905196,0.9184053225438343,0
0.02847046216620944,0.06261374,0.9485141851169864,0
0.01757747398775419,0.07295126,0.5454614674202315,0
0.021938047752797986,0.041166384,0.7778763392194543,0
0.010001789413086349,0.010136086,0.44446684200055225,0
0.033919016135308525,0.026342671,1.7299322771945984,0
0.034595429322735856,0.07370358,1.1153237547656056,0
0.059751759822003266,0.05940595,3.008964364110874,0
0.06448585578636351,0.01868232,3.5837641142924257,0
0.0370269609907647,0.06401006,1.6572314036530376,0
0.03329179488695452,0.048516054,0.8737273270702217,0
0.029797835969797657,0.05953565,1.0458247850300135,0
0.049486455412055354,0.03471534,2.6119405591182736,0
0.03340744477244546,0.057903737,0.8576916500741563,0
0.052438185717369724,0.12170596,2.0091787544695263,0
0.019162359561567456,0.02900031,0.7053567522762414,0
0.017779997527178494,0.017525136,0.8201586688434049,0
0.01409919206044524,0.013180099,0.6219829431827432,0
0.02408900012206211,0.07992039,0.7633028777289897,0
0.028794609571043475,0.07036349,1.1335077043803052,0
0.022900276810985373,0.057928517,0.5010726556251618,0
0.03513433363255564,0.08523424,1.438177036950013,0
0.05486073750952125,0.18166408,1.8767695172395005,0
0.015861667822775212,0.03855191,0.47177275273283675,0
0.016833890573919645,0.024812302,0.6444690822573375,0
0.028306466946493206,0.04845492,0.7229815774411908,0
0.05268422592659706,0.09610404,2.2932037221089088,0
0.024479387547583532,0.032672837,1.1463460659086995,0
0.02176695189393892,0.0468867,0.9178964029058023,0
0.02078856278725881,0.117887504,0.38092991266591386,0
0.024347792086141892,0.043439385,1.0913650947722835,0
0.018394987245906567,0.016830357,0.8297169280064377,0
0.013017274190556621,0.022531169,0.35714147942060526,0
0.021397278431223375,0.096514404,0.6310944727100322,0
0.01689151199621147,0.041407157,0.5425406768274433,0
0.015570696847834489,0.089041494,0.13464327548120872,0
0.04048480632928105,0.028800411,2.121976973417368,0
0.011167765135599202,0.025865275,0.3248005749925838,0
0.0254941786845342,0.015848098,1.3479668168292684,0
0.024615347646985943,0.037714444,1.0413332171684813,0
0.019450019587852634,0.02678502,0.7065652742787831,0
0.021056606785045163,0.03855357,0.33779940521789154,0
0.01688944825524654,0.05173938,0.5324473154233111,0
0.03273133389480701,0.04048661,1.316957917335555,0
0.015288199319648475,0.052207302,0.5435940265855327,0
0.015948153650593752,0.023303527,0.46902562666359615,0
0.02027579353359717,0.039855607,0.8478589709321444,0
0.023075539506843185,0.020066954,1.1611668237056598,0
0.03194281374481541,0.07692113,1.0006669012116696,0
0.024492903252637643,0.023845019,1.166803303045275,0
0.032339191812554735,0.016447242,1.439972540209182,0
0.035784635260375376,0.10313626,0.7104787072858564,0
0.019088375962021363,0.056010522,0.6689698113931066,0
0.010893918174176018,0.0290121,0.4160178081417682,0
0.0189750391509873,0.03856721,0.8634899851336734,0
0.01297390224045737,0.025666839,0.5322930347968091,0
0.07428718188343568,0.050391946,3.911779734266632,0
0.021299408072051794,0.02469045,1.0532585269578623,0
0.03998301275624078,0.12428658,1.524975911551253,0
0.02776264381243164,0.12218656,0.8088125816785386,0
0.03345114693839537,0.15786633,1.004958257545913,0
0.0552001920797008,0.04822108,2.4817578755834506,0
0.023731383166432404,0.07179914,0.6220171980360066,0
0.026051054701306673,0.05406967,1.025754127232371,0
0.01672848208302769,0.04039309,0.24365391800519834,0
0.00457568597510412,0.01946221,0.10413942229628034,0
0.03931580347671645,0.046133094,1.8730618545779965,0
0.024852289629906838,0.01727288,1.315129094945279,0
0.025254291703981545,0.04283095,0.6992798492100794,0
0.08844887258026729,0.10722892,4.224692850221067,0
0.026087167422951918,0.04549328,0.5681391229096455,0
0.025005863703540816,0.023955008,0.9081670158368175,0
0.06333278634670422,0.11187405,2.9702432187546246,0
0.030507134588375142,0.071546346,1.2054620789996293,0
0.03493393487552639,0.18388152,0.7958301074321894,0
0.01759961496532917,0.039097123,0.6070275756322525,0
0.017031834287158442,0.02505812,0.4082769489272546,0
0.02502015095496906,0.10207446,0.6107518615990911,0
0.0198095095231477,0.023054682,0.9573879434858662,0
0.02208203756427811,0.06044766,0.7623361051399078,0
0.020861400257362668,0.038902476,0.3099133216194544,0
0.027123045218340386,0.0714341,0.366541143723974,0
0.034072734210232415,0.027432797,1.7380846563131664,0
0.01649484746581958,0.085577525,0.4251834702391705,0
0.022344337706124703,0.10709574,0.662980952224519,0
0.025060999866862815,0.07287044,0.9831569969997677,0
0.034929054534063544,0.06785076,0.7831782371125421,0
0.018468394498281308,0.047130235,0.5592177679771269,0
0.03053524963226279,0.10216416,1.116994176425267,0
0.020635103314729175,0.03908774,0.9071235319708408,0
0.013979715604400105,0.03807047,0.5605784290186436,0
0.019271017615648013,0.025769623,0.5508634866618395,0
0.009530513642568092,0.004909383,0.49444374941368746,0
0.07274858912611652,0.18616857,3.0515557804323716,0
0.03629767000337884,0.03515039,1.7813564455791073,0
0.017653113645603683,0.07635368,0.42024816980824686,0
0.0337617611966557,0.15564705,0.7634567234365085,0
0.025489730808767562,0.035783626,1.1710292925405996,0
0.016557604005372036,0.020926436,0.41862004911477146,0
0.016172993902825287,0.03356765,0.28062274954724103,0
0.005378511973546284,0.003168393,0.24927534470813786,0
0.01803854544084286,0.043129113,0.3712032088052944,0
0.016444615122063046,0.013233668,0.841715756283402,0
0.028026364536254112,0.029586177,1.1600972933153095,0
0.014873732388272078,0.026399303,0.4512624899754487,0
0.043408533825548545,0.17323145,1.4735956129421999,0
0.02739524231235345,0.047997817,1.1132364951834048,0
0.012872263642469857,0.016698515,0.4242261892341158,0
0.013416093611523334,0.01942577,0.4647726725154258,0
0.025638148246821608,0.11784008,0.7815246022386544,0
0.022055298040464768,0.03754587,1.0344453270920195,0
0.024535434450233276,0.0815866,0.6371642359941964,0
0.029716906640261307,0.09927681,0.9919821260109276,0
0.009015334877378873,0.031048208,0.14903764200373693,0
0.02045867414873965,0.012516151,1.0202666628057129,0
0.04138048578193915,0.10268155,1.5496235155169296,0
0.04389764033073949,0.04069583,1.5449451623181296,0
0.013594910363393838,0.028663315,0.18407647165149799,0
0.008328586540871926,0.026235316,0.15547563362904263,0
0.03768835920132867,0.12064668,1.4659159331556906,0
0.017042796630211136,0.029169992,0.6773565855805347,0
0.025183006807972926,0.11122335,0.7363421859115,0
0.017355648492629577,0.0352661,0.5220806460392513,0
0.059683739565616824,0.049470548,2.3036487110903017,0
0.009766694781269682,0.02946963,0.30715172167740573,0
0.02842170809588062,0.06975047,0.953297490155015,0
0.018084875272378474,0.03474341,0.791480958279672,0
0.0317701398495403,0.034007773,1.2395275179700112,0
0.024414920677461677,0.09205109,0.7932734560103226,0
0.007828823950212102,0.016411936,0.28632382228648856,0
0.02406202834911547,0.061404064,0.7997936051613466,0
0.03121297427047859,0.021188553,1.3803971555067187,0
0.0137267781169557,0.04172418,0.37897514173590746,0
0.013677858979455084,0.025994774,0.35698950857273604,0
0.015564681736176676,0.015847804,0.5928728667699443,0
0.01863699394298346,0.076111406,0.5104377455528283,0
0.012184829943398773,0.016692583,0.41689497826529165,0
0.016816028292651483,0.04929261,0.4987940350558152,0
0.017736073484512276,0.02818562,0.8447631403088647,0
0.017616074153822842,0.032490402,0.6198706214703106,0
0.019197417626516163,0.026909554,0.890796858383428,0
0.01642505902966341,0.038874112,0.48116414022421783,0
0.03013628396933786,0.044350278,0.8119087764171936,0
0.01998324192200513,0.069290526,0.540927537148006,0
0.022973081512768567,0.057711996,0.6992731368608605,0
0.015366831413731073,0.03574238,0.3936101196798524,0
0.032761831943274894,0.0940498,0.7030797796136848,0
0.054580177177196626,0.07948583,1.6424781611662436,0
0.03218946873997698,0.04629405,1.5779814789482964,0
0.07533927119887546,0.09505484,2.3759074750018794,0
0.023402656947148492,0.11767091,0.6040307971732977,0
0.034919152476270414,0.10082219,1.163870129471909,0
0.019172402756078986,0.027047014,0.5424200442058409,0
0.011407192904620547,0.010056478,0.5550150549940093,0
0.020945013617520776,0.04100362,0.3579785987447409,0
0.0530437059922337,0.040700004,2.799488467781543,0
0.032929488699159036,0.03911623,1.598694074604921,0
0.03306416611329567,0.09096795,1.276113165898168,0
0.018081599038202348,0.070956595,0.6251210379629145,0
0.027125673771796525,0.095548496,0.6928029192860494,0
0.049719269420134694,0.029680619,2.6614311833764024,0
0.007008938170013073,0.009686471,0.2273424092302474,0
0.02150809186821381,0.013851755,1.110994410560166,0
0.026878939284168044,0.018275611,1.3361034784449588,0
0.036068245043589915,0.037270788,1.3164299684412042,0
0.021156534757705184,0.041799776,0.9592247618375777,0
0.021674261108825414,0.04692821,0.6999308206010181,0
0.020296498120236137,0.03257288,0.8499834735590711,0
0.027526695807900056,0.03492841,0.7084661509493217,0
0.03307480139430197,0.13040282,0.8802899121714673,0
0.016643796008402854,0.037733816,0.6507977068637767,0
0.028502095332438984,0.065437384,1.2143464204626544,0
0.08092878234060642,0.07524175,3.106664178993056,0
0.024183201954006438,0.053857673,0.5366973953149791,0
0.014564220989528785,0.038291365,0.5899030126363738,0
0.02462030185003844,0.03704462,1.0595918888338922,0
0.03411817864220075,0.039001092,1.1113760646422235,0
0.020140726767766532,0.01784506,1.0060666647949688,0
0.011557725411978616,0.024484923,0.42685441522016104,0
0.02242032931556049,0.040456563,0.5777958130989305,0
0.031096141888162947,0.06712623,1.205974597847967,0
0.04607539766648458,0.2688963,0.9280395487813443,0
0.019122366336284204,0.029118164,0.8896297653227514,0
0.03544664817448055,0.098971486,0.77897275834897,0
0.02244782503232316,0.032635614,1.018223929206396,0
0.017070188919461753,0.030817255,0.6388765936171922,0
0.03354437393222306,0.16318552,0.4969464880704758,0
0.02838147232212174,0.07197565,1.0308504551047126,0
0.01872465898330688,0.037526537,0.5122293159274066,0
0.015054000991482887,0.018823203,0.7346566670086879,0
0.03798970942862432,0.15927587,0.86552402062682,0
0.02050832568729131,0.052695107,0.6979192964767243,0
0.011087485273406947,0.021020493,0.3572820013935013,0
0.02157538302173419,0.035396427,0.9052925689053853,0
0.014413675654147182,0.079012424,0.201862366250975,0
0.02529571849623107,0.15193878,0.3353808000631062,0
0.01056107721735594,0.02682919,0.30807279114326414,0
0.01339292573702491,0.03996728,0.4269349284453237,0
0.02525595698611736,0.086420655,0.5953210661027183,0
0.01777153875729412,0.044361275,0.5434455189237322,0
0.01728490356015349,0.03431657,0.5230064145305198,0
0.01375437463165433,0.012639456,0.5698923643415498,0
0.040421477310223206,0.045219954,1.72464009574477,0
0.046634045459827383,0.07095103,2.2028112478677286,0
0.015828491174946727,0.01662889,0.7740697134460232,0
0.020243701449103535,0.020565765,0.9942712334379408,0
0.05136400096160901,0.12029294,0.45296235523598044,0
0.01387270072803411,0.014505547,0.6371768341873836,0
0.05154355295629136,0.07263994,1.905747246183635,0
0.02811335330063922,0.06681336,0.7230050989938015,0
0.03750383923204274,0.073754415,1.7198847882796926,0
0.03718466896491486,0.09596858,1.1245664359150112,0
0.014129131819674288,0.01793775,0.67849549197355,0
0.013716382169371703,0.014695851,0.6433539652624525,0
0.018858987144845064,0.048753943,0.5519783896851379,0
0.049503601681309226,0.11840512,2.0087979385764445,0
0.019473676926349687,0.04299927,0.4169366986792092,0
0.035128522773988195,0.072472245,1.0226888197435386,0
0.029460532183613178,0.04921119,0.8229608253096251,0
0.009630954926435452,0.04223389,0.18534060406976774,0
0.009763544550708454,0.017629627,0.2949973448577665,0
0.01336603811457912,0.020758115,0.5860806778600315,0
0.02017290883231648,0.027679833,0.9670944180067599,0
0.017201968664766563,0.0067792325,0.9199676287421876,0
0.02590079992361389,0.04585054,1.1789246764542762,0
0.016434937335015914,0.03127067,0.725899516499829,0
0.041075618948181555,0.063044444,0.7784668625547042,0
0.011310086495840982,0.012194078,0.4497500758178796,0
0.033766520255194776,0.06804671,0.49415762567730576,0
0.028700676100931594,0.033391714,1.362583535553641,0
0.04680671182605339,0.07696528,1.8999529813900702,0
0.06650613628357782,0.10391413,3.136484556301817,0
0.019760331016759114,0.121478155,0.428616828335287,0
0.01471486632583737,0.038357574,0.2351907556845732,0
0.02124645025382528,0.029172372,0.7884665123082867,0
0.01655616408228237,0.03572118,0.37744632913932014,0
0.03204360214554737,0.023055473,1.2654795636779794,0
0.010278102936604541,0.038212,0.19782618372735128,0
0.045427223600185127,0.07665544,2.0541917687422098,0
0.035309561399980025,0.10052866,1.3298955604940954,0
0.02160189141207971,0.03316185,1.025454988668377,0
0.01854613588235668,0.041331537,0.6543165021900217,0
0.03268414382414724,0.060493764,0.6198038196574768,0
0.019386796607636893,0.005617563,1.0035563317356369,0
0.035361962238264336,0.052023426,1.228124352967472,0
0.02541474480325008,0.050069716,0.3929913926001256,0
0.018670535609446128,0.056029752,0.45522340824623136,0
0.02082434962809669,0.031720925,0.8390962449153834,0
0.046319230213555926,0.12898017,1.8313593447885914,0
0.009790214030848718,0.012023961,0.3439832954327923,0
0.008450966915376687,0.021152254,0.19766274668512354,0
0.03277884959023275,0.16181928,0.8663592168264515,0
0.0377058569427025,0.095141135,0.8334772913894787,0
0.014631204159636292,0.024788719,0.6039969015488174,0
0.01586485935996501,0.02252809,0.4245731513285648,0
0.02131135947716678,0.04811511,0.7412291506781845,0
0.012110998992396038,0.03164301,0.25438653490244434,0
0.06384694469386062,0.043855492,3.364919233755728,0
0.047005915131896864,0.10299322,0.9177643573662136,0
0.03335550951155362,0.021923859,1.7732227429275325,0
0.016716478605945807,0.08938022,0.32858643265644244,0
0.024914780754104866,0.049899332,0.7085397124071091,0
0.016143541722786425,0.039212197,0.2871226863968432,0
0.02426445300788037,0.0728066,0.8915930456727104,0
0.021102978731042027,0.020216208,0.9430887949995849,0
0.017810192713058032,0.036751363,0.7703995979618257,0
0.07750881448608989,0.13983892,3.5023799118763193,0
0.01413321405478416,0.045817662,0.20049897782269835,0
0.014378299861613797,0.04921696,0.16177862908192267,0
0.007275490638270884,0.008428597,0.32265351205621584,0
0.028494675559689403,0.09780636,0.5240939104949959,0
0.029348983628790324,0.06867095,0.41332682797586934,0
0.01831460497280196,0.024911284,0.8633362098749481,0
0.01901888426352777,0.06594294,0.5882808037086216,0
0.023625024017156042,0.018075438,1.1349638301706981,0
0.027696681758280467,0.042250972,0.570606681261692,0
0.01597911735815788,0.021454241,0.7466486187632725,0
0.01947620402020246,0.011516149,0.8941408688879209,0
0.05295575071497161,0.058035765,1.7822167542012046,0
0.03168940076944089,0.0670592,0.9865797368789778,0
0.021602501397313727,0.059530288,0.5952114592916804,0
0.024437512672686262,0.10480151,0.43425357868046627,0
0.02710201251505959,0.025830971,1.2998641519807987,0
0.020020680249708968,0.07948551,0.18766797072408137,0
0.022258372430953313,0.055254914,0.6943036922237455,0
0.022573522390281348,0.009101729,1.1673364042140093,0
0.022697854864789316,0.036588307,1.0487987901575153,0
0.010917518672536923,0.023782955,0.4673968305335127,0
0.01434983343814725,0.055260986,0.4851967793276138,0
0.018267465593784615,0.021568477,0.841638992181421,0
0.03223873844967122,0.14532319,0.9884529078685231,0
0.0170895897047057,0.0642588,0.24572471163904752,0
0.02859116693960267,0.047991432,0.9308075474067229,0
0.010507057327785868,0.023687385,0.3111825861569755,0
0.0180831740418987,0.03819894,0.4942670277260475,0
0.011285748431357108,0.04327137,0.27452860040550775,0
0.030860800275471036,0.043339368,1.5169046520352485,0
0.011043525260067943,0.022940306,0.3592815550195068,0
0.009885291528883969,0.02303578,0.35000978671052674,0
0.014318249256631464,0.01688827,0.567347186038913,0
0.016098106638257455,0.044715088,0.5626886134355082,0
0.02291906046166104,0.03261487,0.9400528511506059,0
0.012607818062420664,0.035831567,0.3498340750786396,0
0.016987341265895413,0.032969248,0.3763052059982393,0
0.012687314885465357,0.033455454,0.19514851651237286,0
0.015070756348771834,0.033809066,0.6031814980539996,0
0.013294300523238427,0.028745096,0.5261904895078896,0
0.04175702189468895,0.067120686,1.957001161127602,0
0.021777086493340845,0.039034393,0.9708571264127551,0
0.016341524569162314,0.024067715,0.39958551102491474,0
0.025236866742436016,0.05003117,0.28469505535597056,0
0.024806954771528028,0.033666454,0.8776168689058749,0
0.013330844484153021,0.054846693,0.31266398331755846,0
0.014329724209138556,0.04412173,0.4056697054345646,0
0.017674631363308154,0.025199037,0.49546010377834454,0
0.051695581642010886,0.122257695,2.1183593254501165,0
0.06368962433854544,0.13802597,2.6496724989630933,0
0.06278512091175036,0.051692486,2.3880099177110132,0
0.025143787802930438,0.03581952,1.0722817806369953,0
0.02523117310730478,0.04921249,1.088803648379518,0
0.025960887787897416,0.09545412,0.452137018953231,0
0.028672984206583162,0.03776668,1.3584325710538108,0
0.06391660749211575,0.02942289,3.3973749245227434,0
0.020616441110010184,0.030583566,0.5474722698252731,0
0.03375241232357208,0.032414153,1.1967408044032384,0
0.006921864554230775,0.009556532,0.2318860013819357,0
0.019766652794664323,0.028767,0.8103759756885668,0
0.008161580687992815,0.007861257,0.3431810424271702,0
0.031095510580345005,0.0829676,1.097760129591618,0
0.018873903250528096,0.05559027,0.32934848289278906,0
0.019417982765258815,0.03834176,0.6494553798406147,0
0.012803167677871406,0.027920462,0.49754993872500786,0
0.02576837977777354,0.021778964,1.3424278366086264,0
0.029811279540294985,0.13234864,0.6857262155908519,0
0.042766902525455834,0.0951413,1.7664256001939178,0
0.01900785149149876,0.043809894,0.324439542084066,0
0.015002140339934975,0.022560317,0.49570372883213437,0
0.014683305614608113,0.016576955,0.5203169729372225,0
0.01592023128268427,0.024105366,0.578049884503425,0
0.025187590978702597,0.016941695,1.255189727044446,0
0.017640651255384825,0.05766435,0.621231481266389,0
0.028178837548252678,0.034737468,0.8320941150164303,0
0.014527732752562158,0.04212753,0.15341934971523058,0
0.010728854803529397,0.013347682,0.48871224814220016,0
0.011721829440548531,0.019212788,0.48039063102802493,0
0.03298067600029671,0.12566298,1.0881134455663672,0
0.020073837737199347,0.023722822,0.8332630495650878,0
0.0175215623404789,0.03767664,0.34440040579856895,0
0.035079555900734014,0.043200463,1.0319696711932826,0
0.021879858183414043,0.045100883,0.6147447107643332,0
0.030406687488790964,0.0780238,1.289438067463345,0
0.08741054327470567,0.029649291,4.323571492335664,0
0.07446298737112964,0.069791295,3.2865482840088314,0
0.019728261784984463,0.019056736,0.9444665545511207,0
0.016301817496484336,0.018916061,0.6348878947715364,0
0.011677396040219827,0.036901947,0.3535476148217077,0
0.03743913893602743,0.07051421,0.6176204602853781,0
0.014493210611133251,0.007984586,0.7254193184914904,0
0.04485859099846827,0.04819513,2.079141030010544,0
0.045520461980054536,0.03091527,2.096168934671197,0
0.027961360367407494,0.049090557,0.9420052339351032,0
0.016282342161843107,0.03950079,0.5007974885793908,0
0.03402351402221125,0.09239578,1.3144291917102684,0
0.02410608216582643,0.015238475,1.193823639227356,0
0.024420316358879535,0.024621477,1.1541824430139862,0
0.029822944708193376,0.055822823,1.1701064430649284,0
0.04152021080995042,0.15336858,1.4059669538283053,0
0.04108200059446419,0.021107193,1.9009290645315315,0
0.022503085153415987,0.050235204,0.8761411389803306,0
0.016343058393787413,0.043118533,0.569101010860946,0
0.04026593616935792,0.024854628,2.031684391502999,0
0.0186041022682562,0.016437232,0.8820015349441688,0
0.009424308250856288,0.02108719,0.20804347634279224,0
0.015298232023241445,0.009435685,0.819548745280207,0
0.05164593486086572,0.028200516,2.759966001080469,0
0.027915358849393612,0.07452926,0.31680308097948673,0
0.10421971959294442,0.3177522,4.040847905340457,0
0.03234639294664554,0.021324614,1.6450592771599823,0
0.025630067883745403,0.09245835,0.5743011331905903,0
0.02448664846505161,0.01057581,1.1560066668353461,0
0.018514861408948022,0.030965427,0.6350694714638622,0
0.04174857171149955,0.06149496,1.7257472674373668,0
0.06282374681899638,0.12343147,2.874855623278891,0
0.036510854227292784,0.027828412,1.9224135959577928,0
0.03345146689725046,0.021216542,1.7950083494340239,0
0.035009676833145,0.053180583,1.1331160174862345,0
0.022130906054486376,0.07469908,0.41379508117767577,0
0.03216670102847809,0.058614545,0.9731133919794575,0
0.020392653346046643,0.060610693,0.7065923971140413,0
0.014138285414720854,0.037305333,0.5207748099331422,0
0.016759757396952128,0.018951943,0.8033328847774538,0
0.03744385428806667,0.12463846,1.14617214501931,0
0.009562091648839904,0.016480973,0.2568546386852886,0
0.10576063296353898,0.017547451,5.955746861505227,0
0.03386875036506253,0.069393136,1.5276973549456117,0
0.03281162747005435,0.06594032,1.4038475055833526,0
0.07506394938693703,0.30836874,2.493548703218476,0
0.022196119109100524,0.08713435,0.26226066349176397,0
0.03490978372275393,0.049063377,1.3079485078459732,0
0.08855612771681129,0.05828997,4.090285256835998,0
0.020449150551961223,0.03795916,0.8969351437624551,0
0.010181625884444354,0.008038073,0.47378646638930927,0
0.019609526459426072,0.024544926,0.9166990295925259,0
0.04053018889970631,0.044004038,1.8899950631534037,0
0.04073683312505875,0.15124372,0.693068766829174,0
0.017694685203661957,0.025815934,0.8284837671169745,0
0.04602345734423734,0.20207728,1.3868034786082244,0
0.014199876813583503,0.03381779,0.38093273037842207,0
0.017245613619975404,0.010623227,0.8577516644473325,0
0.018931067667766047,0.029415153,0.9063385621428146,0
0.02219090172522226,0.014935706,0.999629230089825,0
0.01362615231712621,0.037770927,0.5555523335204708,0
0.014684321897777507,0.019503651,0.6153277444631956,0
0.018622700769528825,0.03727656,0.45024525324357784,0
0.021459043927681005,0.07765496,0.7767457059424548,0
0.02584282556553553,0.06741869,0.8430969218610355,0
0.011984361847287604,0.04323717,0.22824003185905037,0
0.022300752704614568,0.061445322,0.7052482951605047,0
0.014700296000494464,0.06087468,0.4258597142680519,0
0.026881440041601014,0.054145176,1.052617553117121,0
0.01790195678741752,0.036475293,0.6643830251464481,0
0.009054500188064401,0.020537695,0.27780409987507904,0
0.015746019075843023,0.008125896,0.7966359918735293,0
0.011983090448767168,0.030030819,0.2487504147208331,0
0.02589611849534876,0.018642232,1.2681610235047969,0
0.03938177499587784,0.15836667,1.27149942033297,0
0.017437505790704824,0.096751906,0.14559141981952994,0
0.023590058268293607,0.05874417,1.001278208436502,0
0.02610897120478475,0.08351962,0.9449768081462425,0
0.04023337498153671,0.26805618,0.7275507599243467,0
0.01092964053275529,0.01515618,0.46583513170152063,0
0.011907470261221534,0.028858067,0.3741113034402397,0
0.021075020480916695,0.08730669,0.5006149763287433,0
0.0268680714270664,0.02260078,1.1229493215136874,0
0.01857655350498723,0.05024025,0.30787944499290504,0
0.011156844713516582,0.03730022,0.38488883263538815,0
0.04945045267709097,0.17692268,1.7638181931200136,0
0.02038454933654942,0.05117787,0.5719390802091783,0
0.02672571881390586,0.03510952,0.9810389638035982,0
0.038368185685522,0.010653738,2.080600028361479,0
0.014268070563703245,0.03037954,0.34969192438269964,0
0.020857342292883132,0.043740068,0.9138323137688676,0
0.026675404007239324,0.034281597,1.3220437026855811,0
0.03155872158740161,0.07109098,1.3951591609021965,0
0.01732987957050826,0.07755346,0.5278425952537253,0
0.021850055294048324,0.02199749,0.7267598340279474,0
0.03400020975455828,0.044340044,1.6858154842264281,0
0.02380051326623795,0.04224421,1.102469719934579,0
0.03075439355565323,0.13124217,0.5814483815414344,0
0.02899619622735973,0.04214446,1.3121931916746805,0
0.022328935308185412,0.037768558,0.739726814757438,0
0.01903766730884088,0.11210733,0.18373548353882752,0
0.01166073855641137,0.04162267,0.16998711666610627,0
0.16101592060674663,0.69640183,0.6338069923698187,0
0.031353232853062116,0.022683846,1.6506201434192453,0
0.01711158242115108,0.04406271,0.6781537530003939,0
0.0157735616653805,0.0726279,0.41240542795636237,0
0.016711643650306272,0.03289411,0.7425649722987862,0
0.020688820441324272,0.06909098,0.6769680522595342,0
0.017413265462762756,0.03142071,0.664730067361918,0
0.029267984188236843,0.11220957,0.9096323594637735,0
0.058010402045599485,0.10381329,0.8832887561312291,0
0.03593946963937368,0.08612359,1.268480997934882,0
0.016771414879590774,0.032373052,0.7632245266265663,0
0.017090855569973182,0.02919661,0.6067637467077683,0
0.030729053125823733,0.050691266,1.261828333329025,0
0.028134897044527978,0.11490442,0.8766060972985662,0
0.051027725162466786,0.14091732,1.5926197916108205,0
0.03063708065131211,0.15388927,0.8730604388414318,0
0.005348228602816736,0.012539364,0.09918648555060469,0
0.014342821022506608,0.035100766,0.5801600997309149,0
0.020320830504667563,0.060005914,0.5412872416173143,0
0.013681505476897112,0.007812783,0.6480916852449433,0
0.03310361359001873,0.039823562,1.6089829903509003,0
0.05529327037082643,0.15865226,2.0609647046614,0
0.012842042257336154,0.031310476,0.29935475169434206,0
0.018111355900987672,0.02509133,0.6729186050913953,0
0.03462910037444179,0.03880277,1.0355000818667128,0
0.019066796325351028,0.05861621,0.48382150122131257,0
0.021526450332291325,0.02612289,0.660277804509724,0
0.013340645906520123,0.010080689,0.5543461021513986,0
0.018662054371601962,0.03493926,0.6619695973578529,0
0.01226544903864771,0.011628085,0.5934905314783642,0
0.037313958415170344,0.04824202,1.129161418472641,0
0.020491120686372453,0.086422674,0.5513873673273136,0
0.013069409461372914,0.025344027,0.48228790440957714,0
0.042312262922223925,0.2522758,0.9417569611080447,0
0.022946669196997678,0.033886876,0.9452932419589828,0
0.02003562070978341,0.06145769,0.6268807878458417,0
0.03231896256618832,0.21806163,0.482018392719467,0
0.01938664424835609,0.045456797,0.5524904671510176,0
0.04030841506365139,0.12136161,0.9498782025236909,0
0.029577685441094768,0.06574279,1.0230226344310738,0
0.03302193367134644,0.10318985,1.2851639275141888,0
0.04111984123839699,0.08322292,1.6885774737572339,0
0.020950581395821385,0.013252606,1.0065288250362967,0
0.02004207496062581,0.010353262,1.0616631935428034,0
0.021038565653822495,0.0183059,1.0406904898901264,0
0.02802056312006288,0.10383408,0.908687649690787,0
0.009213060447828204,0.025316017,0.16536676813413134,0
0.013216995493617217,0.01953888,0.4968179470155292,0
0.015442057599725462,0.011582849,0.6914965474491693,0
0.011002234454416905,0.037382323,0.23386467886164441,0
0.03192307159497913,0.040677194,1.5109120491868167,0
0.017157008125873133,0.034405828,0.748093074714136,0
0.04674417014007921,0.04870398,2.355324861710211,0
0.03878868046418138,0.09042364,1.7008698494236176,0
0.028823883877788233,0.04757059,1.3472433491897915,0
0.017699251413656785,0.025657576,0.6842563816646386,0
0.03227589942762469,0.06011466,1.3048037538955088,0
0.02330929431265389,0.047467586,0.7146570571422929,0
0.01468303947673189,0.034248807,0.5761837174673989,0
0.02526694426391491,0.03684448,0.667767468550601,0
0.013908542590247822,0.013156368,0.5217426435016501,0
0.023397541143148737,0.024640026,1.1619718054845747,0
0.009151891704447489,0.015669456,0.35959987575357494,0
0.07363144570928118,0.11270045,3.306135182234819,0
0.007946271809241345,0.016548725,0.18310106384860345,0
0.03338822013293287,0.08338964,1.3146576498279754,0
0.0683463044106696,0.036940467,3.1591418135625515,0
0.02718725932510612,0.05382179,1.126373588607319,0
0.0371503915133045,0.045679413,1.7193385813491129,0
0.02030333362183192,0.08131983,0.5628804505936275,0
0.00917175379015954,0.01831262,0.31580926526261566,0
0.044015349906158956,0.032161556,2.29465997979346,0
0.023033994863671085,0.04752672,1.0143198925353256,0
0.013204572275658934,0.02777364,0.42730568022943655,0
0.03782038232505135,0.19355537,0.9131086896293978,0
0.006000953634575138,0.013337971,0.12150384404594207,0
0.014980500870390673,0.02113382,0.3671437096203115,0
0.00913905135371981,0.017490447,0.3353093767023363,0
0.007390098835931058,0.0035366057,0.38995234926619304,0
0.030891198255967388,0.06346472,0.7364270241773396,0
0.03269985135746992,0.06404561,0.9036777852851152,0
0.016782817424685934,0.018348027,0.6806921967022743,0
0.020865861128069884,0.05091297,0.7624073682964058,0
0.05139428826782401,0.24220519,1.3685489331940062,0
0.0228899575913596,0.03429197,0.5272772538629011,0
0.011238802860469164,0.012874821,0.5591732030226628,0
0.022520305802380274,0.045351826,0.6121993657749315,0
0.02849396209615791,0.056915026,1.1993683761173781,0
0.024940739111307442,0.03581527,1.1873157267199348,0
0.02083991429185683,0.049635686,0.7611273373120735,0
0.01631823535567481,0.01051115,0.786585824853421,0
0.22400918802754127,0.16038768,11.313640501691054,0
0.011330728895065072,0.020942625,0.24017658580026963,0
0.03193052667944127,0.032690737,1.634074585177859,0
0.024546536206870327,0.08121123,0.46000654699613497,0
0.03339231835217041,0.08729962,1.2586807506765412,0
0.013893885889565992,0.017939607,0.6220541493776887,0
0.028415320083374072,0.06366635,0.5282080699318646,0
0.005718212838034631,0.02150116,0.10976083488378267,0
0.01318749855152534,0.0149906315,0.5087317659219371,0
0.015213620527063728,0.046616938,0.44836123959849616,0
0.03149216532490828,0.13355254,0.996140990743883,0
0.03204317989967938,0.10107908,1.1985920876656329,0
0.011061921453689038,0.025754124,0.40396453317446823,0
0.047665290836767765,0.0013807948,2.7038302200813917,0
0.028917160664001663,0.07342992,0.5035209499069829,0
0.02133509628361712,0.040433448,0.8087086823650841,0
0.023110846886663775,0.06352565,0.8064006756127732,0
0.023271094969530386,0.045603424,0.6223927150006621,0
0.010545815565973806,0.017954191,0.41697695189166806,0
0.02744825475736362,0.07670795,1.1237688432194826,0
0.02632186597962858,0.018444844,1.1913140118187626,0
0.028651879377762302,0.12215994,0.9262301191946003,0
0.027350676531460928,0.051419858,1.0926945869095666,0
0.041654996155888496,0.15975943,1.374987065410831,0
0.023293198337846904,0.015728049,1.174765444340277,0
0.030625944058320313,0.13455433,0.8191089973331951,0
0.01101775247485838,0.02112037,0.3556618313073309,0
0.02456544760274213,0.030776031,1.2300069469313137,0
0.024299469520143665,0.03482461,1.142915709535264,0
0.01578669426193803,0.016692426,0.7231584522131226,0
0.02657114854763234,0.04960028,1.1768430884871297,0
0.02289316132061643,0.0677591,0.6054299313638015,0
0.018854720650617253,0.07282754,0.4306410868905882,0
0.006289041416091331,0.01064915,0.2957548043919654,0
0.03444144834836242,0.07961479,1.4220821812812012,0
0.02005634904074037,0.06612047,0.6713587596549485,0
0.02317922771615315,0.0900791,0.36189139648651103,0
0.02822490112604138,0.029910052,1.1529103089394874,0
0.01521595369093004,0.027905026,0.4254674975432056,0
0.010436762803845897,0.018961377,0.46543576938558623,0
0.02406673046077167,0.022637287,1.218239387236733,0
0.021766110124561873,0.057876755,0.779575849163879,0
0.10354110381672055,0.1416537,3.037710500837288,0
0.028637665460170506,0.057456773,1.3012439459392862,0
0.03782809376885392,0.16014798,1.2403458328509631,0
0.035372605586571376,0.010125822,1.9464846008361434,0
0.01007825632015165,0.021101687,0.2145227588199891,0
0.01226055575849195,0.02410919,0.4468245723800789,0
0.03821009649156107,0.07178936,1.5190130313367196,0
0.018780915991209988,0.009997435,0.929253546116495,0
0.06724986213501158,0.07061389,3.110660974541156,0
0.029143262284454338,0.055785432,1.0001004495351125,0
0.0811793539615705,0.03224728,4.449981440979795,0
0.06132305905760299,0.17940415,2.310083491081361,0
0.035752868304747595,0.09816193,1.4269374562573722,0
0.00745068442279013,0.026460225,0.19315449376478033,0
0.04686033264974841,0.15309596,1.7894250951193345,0
0.027484390881017784,0.15472315,0.6341775146995697,0
0.033973753634193284,0.108464554,1.1144931830717464,0
0.0132654529489976,0.013364247,0.6039238801009135,0
0.019622769632888525,0.028094986,0.9086745177719782,0
0.018290329281711835,0.035987847,0.6551707963197596,0
0.02076835981611331,0.0703565,0.5154970310345323,0
0.028801802767702972,0.04676264,1.2116643390156399,0
0.006897394042154347,0.008580678,0.30339953542041104,0
0.019660642324825346,0.03796363,0.7351064972791058,0
0.02996377683602394,0.05173491,1.3953226112498045,0
0.010952588553249891,0.025034152,0.45392725713963844,0
0.020935376705530667,0.0377125,0.7992802663502999,0
0.03157437910200319,0.045932814,1.379917947460393,0
0.02343939969419223,0.059429042,0.8901344134221045,0
0.01685828860099165,0.03567808,0.6899463590976271,0
0.023879810287548736,0.019320058,1.1604435667069666,0
0.11542640257860927,0.15450189,5.6627372741279185,0
0.016483846286889904,0.03949301,0.6931439616056628,0
0.02462755541750208,0.024880568,1.1363136673522671,0
0.004782921940863211,0.009279772,0.21728475684734322,0
0.029035939032839554,0.092300944,1.0781941397058146,0
0.023718096335494276,0.029067062,1.0466845764794266,0
0.019278530677531755,0.0386223,0.644647805035969,0
0.04049420853868989,0.14046077,1.3754137274050764,0
0.03079389271144428,0.055063687,1.2638136758840064,0
0.008860706235163857,0.023538182,0.2774916095175326,0
0.02094243667129637,0.023584777,0.839710801706367,0
0.018541445612453,0.054050066,0.5201190457162002,0
0.029052196338353427,0.029374802,1.0759742294479937,0
0.010580543013558135,0.010859959,0.4673591519702208,0
0.027405825606990536,0.10701546,0.9047589366960214,0
0.017345262893256885,0.0154328225,0.8235103569262975,0
0.017646197429185363,0.058603503,0.578334886862773,0
0.0175840328598846,0.053564765,0.20334777918684133,0
0.029609991861349653,0.1393798,0.7241992304670788,0
0.015101827053028764,0.046089284,0.5615337213450402,0
0.014946962898919728,0.022481326,0.39394691284290784,0
0.03273546548972763,0.04614444,0.7864430514436874,0
0.009994981106985618,0.02737835,0.17130740065898903,0
0.008008494118426688,0.013962342,0.3206705423896576,0
0.031158263770320545,0.03920551,0.8305934235331124,0
0.011890958153259981,0.0050846725,0.6080125794649389,0
0.01472089509416407,0.02208759,0.5868915416175513,0
0.025488555337766023,0.022887079,1.1671424532046326,0
0.021931403327351155,0.111633025,0.599375460548383,0
0.038960506105896575,0.04286724,1.8279765150742886,0
0.0437016784793247,0.1528094,1.0900531529599111,0
0.03332029658306612,0.0894978,1.347320502559591,0
0.016297327157210523,0.03132825,0.5231571809120497,0
0.008432317121564743,0.056263328,0.1280735210139304,0
0.008657578620907696,0.029111043,0.19061637293287556,0
0.0186320821686769,0.014468516,0.796652475013161,0
0.012850468649210618,0.03886455,0.4135753525482054,0
0.026534309445489773,0.0688706,1.1124903969717168,0
0.01317246558059943,0.04909042,0.2587828059336568,0
0.009955129852426952,0.026770152,0.3227616983823989,0
0.0160082865419411,0.03094484,0.6112615520602879,0
0.021676094030940212,0.10859577,0.5186133684246984,0
0.06930969488557798,0.1625056,2.7953577018933697,0
0.02250055074491622,0.044718917,0.36574021614115576,0
0.027281110305220797,0.034418356,0.8289292674962367,0
0.029128675707490666,0.05423397,1.357240811012164,0
0.012319386627824228,0.01611635,0.5480147408698879,0
0.05111044767715742,0.069186985,1.6521525007556144,0
0.0060956186041858165,0.017566927,0.1928928471624918,0
0.015749865010493858,0.023193242,0.7167987933010865,0
0.019539659131249283,0.10209576,0.4939580660649107,0
0.10300272369369921,0.44890085,1.805842914915978,0
0.03380017687985361,0.06251437,1.4433663315941563,0
0.025046601264915293,0.021138532,1.249101664477596,0
0.021782664629308723,0.05908102,0.36579836094409646,0
0.040302696266625006,0.064031646,0.7218507089604741,0
0.026620953932710294,0.10137012,0.43708171461641304,0
0.03642196088240258,0.08802357,1.297708019183227,0
0.01276239172268207,0.05291292,0.31364656979803673,0
0.033884735582725214,0.029442511,1.6913826247892088,0
0.013784731859846258,0.050998453,0.30901404007735345,0
0.015283478385489031,0.04413512,0.3090813189431774,0
0.03787238524290309,0.01817156,1.9238084511141047,0
0.01418197064743885,0.018853843,0.633069598507234,0
0.016333758207274684,0.018524673,0.5934629616501622,0
0.050974795870405265,0.24671407,1.3070742140703682,0
0.02165421144029967,0.013603666,1.0116341250303835,0
0.011642526665560848,0.018978642,0.5095001925731334,0
0.01415355225523814,0.039217506,0.32587931841707085,0
0.025739597780901447,0.055335358,0.6337062142607242,0
0.033368003728566235,0.041634858,0.9406158296145697,0
0.02594622321254443,0.07193042,0.930743156765815,0
0.04264149249427877,0.022683067,2.2903237214288175,0
0.04480947936555882,0.11690644,1.6976275156318912,0
0.019826673870648244,0.03988295,0.6734089990925752,0
0.08469187721496264,0.18200667,3.7682358940181535,0
0.0241829014635878,0.07628446,0.7657568791990595,0
0.02837744582203465,0.03299614,1.2447679286709659,0
0.03553500346980304,0.041211348,1.1561514270919857,0
0.006682293257187023,0.010827596,0.2564529393690377,0
0.023006987919550234,0.06712324,0.7023195467490956,0
0.0551498900289778,0.09643933,1.0552913080995883,0
0.01810865120494548,0.053000312,0.6974583197696254,0
0.15296132618425667,0.06637581,7.185968888240464,0
0.028937182761027885,0.022821952,1.1877186915506261,0
0.028137027071649244,0.026315,1.3214811360318266,0
0.028518727409496653,0.058318324,0.42992115530624625,0
0.01528844750208614,0.03896557,0.29629043159890417,0
0.014989906263778921,0.02391349,0.42012540506328444,0
0.03301912719901022,0.06421505,0.9414585404249665,0
0.03221888977710533,0.03731088,1.0940868339936398,0
0.01981616768261228,0.07238135,0.7184595697044591,0
0.017673458621531288,0.054900732,0.6484611851837596,0
0.010859820556418326,0.023159862,0.24564850228894822,0
0.037867127608701805,0.044182133,1.8951935687943589,0
0.01881369300074131,0.018946262,0.8000137096120741,0
0.012687979716899264,0.048673276,0.3382611957736722,0
0.08992561754754604,0.03498858,4.363281541809201,0
0.02243369608861396,0.04273221,0.8811203500332302,0
0.04046566436298239,0.12846994,1.1058813853299432,0
0.037145311729350435,0.05113333,1.275223146241174,0
0.01406553095469669,0.03788809,0.40000898088536285,0
0.022930898063153245,0.05803984,0.27113141940020413,0
0.03206700160928404,0.018689211,1.646050926488874,0
0.04739476785640264,0.15280266,1.789766894519511,0
0.010008110633503306,0.010672998,0.5020111381995378,0
0.012204343372351609,0.011911629,0.5783427415308812,0
0.026564067154417056,0.065101914,1.124207084722719,0
0.025673370055965424,0.049486056,0.6643606647094481,0
0.016644914328193244,0.02022482,0.6045233239393125,0
0.040128741390749234,0.04680187,1.5643084059158805,0
0.01891835957926724,0.09951483,0.46274296421429756,0
0.021251242356544416,0.028938401,0.7049168092477378,0
0.06729014814958113,0.10392518,2.0385070121728104,0
0.021835160103620636,0.019774623,1.0819109364634034,0
0.013930296273559347,0.028115397,0.4916817984664534,0
0.013954395330710797,0.023485675,0.2965663279228336,0
0.029262648133878046,0.02996344,1.5018282209716052,0
0.04832156591019554,0.26779243,1.1743989646106927,0
0.027158856747465782,0.05597121,1.198708971921128,0
0.01795430214143792,0.013065738,0.9336276359306601,0
0.0395326159586899,0.19355582,0.9805967677528882,0
0.019297961198565215,0.054846272,0.7258835330782601,0
0.023462055616593272,0.032133643,1.0235629652178062,0
0.021580852567333907,0.034978814,0.5803795298626439,0
0.04105293012150777,0.080951445,0.8350845448283736,0
0.01520852660287031,0.041942053,0.17969022257521375,0
0.04241803435449447,0.13682309,1.601740862928544,0
0.042554954461333686,0.059039194,2.039252730742315,0
0.027733932903221938,0.035190027,1.057309799171628,0
0.0351410999633906,0.08580855,1.2656022379718261,0
0.01896749943278757,0.009422466,1.0138873243157833,0
0.02076919760800322,0.025438175,0.7569448356965183,0
0.03687471082504989,0.027539691,1.8949478069848846,0
0.020572120967989646,0.07480021,0.6331030243229772,0
0.014746484143369331,0.06297541,0.3908321638387139,0
0.01959968772747491,0.07173368,0.23056047662228918,0
0.03323222448433294,0.07138154,1.2865755910708943,0
0.042390806997956,0.03498946,2.2255339475739038,0
0.09270726699561516,0.07309749,4.0665410572593546,0
0.01638982030509725,0.016569851,0.636419713902511,0
0.014513810377760644,0.016586928,0.5242724995823703,0
0.012005517575132917,0.033740316,0.43722310523431707,0
0.029179080460319938,0.14603288,0.8017772877912558,0
0.02528598807959313,0.039342664,1.0063885116285411,0
0.046698108475796044,0.028099908,2.5015637429543887,0
0.03193109957204027,0.021102877,1.612288356862077,0
0.02683082995700807,0.08272132,0.4694763768470487,0
0.03302899390906871,0.054819558,0.8540706615530964,0
0.011579192220344352,0.013941869,0.5429513459100878,0
0.027193195141281067,0.101943925,0.4614336505494296,0
0.05822706270048714,0.09376028,2.7750057286791274,0
0.020370138431494177,0.05133441,0.7315931730316414,0
0.021067424460564727,0.076908074,0.4899117943039823,0
0.03839564178488143,0.04768433,1.785164411971285,0
0.021499914008522,0.03259785,0.83943995444544,0
0.014060431714735772,0.016677331,0.6315913195722839,0
0.016632039034921664,0.02097759,0.6966321739833963,0
0.08298020676917262,0.1833311,2.469599959750871,0
0.007106192875653505,0.06429617,0.0,0
0.021302287112925852,0.033405617,0.5839345697346431,0
0.019011013207149603,0.02946171,0.7740473291967037,0
0.013901498286486883,0.03795508,0.48469272185189455,0
0.010487913720969591,0.023596859,0.4183163022199587,0
0.02308401114820343,0.015970223,1.19839329465053,0
0.08971761847993334,0.23767297,2.6004632220495516,0
0.014773966139865162,0.0137112215,0.6049129477932441,0
0.01903651695455208,0.034103155,0.7232099878924045,0
0.018690498403889567,0.047080375,0.6639294639571014,0
0.023109808570232725,0.07851124,0.7804747244681077,0
0.020415751990520682,0.038727343,0.9065892195614609,0
0.016440697287801887,0.02396022,0.3694961742934456,0
0.039813203492599356,0.05604191,1.7881364670656266,0
0.021178964499020222,0.06186853,0.6569489371980264,0
0.025880284905718073,0.054262746,0.9875038047328936,0
0.024942254801877676,0.07019204,0.27459079566788286,0
0.024230658368757513,0.14085232,0.4527448154790141,0
0.016470378434860523,0.025467707,0.6867827878653957,0
0.018218884442856926,0.070197836,0.2739447583447038,0
0.014017739280016112,0.01819209,0.6632430617069338,0
0.060604275521205384,0.27355897,1.801412519354116,0
0.01919044286204412,0.05333276,0.506814290275842,0
0.042859042127532165,0.08666509,0.4880134980581756,0
0.030770625578531486,0.05500628,1.2077480203916,0
0.017854776618369532,0.05146706,0.5533061761984707,0
0.03276378320402311,0.04277186,1.4270878971426193,0
0.011436968187365386,0.033181537,0.2666927980358953,0
0.02486544042251925,0.058015816,0.728488945930237,0
0.025347855472501915,0.04018284,0.882209461704394,0
0.025390106312511086,0.019407196,1.339115806346571,0
0.018065608990191342,0.03783359,0.6499780876026129,0
0.01206706901335653,0.01706901,0.5417819944518114,0
0.02821333424851735,0.0783287,1.1577633269559713,0
0.02541773376782171,0.023976421,1.021146461645445,0
0.013002159190411675,0.045731504,0.4238867759274024,0
0.06778349273313404,0.05622632,2.7570216065635305,0
0.023067052387600203,0.006103644,1.255566389316276,0
0.05572373320595073,0.084037885,2.6745536788510855,0
0.007297742795096514,0.0099719055,0.26572142119776715,0
0.011122613100768071,0.008757483,0.45318699364824894,0
0.019329445523985245,0.050014414,0.44892774186270723,0
0.023690182522056104,0.03418227,1.1232971686761646,0
0.03279388937817147,0.13300797,0.8795444087318136,0
0.059139836959495956,0.0859136,1.6326402027574909,0
0.04492348128397463,0.04055863,2.3286603488964386,0
0.01744929924962084,0.053678352,0.5508024311124731,0
0.017102038473317482,0.022531956,0.7909888523644276,0
0.03437317049542027,0.16387661,0.6614401501144658,0
0.018045616210379537,0.016928278,0.7155540623382987,0
0.019618251947661765,0.05982014,0.5945882246287998,0
0.03863049179788684,0.20680843,1.0148941122033828,0
0.011069581094457983,0.04129625,0.3901098934035412,0
0.07781260450611989,0.101198465,3.859991223859927,0
0.03729164308214154,0.12988931,1.3181219685899115,0
0.13061468229792841,0.15122037,6.562269621672455,0
0.035911279376862545,0.06277276,1.250487181322496,0
0.015852799190098417,0.011544872,0.7946638961278196,0
0.021426972673609025,0.048936017,0.5094799103003085,0
0.03834652997982754,0.09140762,1.0416069990977308,0
0.024783338219669417,0.027362367,1.2246786799918037,0
0.01791628728935666,0.02354823,0.8432325028945711,0
0.028281373511493804,0.084676154,1.0632086748264946,0
0.01598618439898832,0.067376636,0.27021593302481645,0
0.03277851324226053,0.056543052,1.498177533654068,0
0.01937044433373418,0.04162726,0.6733697129581752,0
0.04576488083224424,0.17628282,1.5965949579425613,0
0.032972708184975844,0.049078234,1.56847409309554,0
0.021680908895410102,0.037149098,0.49349310239976224,0
0.08529395711619807,0.48478144,2.0120672793933485,0
0.02549864516678165,0.061141204,0.6900510114141305,0
0.01024749655401261,0.013689514,0.3635005007153043,0
0.04335221205332032,0.088278,1.7150183585667187,0
0.03569602428719339,0.058171753,1.5895316142740212,0
0.01843277926226764,0.026688032,0.8934408650624772,0
0.010826183549796059,0.029783035,0.35389400935534265,0
0.02620804087667814,0.082938954,0.884531088085644,0
0.029167754499022307,0.031587858,1.4512532707314518,0
0.016834583301032928,0.017590247,0.7919151138197214,0
0.025236813224818418,0.06850051,0.9572482835147846,0
0.017554472593804882,0.015854744,0.8690084991073562,0
0.07657903889331767,0.1326661,3.621012136702899,0
0.03289294606668733,0.04070345,1.5103289369570772,0
0.01819345567236039,0.09554288,0.4875974546723098,0
0.0269498828761948,0.054062575,1.2019503510122433,0
0.027015120678223866,0.05644269,1.0744647397690827,0
0.023935526220462286,0.041233633,0.4597966799736484,0
0.017669682393875265,0.054974142,0.4619725445622357,0
0.026194922987749735,0.06375474,0.3582471779525429,0
0.05176493205250996,0.13700764,2.0613373543611484,0
3.0874384372723194,0.169767,175.56622416134795,0
0.022322011677519453,0.041615065,0.850191267205392,0
0.01735430563892179,0.0677045,0.3839480807035859,0
0.02540279318407702,0.034797136,0.7353364311843616,0
0.014097002216067165,0.030632982,0.25539133170744466,0
0.018639364326667338,0.011787298,0.8385898982877392,0
0.01740571812513385,0.029112717,0.6343915734470413,0
0.027132367675182758,0.04456953,0.9582555279378713,0
0.029294193881089572,0.12929922,0.5710452850932941,0
0.029917201995609346,0.061134513,1.1398765056040503,0
0.005613115168178932,0.008848599,0.23499996984512503,0
0.054706195407065915,0.10189516,2.5271185552027586,0
0.01616351055039343,0.027658349,0.621052682128052,0
0.0353429514096083,0.043182082,1.7724172068899176,0
0.012658246163537662,0.011194525,0.4831659983648623,0
0.02107578924462799,0.06584565,0.4294672678347127,0
0.026222718820583142,0.019338828,1.2503099067703314,0
0.03187007802663899,0.08323599,0.6425930396135385,0
0.043255744500532246,0.12780179,1.3999224023938464,0
0.015442007292950201,0.07452166,0.3752523580149584,0
0.017386025973983695,0.041491214,0.6010657845491636,0
0.025315222139354353,0.03734808,0.7764980489752161,0
0.01733711829612538,0.027108656,0.7343498441905911,0
0.04848683607862835,0.15542296,1.6853811841301365,0
0.026573768025759354,0.1494658,0.5952756469131482,0
0.011442444889604459,0.016344741,0.43828153416499455,0
0.027430227076606493,0.027927838,1.0435685979102471,0
0.01806500195868973,0.08482853,0.3861602809357358,0
0.013365815419723754,0.018707879,0.5950695340816079,0
0.034693998034491136,0.05146419,1.5867569301638909,0
0.023809027692977613,0.029711243,1.191493220757364,0
0.013737538178516698,0.067836225,0.32675044962580524,0
0.04649784712398614,0.039087266,2.4183266426959844,0
0.02847971434963814,0.02138827,1.3519000858856174,0
0.03887100865986279,0.044685423,1.3567651979554245,0
0.04350220473770253,0.12763974,1.6359398380708146,0
0.04283035145604889,0.045405712,1.9706101444801964,0
0.03566743759055105,0.038232412,1.4103219255556738,0
0.04054633559103094,0.046264924,2.0045768694055184,0
0.03225925562480677,0.02908116,1.291299448195684,0
0.03803324618494723,0.07656731,1.636067075326811,0
0.018133289913276153,0.046938814,0.5538277450932324,0
0.0252355716985927,0.04741795,1.095929374041664,0
0.040152771930316716,0.13960062,1.2375075781198066,0
0.015664965884131896,0.020364374,0.706217830145162,0
0.023215466355366466,0.029986693,1.1177501557954754,0
0.013288278135409158,0.013514063,0.6301483704638735,0
0.006663055497828482,0.0183685,0.16581812271074484,0
0.020793270527820457,0.025312187,0.9973080558714119,0
0.029975661878273954,0.04817227,1.259363665312403,0
0.04150002806480954,0.1503144,1.4934531362871404,0
0.03274880691035292,0.07077421,0.7408207623986128,0
0.011520713632330454,0.047987424,0.3453403178720597,0
0.018470187685452586,0.06851363,0.27948824670787753,0
0.017361115228576574,0.010612567,0.8280645091093007,0
0.03722058270989664,0.054499254,1.3435331808045683,0
0.013794727208974452,0.022133322,0.43187107656333484,0
0.015843918074588965,0.018776352,0.6371706047982081,0
0.006553611248141484,0.011004622,0.2137831331855719,0
0.02403177787022987,0.0169411,1.2024150897977515,0
0.029796192634336117,0.028247979,1.1625564789243157,0
0.022038672678214126,0.018574255,0.9734995839839631,0
0.016640054676764222,0.04739754,0.5885161080223227,0
0.04005111032038234,0.061442047,0.7725598288013314,0
0.040666831702827415,0.016437761,1.9632666427906316,0
0.014842891405285233,0.02822704,0.41488080683301,0
0.032894986572987166,0.08481408,1.3841617347398216,0
0.033707874076010676,0.08625734,1.081334268743469,0
0.021756063999240016,0.0586981,0.8626919438648185,0
0.009115986650633116,0.028382761,0.3464943564766496,0
0.01797756219047945,0.037038155,0.7008662769403983,0
0.02293681178497476,0.12823448,0.30741540186945276,0
0.043121511526693905,0.033452384,2.238357655140979,0
0.06624050308897755,0.06236543,2.8721967111828404,0
0.01822588231072522,0.048374534,0.6855801107452286,0
0.01531545757371532,0.014833936,0.770932648394122,0
0.02946486568847678,0.029688964,1.4883097662742828,0
0.014102609062820492,0.021353498,0.57005480135714,0
0.02824343173279928,0.039065197,1.343412880657536,0
0.040795853199403244,0.026565094,2.1434398041444016,0
0.037546950504661156,0.097159386,1.3625160241424168,0
0.03338644494737292,0.063471764,1.3331773827425197,0
0.020788233692068666,0.06690394,0.6951888179845217,0
0.006938106034317648,0.0047098473,0.33406551298176307,0
0.02059797941248513,0.06535867,0.18664825848747604,0
0.04149055381409536,0.07852241,1.9044066809205173,0
0.08035572269277906,0.057414748,3.7258960067456885,0
0.02477807579751679,0.0501071,0.7510662935500088,0
0.012280679628011708,0.025507698,0.4698422213234338,0
0.017534623464068567,0.030655976,0.8067152880633238,0
0.04917264525296729,0.1257472,2.0549343851742363,0
0.012095327858736266,0.029808717,0.1329582444714695,0
0.018665984314409655,0.02061535,0.9267340628460715,0
0.012557425120391449,0.012243158,0.5829777794138075,0
0.051659113003542804,0.11233795,2.1889440530064475,0
0.016421955053329808,0.01598783,0.6279559848438276,0
0.01407703076346723,0.023465548,0.29281456868484596,0
0.017736048626863263,0.04073102,0.4548365016588546,0
0.0576093595583561,0.056306235,2.8800698756939123,0
0.035048441320883465,0.024808869,1.7984454409907942,0
0.025504277153151705,0.09464526,0.6670155207190243,0
0.031296722749231815,0.035985734,1.28966586942505,0
0.012630446963778942,0.038014594,0.3529135617991246,0
0.02591522433423525,0.024292555,1.3179859988954097,0
0.022588260664992893,0.06316649,0.3207952133632253,0
0.024613984328089235,0.05243473,0.34262899205140346,0
0.04892765095836904,0.09896833,2.1925145323368556,0
0.027611165513426055,0.063600086,1.09717230496347,0
0.015704954658231803,0.033001028,0.5919748784909569,0
0.018688395756081985,0.045520354,0.5413041855820303,0
0.02219165185283643,0.039492097,1.0089753804530202,0
0.017292537870765942,0.051312216,0.24876883805310027,0
0.030428704073689524,0.05211266,1.2282916595240942,0
0.023636070425495502,0.048190564,0.8162029832119415,0
0.017939366778923896,0.016725874,0.7105389448029029,0
0.04690653207757163,0.056758866,1.8715340145449237,0
0.042781401164054544,0.05454285,1.4971587747828297,0
0.01879139553585662,0.0689535,0.5078537167942768,0
0.02369151572901927,0.036302794,0.8232251082395393,0
0.023663245796554933,0.022267476,1.2066773652427951,0
0.021461028704783315,0.086645365,0.6292840635697214,0
0.02915748267630134,0.050784566,1.0790072787118097,0
0.020305136174158626,0.01802767,1.0225179361180448,0
0.03180260324629325,0.047931064,0.8748163501190537,0
0.03426854067658297,0.12908824,1.1397963753268354,0
0.03363348261391194,0.048461802,1.4586211532874198,0
0.028793913981946636,0.040706605,1.3342312288729623,0
0.032101593326544144,0.12371003,1.01121283483015,0
0.041216919839030815,0.07077377,0.6022261401052106,0
0.033135093999048314,0.10196905,1.028735359495197,0
0.029543949264808942,0.16365889,0.5293298407721144,0
0.01229311855145496,0.022820177,0.30084331452083407,0
0.025648090590157897,0.030607445,1.1199551400541017,0
0.016095072294205717,0.02970979,0.6524486595421045,0
0.017436654739397248,0.041743618,0.5201497192860952,0
0.044199096787478284,0.08875039,1.6322009573360623,0
0.013191128764434377,0.008285095,0.6892807349219632,0
0.023446261365159586,0.015121351,1.1835375909812504,0
0.015006563847605264,0.041755516,0.41014678920591807,0
0.020608659841864753,0.070110165,0.6321345417627531,0
0.02978258167636646,0.054641355,1.3753001880414646,0
0.01722691167964446,0.014913877,0.619923420707874,0
0.03730452339602249,0.09796164,1.442902541483019,0
0.038370487180252995,0.031755984,1.971325057057013,0
0.041020219891259604,0.06223046,1.3324948671386572,0
0.03068503836109976,0.2175023,0.47999330799814366,0
0.038041655704342196,0.033812713,1.813012712196973,0
0.03421774233213039,0.02625768,1.7912221558976242,0
0.044781098831991134,0.1780775,1.5131238628629826,0
0.038373859349759995,0.015811726,1.9668011420616003,0
0.044250946576922696,0.056279264,1.9815121613961153,0
0.045681415052838216,0.08861403,1.166003360264599,0
0.013224198416062007,0.027101224,0.5660082744558506,0
0.02799214827996728,0.14464858,0.70150900490935,0
0.022095855943662975,0.021123398,1.045666378980044,0
0.03047281840996177,0.06928628,1.3487466563361634,0
0.015337481749653105,0.017650632,0.763121488183895,0
0.04085343274808469,0.013103764,2.090163812065306,0
0.014516894792296207,0.056127828,0.347459998978441,0
0.026786108724450964,0.023388643,1.1458508774024645,0
0.02492703415061444,0.06001855,1.0093975116370595,0
0.013170750582180162,0.007543632,0.6714138321518563,0
0.0134347365651629,0.020587059,0.5820556233503252,0
0.019784339922660224,0.01790704,0.9122102226998208,0
0.027765029715740627,0.03803866,1.3695975845446577,0
0.0105182144938749,0.042244878,0.30455414988233975,0
0.02191472330581473,0.07953681,0.7704969903405213,0
0.03012366910411077,0.04120746,1.194235332891888,0
0.02356098276006815,0.01636752,1.2225624856418953,0
0.016914673055522036,0.062862344,0.41139199999564185,0
0.023990359910642453,0.11232992,0.5732928249206437,0
0.010367159063503967,0.021497825,0.33512324670351146,0
0.025328643174927824,0.012483516,1.2689609434773967,0
0.09636165970298409,0.07471032,5.0238464596856245,0
0.011188387515864508,0.030767577,0.30392792308257816,0
0.05129593963451281,0.04954806,2.6550633527542757,0
0.02327224200064185,0.07452139,0.7715732573721865,0
0.016582888300072318,0.051018115,0.44830542820898284,0
0.014929832899049467,0.02930457,0.4850209381921423,0
0.014211708651851772,0.034275472,0.3320658665984044,0
0.03574438150838516,0.04307848,1.0514234939262417,0
0.030195394547336888,0.050386716,1.3157715113152924,0
0.01988429573339664,0.031839624,0.8523856488115392,0
0.0322825749263211,0.04140858,1.5100226445102882,0
0.01626573778437539,0.035537608,0.6466610173580462,0
0.030685490376157056,0.033573695,1.038972379675398,0
0.01596570953325554,0.0060800705,0.8222878322484664,0
0.029923253528185513,0.086505726,1.0470659626253294,0
0.038584327522423606,0.051321432,1.8685097295773316,0
0.015055649231108765,0.06432897,0.35910174552872404,0
0.03133229020892209,0.0617136,1.3593402699787378,0
0.02750202619812251,0.046933748,0.3977914858447355,0
0.15182102957683954,0.03686309,7.99077439187982,0
0.013283265432641108,0.019957392,0.6222089639827295,0
0.021847240640929712,0.018058239,1.138972878269204,0
0.01710043489022891,0.03551528,0.773765538701853,0
0.021312942728645985,0.023977596,0.7601382627688523,0
0.02016995229987443,0.016160855,1.0268315031483213,0
0.011324451333909368,0.037651777,0.23456369215587944,0
0.015821577295981985,0.05326348,0.5107426971777144,0
0.026171598958965057,0.07264911,1.052669523449169,0
0.010996334668223594,0.026314644,0.340692420811944,0
0.02988979064751561,0.043814026,1.3302036642757407,0
0.02986327052041538,0.020892486,1.433618236769504,0
0.013388378425579757,0.02759734,0.5608292537894994,0
0.030428380379950257,0.07467941,1.2345401853284363,0
0.02935658683194552,0.05007561,1.3635974336308296,0
0.020398285015306765,0.07643099,0.6343529525210426,0
0.01427953876554966,0.06395773,0.0,0
0.020829844081437107,0.06217358,0.6077660686556109,0
0.030271145566770158,0.016550902,1.5047884341942732,0
0.029824786084085612,0.03800184,1.4811685544126196,0
0.012310936253281215,0.017520042,0.550810581659182,0
0.017654248598436676,0.028453097,0.59931975607857,0
0.020847978514917258,0.033331122,0.8457103399219087,0
0.019011723980357075,0.0110274255,0.8263311032460525,0
0.09200647637960743,0.071010135,3.557968469666447,0
0.03135307092833327,0.044416822,1.0947113208610135,0
0.033340828316136356,0.046309225,1.567984799745553,0
0.020721967309925853,0.038603604,0.9088555721425438,0
0.030651233264193247,0.05269899,1.0438187567355386,0
0.035104655689069356,0.13542762,1.1805311250707018,0
0.03220037278024437,0.14080891,0.726370608046534,0
0.018875539630102897,0.010642706,0.8302682359852451,0
0.020403383297887916,0.088440515,0.3223394119127819,0
0.021184191336665874,0.027900068,0.5430789728333559,0
0.01816168539316454,0.039778665,0.680384475737599,0
0.019776603298575716,0.051003184,0.46576453193312584,0
0.019842165525630957,0.030969417,0.7081996902291438,0
0.009680769421655784,0.0126574375,0.41857328316886866,0
0.08299080153045502,0.089586124,2.736777965662086,0
0.01643942015771601,0.06490734,0.39806561185749567,0
0.02536466420722939,0.029015029,0.9639886101832935,0
0.020091139982063657,0.010452852,1.0628702115322437,0
0.0818627565954059,0.14405273,3.786474679727552,0
0.020430021943313253,0.03306578,0.9315070433950103,0
0.057412213094351475,0.103999175,2.544054615819816,0
0.025734521206353944,0.048355885,0.7573003052742552,0
0.024516542527190502,0.043515813,1.1078029805504988,0
0.011823891880798626,0.011583031,0.5819005068423725,0
0.029179645191508778,0.12963925,0.4426563132742744,0
0.006338081244157752,0.00536234,0.2775802440760625,0
0.021052495917347855,0.028820597,0.924920864882068,0
0.034653943498771975,0.025576882,1.5770194960403194,0
0.011557267040805902,0.019146979,0.5034623413655283,0
0.023069090499010743,0.08732843,0.6653789561782611,0
0.01258053674548628,0.021211086,0.37672847368792267,0
0.03050101731559355,0.0934447,1.0930389063386357,0
0.013368827669866207,0.042648684,0.4332115466533792,0
0.022730658106354242,0.01806578,1.1388838339829677,0
0.03569284219105986,0.06934269,1.4242219998911019,0
0.02578458484611702,0.0101126805,1.4067923075276239,0
0.017711863386143667,0.047726188,0.5985734996012408,0
0.0177824995997971,0.026213868,0.5840884323154182,0
0.01790963302155777,0.015345379,0.7923521577641764,0
0.01050887616236118,0.011601063,0.44132699609327086,0
0.0727060479145901,0.35649773,2.0576081747195207,0
0.025409261367963752,0.06929827,0.597956042445633,0
0.015282413412768365,0.03350283,0.5543071478719688,0
0.044533247934183035,0.04537937,1.4568681903681067,0
0.022635460247060122,0.07480984,0.8543643174229169,0
0.1052653589211965,0.02187423,5.5524287291641645,0
0.04787930080881893,0.044411726,2.305550726567266,0
0.023995430171682024,0.04577231,0.9152488151137309,0
0.05810358183275429,0.06729622,2.9412781157562895,0
0.021731739871719585,0.02512542,0.6941499380098609,0
0.027113245918529903,0.051413797,0.3240246078956118,0
0.012551972871289655,0.017780272,0.5638196426513126,0
0.026267475333394394,0.08500306,0.6476732150571269,0
0.02265395651608037,0.05306052,0.5681619538136761,0
0.012627742756169489,0.019804154,0.5510278346229653,0
0.01926709706339823,0.0674554,0.3407105901858443,0
0.01785366024514124,0.07106059,0.5015090259291294,0
0.01605564622496335,0.017477604,0.7883699219087187,0
0.0231198757533062,0.023512332,0.9963167893720971,0
0.022780922423323153,0.03733196,1.004631244454058,0
0.020167458915875756,0.053546265,0.6571924841437271,0
0.021067530055155534,0.08599911,0.4487929019097581,0
0.022604026643869797,0.010306147,1.2220695284408636,0
0.037233245130300185,0.047556866,1.6023216937502938,0
0.06965636260669171,0.05346016,3.2393915885287927,0
0.014398108716195547,0.025386343,0.4271994651674642,0
0.024740813667924594,0.0042618057,1.38229262474966,0
0.02664617971640497,0.09245416,0.6048311595111427,0
0.01807452040130881,0.038769156,0.4576645361734621,0
0.02487947967985191,0.09750101,0.40915052361505705,0
0.02413112793550664,0.08206954,0.7787318159071996,0
0.009956526325218913,0.024023637,0.3743023299380161,0
0.035969137011817226,0.18254954,0.9707376893498173,0
0.03818691237293026,0.15697116,1.1765341791442017,0
0.014449076118089686,0.036079805,0.4018193002909001,0
0.055028610353395006,0.046258558,2.106852235109468,0
0.014222630865045147,0.018697552,0.5253698056995056,0
0.02689830428231753,0.039299957,1.2929582944859863,0
0.02437338710445535,0.02705247,1.1613756512291769,0
0.026401632940100096,0.027866522,0.8722561119818383,0
0.010939796238418871,0.01949197,0.43815140681204706,0
0.061434315145643716,0.06305199,2.135395336724599,0
0.01902788611033559,0.020110775,0.8120986941576835,0
0.010044867622110704,0.040839363,0.21986888440520744,0
0.009040202600034025,0.022249447,0.22600448318045227,0
0.0156437343834965,0.04310205,0.18875712774029463,0
0.06501050535600436,0.24042289,2.279420707597763,0
0.020549159306839954,0.032768004,0.8985616937027887,0
0.03275838679238757,0.03199485,1.0930231125643015,0
0.02929182399302662,0.07605971,0.6604001331187566,0
0.026258052421093067,0.046123642,1.146210708931875,0
0.024091527891682545,0.053956907,1.0284433866459934,0
0.01558781295758459,0.011843531,0.6838604559243114,0
0.020035581887594082,0.022705836,0.9279523416170518,0
0.023456147779218,0.03965045,0.738346112010075,0
0.022299493786110413,0.0825928,0.7090851137219756,0
0.014168541916232659,0.032584533,0.5564653856028322,0
0.021103217806917016,0.0762404,0.7245653878604904,0
0.017391958531991006,0.029557694,0.46947621567596565,0
0.03300290860665485,0.0425652,0.8301612172304764,0
0.028089907111723263,0.07287607,1.162950328479137,0
0.014979871703508492,0.018547023,0.605771332643112,0
0.04366912196918987,0.12436243,1.630266406141807,0
0.03613335796006559,0.04498815,1.2673390756356373,0
0.022971403035140284,0.03306496,1.0554860315462062,0
0.01978455633057095,0.049304064,0.7019254196441502,0
0.014894714944683793,0.03784727,0.6133685374602501,0
0.0127739835028658,0.03435692,0.3847939332046289,0
0.0534528195071662,0.16483317,2.0097339600644917,0
0.02280129099870666,0.018946858,1.1498772363975982,0
0.017556242923141667,0.07913163,0.5114216358323689,0
0.07596223738897778,0.301267,2.6103295379655456,0
0.030489280973162315,0.019287195,1.629771510319121,0
0.01474835655689003,0.022025496,0.7165304008189355,0
0.029825605750885817,0.11288037,0.5509436728638624,0
0.01109886986980156,0.02488499,0.3394629779229986,0
0.035911679624373374,0.08298292,1.5022821457622573,0
0.015020198222884286,0.020939047,0.7316747586869865,0
0.07069952469548571,0.13806398,3.142282560995477,0
0.015942588547896375,0.02260355,0.4715569063215054,0
0.030568839844309352,0.064394325,0.4826860456524151,0
0.010645146080465472,0.022777848,0.36792972779952554,0
0.012433955244550635,0.017234601,0.562487757801603,0
0.014258638087760681,0.017347923,0.5947455824827591,0
0.01185160283419293,0.021078877,0.3531013377699513,0
0.03233639107649977,0.03615172,1.3721423975386238,0
0.017479868551483577,0.029712697,0.46142249761694454,0
0.015495432383744543,0.025964811,0.5911381093916344,0
0.024688880138578142,0.033974923,0.9577021884612036,0
0.04123083206864928,0.0621157,1.919106950188894,0
0.015542377065560706,0.03898755,0.572952382188346,0
0.029064422438432713,0.046185598,1.0600529877895393,0
0.0150692790143176,0.026377339,0.34279871728162703,0
0.014464792752482717,0.06008707,0.4478329831342936,0
0.016607705752124134,0.04364988,0.31867956543340026,0
0.01756892370062485,0.069991075,0.596884718325468,0
0.04843910452684724,0.10925274,0.9066954699281768,0
0.02303761844386828,0.04822496,0.9813462092755924,0
0.01955840062515324,0.058047794,0.5330153569546118,0
0.01678109637953675,0.044540707,0.3571591313191917,0
0.03141227891982533,0.07421655,1.3638756609609803,0
0.09923537298597704,0.075367466,5.185374624807846,0
0.026073233088263318,0.042492297,1.0693841142886535,0
0.009973370995419024,0.0061263326,0.4908479462631545,0
0.024005937963233186,0.14015898,0.5281288824052008,0
0.013872138392944256,0.014138432,0.5206275505949558,0
0.010626057848340604,0.009420218,0.542138620680894,0
0.027219871450790103,0.02568383,1.4117857964971106,0
0.05112402894410848,0.12215797,2.217312489523384,0
0.04308648822047559,0.070038535,0.9638572165850513,0
0.04963527143685764,0.08834999,2.3359617225649867,0
0.019890446631548365,0.058904182,0.41182702687459005,0
0.022488194151366606,0.01600062,0.9888728460491553,0
0.01818599652052648,0.02026214,0.7071730045601026,0
0.016509534713794502,0.029908953,0.689423789063359,0
0.054056366805885735,0.03744158,2.864377867259786,0
0.012967851283839867,0.057353575,0.2114604844297488,0
0.02443556627801079,0.023489354,1.2148869752805687,0
0.017417093561458683,0.019827075,0.8831283884145061,0
0.05312808010084977,0.20925273,1.6055276187789083,0
0.020914107263458305,0.023481918,0.67281465068786,0
0.02882861451591826,0.034017593,1.418183507325538,0
0.017513054729737562,0.017556049,0.7564662799163316,0
0.0380819861790938,0.08592877,0.42431532635152835,0
0.021147738228368136,0.036596827,0.43327694634533886,0
0.015999765540439487,0.053047314,0.1803292902945431,0
0.0138932727307614,0.035005435,0.18898887990882715,0
0.012308364823772098,0.038707197,0.4039921408901106,0
0.057928025960468546,0.08795583,2.680601294981005,0
0.05322745917111279,0.019897569,2.8042433719249154,0
0.026919755284856725,0.07793886,0.4514013934475007,0
0.024859865941314806,0.06356097,0.968595625563281,0
0.03177258592284006,0.05655661,1.3458941847130903,0
0.021682272568246338,0.014258601,1.146407993054047,0
0.009173102024132854,0.03243927,0.22533430662207343,0
0.014022846991491186,0.03026263,0.38228599767562277,0
0.045624830823090504,0.18252799,1.4016327815039717,0
0.020852136666343987,0.045539066,0.9170846044485228,0
0.056273645549715215,0.18725422,2.0746941230222973,0
0.03638229743323729,0.08695573,1.5438545737003657,0
0.024213957183869417,0.0399144,0.37739476829274904,0
0.053409892301297626,0.109128065,0.6856171198537165,0
0.02087997746989048,0.046262555,0.6341328035067891,0
0.027564141745206425,0.14828333,0.5067528565893687,0
0.04256290776335195,0.047963515,2.147891227356031,0
0.05071630561489453,0.21547036,1.611390848696556,0
0.03591791184454454,0.022386378,1.857712532732845,0
0.0064719372436550585,0.013741099,0.2044201020547748,0
0.02822585219566996,0.079246156,0.2082397690063627,0
0.018306294563277748,0.028223371,0.7246134411647704,0
0.018952467482290552,0.033187315,0.4502974567878955,0
0.02544981314667717,0.019645022,1.0565163278980896,0
0.015833209254808082,0.08339899,0.31742749134889986,0
0.018693547046003886,0.03880085,0.5049005128997134,0
0.03246776242220285,0.022856487,1.4444023522921756,0
0.010765918414994932,0.013933875,0.5079885494122792,0
0.012505597358257393,0.036078133,0.2294775964111482,0
0.03264565448606073,0.0330291,1.5503808560718337,0
0.01840704153485839,0.06405241,0.3997130410220351,0
0.019896427738381024,0.04204354,0.7062025326327971,0
0.025194012697082435,0.05653574,0.5711434144613177,0
0.021738808310251385,0.08481058,0.4944003982247823,0
0.0414388465013943,0.037527625,1.4500479135831892,0
0.024659628365857597,0.05633957,0.31788705399374395,0
0.022118943011952597,0.035626058,0.9669674746512937,0
0.029721885198747276,0.07481942,1.2137687036364537,0
0.022314083914023498,0.05894207,0.9337467657816658,0
0.024622417602267632,0.08022015,0.93385828595232,0
0.01719677308482818,0.0073968624,0.8810880062469785,0
0.020990840858578837,0.05207486,0.4571342492059762,0
0.016777626274634964,0.029290946,0.7749230897226302,0
0.024753527491305227,0.02513087,1.2412732235106447,0
0.014712969763490024,0.035862856,0.3445391804888205,0
0.010794811439477891,0.01022323,0.43746597371841117,0
0.021935990933664853,0.026198424,0.7396744245689706,0
0.010058428899703386,0.019534908,0.304801636315579,0
0.04252839171198562,0.07240824,1.0788591626719757,0
0.02200085567559209,0.08266532,0.3456511626258985,0
0.06233910506631636,0.039200768,3.2522323730857097,0
0.07934404772586613,0.028604986,3.823354763426267,0
0.05290970599637323,0.136861,2.046806002173696,0
0.041365450693875185,0.06712468,1.8944401834764237,0
0.029624973362824977,0.044859305,1.346008540892917,0
0.019887693386013948,0.015180959,0.9871497341907719,0
0.008204485849704811,0.022579052,0.23142340970775963,0
0.013594756643269671,0.015741806,0.6035625417141341,0
0.047044287947554116,0.052503217,2.2628835896212265,0
0.023761394532636745,0.0107000675,1.141104929347744,0
0.04628497429308835,0.08296768,1.4825473460730512,0
0.11725920344285819,0.24957624,5.179736441865327,0
0.014736081406104419,0.030079577,0.6318206955737689,0
0.011251685161828954,0.023958676,0.37398385697823455,0
0.00783488028639932,0.004101257,0.420815326541769,0
0.03077285144537046,0.049500126,1.3842686569382485,0
0.02218867478232646,0.025225008,0.7756926916607721,0
0.03930048320197682,0.09656123,1.3440886218252996,0
0.025025600015233913,0.06931234,0.7265487481585966,0
0.022180659296293245,0.12166938,0.4829141482684709,0
0.026326408556043915,0.03734737,1.1477894613228161,0
0.019870083905975854,0.05185076,0.36677833757412703,0
0.029035947920771504,0.0813568,0.7801390140283461,0
0.06528137840298248,0.117756374,2.89673521753006,0
0.023215599585811396,0.09686436,0.7343354219439938,0
0.017363441377312896,0.035513464,0.18733614553199068,0
0.025917751676898127,0.08454907,0.7919518410062376,0
0.01663630623666308,0.061452545,0.4651494789927225,0
0.059853225328752035,0.34128502,1.1430588026379453,0
0.0212895444771707,0.07256939,0.7892276819284734,0
0.018015358741393556,0.015046133,0.7692930723909555,0
0.025259384528575433,0.076884374,0.7369042332687827,0
0.03847632728110231,0.0724256,1.034225847970326,0
0.017198889716154877,0.04881177,0.4165453412042004,0
0.01315515509141223,0.03709292,0.3211642044847992,0
0.03400024201228434,0.03596867,1.720732645845285,0
0.0642927619775978,0.04993378,2.863725137182656,0
0.024790662945673496,0.043432113,0.7855879024229184,0
0.046668933736756346,0.107908264,1.730495235858964,0
0.014121855176304666,0.04446871,0.5016924975407999,0
0.028907916127315754,0.100087084,0.8808126357815435,0
0.024289746104947645,0.021422155,0.912628067634756,0
0.029643339422831202,0.03060789,1.1934151195883125,0
0.057836037374150176,0.070942484,1.6818741195536793,0
0.012748146629836966,0.0071587674,0.6549727843564411,0
0.019527813719394826,0.029126361,0.6260726588543846,0
0.020236996637061515,0.031844147,0.8889567340762365,0
0.04437535073920133,0.07159827,2.0272462517498635,0
0.03970268716991425,0.09434392,1.482412077285947,0
0.01854176373810123,0.045925986,0.10966760993032043,0
0.01855583430004954,0.017872287,0.9009873618223958,0
0.026362744666254424,0.0569574,0.479862599747651,0
0.04379941864620584,0.048129033,1.3842732473954542,0
0.030022804505510967,0.04967072,0.5653838960822077,0
0.022262512434319894,0.0082062725,1.1796415224172354,0
0.017066665600765557,0.0598737,0.553933685871583,0
0.04395140575800299,0.23831788,1.0931730885884547,0
0.0156956388829447,0.026730215,0.6732631349224434,0
0.012035932103812916,0.026652813,0.33900639110810005,0
0.010718121852668606,0.015338836,0.3237469490099948,0
0.30945664177296694,0.037834346,16.778421327186106,0
0.06016046821469001,0.023425765,3.3109538435494925,0
0.022746243744704745,0.014143008,1.1593462377282675,0
0.019641115758277095,0.010843265,1.0388750189497546,0
0.02010210256669367,0.03194096,0.42148890734631794,0
0.019279582564915347,0.020420251,0.9328483283800075,0
0.02333122135877431,0.067993656,0.7306093901151105,0
0.012352082956350926,0.031697143,0.30480701457780535,0
0.009793915567787094,0.011694403,0.4504436528314626,0
0.024041979107422527,0.107427545,0.6455641605914916,0
0.02597622815165578,0.056848902,0.8987884666770745,0
0.04096783279013466,0.08597656,1.830568364573279,0
0.029320437805662722,0.027795749,1.1791840484532197,0
0.19171048834375007,0.08921403,10.446328101888335,0
0.01596051197541222,0.036506142,0.569487632169804,0
0.038835240891553685,0.068405405,1.0345636517707628,0
0.021411072547749346,0.022347884,1.0143976890458777,0
0.020364783030355202,0.049072873,0.7230043799345945,0
0.043597399280514745,0.032832127,2.255348689041677,0
0.031637378048671956,0.071652696,0.8290341681394156,0
0.023147074899633042,0.054744188,0.3895016985534857,0
0.0355801930215487,0.09196256,1.4855547974647498,0
0.01781562626925862,0.037195005,0.674545216019819,0
0.027652423375333954,0.048217975,1.288363215910302,0
0.022698055421814918,0.09065831,0.23737732448749307,0
0.011923576577136823,0.0184296,0.4586714746193623,0
0.01392285023529527,0.008670857,0.6300244187516688,0
0.04635117457178398,0.07955675,1.444429021237233,0
0.039082785297945656,0.021871243,2.0479656908664072,0
0.044389324952464004,0.07916803,1.9753050481946384,0
0.01991448479235034,0.039844967,0.7611265977955655,0
0.024680013591931792,0.019662606,0.9305748978515623,0
0.059677755507512045,0.08945491,2.769470636259844,0
0.03342342677808982,0.021501826,1.3965614815906935,0
0.06762295177976978,0.13526012,2.9334994187626093,0
0.0193475764864394,0.052124914,0.6509887484385419,0
0.024486630281663244,0.06279452,0.4443468710391506,0
0.013397499529563121,0.08782,0.1622157965395202,0
0.053056434206524936,0.2499793,1.4689254792528703,0
0.02513865870387612,0.010042242,1.2666534055555059,0
0.0230647894712175,0.052008573,0.8862284435945238,0
0.010949269071112948,0.032656148,0.40064086842242264,0
0.02490329675096245,0.08900548,0.8487589147991426,0
0.011430210654880802,0.022389606,0.4312427222291533,0
0.019496440065410174,0.046572283,0.6750197578883582,0
0.07557861660772863,0.07843574,2.714060491879306,0
0.04898237188551528,0.12070057,0.7614737425465163,0
0.01576643491204663,0.029673424,0.4357997173568134,0
0.015408950453042651,0.057546698,0.4472704056142893,0
0.024370692926616935,0.03676018,1.1001734022537477,0
0.02395515713528566,0.03727385,1.1051597520541412,0
0.017957571485630333,0.052814566,0.6219970230671567,0
0.02496066828769431,0.031336285,1.184896627939691,0
0.030719155418073227,0.07372687,1.213712501015053,0
0.019252605185534892,0.022386037,0.8631465285491541,0
0.010676052112151998,0.018786818,0.38720148534264365,0
0.03625312740803427,0.05738938,1.6972829935445872,0
0.01888234625926365,0.14006503,0.09254964562448724,0
0.026627758510221467,0.08089633,0.9294220996574237,0
0.03037606172321264,0.026194908,1.132584098369788,0
0.012728133757018801,0.06784669,0.29386558367526233,0
0.011287569515593756,0.0155313965,0.4143326675705274,0
0.004949630969251583,0.0029268933,0.25108852798220166,0
0.016570854574866477,0.03147771,0.3680353848106397,0
0.02458141271499456,0.08583023,0.8246250095587793,0
0.012594541089177912,0.013394543,0.5163028850924942,0
0.038387022411090474,0.07762489,1.5701011793112718,0
0.02527568048748164,0.10838986,0.4845813920631773,0
0.026090496375823825,0.042669527,1.1849114981235382,0
0.03116443997642966,0.049936574,0.906238550370881,0
0.026844589133094017,0.056521483,1.1743035970991929,0
0.06294441496575143,0.10338245,2.967800060356721,0
0.021012346251488585,0.028039446,0.9898528519453234,0
0.005201609467736559,0.01796897,0.07991730273808247,0
0.013865463050124696,0.013143011,0.6588057675829087,0
0.015919151197776392,0.016432703,0.6224207819860009,0
0.029240729905425335,0.09761264,0.7223872022997556,0
0.030401374049103393,0.021388315,1.4976730989355114,0
0.01661114167746978,0.0332132,0.20575659732882226,0
0.02366033022026322,0.034614444,0.8949448060535268,0
0.008592597609767529,0.01656978,0.36628795369323797,0
0.03820064378567898,0.059884753,0.8823270886010147,0
0.01608034887206968,0.03663932,0.3571427545089238,0
0.025239500640905792,0.05535415,1.0531153294597886,0
0.0240120481228429,0.047631152,0.9007940211634118,0
0.01987345656343956,0.052188598,0.42289476429822503,0
0.02090561741649763,0.04774474,0.7687713164621012,0
0.04383509773890819,0.05680817,2.1619073937092144,0
0.02094849155623128,0.07029244,0.37293230586110215,0
0.01743427897032517,0.03442707,0.7431657230068421,0
0.032172529995771235,0.054650683,1.1095242655430864,0
0.028818917344233842,0.039167393,0.7640892003492177,0
0.0493461472451331,0.110182345,2.129126266254525,0
0.02893500103402104,0.020746393,1.420708257617031,0
0.020489628413406402,0.04307364,0.8889877529712302,0
0.020347062462096104,0.061737504,0.7946744185257429,0
0.021161587241060383,0.03540002,0.6085237663697614,0
0.022464005866172677,0.05074731,0.8992658348356195,0
0.022567151472695432,0.052408554,0.5630561629938062,0
0.047945025279747186,0.035562437,2.5271814999379547,0
0.04401531671418418,0.044069536,1.7016977932401003,0
0.025296376504826114,0.022769943,1.2893994002080704,0
0.027295859789954212,0.028810875,1.3473314014706415,0
0.011320630077915124,0.020854957,0.39017167424740284,0
0.027055553155845125,0.105549954,0.9207192115200629,0
0.04036098640207543,0.093061164,0.7782884850384142,0
0.02018945650700043,0.07368204,0.5558404667742907,0
0.023828433205026964,0.026195904,1.2150179535922956,0
0.022123790013342116,0.03615574,0.9184489819223138,0
0.02416033061038141,0.025976803,0.8724774500436694,0
0.021571244896910223,0.04485619,0.6728177542170537,0
0.0339676687335891,0.12837449,1.1909621340787695,0
0.08758843952129328,0.19477592,3.553382693744691,0
0.0534498311952284,0.018509846,2.941793517670075,0
0.011714845489979892,0.037209664,0.44746338508079425,0
0.02271685862969843,0.034788225,1.0377766063857494,0
0.02845336773274339,0.03148673,1.3237727551290315,0
0.013718219158169597,0.015198679,0.5970119962805805,0
0.018670996991088786,0.022513056,0.8197537207779677,0
0.032471881239392514,0.03871821,1.5120913703860706,0
0.033114851543522256,0.031529818,1.2121567187911126,0
0.04637341396603237,0.16102892,1.5164720085958587,0
0.03839882327649827,0.14368676,1.374409327095021,0
0.014637976764675494,0.02488293,0.387872348814832,0
0.013916114323536009,0.022695458,0.6285800802598163,0
0.014159014241497913,0.04168093,0.42375623674671026,0
0.02841507039189981,0.04530393,1.1026458633127794,0
0.05010023701476822,0.15271933,1.8924140396860034,0
0.009668481689319835,0.02410694,0.11392817777819218,0
0.017738510435077823,0.04366719,0.7439475420979793,0
0.023207765981629637,0.033126652,1.1156517021910282,0
0.02170668554888154,0.04181975,0.8470925277878528,0
0.023646370256600394,0.05104691,0.9512065738551723,0
0.0203427978872375,0.040009398,0.7831833428232817,0
0.036124437691142645,0.023922034,1.9146522547635394,0
0.025235943700533,0.13961053,0.50546133104348,0
0.039642515050482344,0.106949486,1.5221063981951752,0
0.036750663733402696,0.020146275,1.9896970822536844,0
0.01986353622624474,0.024446819,0.9347170638385622,0
0.011020016110400118,0.013082382,0.5280530944350084,0
0.025490194256837077,0.034308206,1.2398841960337537,0
0.014224567458220327,0.03526152,0.4452217193383434,0
0.020413278289154062,0.07826007,0.47444856067851704,0
0.006821499340039365,0.013693028,0.16854352988027899,0
0.035778439489962954,0.051488884,1.5666065459041012,0
0.025680128197461058,0.0173521,1.3292496716081945,0
0.02314547831862402,0.045683615,0.9829491244016303,0
0.009714232280531606,0.0060565104,0.45574189710095164,0
0.06523733882593656,0.13583829,0.9939813781065429,0
0.041039251969058894,0.0679618,1.8245825980641324,0
0.014893829335609678,0.016166214,0.5860692096714886,0
0.056699820415849735,0.09766528,2.632085091974823,0
0.023860947532541265,0.020868761,1.0800867257494153,0
0.026021127439498446,0.03958619,1.2609787904678247,0
0.03927313464655442,0.09207765,0.8152637179408014,0
0.01795232367838627,0.070121,0.5194511353887801,0
0.10056945623480631,0.22474846,0.6561408086729253,0
0.019084774261590574,0.035204478,0.8355116854920766,0
0.016488963936824072,0.041693278,0.3231029638480761,0
0.03068851827127099,0.02175635,1.5902897042682986,0
0.015421612331379663,0.01918225,0.7350708630534598,0
0.031132354918287135,0.018278709,1.363334042541541,0
0.034936566346631705,0.08970012,0.27287835559543167,0
0.037812357298579825,0.06253581,1.5280220398303905,0
0.016319776246071404,0.012246413,0.8258406438862994,0
0.029463887214844095,0.051414993,1.2358676619241349,0
0.01846347656721254,0.031673975,0.2900563631778481,0
0.025770887334365816,0.04158938,1.2245158380208958,0
0.01641615277338784,0.06258054,0.424653235045137,0
0.029272021705004234,0.017284624,1.5639446050662835,0
0.023045374076590637,0.09151635,0.5048126645836737,0
0.011668272083091537,0.013463078,0.5283595551799414,0
0.03059491068329993,0.12313275,0.8042246366768722,0
0.01353278619272387,0.023503486,0.5147951746658037,0
0.016489309274963542,0.06930355,0.5133373287918923,0
0.024292893858191528,0.112718865,0.6867839606790757,0
0.026080558524033733,0.009812189,1.2927780776999562,0
0.02359292575396678,0.05416343,0.963090190660974,0
0.033576567147391295,0.036664367,1.092847847068342,0
0.02443820291406617,0.08006587,0.8733621790782765,0
0.03237439742465606,0.10524988,1.1222600337738562,0
0.022323681399975467,0.035978466,0.4510495449827142,0
0.011724733043925378,0.025755228,0.3321039542145817,0
0.12054669909436751,0.014300623,6.56151084907439,0
0.041688271282823375,0.07830478,1.8777833247348783,0
0.031315477295640826,0.051698875,0.7125577621851023,0
0.038753943900659046,0.07854571,1.6452247197488474,0
0.01467705678116856,0.013917695,0.7546816469937703,0
0.011528194038608736,0.04347045,0.1999981892212165,0
0.018969433289877834,0.01648514,0.9551585144050233,0
0.014226554782714443,0.0444714,0.5424451598707841,0
0.03100980933824994,0.13858503,0.7530919216160424,0
0.031917867525127125,0.07496244,1.281481121655191,0
0.030137511161541362,0.14884807,0.8445829973541614,0
0.03470216372150714,0.04548961,0.9174035055892142,0
0.023448815703740144,0.079688035,0.8483011249655882,0
0.026997685777810723,0.06693802,0.8892506824454689,0
0.03810500686124252,0.036583662,1.8541537316342105,0
0.042787160210025044,0.23799564,1.0271435614304885,0
0.016189168769030385,0.033490922,0.30028865871144084,0
0.020733268238842688,0.07254661,0.6967761589633475,0
0.015258384233118347,0.04386693,0.24141348005693963,0
0.017857282430042858,0.06955219,0.45590680323844995,0
0.012893432855861302,0.029081617,0.5352796367282637,0
0.10586058993869697,0.020491794,5.718050034359386,0
0.01440316109830991,0.009078546,0.6215231337355821,0
0.01914725397652488,0.009062863,0.9154893497843408,0
0.04848105516698539,0.06823649,2.3718316998754005,0
0.08186670222259361,0.0876216,4.184664761072348,0
0.016758966697584664,0.027258225,0.7730323242973375,0
0.06857372485749841,0.08914028,1.9348705239491701,0
0.023797940791877137,0.03103365,1.0741452363635575,0
0.034708197875213134,0.056609616,1.4991259746577008,0
0.025442062830572567,0.08358816,0.8784924717169497,0
0.02975790792631009,0.014771784,1.6159008392936935,0
0.0378704774369003,0.069337,0.8099123868829214,0
0.014470018439746404,0.036390457,0.5190013152096997,0
0.020773652027000107,0.03318663,0.9018041511381049,0
0.1402636894092606,0.12168223,7.067953055320689,0
0.03796357806114551,0.117663056,0.3857073753209165,0
0.028763553245360268,0.04873666,1.2256029882330843,0
0.0693083881924478,0.10634165,3.3367816186726786,0
0.043037032266607496,0.08930618,1.862027363188613,0
0.011471822405790286,0.014757297,0.343602645455908,0
0.018918592674954493,0.055833895,0.7148416864882041,0
0.04196603041351263,0.06470563,1.7441877378382191,0
0.03857379607911795,0.09523247,0.9907146788116661,0
0.03828554655488907,0.0547895,1.5689483249718714,0
0.024335243534520573,0.06381509,0.9779013837151694,0
0.03033638079248922,0.08030258,0.7160602156811464,0
0.06678624808903161,0.07082673,3.3949049375542883,0
0.020112787713541552,0.038043376,0.7898400268619729,0
0.03163158524377792,0.032012437,1.53467453950265,0
0.015993613773046554,0.055082005,0.42821796429723247,0
0.011797235505040065,0.0265376,0.2747697681658274,0
0.0392583651055646,0.19071436,1.093230930138537,0
0.013284866357067833,0.013408098,0.6231278501165727,0
0.02976691863332018,0.12197047,0.7444009470557086,0
0.09115826926402928,0.19645454,4.049549806453299,0
0.01911447734880159,0.027736573,0.8676101833510078,0
0.06919689923205437,0.0955426,3.3715155126472767,0
0.013716203823043576,0.008960314,0.6529522754680331,0
0.014534542917201678,0.020687796,0.5664068904174805,0
0.07257739735251487,0.023902837,3.891820552225524,0
0.023562429033446852,0.031836323,0.689242368100606,0
0.015233350326626849,0.044027194,0.4678525296739921,0
0.010775230578908166,0.0061736866,0.5125599528615223,0
0.017377070078079693,0.013975072,0.8790882040922622,0
0.03273316870589846,0.077049546,0.9544710329546534,0
0.046107645662740976,0.0675702,2.2441211936224867,0
0.031869682392485374,0.042052362,0.9006772437655627,0
0.018239553868659948,0.03486766,0.8355249197099772,0
0.026324698807239817,0.03389642,1.2392068567437875,0
0.010416938683053456,0.0058254073,0.5005123132505601,0
0.019887162374298068,0.04034595,0.2794110862189203,0
0.029668763106162423,0.044060074,1.3273991237473897,0
0.010717671828008125,0.029875042,0.31309589810781846,0
0.03900928547387498,0.02444944,1.90703432441222,0
0.03442199987070754,0.05305955,1.6411339175275326,0
0.04574568298612708,0.06396087,2.154065204665305,0
0.05775557762113638,0.06452125,2.9304407572162297,0
0.006094052567690549,0.0137962485,0.25133283181769367,0
0.028318924788088652,0.042971168,1.2410618316495405,0
0.01531378178784052,0.029438619,0.46970052934114204,0
0.03032591530269571,0.17550614,0.6204076193707239,0
0.023816112924230116,0.10101439,0.694654065910806,0
0.019376184998387974,0.046874326,0.6905369927896495,0
0.01903702339757899,0.057246596,0.7105753006106779,0
0.03756345868911644,0.12207309,0.937290672711449,0
0.041604057845513465,0.09578367,1.3157689734296913,0
0.02244918946201399,0.031647597,0.562437670981018,0
0.0140251772755417,0.029174129,0.3000545554002909,0
0.019378945484005455,0.053907376,0.5788563054738267,0
0.012134458727615585,0.01622411,0.5683775453757544,0
0.014385921827809975,0.014226615,0.6448438661273549,0
0.024506552837175087,0.052458256,0.9443662201384719,0
0.029626682700076998,0.016380752,1.3948249907533066,0
0.023816800939276187,0.07344114,0.5089168231564835,0
0.019528941331166515,0.044792067,0.8249682351354283,0
0.028714583824785412,0.051031888,1.0150639003726025,0
0.033340879193221595,0.06682212,1.3837158277266253,0
0.051505437434378194,0.09857783,0.49841866521837935,0
0.011788497242636232,0.0094115455,0.6193409383195388,0
0.03494896500515697,0.10343181,1.2913274869806501,0
0.011191625404246435,0.016611058,0.37961792668386163,0
0.014647380625416295,0.009359977,0.7455539713721732,0
0.0197545299451495,0.10219941,0.4970724071245121,0
0.09926959829368666,0.30452016,3.6636792952822077,0
0.009644153379053796,0.012823225,0.38762624691718284,0
0.009896010513319125,0.03566106,0.19348113671460956,0
0.02751473942758018,0.028169975,1.357278396528731,0
0.016916457196926152,0.019058257,0.5609131762790701,0
0.022620173378737292,0.061418924,0.824199419286268,0
0.01746562175627325,0.04090681,0.3706737025476295,0
0.026940647064176183,0.08293773,0.7788228065016722,0
0.03957476320221219,0.05715541,1.3646158966790252,0
0.01611869260027475,0.036320884,0.5203702292100748,0
0.01896592975004738,0.13414946,0.29070421713333555,0
0.009554439577464376,0.017789882,0.2640259451608314,0
0.013567762526727365,0.02422967,0.5477956099771931,0
0.01848935486363524,0.011392821,0.8593105079322149,0
0.02560329134556703,0.011001451,1.4025259518476252,0
0.019695347356590422,0.03968948,0.8191691168757771,0
0.074768944270016,0.1731408,2.6238957488012096,0
0.010552890708073349,0.019163914,0.3780828599322019,0
0.0749528518223432,0.11341144,3.599538231566971,0
0.01914178103292728,0.041087948,0.687452477149913,0
0.020152375707832303,0.012789463,1.0590846317388432,0
0.017983253067358082,0.03892124,0.6761593233332056,0
0.04228531913947432,0.042014234,1.3588660127103105,0
0.021299787059509863,0.043820012,0.4958844447297584,0
0.04726890411508898,0.022582576,2.5684496857929537,0
0.040407584579137665,0.09833587,1.7242292595238238,0
0.034245102123952056,0.060992323,0.8151432925303149,0
0.023929609121053415,0.051714286,0.29253967794479074,0
0.029928296210935804,0.018001486,1.4898989583670434,0
0.02986900989563389,0.04890465,1.3590945553847207,0
0.013114226728951704,0.018958338,0.4582645909526742,0
0.020036130360658246,0.05103067,0.5743766025450469,0
0.013728394224663522,0.03528564,0.43904378907124486,0
0.024748844572111045,0.030820444,1.2169333643585487,0
0.09788585668950629,0.14731982,4.738515843515309,0
0.02437680861557906,0.09471558,0.4774922787844971,0
0.01763008288371458,0.008939312,0.9492777856646452,0
0.010752292753966015,0.06403783,0.14132725588658515,0
0.023339317443803048,0.045560732,0.756256275809379,0
0.01446675014677531,0.018914476,0.6036717124146739,0
0.026639536738561367,0.026491119,1.2920884840665074,0
0.017826912893903264,0.03596948,0.6535613232057096,0
0.013370946212458414,0.024301007,0.5408491257227704,0
0.023719713152840986,0.043130394,0.8677160935545097,0
0.015788955199172915,0.09438055,0.3380707012916348,0
0.026579761967665073,0.12561916,0.6282345084342726,0
0.0146682514751225,0.013302322,0.7106122192421118,0
0.03455476858541903,0.06358752,1.5829900017237641,0
0.03383957005148979,0.028711323,1.7305314884658958,0
0.018300479208280287,0.036717866,0.6093067911141483,0
0.042592452907723184,0.022863599,2.2958596375028653,0
0.041587539447559635,0.17418757,1.2852647885876836,0
0.028188449920103643,0.10985778,0.846062716618238,0
0.014654274913682024,0.036579818,0.6298178865465043,0
0.029285067390853348,0.017908283,1.557543501107506,0
0.018657236264785475,0.07302759,0.5580914432526997,0
0.051996297392825644,0.07124286,2.5514076504219805,0
0.016181437585244512,0.05484053,0.46437139795884325,0
0.022894373489612374,0.028791502,0.7242472915330221,0
0.012812598356740512,0.011762917,0.6072076447745556,0
0.026539764855543865,0.045617353,0.5326998749323522,0
0.02753779566064017,0.13448264,0.6292885370877449,0
0.022311657266370855,0.014176005,1.0322551907999462,0
0.08080843141059753,0.16149679,3.2193977411302583,0
0.023437019577338007,0.07018964,0.4339133882436244,0
0.03492532078423852,0.087518394,1.461047293753841,0
0.014396080167127543,0.03068144,0.44667640923388097,0
0.035768064456480425,0.054285195,1.6992153299209067,0
0.029831365899608688,0.0048414525,1.6684701818882752,0
0.030586937208079496,0.024410006,1.5033381231887564,0
0.013291717124971092,0.010715758,0.6802654617664,0
0.03415848196226617,0.14218107,1.128487041765695,0
0.04089445394592789,0.023931626,2.1932272538954742,0
0.013163158408553867,0.006819645,0.6633774590895364,0
0.006151670874679857,0.005253353,0.28609713724858926,0
0.025006837087377793,0.034334596,1.178227554991252,0
0.023914522902922838,0.017489815,1.223877595229352,0
0.031387221218100045,0.020088743,1.6163450924487606,0
0.031559522862000734,0.055610567,0.838264508721242,0
0.02828645843109461,0.082097754,1.032394323922341,0
0.015247261140874288,0.041817244,0.3980894643059243,0
0.012903281773898413,0.01861601,0.3949633090855403,0
0.028700067448733477,0.077194646,1.1623830851742512,0
0.029562768199594323,0.124849446,0.3439826619480994,0
0.0234123789609873,0.040735036,0.911554137916456,0
0.03629520354320673,0.016269157,1.8685344272848932,0
0.019654910384072872,0.052840862,0.7203476524574786,0
0.016149448136328556,0.038105875,0.3637879826920826,0
0.017911458727129046,0.04160858,0.3080999277729665,0
0.07104370415808317,0.07260231,2.7426933297471963,0
0.02453211185834467,0.059614096,0.9615779654765562,0
0.02439625625829186,0.015290769,1.3076077037450782,0
0.016720485072639776,0.017877106,0.8339168263846871,0
0.010398255794527154,0.020998714,0.24854261409235354,0
0.015542242043284898,0.02920152,0.6667331884666337,0
0.02455414023094918,0.031313024,0.8725070045015093,0
0.016609206982904797,0.021906175,0.6949963848088841,0
0.02607828952419551,0.04586427,0.4627293165774353,0
0.055953577587669695,0.10942863,0.8091930259947319,0
0.0271760516447256,0.079549305,0.7674423102857139,0
0.04254907890152175,0.04347339,2.136891761192489,0
0.0221509153403345,0.057629608,0.6309394311203274,0
0.03625910580700156,0.11889112,1.3612891132760858,0
0.014328903954894183,0.022186551,0.48471467141096886,0
0.03140539836742758,0.13254413,1.0310666662117962,0
0.019855283004327307,0.058831703,0.35423478336179387,0
0.01995333775755947,0.03564492,0.5098800397149336,0
0.017756864174336785,0.038238775,0.4896819669656704,0
0.012292256435739357,0.014484337,0.5536898771797322,0
0.023990937501688857,0.02155101,0.9842943187043084,0
0.01284298167296986,0.024434611,0.4874736728951376,0
0.026733221564939062,0.054317977,0.5491070864184471,0
0.022973239423283727,0.05295199,1.0077952925719167,0
0.009459186732523647,0.012287126,0.3910447739697635,0
0.020674510144846076,0.033681616,0.9252022295723935,0
0.01640353333726822,0.014965842,0.6499989440550505,0
0.013575100743105662,0.007887811,0.7132636380651741,0
0.030533219421814133,0.061892014,1.3861726828364804,0
0.025546719720612527,0.023902662,1.1167369927803377,0
0.012961831738433323,0.023138754,0.3142817553150009,0
0.022199598880494047,0.03413946,0.4942895201020628,0
0.024467501733722072,0.017476385,1.0128766298806444,0
0.047821227882083664,0.047739793,1.674425488182583,0
0.0160858913823641,0.027790315,0.5588798208160274,0
0.012842525645395305,0.035125326,0.5220290990324528,0
0.02056638587403141,0.035895076,0.8767603374215653,0
0.026565871608840892,0.116770074,0.7665169890899344,0
0.02180807461021015,0.0839195,0.701210315298653,0
0.020360666329714186,0.043338627,0.6953611756984792,0
0.014935451529280287,0.032291118,0.5595304024041344,0
0.02458363535613723,0.0388272,1.0962376761086616,0
0.007622938437931192,0.016412525,0.1550152958928931,0
0.01639410250470942,0.030434668,0.6734679127039215,0
0.013385462010583798,0.013307115,0.6020666688860471,0
0.022959237030518238,0.060492072,0.9657456622482213,0
0.043771063716010465,0.09958741,0.8156167833995794,0
0.021776112252310197,0.014149133,0.9805572712474818,0
0.02113769584086166,0.120175645,0.3378666244551773,0
0.0241976472534004,0.051349975,0.8669767166595352,0
0.04046344634933268,0.049265407,1.8230635972688547,0
0.026295976536780386,0.034290668,1.2115487899404054,0
0.025903309487382727,0.08350255,0.3909187682324358,0
0.01772458749382367,0.033925727,0.682926464268545,0
0.018870667842593433,0.030928766,0.8897550726288781,0
0.06231832737059485,0.093268596,1.2534000371165406,0
0.03760459966752966,0.029939372,1.4837322620471711,0
0.0476261765841686,0.04611462,2.4343674771060835,0
0.03827342993558631,0.052759722,0.8876234485154114,0
0.01777934737814907,0.05641853,0.26191320245276345,0
0.017540879585102684,0.035715144,0.7814251897823272,0
0.019421142739282065,0.03189731,0.728605852899589,0
0.02777575810962476,0.043638084,1.253701535331133,0
0.04474607814899134,0.078499876,2.0528667995990957,0
0.020470325499816675,0.028971562,0.6897160583576252,0
0.015408753925340442,0.055338573,0.31273747580551,0
0.02146191761908165,0.029429922,1.0226491567860883,0
0.0386267290171463,0.18036957,1.023750506069374,0
0.012431766384021319,0.006336913,0.6570068225769559,0
0.011851529777300758,0.014461581,0.5827489225468216,0
0.03635507335776984,0.15092677,0.7762000277553837,0
0.010536803451247622,0.01097915,0.46609428645117007,0
0.02283904044470164,0.08123262,0.5467486893844716,0
0.02147467806291279,0.03765957,0.9957256541659512,0
0.028678006742333822,0.026623378,1.1624796414706284,0
0.04783072469859894,0.05732712,2.370589431294874,0
0.04303456606901475,0.088533446,1.945190462687164,0
0.024076076699393874,0.049055,1.0899017440861831,0
0.02365933850890418,0.030841306,1.1717086953691789,0
0.014587425829019077,0.016149167,0.6559215270966879,0
0.017137225054611335,0.024770422,0.5333965416299491,0
0.05867348225659863,0.1277982,2.3839872356863343,0
0.05611078364217573,0.078572854,2.552743564464377,0
0.03714227536199988,0.047751028,1.55501441377838,0
0.0182244783345097,0.04435635,0.786819068507482,0
0.008624336869325736,0.0048576123,0.37754206548404873,0
0.03168037349941581,0.08972031,1.037799647904128,0
0.02155948410365199,0.013094308,1.1170459577709315,0
0.031439929634530406,0.020358494,1.6517238705205541,0
0.02115622617663664,0.050499327,0.5809071024644921,0
0.01523877873631348,0.026661722,0.5935414685705935,0
0.028453100800381423,0.050889257,0.5792605715996709,0
0.019485020007223772,0.022907801,0.8104925209734395,0
0.018458743024223134,0.09445731,0.3667251510693423,0
0.012381854124905925,0.016691586,0.6082154860284793,0
0.025991808074558132,0.055422284,1.0675477302725533,0
0.023364559242721385,0.11425132,0.6270565335405648,0
0.021890117710453356,0.032087974,0.7200296800254083,0
0.017016326500807123,0.09075854,0.41550177581920933,0
0.0246914074138739,0.10605505,0.711400638645447,0
0.017938038521391746,0.036902867,0.42331608565531464,0
0.01524256503540713,0.033707567,0.4526646285227417,0
0.022226007284022797,0.030033,1.079717603406231,0
0.03587535743484417,0.06911048,1.5541066514374453,0
0.05623626283076094,0.38589215,0.7466521303762294,0
0.11789818302387622,0.09656963,5.156170747143946,0
0.03178518033797215,0.09134868,1.2737727311819078,0
0.012658509843331323,0.006248576,0.63517239189987,0
0.029171599591712588,0.11700522,0.9279100965617421,0
0.0197615528222831,0.026961053,0.9526719451670127,0
0.021235671564019884,0.052452683,0.17227950062810624,0
0.024587402961142875,0.0582641,0.7458302385629694,0
0.016831883030917424,0.05040016,0.5876383821237283,0
0.00886635226371927,0.008592836,0.3878039872070106,0
0.055574648644444974,0.110486865,1.717923662723944,0
0.057363869614180635,0.057781897,1.9505081131481816,0
0.013031631663424064,0.012816925,0.514507395402874,0
0.021933924059849154,0.042770486,0.5660079382451024,0
0.014321305031870428,0.025430817,0.4481660206581692,0
0.057542838542483946,0.14135896,2.4809027404849795,0
0.033828273320766725,0.031691954,1.5877566279631579,0
0.03302923947604805,0.20058428,0.7427350389519388,0
0.01688024899959968,0.03757397,0.4774151405603976,0
0.02551596183168815,0.0475537,0.7726023653859317,0
0.009179204490552813,0.019398548,0.31542197905616,0
0.02465624143619817,0.03902083,0.7003424459985208,0
0.02594958460059152,0.040898792,1.198110845815006,0
0.031741222424505236,0.14371261,0.7103486416171443,0
0.00855300451848377,0.04231278,0.07347486205902976,0
0.0394369393314823,0.014813037,2.044928017484325,0
0.015713941042668694,0.058380675,0.42786373853986526,0
0.013810146709266231,0.017189797,0.4639858022755495,0
0.0164426118555851,0.031158587,0.6501339064338981,0
0.02107697161488765,0.016877396,1.0863008569469146,0
0.01681011060885186,0.016531939,0.8256776538581317,0
0.02425997119819539,0.08229177,0.8237719722625612,0
0.009029928187904936,0.024338797,0.12853325125069603,0
0.023372206748712508,0.06548063,0.6321413664273814,0
0.06954375263163229,0.05685619,2.9729963862378805,0
0.024180497931226334,0.013807192,1.2969458923949708,0
0.03738479874072759,0.072290495,0.3339199438466006,0
0.01944704978643428,0.046300072,0.4881656640111462,0
0.02167327442989763,0.017253717,0.9304565118830331,0
0.06738512200675481,0.017929263,3.4860647495495156,0
0.019624425429292106,0.06414449,0.23952109277845904,0
0.029729715728594085,0.05984163,0.4368728368177883,0
0.039702919455929124,0.027728444,2.101793343533342,0
0.037636287511457436,0.20143129,0.9085469609792062,0
0.013758009982196177,0.039653003,0.4781387874963982,0
0.021490673397642733,0.052117936,0.7347751478392465,0
0.02216982982124865,0.07704459,0.3273995421910234,0
0.021445789872525257,0.030309167,1.0319625580252076,0
0.05120604667071978,0.15650006,0.8282602191001808,0
0.016191869132144994,0.03309399,0.6697209973728115,0
0.04168243604738875,0.13824369,1.5524401483282113,0
0.02693843306070315,0.060030162,0.9762790254267344,0
0.010477696483945465,0.011461722,0.4293433531673372,0
0.03197155996021952,0.05359264,0.8339696785886126,0
0.018802787775635096,0.021187099,0.8130386457691482,0
0.044042039582121495,0.03164652,2.3220480283163023,0
0.055099769250793094,0.10498967,2.1816895657979862,0
0.02280708061534733,0.033938773,0.839705769222764,0
0.01911802363062051,0.013197428,0.7715272864680269,0
0.040307432602219244,0.017281443,2.1988682634647,0
0.030442127448600503,0.05195158,0.7997310259213282,0
0.019522283152343202,0.032111097,0.927564417808407,0
0.044477219838519814,0.067989096,1.3683142696646107,0
0.02176185070705782,0.012051658,1.158062683725239,0
0.024040298448094334,0.041392155,1.0147369741009016,0
0.015481537828962876,0.047695592,0.47163764449869405,0
0.014690474384505684,0.042216882,0.5466148238420896,0
0.02816457700155091,0.04045093,1.1114412137078904,0
0.015080259117274104,0.060853276,0.4855041432298229,0
0.01583998887867999,0.009154023,0.7234926196979735,0
0.038448284193420876,0.16931176,1.0332069205571088,0
0.031320739173025754,0.041469213,1.1407548556012699,0
0.022388153289524745,0.0515872,0.9623649855354673,0
0.04098455881969976,0.08717802,1.750775129826455,0
0.023911084376985338,0.06953841,0.37136332705195285,0
0.027307397736800205,0.091084406,0.958653284944189,0
0.029590872543780004,0.052656468,1.3827051742516425,0
0.010592766193114635,0.021067256,0.3666043789079851,0
0.03436202648153528,0.13708983,1.161156811115678,0
0.009357444601987492,0.022143846,0.34344162216245744,0
0.010290979283849925,0.023203952,0.3889334291619183,0
0.03466886082606878,0.028295778,1.7529076384949767,0
0.025754603205490993,0.059371103,1.073099111193822,0
0.01743445937832098,0.029162863,0.2788691113149553,0
0.0313956346442106,0.034591924,1.2176002680717946,0
0.01500801751108513,0.012658379,0.6213314550372447,0
0.010019519570184803,0.03371371,0.12314517412537601,0
0.0182668226054293,0.03212531,0.795560073250954,0
0.014515528145079554,0.016116593,0.5910775894028887,0
0.03191361740417447,0.05171398,1.526596278741157,0
0.03207223479864975,0.093417816,1.293263123152908,0
0.03337828970540327,0.033212382,1.2451573419209423,0
0.06372193890612973,0.26977795,1.8399408464408618,0
0.06273786961257488,0.04150561,2.9234891342510485,0
0.01552340661580285,0.04344011,0.33455802996949396,0
0.011247638656642578,0.034022905,0.1786554997132381,0
0.012124331570169344,0.03283402,0.4921631622008444,0
0.027268912771339478,0.13294531,0.7003458869681645,0
0.023221026248588978,0.09039418,0.7171165062305938,0
0.022496700961253266,0.03811218,0.9851358850728339,0
0.015244633679756318,0.043047603,0.19153850256147242,0
0.025398314481716255,0.058930323,0.8210202487862568,0
0.032104734713104675,0.03610675,1.174760916128249,0
0.03345796792172959,0.02575117,1.7339471210963326,0
0.014366039326150673,0.020357858,0.3717642760692011,0
0.022348416550071803,0.029209765,0.9935011232865085,0
0.03059534833267306,0.0403458,1.5180550398133055,0
0.01666530053801822,0.022322515,0.6891118031092233,0
0.0653328476737779,0.04894466,2.55114070339256,0
0.032455246101006266,0.017734189,1.7555465214332722,0
0.03576395457608578,0.025554221,1.8056590283016853,0
0.01851023838589482,0.03111574,0.5047428755988964,0
0.02720308452835734,0.10525655,0.9454114982318723,0
0.03513836545190766,0.028602742,1.8114372238773029,0
0.015438915684686572,0.05568907,0.3990495060614068,0
0.036298363125736414,0.027831787,1.8922784900875007,0
0.0961428184690267,0.044044834,5.228097984852636,0
0.02417332070136191,0.02912347,1.196105873716164,0
0.02819306632308237,0.028471794,1.3601549044465315,0
0.020922759653337904,0.029684704,0.7371717043549297,0
0.035921461776920655,0.05916264,1.4500859738643261,0
0.012194654918854445,0.017537227,0.48701383299663364,0
0.03521540440797832,0.091519766,1.2510780962929646,0
0.0145582506143033,0.015042728,0.6909370575944062,0
0.03188704001247585,0.03475674,0.9825332511392795,0
0.02285829396884247,0.037171807,0.5530130568326438,0
0.011179337094588498,0.030525604,0.37507369126397794,0
0.013059787807419638,0.016181143,0.3515980151016778,0
0.10465481135181508,0.0907016,5.472985226875058,0
0.03756586897714234,0.059748862,1.743443734585625,0
0.02230679363717006,0.094402805,0.26003839045614147,0
0.033377042720328876,0.053771056,1.4676793320709731,0
0.029268488155196493,0.09187695,0.6916069117823895,0
0.014692719543053666,0.014663572,0.5860588579070398,0
0.009898180170672717,0.043026045,0.11049661423774393,0
0.022196914842493056,0.028167106,0.9684188960155082,0
0.018817457131893423,0.055298015,0.6957172655361002,0
0.009778713950073906,0.024573803,0.2906538257828192,0
0.021311402987069936,0.038975988,0.8953269278268519,0
0.01899876293025842,0.055214964,0.5360428169974708,0
0.015544847641521172,0.06231256,0.473372453510147,0
0.03708399980476523,0.05236664,1.4107058619988464,0
0.02942112706139307,0.057160314,1.0334085624434886,0
0.03275425413515607,0.029023651,1.6875135381216113,0
0.031660141846864664,0.13248414,0.9347073567573368,0
0.021256266469786657,0.042366672,0.9172132079609809,0
0.0329619951269061,0.022659818,1.6003425520213563,0
0.03795881757336255,0.042052526,1.6248951743229916,0
0.03369353211953525,0.043486245,0.9340960644465777,0
0.021596629885405727,0.05753208,0.8908600935033038,0
0.012559756041444846,0.010781419,0.5820641379547781,0
0.02613040142411889,0.049275827,1.017143334152998,0
0.023191908427224645,0.06424828,0.7919998175973938,0
0.03312195599564698,0.07017499,1.3784697091834568,0
0.00902005403960333,0.024541488,0.2052612866083242,0
0.0162590201380799,0.031393547,0.5192393551307231,0
0.0381033169797336,0.041464478,1.5867500649092974,0
0.033718646659603335,0.017293459,1.7720081455263863,0
0.027501830211562234,0.097417735,0.7215162822617853,0
0.023633551547028925,0.023655597,1.0181015007690688,0
0.022453202525888814,0.039149817,0.7327299214271705,0
0.027052432713038206,0.07929908,0.6736145706690674,0
0.03916530059783383,0.08563288,1.746843894842726,0
0.01820448864012419,0.040055536,0.5798287838720445,0
0.016009184406874488,0.053563945,0.3210629065326618,0
0.038310307292318144,0.10350975,0.5733513308901752,0
0.0309530874104397,0.072096914,1.3077409172983028,0
0.036709048974025826,0.10176984,1.4762155729581277,0
0.07125647925557077,0.13376434,3.3109409774025953,0
0.03397110151881376,0.031227954,1.676921445068601,0
0.018632804109881163,0.06425966,0.5055044920657574,0
0.04331216796891877,0.049238652,1.609252131778199,0
0.032774392004109504,0.10662228,1.2366547585586296,0
0.017018967781335714,0.028568916,0.7797219096428305,0
0.03227604132898221,0.10788278,0.8545317699330169,0
0.019159599832630998,0.036631715,0.8191580432405706,0
0.024521739455434583,0.02129289,0.9473341778403633,0
0.026527339464494055,0.012558835,1.3359111428955368,0
0.03305420471918592,0.023256686,1.6933603794716459,0
0.05326887878988598,0.26477185,0.9431937931383355,0
0.019387151893337985,0.036140755,0.6914271379289302,0
0.03258524355065806,0.06544842,1.3748619499218981,0
0.020404085527360068,0.018201306,0.9859683163566011,0
0.031998977270992816,0.086393446,1.322960963282761,0
0.025300372262524587,0.018792944,1.302549270581242,0
0.009726392829543762,0.010845381,0.3672512556833935,0
0.03426332813488536,0.12491349,0.5364982564330064,0
0.022036157473362575,0.027473055,0.82841659133744,0
0.03213251274346086,0.0904473,0.5923272832911196,0
0.06257216010851563,0.15501349,2.6826392564645496,0
0.043663979958209365,0.12157205,1.7341661129595474,0
0.016993980095045973,0.064125136,0.5097968451071789,0
0.024039503842538303,0.16933091,0.28120191390013693,0
0.025138389406735615,0.06252558,0.731764914907083,0
0.015142250930078156,0.0221125,0.44886048260446737,0
0.013631647506859605,0.019266007,0.5404402686444186,0
0.02843396324093051,0.026137186,1.4625743965845066,0
0.01170458904743821,0.017636482,0.33344763643758185,0
0.017608023377283365,0.050965853,0.6590821262208445,0
0.01772631139796846,0.022094185,0.6325223644100026,0
0.044088400271321396,0.064545795,1.2747262796076373,0
0.025013364176694638,0.04309753,1.1520683258093753,0
0.018556037635945124,0.023635522,0.7886841684719267,0
0.17959445300094254,0.081607,8.464684363439735,0
0.010656545232844572,0.025370143,0.40442200095426856,0
0.02237857612262908,0.040186238,0.9875391202328917,0
0.01723354301243724,0.05098954,0.5673403737178755,0
0.014340763017905997,0.0103066405,0.736347155226349,0
0.04217978499156372,0.043435015,2.108616868895193,0
0.029397688760208446,0.027111521,1.345902353661146,0
0.012778086233454299,0.058540218,0.26712665042503914,0
0.028178427541234275,0.051794454,0.7210859723866686,0
0.042478400820359065,0.09986441,1.8281854861711997,0
0.02828179422663389,0.13031934,0.4887099238888953,0
0.026367529984244333,0.048338763,1.0663315472490833,0
0.026013832188672835,0.03358906,0.6845676956658262,0
0.01524889755153742,0.008886913,0.7439700081575507,0
0.02958319090117789,0.015196209,1.5071832720754628,0
0.017589049005440355,0.03374373,0.7098029468256533,0
0.04029590144776406,0.15254828,1.399014559356864,0
0.06995427805254961,0.053016674,3.5778033574307377,0
0.015800538956693345,0.03859493,0.46808433744717487,0
0.04230757171279063,0.017636558,2.3184239489559806,0
0.011713061368121615,0.015175899,0.513441668502891,0
0.11493676246667008,0.009072854,6.4696901701525835,0
0.0215026381092217,0.048054174,0.6834115922717007,0
0.029124574954396222,0.03553464,1.2593434881851007,0
0.020385636053582956,0.045282025,0.6179487741073413,0
0.018679017566920537,0.02021162,0.7681337138312793,0
0.04750980884515241,0.123130694,0.4214577195867139,0
0.028766522780019562,0.10099212,0.6713120069124582,0
0.0158660292367644,0.04561729,0.5776289205401746,0
0.01881661164611952,0.07539868,0.51878664010143,0
0.013902253857262277,0.028485956,0.5115983731417413,0
0.016253605577919005,0.056107577,0.18334805594110595,0
0.013050790117867066,0.042336974,0.3171013071683546,0
0.03108795697944019,0.09229977,0.7477116743938196,0
0.010142476378118768,0.03175858,0.2225033952879944,0
0.04255869264658605,0.044274908,1.5367014372915824,0
0.03536110719194007,0.19828609,0.7490675791830511,0
0.025823312734641852,0.019082163,1.0241732546192133,0
0.029917757501941453,0.024734745,1.1028556781029644,0
0.03790044513079112,0.02098273,2.036381125067019,0
0.042230613470243906,0.036963962,2.1118242383995507,0
0.01809883119356961,0.018961547,0.7648670224599134,0
0.04823344479348821,0.039917704,2.529204668391647,0
0.02366100622335382,0.08293375,0.8740157645601158,0
0.03982854668056231,0.1160491,1.463453693057023,0
0.018592226420372955,0.025717089,0.656452128299525,0
0.04981088417028585,0.25904483,1.3690322115626443,0
0.009024285625234288,0.008922777,0.3507779268888968,0
0.016809494677995758,0.032416936,0.7028884429479905,0
0.026773890919783497,0.08852265,0.8238526937459004,0
0.018728355165450607,0.013163683,0.8400714989500198,0
0.01117801216097063,0.007966995,0.521580961525072,0
0.030108282842605135,0.041038647,1.4620243786894596,0
0.014614185680630661,0.040614896,0.41902831103640814,0
0.03988429353998815,0.054629635,1.9503053474220307,0
0.01773997467898706,0.043081146,0.7202857775165045,0
0.030299828617925163,0.04115396,1.4775511974764073,0
0.025826096487100558,0.04188834,1.2307911477645295,0
0.014560095247263727,0.025848843,0.5810899084516746,0
0.017233570394128785,0.04820227,0.2678277421018643,0
0.02554054002715234,0.060861893,0.714765424671681,0
0.030062450354803538,0.04375803,1.3577655025695972,0
0.023169068720930112,0.03906659,0.9944882488421235,0
0.03547577534091552,0.036135085,1.8135395139305595,0
0.023742012717858772,0.06254475,0.9498635778139277,0
0.02178097023497703,0.037492163,0.9830839193269368,0
0.021810924833215093,0.03604419,0.3821221482263546,0
0.03451570000359048,0.05383339,1.6548812341220147,0
0.02345758836365805,0.023079967,1.0781204525067165,0
0.020882679812073354,0.08356517,0.6955678267377579,0
0.015750209296714855,0.0105126435,0.8138003754735055,0
0.007989718628317075,0.00486024,0.39721861197491926,0
0.021175140751314103,0.067755856,0.7872695485877375,0
0.036426331740367524,0.02772213,1.4458520567480797,0
0.05168089686382315,0.073936395,2.441906578487522,0
0.028652519320491104,0.03507521,0.9276337301805924,0
0.02842420331416929,0.07407883,1.077445528221263,0
0.051740749876719866,0.08685812,2.4283521045378804,0
0.011009971002537408,0.041127045,0.23916736320714874,0
0.009945022068830692,0.023921235,0.3035371891445982,0
0.0192108605755385,0.051980656,0.30887740131304137,0
0.0390332516165528,0.08882536,1.362231593021783,0
0.015117803581961005,0.04234892,0.500207569469357,0
0.022804293702429642,0.09718718,0.5811421053265564,0
0.0278712588234849,0.044082522,0.8065889538344672,0
0.016457390818484605,0.020662045,0.5426491826421637,0
0.029397200220186083,0.10231407,1.0750753710765864,0
0.03940588717120024,0.049868304,1.826757581235406,0
0.03670219574522797,0.07273903,1.5921789196428422,0
0.024860728925159677,0.059741963,1.0339663854355905,0
0.01710904327908192,0.032810684,0.3919672855533858,0
0.035060570910909514,0.085406,1.3563951735884137,0
0.06515867746637916,0.03574484,3.5140182927434833,0
0.0671779947867702,0.095206015,3.2405717073593174,0
0.019729428386450882,0.032842703,0.5716701541091376,0
0.021744742885403665,0.047578305,0.6785533546996836,0
0.028507573237671554,0.05478795,0.23997643857892514,0
0.03215948078217612,0.121590115,1.043008602438363,0
0.01281799128924147,0.037287842,0.2774217053089826,0
0.02053115632426033,0.015983202,0.8145662121312846,0
0.03589010873737039,0.06662961,1.046116192583497,0
0.02960228750362592,0.035217576,1.452935058656592,0
0.026130851676039908,0.06652271,1.1075098293641539,0
0.027670690338522666,0.0492017,0.8766709758130536,0
0.016480925545068043,0.031003175,0.7383971999840357,0
0.01859080550722369,0.036485385,0.3560518071596262,0
0.028777639945278967,0.06140986,0.3496604144376904,0
0.028678483789987372,0.087194026,0.4900102305071974,0
0.01302800377838686,0.03602247,0.18142399380089755,0
0.06764978019313837,0.027693883,3.6764709769821624,0
0.014444223295364064,0.036907997,0.5289793504509178,0
0.011537719132742808,0.008736069,0.5246367865576389,0
0.015606116883337991,0.045028,0.1260677581222604,0
0.02726905626059059,0.024115777,0.993725140578987,0
0.030809825849428277,0.08906901,0.5018210742200573,0
0.03669200869749053,0.0537425,0.7590132209455114,0
0.023468877761867728,0.032742642,0.8543140110788113,0
0.014357893856195519,0.006722135,0.7375978787925868,0
0.022965127690429778,0.06341559,0.6295040697431799,0
0.018851574501853777,0.009654578,1.004329424566931,0
0.01617584024469612,0.009001605,0.8430675293169838,0
0.016391577981973646,0.07735846,0.4725218697860109,0
0.02230139171282108,0.04042981,0.9396874216755556,0
0.014416090885484309,0.040541824,0.5029066803691824,0
0.02026206683924997,0.053671498,0.7933360560255878,0
0.02865297374082268,0.12710433,0.5620015339062643,0
0.02397004768382903,0.03949359,0.5023790748866992,0
0.022175922259831088,0.035271257,0.7180314920770862,0
0.05216807000762722,0.09016576,2.1991263934681693,0
0.0168238532531608,0.07613712,0.46275566180420613,0
0.01857210306559897,0.062006053,0.3739528475157957,0
0.02992833788980076,0.04032351,1.305357852587701,0
0.005735168791678541,0.010501705,0.2564004242242948,0
0.02925735777495682,0.067130014,1.2597466277181866,0
0.04263427739313661,0.16803358,1.1580889239895624,0
0.01969719548016212,0.02700345,0.719500510295407,0
0.037639680017433605,0.102985136,1.4987726181513072,0
0.013538464944125786,0.018248249,0.5401309349864788,0
0.01684995933581409,0.021208214,0.7925548513024094,0
0.008583443786711569,0.017482638,0.22420822126381756,0
0.011509516036725821,0.036522094,0.23506177364579184,0
0.0376440591497406,0.08062686,0.6436980907359183,0
0.015900596667676,0.045052357,0.4520578668045732,0
0.01961460819767249,0.113060154,0.4136139610759305,0
0.028857669514386574,0.06915017,1.0079975408349888,0
0.03708380895666874,0.14969374,0.8306670453195613,0
0.012127363340860401,0.010950151,0.5287442194010811,0
0.02979844524200918,0.054930415,1.3043785385403095,0
0.017817684365031818,0.017585546,0.8641066771035322,0
0.044775474403690396,0.06837459,2.161280017103859,0
0.0426691972768564,0.117894486,1.516241469203352,0
0.013168258124729371,0.07575406,0.18122426186953505,0
0.017380551062968562,0.07202463,0.5830294619058961,0
0.030997509730966984,0.04099824,1.4967694763486559,0
0.027347538333068914,0.04632059,0.7746690468738299,0
0.028280885951401172,0.030898497,1.3987096872223448,0
0.02492770423951869,0.032342967,0.8659757588345611,0
0.0369418192552292,0.085135646,1.2959672642292446,0
0.05113059128703304,0.12123483,2.2312860566928516,0
0.012015506755932723,0.01045801,0.5785648882068548,0
0.051750678582841325,0.05507298,2.6297368100252387,0
0.02672787109919942,0.07703368,1.0211953534139944,0
0.01666864245575273,0.009843988,0.8626894739210892,0
0.010896811124251582,0.011539835,0.5124918706308379,0
0.031819036187334226,0.05777915,1.439865052786467,0
0.019195296690203575,0.07211897,0.6828722483130313,0
0.017989371073619222,0.042583145,0.4045893028813648,0
0.019496586785868505,0.05184227,0.6596629601223578,0
0.01605315118109243,0.028845197,0.6068085109517213,0
0.02146080529200463,0.10534398,0.5319324761904163,0
0.01229371368078288,0.00807986,0.5278242151933077,0
0.010140686999263467,0.017454768,0.4782768132029185,0
0.021257480575396392,0.02281443,0.8558471404947412,0
0.02080080114225273,0.025607793,0.9333058448627221,0
0.052825181107097684,0.10541409,2.2286802308993,0
0.01805370497320348,0.046991758,0.28019880478140274,0
0.017196528260237612,0.06944829,0.36010676270581005,0
0.016638008013960297,0.024153462,0.6858473395651118,0
0.03467743389629273,0.051334366,0.9824400627323253,0
0.021336223135701875,0.03439575,0.7611173888884838,0
0.0196256853408553,0.10109382,0.26002963327709094,0
0.026269309535922037,0.028662436,1.3173440593139705,0
0.057848934433877425,0.049254287,2.7232911042734695,0
0.02758356209728302,0.068286836,1.0633767988282004,0
0.04372596796961124,0.058473345,1.759451853219087,0
0.038843427226541744,0.052964326,1.6681924575750575,0
0.02618249220887387,0.026673812,1.0703664655765126,0
0.044154926319336645,0.04569862,2.208923871887092,0
0.007674221182718847,0.0153763145,0.207401002031644,0
0.08469546302260149,0.19461222,3.7284017095303326,0
0.028836967957752698,0.027556675,1.3737799107142743,0
0.028932012457902362,0.097784765,0.9542962525208534,0
0.0102782184303839,0.051648844,0.2555366403801164,0
0.017245165828412658,0.005349981,0.9103270289066727,0
0.012439531026901382,0.013089456,0.39470514538594287,0
0.020845640860806033,0.04808212,0.27681809232522925,0
0.046040697226678924,0.024508998,2.362000262296109,0
0.03230637556401965,0.099241816,0.5665986961108292,0
0.015056869267138546,0.011515168,0.7059266788870785,0
0.05357317773152279,0.097146004,0.8579435607790394,0
0.023061543419633086,0.018779572,1.0195357577826303,0
0.03407689463475079,0.11123802,1.2262054522714132,0
0.02088280530945094,0.03214655,0.9309792478604685,0
0.02689299126771746,0.098881565,0.8493497378816364,0
0.033281363672074994,0.09569261,1.278906451956981,0
0.036913748325913126,0.0859703,1.5048531823977573,0
0.03967276034830656,0.096600324,1.3768304965617897,0
0.018183232656686095,0.028974183,0.8665267913218849,0
0.01445006596075011,0.032794904,0.6178855357359245,0
0.03619066492080164,0.05532309,1.661612592874242,0
0.02636578070978127,0.065935306,0.692737127357964,0
0.050216489031009885,0.14968419,1.5589536737464105,0
0.048927350795410565,0.04452135,2.4582732550433084,0
0.04048808790100701,0.08098449,1.5299855515347063,0
0.11015195029946903,0.064391375,5.226130450906394,0
0.038879011031480344,0.008951795,2.156713977671087,0
0.015397100837107417,0.04366902,0.4931250978803967,0
0.01593354426518129,0.031083532,0.55705794941779,0
0.021277795006412407,0.036435407,0.9278726034271849,0
0.03878536222801991,0.09613756,1.6124327239242209,0
0.018430679040511162,0.026659157,0.45267024992639526,0
0.028915698718306813,0.11564162,0.8702001489676395,0
0.011502729229445029,0.025231551,0.3480909574842193,0
0.021147291852899812,0.0039866213,1.1553460869724281,0
0.010895966169391756,0.023900494,0.3279767507484012,0
0.023284512398072103,0.044175625,0.884548921222148,0
0.03162011136803594,0.020703087,1.6710709370010859,0
0.01762776653782555,0.017593767,0.8602776242726209,0
0.04178832292402207,0.04852763,1.789113949360323,0
0.014235321146729051,0.04400946,0.27790960207054166,0
0.03228504655976907,0.08326301,1.3719891582400323,0
0.021738047892735597,0.0299111,0.8823486868403697,0
0.02615619739405329,0.039124098,1.0069737273896981,0
0.017139789436585035,0.043320715,0.666578852978995,0
0.0459937403855457,0.08619647,2.0285533072082664,0
0.022458890429188215,0.026019827,0.6494387708313575,0
0.015489508377535459,0.023482604,0.6988567237986494,0
0.02104544992506801,0.022024741,0.9990181813455925,0
0.020089974848484467,0.036975745,0.4360201861242046,0
0.024418609015892417,0.042748243,0.9305826337729901,0
0.01801165085583182,0.03997776,0.7255245098601791,0
0.05475500874276974,0.15772055,2.1719293441097194,0
0.017028605391043256,0.010500002,0.8064973346614617,0
0.008812087731442948,0.02739125,0.20647033024681974,0
0.03836712662785828,0.08665544,1.6884797269802514,0
0.02515360988731118,0.039644346,0.9624605234201349,0
0.09025401157696433,0.12564076,3.967683836836397,0
0.026088469416671305,0.033383615,1.1967901079163215,0
0.015582573875641412,0.030934246,0.6447877493215148,0
0.00865551334940225,0.012739061,0.36347569059231866,0
0.037100302821479844,0.021444432,1.60376720098686,0
0.034711893343465,0.051863283,1.6242861218190292,0
0.018783784440829752,0.1504374,0.18468703274213627,0
0.023542814978706417,0.02259874,1.1390561922855449,0
0.02043560682417056,0.03314247,0.5370533852908668,0
0.03932214753433084,0.07128351,0.6858993580976348,0
0.0788119333726936,0.1844802,3.281845656727427,0
0.02055307280497519,0.0901746,0.44721618122502227,0
0.039131978829015146,0.08342508,1.7242666524167523,0
0.023745673015580063,0.1388992,0.45861722761975365,0
0.022464629130192038,0.05073944,0.8990711597510955,0
0.026344480441018794,0.041164164,0.9260798153838982,0
0.02833205148392336,0.013831764,1.5372460644955868,0
0.023259848461677772,0.007835117,1.1903517942535027,0
0.03168165980194542,0.066671275,1.1226210541713006,0
0.04406306018828707,0.08671602,1.928629930082072,0
0.011572170641765583,0.019872248,0.44953506940752164,0
0.01248777135206823,0.02077856,0.4843840433411212,0
0.026165454613627903,0.053496774,0.5536865616692799,0
0.02942680800147253,0.12962233,0.6973943573436828,0
0.017155553879225925,0.03428187,0.46378050155379075,0
0.033931834523915086,0.04535559,1.664562051561054,0
0.03920305118409752,0.036549713,1.7675398153706692,0
0.019360790605633185,0.02361993,0.9463542521179134,0
0.03372196075738543,0.054194227,1.092548183190307,0
0.014926229563078926,0.05389585,0.19939488405791353,0
0.021216962868426302,0.043539807,0.8744830685017866,0
0.03063858829197186,0.096872,1.1113530293261848,0
0.027525625866029368,0.046339825,0.9024521763023089,0
0.032242543020361836,0.07490965,0.5431750067490466,0
0.0373316775091051,0.08756423,1.5952265125549068,0
0.011009089090956627,0.021656597,0.4669586705951351,0
0.03661614250112495,0.08303055,0.2068531134175905,0
0.05161785695703795,0.13231973,2.0822021585398356,0
0.02622740857902616,0.11749846,0.696368763268593,0
0.03970776424058606,0.14436676,1.3259817201808495,0
0.021157986087981716,0.031038601,0.48289451168547043,0
0.021774641071475063,0.016546909,1.0620783847909612,0
0.02002700885775132,0.042651363,0.6808825629720875,0
0.010186327022593757,0.025040152,0.23394064155429872,0
0.009309769591551293,0.009744816,0.36240179226525593,0
0.014291071248911238,0.015803268,0.5593382468996583,0
0.009796151117146542,0.023437733,0.35860334992213616,0
0.04460380677068688,0.10828237,0.7290290370269956,0
0.041362102119207475,0.11505328,1.4702885573792506,0
0.01753716105868948,0.037804294,0.5674664331183181,0
0.019798727577452234,0.034125254,0.7197407280132359,0
0.028058954946994313,0.119091876,0.7121519931045381,0
0.010626895902452013,0.04126104,0.30980401864763674,0
0.012075493511000158,0.022030497,0.40241812016024525,0
0.0165086957165558,0.02928554,0.43474426477249967,0
0.024008320943096552,0.02648476,0.9579162790387199,0
0.008439919266908527,0.013241688,0.33061751100794573,0
0.009351158009342449,0.01416215,0.3603835767644902,0
0.013731885747056811,0.03097538,0.31267608433860883,0
0.03480143452059356,0.043731604,1.6127342232414756,0
0.013912649572166754,0.02261664,0.23726453556834817,0
0.02066371980041711,0.013832532,1.009539508779753,0
0.03127655579913631,0.06932558,1.3400088407020592,0
0.035766477499612856,0.094453745,1.3867761980270201,0
0.0382030489366143,0.08675638,0.6580900844343143,0
0.022986196093910234,0.06190855,0.7522131153239282,0
0.02568358660394863,0.11081871,0.7936620119160267,0
0.023246359216244107,0.02283514,1.152080845372637,0
0.04300975504101353,0.045113545,2.049348572305195,0
0.03155797293808319,0.082983986,1.280396782682352,0
0.04183270232482384,0.051632397,2.0239152834178844,0
0.023727957252060308,0.056012332,0.6635535768737019,0
0.037343035824882104,0.07115272,1.0486460616261755,0
0.021424804917508058,0.057108648,0.4806224352077881,0
0.018839575120882267,0.04243794,0.7220094656213317,0
0.012459161097639984,0.016155995,0.6090318259644826,0
0.024251095796417186,0.030238891,0.8308425045786684,0
0.018586165389570787,0.017156452,0.8630562536131429,0
0.017553435558888872,0.051136706,0.49032785672862533,0
0.043876671281647836,0.1459242,1.672284896276653,0
0.031553803378868664,0.01831635,1.553133091503527,0
0.10786782217210199,0.105802216,5.563815275519925,0
0.0434739297250016,0.11380276,1.682474020208138,0
0.01830836743588619,0.017191183,0.828419028630205,0
0.01483865359358906,0.018145673,0.49502308141970996,0
0.011040527388061012,0.048072185,0.27812975946542223,0
0.03371148443625037,0.046297252,1.2269660465001986,0
0.024807503635923246,0.05859519,1.0835185157160545,0
0.029322251068811644,0.06247614,1.2943592059750455,0
0.022508075180311872,0.07283422,0.7419972108880611,0
0.06530715301173107,0.10738234,1.0434781801378115,0
0.007952107529964888,0.013279189,0.35553290775862056,0
0.024724982247253162,0.062252384,0.9966559495936952,0
0.02488704706229037,0.06134166,0.6254147720902657,0
0.01765016200483762,0.0127448,0.8405364272107062,0
0.014693921536958462,0.024164837,0.4463037496147071,0
0.020999095027235327,0.086402796,0.5864210241635317,0
0.02659816797165561,0.087477915,0.9364286144909416,0
0.015931715828538535,0.0135444375,0.7084357244691741,0
0.015507214311745041,0.05498117,0.45803862652145405,0
0.004363244092482652,0.0035782347,0.20342702494503317,0
0.07380380326211353,0.08493431,3.4281477345989386,0
0.04896009885728854,0.08917374,1.6878871185947968,0
0.021548694140135126,0.041861564,0.7128639702374887,0
0.019948290342722514,0.030103294,0.8056147912723941,0
0.08830706019578502,0.17998351,3.9779954413404948,0
0.03838206134557532,0.107382275,1.1775078873819054,0
0.02876548576196112,0.026407093,1.4824595903640059,0
0.01519845848988251,0.031649865,0.514085956132317,0
0.017521088852579268,0.027418058,0.6816849171852734,0
0.012725175099086591,0.021922724,0.5492345728106456,0
0.07728262490002855,0.1613102,0.4682258293046264,0
0.019110069036126692,0.05385861,0.3958030795700007,0
0.030515625641524113,0.02118225,1.2828210789567107,0
0.03174274949502809,0.052611142,1.5032167268850314,0
0.027626283827731673,0.013659411,1.2667328538846099,0
0.031164606937391967,0.030067684,1.5932021162868528,0
0.014943180820889745,0.061636563,0.4732361789938879,0
0.03208429586896287,0.087870464,0.7910731696430207,0
0.0404369459691172,0.056898072,1.9682180002243388,0
0.021035216078802866,0.014761288,1.0743531797318742,0
0.025020023272290717,0.019236168,1.239185368935339,0
0.009878208423069683,0.009458648,0.3738794207873141,0
0.039552362096115665,0.1711142,1.1913690552749756,0
0.017630487517622688,0.026473144,0.5420654143491641,0
0.008677288098416485,0.0125650745,0.36985183006254496,0
0.02953333869660297,0.045812804,0.8914395761168795,0
0.0362194886326248,0.039763372,1.305673944866383,0
0.047479702452957004,0.0826374,0.9580439712500574,0
0.017635205269560035,0.04071281,0.5487207745591619,0
0.030687340745295878,0.035781056,1.5429288866085786,0
0.026742595132722334,0.019383915,1.4075454606172981,0
0.014310340554023184,0.011165406,0.6531535236423304,0
0.006820938619837456,0.011200251,0.21618316185857545,0
0.04091724062229474,0.050367832,1.1268685458176422,0
0.01776279397872989,0.036477033,0.6805796753450051,0
0.02257670277760495,0.047601767,1.017063166586975,0
0.017342839447516384,0.04715432,0.6649438651926539,0
0.02545506703592476,0.06721785,1.0201695466994793,0
0.015914687744467915,0.03337231,0.6517401909423498,0
0.030189363387724214,0.06818272,1.3255880188288522,0
0.01764681889686987,0.032328628,0.3922147824069861,0
0.03248789716057786,0.0687796,0.9386472820308052,0
0.038710699718246526,0.07757648,1.618516861166643,0
0.023528002961537467,0.0401718,0.7534325012218698,0
0.026736970523121933,0.1010116,0.7958253873972139,0
0.03043899985116848,0.069379725,1.2826512145051647,0
0.01490211160249166,0.011445384,0.7142825467758006,0
0.022287024737286266,0.03623538,0.9560595493332411,0
0.014957990120235142,0.026705597,0.47211895556471,0
0.029407386561050967,0.07309758,0.8241534042086793,0
0.010144718483355446,0.03145003,0.3057444284011986,0
0.014108360282067446,0.034220304,0.3305971909205246,0
0.022376762859254877,0.017857168,1.1395185678314352,0
0.035377134106877255,0.048764475,1.2574589306200237,0
0.017767610686461655,0.07728007,0.5151579311473183,0
0.02389368542810989,0.031219468,1.064353787748095,0
0.01642316473712464,0.06302219,0.2685370973568396,0
0.024789184988590778,0.05173327,0.9962770164929793,0
0.01556831027703927,0.025110483,0.4729273072998973,0
0.025380348407482208,0.05697873,0.9999046680421215,0
0.033632448264101236,0.07958123,1.4100029796696378,0
0.01535404815955543,0.037736528,0.5150248209001127,0
0.021476479771495766,0.013630704,1.1335899046805644,0
0.010096061337085072,0.030212533,0.3350892842683597,0
0.019931232581336052,0.07814005,0.4899370478176265,0
0.03793810304576905,0.12296732,1.378848118645582,0
0.10760200642350401,0.1848908,1.8708689959909912,0
0.027713163224741873,0.04612189,0.6495126999073467,0
0.03308395408633339,0.031648617,1.5537504398393593,0
0.02309854619757742,0.024195205,1.0883572470676237,0
0.020321244224155443,0.04230681,0.8673296955434796,0
0.032916958611453676,0.067934535,1.4065978014154352,0
0.041457805615692,0.19635807,1.1254735459538958,0
0.05868852498912202,0.026576309,3.1759278736629337,0
0.018152964394037206,0.06919787,0.5840856065324979,0
0.02294436097801054,0.040955324,0.3343966706295607,0
0.019768602653949766,0.07862525,0.5721149728168947,0
0.016581993244003515,0.024551084,0.8068221479689028,0
0.014281765898960522,0.022768956,0.5347747498927662,0
0.016552379544011113,0.022810152,0.7498269024224657,0
0.025952854856353902,0.09189645,0.48815264408918285,0
0.03777343818948619,0.101369336,1.4417406849843855,0
0.0282938984608215,0.05392153,1.01586914392223,0
0.02736783957314945,0.06313833,0.8925578606481701,0
0.018466396793664464,0.036562853,0.7761010859078175,0
0.09097371375867436,0.5858605,1.503105288385418,0
0.025153120259444432,0.03270714,1.2446723081172422,0
0.034935378228212174,0.11035355,1.1217122418896603,0
0.05290918300481073,0.11581427,0.5275633134181301,0
0.016572026633893386,0.040936116,0.6224346110711371,0
0.016197991279453677,0.042118162,0.579038075502301,0
0.02412753391243814,0.03692455,0.9183209227612865,0
0.058109594663479015,0.08715993,2.743895852823014,0
0.018982819361666424,0.033360988,0.8312823981958374,0
0.042349140800775474,0.027465299,2.264554832252861,0
0.026967216077781804,0.026723707,1.368105675351095,0
0.036617583294298914,0.06604283,1.539765065682705,0
0.014579615870871077,0.035769194,0.18563346064130928,0
0.04421920341510451,0.045831684,2.256138515343055,0
0.01322673413217459,0.02184379,0.5673034599865134,0
0.024312450071962033,0.039851192,1.1365519882085744,0
0.020235255707442407,0.078969665,0.4343059759015797,0
0.02448758709570053,0.049510527,0.6955194669746025,0
0.02706091944301594,0.09750116,0.9720698013720218,0
0.015479852367886387,0.06867086,0.34280265432788903,0
0.027383028709320734,0.07114708,0.9411978367700686,0
0.027495141541046233,0.037929676,1.2452189608535909,0
0.015798681539993347,0.056841318,0.5170970339626294,0
0.014622189039462233,0.017364468,0.6702659362349987,0
0.027133097645112198,0.023884336,1.3662263315479783,0
0.01912696106275731,0.07859776,0.4718690114102066,0
0.03991748694119293,0.04356071,1.5783081732611177,0
0.02656580374637211,0.039326455,1.0725865774481451,0
0.029439964379708562,0.042777184,1.3203262087643197,0
0.010010547864517636,0.042933665,0.22603624858649288,0
0.014057150803119832,0.033163533,0.42838427505794374,0
0.04040911949976099,0.03888203,2.0269636598530596,0
0.04667677930433673,0.0882515,0.9556302375654878,0
0.026300557550322082,0.041788734,1.043401716236039,0
0.019136447533377197,0.03939231,0.8659222625035555,0
0.01573459784708357,0.0126829,0.7251634009092902,0
0.04911015502857354,0.10861873,2.068252647475054,0
0.052169018916111566,0.15682462,1.8932397269650816,0
0.03471826942831198,0.061597705,0.7883696726595496,0
0.06480892626237206,0.12974939,1.357932677776246,0
0.026843313544641707,0.022434954,1.1074418799914805,0
0.026779563384076145,0.033317756,1.3387548559494522,0
0.026239359503942995,0.054500785,0.551064450538371,0
0.028423317119369372,0.07825949,0.6722267041346284,0
0.035965611240353024,0.012366823,1.9303306016631772,0
0.01841925016060081,0.04091814,0.36683970938088495,0
0.01823902184971617,0.030544953,0.5957138162674102,0
0.01270364891708229,0.052717783,0.37020373205494694,0
0.025314758057234557,0.045927227,1.121385686789014,0
0.04564643628829932,0.16755381,1.5903328024869643,0
0.034410831693710245,0.024669316,1.3454836170354687,0
0.013672412581566182,0.016352082,0.637980461453781,0
0.04450113724319741,0.121519804,1.8010654034440914,0
0.03234855517340203,0.033760123,1.239196932805333,0
0.03228159664540761,0.06586183,0.9312057113449771,0
0.03782813921446759,0.11358274,1.2029309528722016,0
0.03358923009318894,0.052298788,0.6070108209885813,0
0.014854963489070663,0.006432874,0.8010729520727117,0
0.024554722497066445,0.102244966,0.8197977518434497,0
0.026748989509993944,0.038844924,1.070592387177837,0
0.0446535538486138,0.05034675,2.1373372319066255,0
0.02355732858542162,0.013500313,1.098708923715802,0
0.009033841517827084,0.013078377,0.32165752536821546,0
0.030506246489034813,0.1473002,0.8914589881350653,0
0.030468487077839623,0.06792688,1.076225964710589,0
0.027854452822934306,0.023746993,1.3050772473676855,0
0.027902603385904154,0.0067897085,1.553959210074842,0
0.019409749798631207,0.11360042,0.4323745147176345,0
0.03388982852042227,0.13005555,1.0775021109097342,0
0.016209309409677693,0.032907207,0.6940625298791963,0
0.039860829271933365,0.07769634,1.6217100922542735,0
0.026686409129981815,0.07004567,0.27483441195215674,0
0.014876773407979573,0.0140057895,0.5816843796174277,0
0.016261860730347792,0.042543814,0.6489024690620059,0
0.025501825386402922,0.08483469,0.8766361306585837,0
0.06493354063612684,0.11972,3.023730741265472,0
0.01846509755532899,0.0785828,0.27160799676247455,0
0.02487324220106147,0.02878669,1.20956097220114,0
0.02465440224839715,0.049886454,0.6387474365231043,0
0.015659163634036802,0.019020682,0.6127775409381027,0
0.016792221557910717,0.04558065,0.5448666872731253,0
0.026641075630359213,0.058924615,0.34821484414168197,0
0.02074957908379741,0.088982984,0.644039608650114,0
0.015716983415413097,0.014683285,0.6117943681583804,0
0.012390688992874347,0.008587473,0.6039391668744412,0
0.020448533643795636,0.046647854,0.8135064427743904,0
0.01578488182220096,0.0550318,0.39934023261183205,0
0.057323939621936305,0.1993871,2.108126227365697,0
0.008313185992228706,0.020663187,0.26693493133771373,0
0.08860751904072395,0.17182675,4.01946766846676,0
0.01777635548851677,0.037249178,0.47191961389175585,0
0.031700558657171446,0.122529946,0.7447418250509189,0
0.014432547394907378,0.025019081,0.48267710305551276,0
0.02444998026583928,0.017101523,1.2908069038816563,0
0.03228334736758889,0.06646869,0.8208698655858914,0
0.019695809230541924,0.038155336,0.7691833076950186,0
0.034388732721575374,0.07782806,1.4414180747224261,0
0.017891441669467052,0.040989,0.6840640006263471,0
0.019052852963814516,0.02397216,0.7532462066794797,0
0.022890366078797988,0.04633794,1.0323335168384424,0
0.032222455226314575,0.10709057,0.1596820240241442,0
0.02589168472734127,0.031245451,1.1655594707438293,0
0.03271046955647085,0.05145617,1.1436717538824162,0
0.02081635378607745,0.028034138,0.6000299138908484,0
0.017185182661787465,0.040116034,0.5492078206367038,0
0.013270128502287013,0.024182245,0.4379190184584569,0
0.024589316593217544,0.13030405,0.5905149783376346,0
0.03893510014379366,0.086363934,0.5112892554077794,0
0.02542287814939731,0.0169145,1.305261052819217,0
0.02317478911681969,0.019552005,1.105109764698974,0
0.047028015946296436,0.13453087,1.8886748177379746,0
0.022760010287260334,0.032679804,0.6065524391538878,0
0.02212286595396676,0.050124403,0.4674213513670496,0
0.029391182756032884,0.17576067,0.530180744149865,0
0.010150615338788414,0.018176096,0.21382367319851786,0
0.031112149297054522,0.029494412,1.1145311087362788,0
0.02882288022906533,0.025596999,1.2971328040534005,0
0.02140969056713871,0.038926642,0.4472805514045714,0
0.016370684044000113,0.04275234,0.1586240542458434,0
0.025526602004133897,0.0835669,0.7302216177855407,0
0.02033004281835453,0.029116923,0.7064749209442686,0
0.03044473551357656,0.106604345,0.941546637912003,0
0.008967068047189553,0.019704262,0.3357895486458903,0
0.018849832514121364,0.05268724,0.6348103770665774,0
0.025440507859895142,0.040383823,0.9919510045430974,0
0.01721796797070735,0.030616364,0.4162141367851741,0
0.047334926505222426,0.094042934,0.7007854302934272,0
0.013025192948354917,0.029635906,0.4284672346814695,0
0.02151399735019302,0.009662109,1.15361294805684,0
0.009263531278102142,0.0067244004,0.46667486797102836,0
0.017290715931198034,0.033683307,0.5922955879777568,0
0.03691012263063058,0.045720052,1.7861361106332987,0
0.02622039505133915,0.08660302,0.7986938166232673,0
0.03242745389572217,0.14959513,0.8250517132780643,0
0.017933541000148052,0.0631433,0.5768806067199618,0
0.012917010160749916,0.015453483,0.6040452976517069,0
0.018337650124799074,0.08435421,0.49761299937820574,0
0.03250192203162386,0.07701604,0.7209716659780546,0
0.020126717700693682,0.02035788,1.000052810163897,0
0.019451597532574416,0.11459089,0.40917330457579343,0
0.011820910647024329,0.01622882,0.47097751699705215,0
0.01705737380418739,0.041923992,0.7271053420940022,0
0.03025458740071138,0.034952093,1.5277181959031252,0
0.06363726552839762,0.042276226,3.3688703760166896,0
0.019566680725360146,0.028902778,0.9539652350405365,0
0.011973733327553603,0.016362928,0.41336765164800354,0
0.025014923814262555,0.05859311,0.8189761228674725,0
0.026117688948624943,0.1034373,0.8621015662589911,0
0.03733764134554153,0.017282238,2.0021659614086946,0
0.010413185646274175,0.0124536045,0.3961974331276599,0
0.3665399827559417,0.050526492,20.17970840021578,0
0.022694718264954068,0.11009706,0.5755993144954464,0
0.022613784298300743,0.13632229,0.0,0
0.003942471888717207,0.009153372,0.10405803642485956,0
0.03134274712627642,0.024014842,1.6525536225156368,0
0.019345281275234574,0.033492643,0.5304469838716133,0
0.007681548438808984,0.020959608,0.22488418289244602,0
0.03300656966988122,0.030738715,1.1943014422875815,0
0.022476230245395204,0.0077228956,1.1906456843336917,0
0.015560059982118372,0.05453539,0.5128906808094158,0
0.01589678756107525,0.033822495,0.6537248584559908,0
0.016153190687977565,0.06246391,0.4669143694346436,0
0.038711079870000595,0.053022567,1.7690810274849784,0
0.014379471659736243,0.049518794,0.3720556721290594,0
0.0438498404709808,0.116590776,1.6500029321730134,0
0.032360022553966014,0.07193968,1.1775815831859795,0
0.008566058386282658,0.0154963825,0.20710369700600278,0
0.013924723896402823,0.028279355,0.4332486072724165,0
0.053948191101761384,0.10111211,1.9195786219581847,0
0.01824077154499853,0.049323507,0.3816233361148901,0
0.04044970094621574,0.04451056,1.9080921145597487,0
0.02225530119320152,0.035057653,1.0544975752175507,0
0.021358779128387077,0.06543622,0.7451518917518616,0
0.020503982451032673,0.050664507,0.7472939328043608,0
0.025531862017969094,0.08768226,0.6254091578163318,0
0.027325239411804064,0.053328205,0.29087099133481614,0
0.016986922578684845,0.029604414,0.2781928169567314,0
0.01887556416257795,0.010550812,0.9224726330347767,0
0.02083306495585113,0.02317882,1.0278242307364582,0
0.1705347394740233,0.044825878,9.274735710192623,0
0.010262701539090945,0.04066091,0.2073649898186452,0
0.03613466470698584,0.10809674,0.632539805877588,0
0.019936924389059203,0.05053766,0.7266485410326996,0
0.013193839299244087,0.030639103,0.40737994024620156,0
0.014200637768060295,0.034108076,0.2792007215726153,0
0.026624439226606553,0.09085054,0.9960311687980069,0
0.022267246066485415,0.04528929,0.9477476527521581,0
0.01599005082980985,0.043527186,0.6108583869747626,0
0.01181179948790477,0.054307286,0.18830031805894965,0
0.06239258363563367,0.10957587,0.8617467478907005,0
0.013748258769051456,0.02139354,0.44856813526693,0
0.026388746033692973,0.05376206,0.9901502351106236,0
0.02288954363429161,0.03408813,1.0820077434782296,0
0.05045018829391383,0.1431546,2.0490278934466035,0
0.032262147548003425,0.07847794,1.2902009712236941,0
0.039411202100008765,0.06620416,1.847018289473311,0
0.0431656618747967,0.11807407,1.7443220723642092,0
0.012161669625246346,0.024883352,0.44297775236565,0
0.03237613042057525,0.09509301,1.27170717630038,0
0.02673996667569524,0.05137868,1.1619306022563836,0
0.02012584636528606,0.06949657,0.5219689253087898,0
0.04000030175327734,0.021182423,1.8600396948769542,0
0.016395936749178865,0.031623036,0.44256237574287094,0
0.02397191976626652,0.0105527295,1.3087125487986369,0
0.022521481095159904,0.033551387,0.8375223418539501,0
0.023479406694462905,0.11569246,0.579820733486451,0
0.042851819904848015,0.15361899,1.5308645602353967,0
0.022979968573690526,0.045400277,0.9565444809625064,0
0.026358434831661275,0.092869096,0.8644256941283793,0
0.00805922446083274,0.024250813,0.3160907292834885,0
0.021813068144805523,0.016356567,1.104633665281278,0
0.06372549596679697,0.06516301,2.755660219145313,0
0.02880258820081371,0.015280031,1.5296239643916565,0
0.032549915019323306,0.061361227,0.5389909913885274,0
0.04551068675250859,0.03134194,2.348018923053679,0
0.009187546080122826,0.012087178,0.4088311239346018,0
0.020415852533947412,0.03141999,0.9793525698930394,0
0.04925770249392698,0.21483201,1.4821563497929149,0
0.027583659984219393,0.03912238,1.179269666695175,0
0.04890851133107055,0.18408681,0.6200154466725529,0
0.04659841163859967,0.13599385,1.6609040111470974,0
0.06762202238933658,0.032995313,3.6112153915463,0
0.012518796496190502,0.038490374,0.38318774687944324,0
0.010904828848967077,0.010585558,0.49807357962173837,0
0.03484707640130265,0.024852091,1.5056199734813636,0
0.01140374653493598,0.011582576,0.39458763786837053,0
0.04885131227533149,0.12285711,1.7062399061069937,0
0.02040128034122533,0.07151562,0.5910661594389142,0
0.011708854456110118,0.0129134925,0.37726108269637804,0
0.03585293738963119,0.024672585,1.8236881967263405,0
0.022224964552731118,0.051938213,0.7585631025208548,0
0.013557744595979115,0.028687483,0.48519913157221123,0
0.05212785446355565,0.10749838,2.303978115563467,0
0.01551849520180998,0.0316712,0.63374949916707,0
0.021364268831866547,0.09522126,0.6592550871970251,0
0.011927458596157528,0.028546121,0.43022770070040045,0
0.02144243218509178,0.023015646,0.8789656114816431,0
0.04187665186099197,0.25792202,0.896826919378828,0
0.021926610307860625,0.04842303,0.5550969735066744,0
0.011695843061179705,0.0262434,0.3921289702371135,0
0.04649862791010211,0.22290872,1.3816288904795175,0
0.02066320140716607,0.072539516,0.22166661613913097,0
0.0742533836467937,0.026559068,4.100951143856438,0
0.013652827922129178,0.049675778,0.43758041039521706,0
0.009070448183260036,0.036393896,0.12313556158912854,0
0.058340156460874336,0.14788257,2.393407888937646,0
0.035713326539900156,0.07632096,1.598044972957929,0
0.020502722759774897,0.060417954,0.6906495687528329,0
0.02112823732159697,0.05005745,0.8251909630088621,0
0.017209470077403234,0.010068092,0.8670269635123034,0
0.023141641115634038,0.062621444,0.9008140364168395,0
0.039878671584169786,0.21678527,0.962088043583951,0
0.031361427172934324,0.051307198,1.4699282938198501,0
0.025105618514744136,0.031258818,1.2290933878028136,0
0.021399715421160787,0.05569207,0.8019927799015943,0
0.032855013735540624,0.05184244,1.5465353679169322,0
0.008278775537344164,0.021363826,0.30081434010422675,0
0.02576022134782747,0.026998002,1.3038784998650854,0
0.024026644413051832,0.025547158,0.9120566107569562,0
0.017254454202682654,0.013349591,0.7102301840260656,0
0.022802890002691274,0.051800117,0.8644630099079075,0
0.020978519076045032,0.06978642,0.461479988374729,0
0.03035467997392451,0.057347603,0.8881341637638189,0
0.01641054924422091,0.027167968,0.7349463014599964,0
0.028802232939589976,0.07949822,1.152702912088045,0
0.03384792764482214,0.024908122,1.7277783698126274,0
0.018365934742232613,0.021757033,0.7952721565810515,0
0.018602185929579358,0.02818801,0.40562647464207385,0
0.02432770593922879,0.06802799,0.8367301017354276,0
0.01532887312795048,0.008031393,0.74047737338539,0
0.027297270913305548,0.04312779,0.7834481221484412,0
0.054456170889769506,0.08533121,1.438023132489116,0
0.013088101348444816,0.038459484,0.29225967590479,0
0.003799379337579012,0.01803188,0.0,0
0.04291518137775796,0.07394122,1.9291801611704065,0
0.006030403942354814,0.009868142,0.2537580990667144,0
0.02003090337416257,0.080592945,0.5098964986913075,0
0.0334193451216241,0.05114001,1.5278315998695677,0
0.03283350563843687,0.049846597,1.5625675217935004,0
0.023341644486578713,0.052269902,0.911115801798174,0
0.04031379805897126,0.0611066,1.8980240627925078,0
0.05065679900361408,0.12746805,2.148851564950794,0
0.05364358774227071,0.14092433,2.0675123355965517,0
0.01500566970279436,0.01521711,0.708211611226123,0
0.05230576886287219,0.112364486,0.6114498291000715,0
0.014217282550917306,0.022778422,0.5868923766735412,0
0.017798826401720473,0.07023617,0.5498931580081566,0
0.04363788437542195,0.096341416,1.935747197821771,0
0.028984671503472715,0.063413896,0.41114366654664597,0
0.03666036039689658,0.06841014,1.6654150166669255,0
0.01337974363992243,0.026977876,0.4806725533010214,0
0.02234001413940531,0.020206692,0.8316236378710772,0
0.020853744969319205,0.031624313,0.6125300926753668,0
0.00929007409694941,0.011519248,0.27104032141412826,0
0.022849820578504765,0.030147126,0.9161647576663425,0
0.05146515037753308,0.056671478,2.5917009232265817,0
0.029787049047309912,0.09130773,1.0976951962043453,0
0.015032702183534405,0.044513393,0.23197211727444214,0
0.018229313820321707,0.032036256,0.8232742727682142,0
0.02008039834724492,0.027640605,0.9513312817817555,0
0.008888692728936675,0.021575756,0.3663008117022651,0
0.016572929289861232,0.037222616,0.4913265269818095,0
0.022719872540870576,0.02857582,1.0738294751050077,0
0.018036796214528222,0.03985038,0.48719661797725844,0
0.05269108342023024,0.10290131,0.7821749086929771,0
0.02249473109180319,0.026932249,1.1320723369631125,0
0.0391974650207489,0.0525175,1.9316038088520973,0
0.026257930420523885,0.06517686,0.2401008984016334,0
0.04010044896841003,0.05150519,1.0901109564403977,0
0.017069966338590613,0.028290255,0.6486164970338073,0
0.028645871918233853,0.056107122,1.2107109953664916,0
0.01741636658087553,0.033068784,0.5921080436708385,0
0.03272932446936451,0.06065212,1.514820034338651,0
0.04211603064062128,0.052700024,1.795257089874301,0
0.01404279605125483,0.07838053,0.3003652231593839,0
0.012456421262679542,0.021089172,0.5757025038261059,0
0.019890248547450137,0.033463236,0.8297896373592321,0
0.02017594010295263,0.018481346,0.9709126966340625,0
0.017204417204652708,0.020022083,0.6123264489627276,0
0.025975604105747053,0.027586974,1.3279704567222648,0
0.0390556184344307,0.10000627,1.4612624624594628,0
0.03114818508429276,0.05266173,1.060084156085098,0
0.0345373954635537,0.019331263,1.8269732702692394,0
0.015629554248689396,0.02847431,0.6288017604819063,0
0.03024959072057907,0.07116697,0.7613561023227648,0
0.012027819561845676,0.023759024,0.2194970357093386,0
0.018467288209869634,0.033563443,0.726611917789988,0
0.02318982526818778,0.017312856,1.0628527954102975,0
0.019698130176293766,0.02571778,0.5590369616611878,0
0.027590886555959846,0.023507167,1.3929517198554848,0
0.02577874319361203,0.10606609,0.2400683820554902,0
0.036360336785887196,0.113209486,1.1455850657607864,0
0.026412390545741023,0.105886936,0.6726350231366389,0
0.03983347573637998,0.0731496,0.9811555480083086,0
0.018911123481900403,0.030943206,0.8378800746683951,0
0.014875461458581679,0.056362066,0.44726528585408726,0
0.03362669358507815,0.033854075,1.6350061107663496,0
0.02341908557587057,0.022863181,1.0401467056156326,0
0.013453811005306054,0.022075567,0.32277908242442516,0
0.02592331873016546,0.049540747,0.860240049805987,0
0.04250793648998248,0.1624031,1.1707173294855282,0
0.021242075937608896,0.045454357,0.6078887764808728,0
0.049260415815180675,0.022764334,2.3051530252537016,0
0.03650174589610092,0.12741184,0.9755900283526507,0
0.016919382162104105,0.015326512,0.7998332418681718,0
0.054783445188276256,0.07715933,2.1170081879101814,0
0.01813361989105613,0.061374668,0.6642760560306401,0
0.028499944152619562,0.023160005,1.4814451534882926,0
0.016692072119122298,0.016797913,0.7623192522682598,0
0.010173479164886003,0.021234574,0.2828321344326435,0
0.02783107220581669,0.050601553,0.9089096137689885,0
0.021152628567214407,0.069392145,0.5093441207392873,0
0.014467226312524362,0.0084485095,0.7117762795907285,0
0.026689548613826393,0.074394666,1.0824720244096413,0
0.037131122016875406,0.04203213,1.777822798396867,0
0.03378120944109245,0.10216234,1.2591682888941569,0
0.035233650532538074,0.03830853,1.740542932611769,0
0.016185769510243447,0.053671896,0.6100245880523684,0
0.02033144475526597,0.028052278,0.7216516449450318,0
0.015132507913145129,0.014607771,0.6369165087217808,0
0.02357441550993838,0.042884395,1.0740003913198466,0
0.04653313462362331,0.044422027,2.3071178048777035,0
0.026204455183641256,0.065714516,1.0451068019662202,0
0.03199102033742704,0.026296904,1.6429184166035715,0
0.012264053216537167,0.035503473,0.3882472888148731,0
0.009334356714615029,0.01953209,0.2969559853806441,0
0.01017281412840718,0.01970645,0.29393145450368385,0
0.015440862840609618,0.021290135,0.5416979664697466,0
0.04915930676746901,0.08887465,2.303534749957701,0
0.020888258356165642,0.066836864,0.5726889838330265,0
0.032428955196692574,0.10274705,1.1041171816625883,0
0.02901051317782628,0.045941222,1.0776154517182122,0
0.01511734007435594,0.045671843,0.4374286761207488,0
0.011763278394937515,0.030786125,0.0,0
0.026368221579763727,0.060784455,1.0089761059820792,0
0.01508385032913694,0.011831274,0.634860078407808,0
0.014542919055574477,0.022953834,0.5137566605516078,0
0.032544806164310824,0.03719596,1.6300907879399205,0
0.023253492192366665,0.09028512,0.7171595706634764,0
0.015826145497125927,0.016476214,0.726888852941827,0
0.0176820829136643,0.06622461,0.3021355502265052,0
0.03424253989059431,0.038224023,1.5873163925122775,0
0.030411413434834035,0.16618416,0.5082091114809799,0
0.012547131574156174,0.016106376,0.496247537816167,0
0.05974188364818167,0.07733313,1.6695444997621425,0
0.011291536540390619,0.032480896,0.3126660253715976,0
0.020390830670264176,0.0459774,0.8199169437111136,0
0.02373890447483599,0.034562238,1.1478113872031597,0
0.017782670723322375,0.028328503,0.729632225906974,0
0.021985267704372195,0.011630187,1.113752147605623,0
0.02795746937283752,0.05998688,1.0067224543361473,0
0.017422774579061273,0.009441804,0.8928209976052572,0
0.025241165985640045,0.039274417,0.5193251949094672,0
0.03699273408189674,0.059987873,1.1168621686869167,0
0.01656154011002866,0.03758311,0.6565640087809705,0
0.021364957854142608,0.028782347,0.6790247939826322,0
0.02866499621569146,0.10071673,0.9418471918510606,0
0.009456781466643922,0.012439297,0.26114482739916445,0
0.010190861205799087,0.03058356,0.4001837929828921,0
0.01576982893782905,0.019464212,0.5458790111288104,0
0.033040806235316654,0.058516886,1.5483254472450534,0
0.038506386922370156,0.13115624,1.2943788045232498,0
0.013403433932943954,0.029311426,0.3291807322088642,0
0.048317608354855886,0.039219677,2.501376313177896,0
0.023854996206368703,0.046956778,0.6153850038288705,0
0.024258806620207442,0.060277354,0.5766643482121583,0
0.09983879469934968,0.20365737,4.424344976004235,0
0.03562977734101144,0.07866678,1.4833448448087687,0
0.016172144896102615,0.05899332,0.3345340402313824,0
0.0265379844934556,0.022601575,1.2902209399720304,0
0.02976709738752244,0.034847893,1.068031581568649,0
0.02507683817930191,0.036400873,1.2270216980528295,0
0.036486070124498136,0.11128657,1.22115887547314,0
0.060974169035269976,0.22044827,2.174831028114021,0
0.04016793779233198,0.05728885,0.9217208372345285,0
0.03725313530920461,0.12877715,1.1629708381760782,0
0.03149153221101966,0.08083511,1.0463489749069026,0
0.049757715187657536,0.12580554,2.0964268803874173,0
0.033460857587287236,0.10154521,0.8261016822250886,0
0.022508583475095115,0.053821057,0.6272230737212869,0
0.022322122496129065,0.040849287,1.0142094817600757,0
0.019608398538322296,0.010188016,0.8751987550488691,0
0.018097043745378804,0.034986287,0.643529551867549,0
0.03390786415679099,0.19181363,0.5582561153733813,0
0.03352289317865901,0.05271367,0.6255597621065534,0
0.035177689985326874,0.029066136,1.5388362843962389,0
0.026447045583155016,0.051250935,1.179712806157081,0
0.045263333789118475,0.023617577,2.427518017593468,0
0.02330384676462788,0.03437887,1.0578698602264545,0
0.012625938156106489,0.025908452,0.36070294989927715,0
0.01570345309880508,0.03411621,0.6014629297400507,0
0.02212177369577403,0.025226023,1.105152722912627,0
0.03571945776563622,0.07727741,1.5129638332905042,0
0.028025753780612287,0.026641782,1.3661419134586976,0
0.02010228132680042,0.018153157,0.7029723658201161,0
0.019223128326022847,0.03275494,0.8056435641642911,0
0.028371904261382676,0.07054216,1.1069988133222828,0
0.022627447649410673,0.06195143,0.5787575687047559,0
0.0503966913868225,0.06805213,2.439025779118073,0
0.029009084191371638,0.023321293,1.498697301736301,0
0.02809772496559015,0.062599614,0.47608875541090007,0
0.06883451468844695,0.07268276,2.9344683327205345,0
0.014115125187139818,0.035862826,0.46956578119281966,0
0.024078741080575287,0.081396826,0.5120055673060753,0
0.01749377393827633,0.04525041,0.6393883749276996,0
0.010940750432902786,0.015821982,0.47416407592180493,0
0.020133964813704143,0.043303046,0.7658648749642246,0
0.014500444778049343,0.036401074,0.464687892760452,0
0.013935383767658377,0.0105080865,0.5618096534729051,0
0.022485181781232363,0.055802807,0.8930497205283178,0
0.026977817718467197,0.03381251,0.7820168636860457,0
0.03191226626584315,0.060421634,1.1003912326259397,0
0.01321737446232931,0.015858382,0.49765279968007503,0
0.014283284471794288,0.0648537,0.34092883486912,0
0.01764143830531189,0.054235063,0.6531057910462641,0
0.022061205897265238,0.044133935,0.6185599917383049,0
0.013928230092169182,0.047247875,0.3212193775470431,0
0.026885023694830507,0.02759048,1.0122882165584695,0
0.010981296020849466,0.022627547,0.35158581883410384,0
0.025226955450257264,0.09217382,0.3835938376453275,0
0.022431968727292726,0.04092361,0.8015928161770601,0
0.02561078301418424,0.016822794,1.2963021024461636,0
0.04874673662207401,0.022619816,2.657986412660549,0
0.015183739528745617,0.053664204,0.4106503523215613,0
0.016633260832448177,0.02342198,0.79108230540549,0
0.015776940298780708,0.06649562,0.32358899798331503,0
0.023553043099623555,0.05240085,0.606763828089304,0
0.010683611144633636,0.019228265,0.464387756241791,0
0.02416144450546178,0.040835194,0.9714586324116584,0
0.0155390459407448,0.06386663,0.42811724604025453,0
0.02420589429379971,0.05002174,0.32770666487744277,0
0.020348801795657696,0.015179463,1.0316452621976546,0
0.01553061425638552,0.010122431,0.7246076629547549,0
0.020397688029346876,0.0734677,0.5197240216456069,0
0.043745951546725004,0.029226983,2.304813787793893,0
0.026265721785066164,0.071997516,0.6613785308028999,0
0.018635351034849267,0.020465774,0.9042957717267093,0
0.04487971538073971,0.083408274,2.0553825442314793,0
0.02015585022822542,0.06420525,0.5476613436808141,0
0.048349117593289845,0.07095395,1.6328908549830032,0
0.018879037835089266,0.055059053,0.49154115477459526,0
0.0358023374761655,0.061244305,0.8399934805406358,0
0.018645365213485247,0.060231183,0.6069479227614183,0
0.05553293889496618,0.01528642,3.0526750547085517,0
0.021339920195580623,0.028002167,0.9985110822415534,0
0.02252527103729798,0.13972858,0.4837748075649347,0
0.014997268579947383,0.025844604,0.4184054101134239,0
0.013082881399723186,0.042895213,0.35049374191561494,0
0.016767953859718222,0.031117685,0.4339212436008101,0
0.015620177098428507,0.03193383,0.6137264050192988,0
0.028472066401920227,0.05063876,1.2928267444472945,0
0.030333216728848655,0.045147423,1.3296740647146121,0
0.018373159302646158,0.073255,0.5424783076666506,0
0.03169064638908039,0.049645618,1.4431915151997239,0
0.03554151309420443,0.072607145,1.188171975893949,0
0.029943195801168825,0.039672088,1.3301334065537476,0
0.009715580853053083,0.008337863,0.4729946824688949,0
0.031088776156981038,0.113873444,0.9172395087796936,0
0.008936045407448748,0.014514007,0.2807711312651083,0
0.021371766221250005,0.04188527,0.9442267349312244,0
0.022550184027792637,0.044999756,0.8931188031312227,0
0.024859810066002932,0.028099418,1.1733519438680464,0
0.03281545805182724,0.12745272,1.1177909685525997,0
0.036300063492465076,0.07950306,0.6208174720291222,0
0.022106518478499884,0.06396378,0.7193605112057785,0
0.020634160734061612,0.06885446,0.4721857253716206,0
0.027174015556589597,0.095892385,0.5120124861626401,0
0.06294401150413986,0.12150625,1.6671352895234488,0
0.01785128456301298,0.06829449,0.576164441276707,0
0.02416827188483898,0.07925546,0.7600070663763713,0
0.05329217879667079,0.05104988,1.8994829328151899,0
0.017595450772544943,0.13945071,0.1900536105300512,0
0.009808193949914612,0.026720252,0.3752878288400869,0
0.013578815731121418,0.016592963,0.6234681049045385,0
0.0456447672317694,0.16871828,1.6086073932516032,0
0.05107744999076043,0.03091559,2.629394489672278,0
0.028787352792577676,0.059599258,0.9888360318140099,0
0.028120432852114005,0.019325636,1.2537434869232897,0
0.03171964950915064,0.1089007,1.1926759639481255,0
0.032472992709794306,0.0887128,1.3138318926200852,0
0.3204342579314844,0.25180054,12.211969736425845,0
0.04344945287151248,0.049848482,2.138241747485366,0
0.020316271069747954,0.04749817,0.8351410212132135,0
0.03314355488163326,0.16234519,0.8624637318150531,0
0.00982850221521924,0.016678045,0.3067894669528809,0
0.05761130520915018,0.037710797,2.369880871588668,0
0.02340951047689477,0.029567663,1.0132181413731647,0
0.033196027414368195,0.038417526,1.507451005751865,0
0.03262011756690969,0.030614292,1.6656285558253052,0
0.039804480459634355,0.06524343,1.8988324739451037,0
0.015429549881202835,0.030334806,0.52423711091739,0
0.04485898763830492,0.04434406,2.2495631818105166,0
0.008002613711929986,0.014562056,0.2999039504788985,0
0.04214965766374072,0.028663347,2.2300485491507125,0
0.048334673901264176,0.034175843,2.3621187873575895,0
0.027678525278164542,0.020417785,1.4462422224078384,0
0.03460142911315377,0.010628918,1.8680055974354264,0
0.018817235149978656,0.03576515,0.4316273688838927,0
0.04036157643002144,0.14591046,1.2596728292735822,0
0.042695825563148104,0.15903656,1.3907944745615246,0
0.033436684884050785,0.04205937,1.2412063627336682,0
0.019866938477987064,0.042222794,0.6873685606851472,0
0.022328345383245456,0.04202038,0.9866649442925672,0
0.016729199659639406,0.027657377,0.7334732766244493,0
0.020721625215854245,0.11273716,0.46186617783501466,0
0.006336203827852203,0.024043692,0.19442233819413096,0
0.029434436480143204,0.032955684,0.9807418211006601,0
0.04215000325402548,0.06464072,1.68918450904361,0
0.008005997639900293,0.024980571,0.18026296669469308,0
0.09215579037134361,0.05388703,4.79370063118361,0
0.020347377482518116,0.06506614,0.32931331326018765,0
0.014487864149527947,0.06373106,0.33590761897014704,0
0.01395763208702067,0.03415284,0.5086612808844034,0
0.03488900269054891,0.058780164,1.5484414181449564,0
0.02162042442879928,0.075169615,0.6969091718589352,0
0.024225847343395644,0.00890054,1.2476143740973438,0
0.03765626695514725,0.038770344,1.250663706769974,0
0.027520699447076562,0.11851946,0.7668908130609571,0
0.0514318745247786,0.14853308,1.3039247747870413,0
0.019484706102219133,0.042613618,0.8654083863341694,0
0.021559665259553634,0.052596953,0.8499856820680629,0
0.043394200029054426,0.036538474,2.257666575907334,0
0.03792100521695488,0.1366751,1.2946230467460766,0
0.02712924906218145,0.025217382,1.2583095756109344,0
0.016983619202672853,0.05518727,0.3047075593954397,0
0.10794388115344186,0.2503653,0.6839608342033283,0
0.03613779478783188,0.07037442,1.408346837348933,0
0.035308134512106584,0.031998653,1.248853439174832,0
0.04013382546724517,0.08075551,1.687110884193634,0
0.023149357613536058,0.040430777,1.0362699492459169,0
0.0285889019369943,0.030866342,1.4581255906544908,0
0.02579222429944327,0.006004436,1.3489005673049599,0
0.019616983002876825,0.020417243,0.9837068086891619,0
0.04452475833123751,0.1365201,0.7317435241276616,0
0.05845014240610612,0.21066192,2.1281898563816077,0
0.014438703999439568,0.016221346,0.6537253892355881,0
0.010329056882440579,0.020308223,0.2427440894537327,0
0.029269509913983523,0.02186326,1.4386717445090633,0
0.019120243885429742,0.049231663,0.8120817737455369,0
0.07453923649203073,0.31356418,2.28944225732222,0
0.015294094003144037,0.020636352,0.47389583441530286,0
0.02147072209239746,0.0087994365,1.1589764699362255,0
0.017424195097204862,0.02226767,0.4387364022785871,0
0.013555655917104415,0.0505706,0.3130449498223093,0
0.29296389299731534,0.10575642,14.168895573140235,0
0.020955372706995448,0.040865727,0.8739026733331335,0
0.009553036505844041,0.017646959,0.23464700506661224,0
0.03037368785273478,0.083491854,1.231496020498383,0
0.02408467776089355,0.15744554,0.3983729086735662,0
0.01249288125318299,0.040985018,0.46199191992568894,0
0.02761029867583363,0.06077384,0.21017903264578636,0
0.039530618153809254,0.032022458,1.4962327676786558,0
0.02472774062992574,0.02184001,1.0379849061724984,0
0.009452466754286876,0.018133868,0.3063502803619062,0
0.017368393962253745,0.020168595,0.6930955277929797,0
0.013928813609818033,0.036354497,0.5483867761108273,0
0.023079368694660166,0.03599496,0.8964946353041411,0
0.04644163373811185,0.0697591,1.9687304990734205,0
0.013559887251457188,0.043668523,0.39906103642158425,0
0.012601977421178589,0.006129309,0.6302959649442343,0
0.032970427620690315,0.03908486,1.5958915803417157,0
0.024299271200157395,0.055938657,0.629094401699563,0
0.011196419555728625,0.012958933,0.5511861317822004,0
0.010554419276525551,0.010506204,0.532105988954931,0
0.007201269762503159,0.03854372,0.09921114065247302,0
0.042570911910110004,0.19129826,0.9817017342379629,0
0.014879761027814287,0.028678682,0.6751407738646864,0
0.029393221181141717,0.0777369,1.2359610393654077,0
0.02310939090493001,0.036056608,1.10551477115406,0
0.06230004932743522,0.17546688,2.4225275781404716,0
0.009939290504835507,0.01208143,0.3236767105456511,0
0.0313467204224725,0.023276264,1.6556775693112042,0
0.03634145246440862,0.07075806,1.5345597560540385,0
0.04296891857327875,0.042700052,2.088407765551981,0
0.023859102060029915,0.08300437,0.5746682519205581,0
0.023296950745549584,0.03853197,0.9994982608133335,0
0.02289406619203481,0.031555638,1.004125420739327,0
0.012825580381935145,0.040177826,0.45056938739866054,0
0.029798578105314884,0.05558721,1.0528088595329732,0
0.02862612896088148,0.14909345,0.6505732732600079,0
0.04643428700539192,0.045809098,2.1497681584704385,0
0.017732093346529875,0.012650712,0.8081455815304845,0
0.02297163864486885,0.007071416,1.2219995793250884,0
0.018923154285053943,0.064811304,0.7074430170209441,0
0.051891076771317775,0.083951585,2.4682729740319886,0
0.0171139675649356,0.030564789,0.6409488336653936,0
0.023765770909655894,0.01985355,1.153679966565207,0
0.030932025585687924,0.08383317,1.2625580440209077,0
0.021924073375330262,0.02228007,0.8934469086636007,0
0.029222073581705404,0.083191775,0.9689178071050664,0
0.029817729673743232,0.06743508,1.257987573580753,0
0.03086014475198345,0.09158161,1.1496414389717737,0
0.051033635785473354,0.091536306,2.1028754492782418,0
0.04036626314124459,0.0075519513,2.26680711114867,0
0.03367371023221641,0.15211703,0.9291014038018728,0
0.019929491138379052,0.03787891,0.8483702284408815,0
0.028147192948876427,0.07247316,1.1408359474882226,0
0.03451543894410363,0.047429193,1.6480738668290502,0
0.02896938019540602,0.05944583,1.264712571633855,0
0.03368488906915362,0.050672267,0.8556034021889252,0
0.03153469765039639,0.07856206,0.47024100995876233,0
0.01526587800458681,0.03436298,0.4464576733064198,0
0.010297801427011512,0.032849804,0.12922926483519767,0
0.00923997499733734,0.015768308,0.41559523215565847,0
0.04391483192531635,0.027525695,1.9841920309887022,0
0.0221587266102069,0.029767226,1.0072880990747448,0
0.022080735636259313,0.025466822,0.938076208965309,0
0.01984308569723487,0.07092349,0.6643900579065646,0
0.026005176119207177,0.053342562,0.8088794125959445,0
0.02271822197708029,0.03889993,0.7651664614565626,0
0.012801150879141885,0.026236106,0.3408974679091087,0
0.029746746864033585,0.12541917,0.883349765325279,0
0.014644304741479163,0.045963198,0.5637223251934418,0
0.013218371452506036,0.02593444,0.39959364193237595,0
0.03229460249016257,0.02089491,1.5256526252026468,0
0.016579198507620033,0.013892285,0.8130155780610571,0
0.024906402958935037,0.06401624,0.7269844467450658,0
0.029661743986368467,0.08375431,0.7784131324230943,0
0.02536150475981174,0.042396665,1.191294614729054,0
0.03079508125956325,0.032863352,1.040101352050935,0
0.011315985694866136,0.03977349,0.29986729565764825,0
0.0178573354525023,0.018439874,0.8714833230811257,0
0.016974683097097445,0.060072027,0.46139385611241,0
0.022675135935335256,0.034447297,1.0325491156644635,0
0.03587022897645028,0.054912876,0.7558422385703005,0
0.05853436474347171,0.20852314,2.0493967432177964,0
0.020274442211387838,0.058199193,0.05963590566339327,0
0.038193480736532504,0.13952197,1.2369564191977924,0
0.02936535532829155,0.015140181,1.3542352240336364,0
0.028298109229089444,0.111706726,0.7125902967529054,0
0.02724403534871576,0.017358981,1.2771519510620712,0
0.02724472132247765,0.11346543,0.8186667816587765,0
0.021301064574990522,0.012226161,1.0614221054701825,0
0.018746496534396948,0.019561894,0.5770740589242304,0
0.013166489731619747,0.043733582,0.36035334744875636,0
0.013565206572668709,0.024074143,0.4997292510712809,0
0.02573253525874761,0.0423099,1.0278585380117795,0
0.031568211318257204,0.036932085,1.1820740952630964,0
0.030312130511595724,0.09629969,0.9687737710173978,0
0.012693856910817246,0.025815845,0.372758511664563,0
0.03206247335675833,0.05406744,0.5252342166754332,0
0.029405644198023773,0.0124335475,1.563286175330938,0
0.029105025082559514,0.04235345,1.2414503394279885,0
0.028219297067047188,0.020781966,1.1057952204812505,0
0.04091960040518289,0.050706163,1.5782569008815475,0
0.02284280746015628,0.046923902,0.6833959513168009,0
0.020781238591875684,0.0322992,0.7412662916293659,0
0.01908032902095902,0.06312863,0.5591508369550078,0
0.030085807470999943,0.02659466,1.4608839373878986,0
0.03995866134652014,0.2849113,0.6479455711158189,0
0.02254490554808821,0.04576516,0.5733425143463389,0
0.018897066976279832,0.0798187,0.30341301990490904,0
0.008938931293583141,0.012932455,0.36857405063181614,0
0.013420652922383284,0.031006277,0.5138138054965243,0
0.03128309102325174,0.147234,0.3907842155892886,0
0.028832174637544086,0.06659713,1.1895496830907901,0
0.017053871005184282,0.04413683,0.5151878053683014,0
0.007653184148745124,0.010816513,0.25381522739648954,0
0.011495128832893272,0.04336357,0.2910625404084356,0
0.024701258620209054,0.03277943,0.8488033221794209,0
0.02992403349755322,0.11570159,0.8031593996746946,0
0.008494092044051842,0.019443335,0.2436890838756787,0
0.031051117155465744,0.028777242,1.5652787834854982,0
0.020971308913997733,0.046464346,0.782913234256189,0
0.04194975496455787,0.2427533,0.854708763822185,0
0.018055411483363835,0.031419255,0.7247574537911006,0
0.02201740425287025,0.0796246,0.7168276491481617,0
0.021702822060733477,0.044804387,0.8688245681539545,0
0.022850010397564124,0.04611435,0.9991331634851593,0
0.0869038728974606,0.015063012,4.626774145701658,0
0.03454184342072521,0.08537023,1.4680317660243172,0
0.02502333549837411,0.089271106,0.8973919226776826,0
0.021111814799392968,0.059214756,0.28404166252228336,0
0.016600481207493974,0.012792487,0.8167705345872861,0
0.034263732400859226,0.088385135,1.0993729761189417,0
0.023855423505540856,0.10478072,0.34933781296373795,0
0.10059901971085947,0.24478187,4.19067926277667,0
0.0337566090707042,0.037173964,1.670648209135365,0
0.016231926217098864,0.042007916,0.5600258897299296,0
0.022480954900006653,0.05815083,0.833554926652207,0
0.020711961207297926,0.05835608,0.3396300361859906,0
0.029335248894840495,0.08732705,1.10665684623415,0
0.009293538143405597,0.020182151,0.21564967458994316,0
0.014516752476661865,0.009473558,0.6791792452027973,0
0.0281270089314741,0.12574306,0.6844336131960552,0
0.014746674958858796,0.026322223,0.6786841304147767,0
0.02574050311478395,0.06864327,1.0526029484187305,0
0.011393644326308357,0.013626868,0.5253065642216072,0
0.00687190194162497,0.025177345,0.16070293328988214,0
0.027311036013291604,0.0652142,0.7371177837975328,0
0.011015040302424551,0.02305996,0.37382406881260927,0
0.03418619680443045,0.05586546,1.418034800163965,0
0.026420183615413012,0.04345083,1.1247587146196387,0
0.031948974795628186,0.1794854,0.6152015670310689,0
0.05082504062177976,0.12224194,1.735864606979138,0
0.029794829535852507,0.06806128,1.2707207091404202,0
0.03179337080655841,0.093763284,1.2843632302361832,0
0.021368307487771784,0.06685628,0.6317101334932687,0
0.033050530926988876,0.20438519,0.47040960823124944,0
0.022617292720999077,0.039009012,0.707621799480713,0
0.010124035406325092,0.0076545067,0.45748348225540586,0
0.02971017688972733,0.03779495,1.408614193050533,0
0.029778033998439913,0.04010716,0.7457832616796995,0
0.03363632073986867,0.015624988,1.8198652515556952,0
0.029445089655423983,0.09484334,1.1319806060047743,0
0.01075266072865975,0.026248297,0.10679387866388036,0
0.10598306017741425,0.15615945,4.841950149495511,0
0.009908758332528644,0.008956671,0.42760084446057867,0
0.008901127714318733,0.016620345,0.23190883372723237,0
0.02102528972370883,0.042628698,0.8053810589859857,0
0.03360724068088682,0.10129202,1.2432405794253272,0
0.01828509810413646,0.028591989,0.8384452925128728,0
0.017523611666885118,0.050736416,0.5566679014434497,0
0.011751929885919476,0.020716688,0.3631962766131802,0
0.01117012615340963,0.011198275,0.48521699243468314,0
0.015608864628038916,0.047755867,0.5861794958351438,0
0.023135792586203463,0.092080645,0.708382511319719,0
0.04932856784365733,0.2415951,1.3831849391638322,0
0.020476600326978105,0.03678442,0.9066521535528059,0
0.03863785216727722,0.07280826,1.749385502153763,0
0.013543372022721526,0.035580114,0.22289436452987343,0
0.060786141997346235,0.18851542,2.3857658128652584,0
0.01899404830614317,0.025456427,0.5057758321203024,0
0.019865716785527197,0.055991262,0.39999535324576874,0
0.016826272177963168,0.02596098,0.6118465945191562,0
0.048570569888126185,0.06512245,2.3945730655104356,0
0.016838807690095877,0.028460758,0.3693870401174927,0
0.03290958081024554,0.035132,1.5617210102252324,0
0.03181913884679874,0.02236066,1.2931689034153766,0
0.025978503681183464,0.086387284,0.9125839190102482,0
0.01810519729002273,0.05336871,0.6667398581176848,0
0.0285301144276117,0.04757002,1.2962420841179276,0
0.017032293782772177,0.054875635,0.3753792563270791,0
0.022781471570103483,0.041549165,0.8604039369735045,0
0.05130733934869022,0.01659916,2.561437726283745,0
0.0316530893070074,0.048523344,1.4344101805842508,0
0.050390105035305374,0.089453004,2.31908061146739,0
0.015123674245878889,0.01762505,0.7307147320391024,0
0.008120086353423669,0.034665756,0.19974463113327337,0
0.04592837258707217,0.051608574,2.2717239624494074,0
0.03024971423804525,0.070790224,1.3081058418683367,0
0.021734991279654007,0.05323173,0.9067521249416132,0
0.04122544603246754,0.14960614,1.4926703212496846,0
0.018051524165933718,0.041422937,0.6185038040483747,0
0.030036015407811485,0.04474579,1.4417324166853025,0
0.0569610331597938,0.22428733,1.6357242057351318,0
0.02992942165928956,0.09090955,1.190554682381713,0
0.032480836035609924,0.108981915,1.0930354999749388,0
0.0203752299011253,0.054897852,0.5382987620980567,0
0.032031515334464744,0.110415295,0.8854110665168379,0
0.03586707259449202,0.06628519,1.454344866820584,0
0.013846589380733475,0.026721137,0.3279243796797166,0
0.023114030138623235,0.0478359,0.8992127806979943,0
0.019748010761057557,0.0729132,0.5578361754552235,0
0.016445722892151526,0.079284035,0.3678868750876528,0
0.024099519488841176,0.012034211,1.2506441499117957,0
0.022826403757610192,0.005804381,1.2476324109521382,0
0.019154043072634117,0.04589601,0.7872500661140996,0
0.02143210303135599,0.092811964,0.5534970473141743,0
0.029960594609122097,0.06766924,1.2300459130206465,0
0.05690257126902672,0.12443229,0.6840666394556097,0
0.01365786175555473,0.010760437,0.6900868497603636,0
0.023589375778522836,0.034661982,0.9930801768852313,0
0.015209586920280611,0.02732365,0.6614883252344401,0
0.030729435155865494,0.0694526,1.1571207970601438,0
0.017062211297994845,0.028207932,0.48216401795416064,0
0.043800232056445336,0.1305783,1.5907816366615721,0
0.032992128154763795,0.047636893,1.2395241536620096,0
0.019054462167647564,0.08395572,0.5154443858993999,0
0.027013875891030763,0.047848847,1.1879382700354064,0
0.02986049899306252,0.05372426,0.39842513960650366,0
0.0419223575010973,0.3011608,0.6591854313085576,0
0.05174694073333702,0.11269921,2.245756035428297,0
0.037580668286603044,0.10356456,1.4251496161651311,0
0.027234529018901346,0.045871045,0.9978993283294129,0
0.024200361059633295,0.041767027,0.6004745241123639,0
0.026033366636152952,0.022001073,1.1636066391490147,0
0.025221141749148402,0.03596094,1.041010222016915,0
0.016325707285621913,0.02220921,0.5789898649011042,0
0.013319127781568102,0.012903897,0.4374264484546986,0
0.036338842441508104,0.08013677,1.4110469111457797,0
0.033594276957731095,0.13430652,1.1308542620321969,0
0.04142242109988755,0.09438789,1.286643500915298,0
0.015471158575732176,0.038342845,0.41593306884772707,0
0.022346461091249048,0.08102218,0.765917824332597,0
0.011001039618725367,0.055474345,0.12779333808714938,0
0.041240169079042314,0.06832988,1.869252947927856,0
0.02556340010550843,0.034932103,0.6307331175794247,0
0.029799997162635424,0.21083146,0.46043614182683623,0
0.04688089319056471,0.023638377,2.5261238675343534,0
0.02712264989396484,0.023312487,1.151870746227134,0
0.030931985313167133,0.072649784,1.2151664433708596,0
0.015650654339125117,0.018524105,0.6721980637108889,0
0.032659097287341565,0.042361587,1.6042585140504049,0
0.07229881722846371,0.06781197,3.22291141170219,0
0.03313127442919028,0.039010335,1.1735299147177565,0
0.016301960075269385,0.011778694,0.7816891955753992,0
0.024203861065827857,0.045969427,0.6337552666715406,0
0.02252656199717191,0.0129633155,1.0841179616320322,0
0.01343837644926462,0.02232828,0.5374345468950092,0
0.011345715602403052,0.041421514,0.17184827271250772,0
0.008919045764955794,0.014489498,0.4030622878300847,0
0.009311532157778142,0.022908486,0.29569930094085045,0
0.019834869918342646,0.03663723,0.38748887285722344,0
0.013506544715653622,0.022004051,0.43491426756024076,0
0.011961285610494345,0.07936758,0.22306600771783508,0
0.03718536458995367,0.05570698,1.0028273277654105,0
0.026185735848167913,0.017385744,1.2694424851702029,0
0.02552311388491902,0.078122996,0.8659657930912039,0
0.026620502777985507,0.040843643,1.1084533755658323,0
0.053556179180969235,0.21755117,1.744918220059939,0
0.01507134122276071,0.016573789,0.676050998915788,0
0.01973720435434438,0.027500475,0.9429195172769824,0
0.03158285763229733,0.009947954,1.699265409923614,0
0.01645733300269224,0.032939736,0.2946939949139419,0
0.028472433032983926,0.033099316,1.3477772527430363,0
0.039169158179567835,0.18713984,0.9230533941651249,0
0.03346868272141443,0.04763759,1.5077749011509365,0
0.015799870027996873,0.023535669,0.48409948984611406,0
0.0247320490685387,0.15066403,0.44582520229846734,0
0.018175497458842456,0.039542366,0.6385100049397585,0
0.022981159826060985,0.010954867,1.1737632981316577,0
0.016845974758495245,0.06475807,0.2594861790894383,0
0.01630574382907455,0.030726371,0.5332600356180586,0
0.011346414226946691,0.013371232,0.42626066061917034,0
0.017778103879540198,0.043542877,0.6034908723203123,0
0.10081173107671175,0.091190875,5.237184737228566,0
0.011833620156798414,0.020394485,0.46992319897597284,0
0.038010405914622444,0.14571783,1.06453218396952,0
0.018074458445441713,0.05257035,0.6084037682740451,0
0.029785719163066028,0.031671192,1.4705558925495148,0
0.02889157898786358,0.04661997,1.1878489625438458,0
0.02171958480359778,0.027403615,0.8752287967437744,0
0.0244011908048743,0.10003104,0.6914762985612585,0
0.038150133777534886,0.06234679,1.4880478631974567,0
0.021484042356093115,0.029311413,1.0248212506157532,0
0.017460099075016097,0.037353005,0.773098927062551,0
0.03642448577093392,0.09684922,1.4412808942379698,0
0.018554188810107335,0.026889157,0.8818651356611726,0
0.0177162534534809,0.016154857,0.8371475542884578,0
0.03684881479441416,0.11608984,0.5062680078791455,0
0.030924587068662045,0.07702123,0.7678577919429642,0
0.023315275787709012,0.030495916,1.1382786795170843,0
0.024641588495079487,0.022416037,1.2103030470255867,0
0.036267833654842194,0.045376837,0.9369657698162207,0
0.02792016369971111,0.095114216,1.0465244392912503,0
0.02894124457236224,0.056294158,1.0336760657843338,0
0.06901892746455175,0.04861994,2.9346467559690987,0
0.016898352732719155,0.027600551,0.7344299955875077,0
0.03990590063110229,0.28459775,0.6265428859068983,0
0.038187521508209074,0.16851257,1.0528359343418183,0
0.09478337854465409,0.14354098,4.59043768690455,0
0.05291525490654257,0.10774441,0.4470439024221474,0
0.013932952244674064,0.03535617,0.4370830979737338,0
0.017145449636776507,0.041462388,0.7342976489578861,0
0.008828564389107257,0.023236737,0.32712928656924856,0
0.007907592165437842,0.021619024,0.22555677527670973,0
0.04348768720111878,0.034017876,2.268889061585218,0
0.01668846635123998,0.037016712,0.500833508643514,0
0.02281398653599303,0.026415134,1.146502775000835,0
0.019453074474188987,0.024101647,0.8320720898475138,0
0.038165540727236734,0.05371735,1.3572110052162292,0
0.03447163892293573,0.019721737,1.8315895150988015,0
0.019222918686686945,0.01083038,0.9001764586092553,0
0.00822175014882303,0.031938948,0.24245306598510963,0
0.027941661425514845,0.06329773,0.6425587175542181,0
0.01630297546590885,0.09498838,0.38779282739933285,0
0.01699737859441569,0.0054882914,0.8929405747155333,0
0.019638523648425874,0.01438354,0.9652498148540142,0
0.029124587881606216,0.03551491,1.292348129815999,0
0.026619406552480324,0.0097552035,1.4656566577370396,0
0.012146144912318881,0.020519609,0.450626762031637,0
0.011259135874994447,0.044661466,0.20571476389246454,0
0.03530473004022574,0.103418596,1.4297704481009972,0
0.018691166372306015,0.034426227,0.36672379942350114,0
0.04667243081937207,0.08176583,1.1158636393551795,0
0.02917986440840091,0.05003079,0.5068748928309327,0
0.04241124853508944,0.059092976,1.5187674464486802,0
0.025532104124169945,0.026228685,1.125832650193867,0
0.015209213452507623,0.045851,0.5128087936368618,0
0.018906325890258237,0.027288098,0.8182058815274752,0
0.029128327286426274,0.028274868,1.4916268979285654,0
0.025908377059598323,0.039609667,1.1215369141333125,0
0.035201541116709784,0.0634148,1.5331430526410896,0
0.04965344474344004,0.033081144,2.2260958586931694,0
0.027420777253711906,0.10280032,0.9122451019522172,0
0.009541213793768443,0.017761987,0.3262476703843362,0
0.039729558625827374,0.14910772,1.3181982683468583,0
0.006055755258631851,0.005366669,0.2959006773971008,0
0.02836016954397508,0.014953324,1.4934923082084235,0
0.02483658924127013,0.052955385,0.738856440980536,0
0.038457173035242154,0.094839945,1.2114749817572765,0
0.019397001391143573,0.035245135,0.857185627436649,0
0.03590804827530139,0.13074891,1.1911695833787728,0
0.03709326519137699,0.08512876,1.3471403667460065,0
0.056346224556996075,0.10111341,2.503068279372533,0
0.04048840699451934,0.056378007,1.4428147619437277,0
0.01581832955944532,0.052799635,0.17446122925612784,0
0.01700628515154122,0.031061335,0.6590429326701863,0
0.010623157131439505,0.013028764,0.5053432445741377,0
0.009048127632249034,0.0128906965,0.41998194571105857,0
0.019157528934391443,0.030772498,0.8803056127374889,0
0.0328270385986269,0.043865394,1.343354204882947,0
0.07281186515883262,0.23268887,2.4926538936416667,0
0.019491825353363135,0.025869181,0.787662063243555,0
0.010307705169700037,0.018928608,0.2883324150807848,0
0.010561874171670628,0.016851822,0.36617594166114165,0
0.021444545585233836,0.038504835,0.7699790974738795,0
0.015619539079989676,0.053149413,0.5709687502247914,0
0.0446459813885618,0.016449936,2.367736728579556,0
0.013079132268918058,0.012104627,0.5929633310985005,0
0.018005413511582084,0.042605475,0.6131940022818885,0
0.02509267297753815,0.045000266,1.1040464757911672,0
0.023841405901693674,0.03859062,1.0879313492171436,0
0.027992132221109432,0.18161696,0.5568905685171874,0
0.006543152062144693,0.0050068004,0.32778331117074644,0
0.03723712351661587,0.05846083,1.2720214500270666,0
0.04463891368247726,0.13466339,1.785873425897377,0
0.03411911330943106,0.14316067,1.1069073382081336,0
0.024965093182492532,0.026840245,1.1803261478721119,0
0.017338835117274437,0.0617921,0.5988124466286464,0
0.042169586554384395,0.03946441,1.5339415880909826,0
0.024100437645766973,0.009267645,1.3131402067805757,0
0.031168866971209807,0.032749504,1.1869763179926633,0
0.012925606331507696,0.010284258,0.501847141744363,0
0.04945741747243602,0.14746174,1.8241303852373398,0
0.05721145489460746,0.026355691,3.1094096651893635,0
0.042061649648116754,0.07700087,1.907274959231761,0
0.013938685270955972,0.036813613,0.22923642826567456,0
0.03780787074876822,0.058709066,1.0972514326082423,0
0.047941814479295276,0.051179074,1.8410648615900418,0
0.013669257057361576,0.03383365,0.3900540678244379,0
0.03507997180113926,0.058515985,1.6589701284231397,0
0.02951064855199349,0.037034124,1.2277985193111107,0
0.03426915932096267,0.035796408,1.3120197160760696,0
0.0352179969418179,0.096031226,1.4124797198814028,0
0.01597746016484322,0.028332248,0.7131791631606411,0
0.029576347815901398,0.014163147,1.4787119509870186,0
0.02855082214236015,0.082475066,1.0357906554192053,0
0.02137873717539434,0.033905346,0.8168227630434894,0
0.04619854435469107,0.050790112,2.017360739575648,0
0.03079969922197502,0.034459118,1.1297685823700507,0
0.021991580006200603,0.07419138,0.5271239168134961,0
0.018045609371906336,0.038709175,0.7666739812417684,0
0.029154999218324613,0.055762492,1.2273129854828633,0
0.02530058375674154,0.029827217,0.9389343632115245,0
0.026863208917076345,0.022357015,1.2971400318355915,0
0.01760647223699659,0.04019254,0.32039561562930946,0
0.013826482255740333,0.02993257,0.5085435103307822,0
0.012949801461277114,0.0608832,0.33811381082327535,0
0.018938105014279203,0.03273993,0.8813661255265112,0
0.015268984835401463,0.01966551,0.41587242953674375,0
0.045555640619282405,0.09223434,1.9514339058462766,0
0.009979960218563058,0.01992682,0.31869831759964046,0
0.017009752372042455,0.015416843,0.8289119864704879,0
0.018334981517450288,0.057934552,0.6624957191991393,0
0.026000998322579735,0.01750261,1.3154773381120053,0
0.024959021369392567,0.16730289,0.4392026750152069,0
0.016415667967160923,0.035157785,0.42032483975572493,0
0.0692628821093032,0.082148045,3.36416369846029,0
0.019077362454954273,0.058442898,0.2878841470614301,0
0.01755222556117644,0.037911206,0.7734505783535084,0
0.06862921711493625,0.2759356,2.0241874327097467,0
0.02215478484424417,0.044733286,0.9654238718761207,0
0.017665510397151488,0.036590252,0.6995979395329828,0
0.024710604105412,0.036753375,1.1691365602720993,0
0.043246800529866423,0.08867084,1.9328707233281976,0
0.016915473364306082,0.035387788,0.37935955070919264,0
0.02462553851008114,0.045253124,0.4925287102893403,0
0.03119063871669299,0.017830785,1.349810601597499,0
0.013678691594286656,0.04165218,0.4517767668338086,0
0.015678282151235744,0.015072371,0.680523751474133,0
0.03766149388878724,0.18707508,0.9335958869017591,0
0.019768628708403988,0.008696626,1.0010171673616917,0
0.018490299323002137,0.03537192,0.6502558720678333,0
0.035624310355163766,0.18659532,0.9304832862824646,0
0.03030596853286741,0.027650293,1.4921113829883805,0
0.011545726666369552,0.012884808,0.42511981104060953,0
0.010757986782310911,0.025983693,0.39737595562722483,0
0.0217038814101938,0.075185485,0.7341994568226833,0
0.025044867713866492,0.06816513,0.4787808897400071,0
0.021797382136675494,0.03391996,0.5849862179020765,0
0.017117592372376218,0.05663669,0.2501767482261892,0
0.03790650150025205,0.046258476,1.0782357570977916,0
0.03582816329448389,0.10661712,1.086648807605883,0
0.07387064935002804,0.025642756,4.078355847048092,0
0.019252965735868294,0.0317884,0.5073895429260452,0
0.012056497251728415,0.021632755,0.40251091051702714,0
0.01572755741214704,0.041356254,0.28943765348667655,0
0.02774728110783281,0.024804382,0.9801704711429476,0
0.009519151502326694,0.027564649,0.26410015505070217,0
0.023539192579098832,0.06282622,0.7971586658103536,0
0.06731431521034155,0.26218754,2.2811596841735624,0
0.022529480010264582,0.030245129,0.9403713180867053,0
0.03440428538097495,0.098857425,1.3793528682869864,0
0.04485978543140628,0.06359036,2.170187932566917,0
0.023463384664122656,0.024138015,0.8822680987149263,0
0.00938123128910567,0.030578254,0.17719086963823416,0
0.017287155389900475,0.016485145,0.8394576636729205,0
0.018310761686939427,0.07548716,0.4049169141515695,0
0.030981616410155365,0.15388282,0.812819475255344,0
0.005263907478722998,0.01035392,0.19360371932969822,0
0.03150418250722267,0.11695063,0.8432107794540278,0
0.03064190429896183,0.046887178,0.6653819925373546,0
0.018764630406045014,0.031753317,0.39070674967590985,0
0.01683075427929131,0.050992683,0.30319848984126163,0
0.04257120886626525,0.06276806,0.970368788440796,0
0.012004276850456217,0.027719697,0.44586491040893417,0
0.023908099505405858,0.01017392,1.2225318040735509,0
0.05472879062936254,0.04592764,2.432165982275104,0
0.01865201012975223,0.0335173,0.5890601335447715,0
0.02089068814809604,0.039874572,0.7103756707393608,0
0.07136413902828406,0.056470048,2.737163561744469,0
0.014146338298668359,0.06609498,0.270508419460258,0
0.01593420354373802,0.036018126,0.4482793905957924,0
0.013196344023313553,0.024957255,0.5064589005744201,0
0.01955984114087906,0.030990856,0.8007038770139034,0
0.027295158510116248,0.055005748,0.6703963690981031,0
0.020069881861510923,0.02417857,0.6386293338875981,0
0.022067961820836177,0.019495387,1.084796634850488,0
0.01947174691132709,0.039013103,0.8406419963255269,0
0.029778353435403734,0.12935884,0.777409224949133,0
0.027585272751104322,0.019404706,1.2333549836242352,0
0.018180199219950132,0.021049311,0.8960446609549727,0
0.016578658500337032,0.05672684,0.5374779387342487,0
0.01616180732047825,0.023486283,0.5977567302523935,0
0.012879636104236956,0.0541595,0.41749576461097554,0
0.036165766352659515,0.042233992,1.5560293604207875,0
0.04884945025686413,0.035357874,2.5000892971076776,0
0.008889964110996674,0.05651907,0.0678543691592264,0
0.02981554660471375,0.046978906,0.7099906614148941,0
0.012266871094623703,0.0295208,0.5048525543907153,0
0.014180237531246533,0.03606662,0.5352493277253948,0
0.047442862627570394,0.015366373,2.355034143562563,0
0.05409134001931866,0.18558115,1.0369765070524417,0
0.02321207434708308,0.06904839,0.7563618644100688,0
0.03092513201721373,0.08525733,0.46853206915712353,0
0.019468926412210635,0.0669443,0.46278499311306526,0
0.029116322240042902,0.02986197,0.9734089959401016,0
0.015503882645339124,0.011089739,0.7211446583918313,0
0.0131844280582494,0.03216394,0.44279114974932315,0
0.013594951459326139,0.03551313,0.30647394857175136,0
0.04222271452648764,0.05405121,1.1557637641450562,0
0.10880378880670076,0.044750307,5.69180974001742,0
0.031338731840678945,0.0137776295,1.6933290044859302,0
0.04532432164072871,0.053118546,1.7482442697800422,0
0.0190698262131008,0.025396887,0.6482127522470076,0
0.013246835876586822,0.03090077,0.4094399702095316,0
0.03706387248234616,0.0686451,0.3768112935575988,0
0.023251894919331568,0.036652908,1.1191329688258143,0
0.02276748830862061,0.04016717,0.7359237173285268,0
0.017917147487226504,0.054382484,0.5029793792742364,0
0.026013258573229236,0.02138015,1.1990081836629032,0
0.03237236089031473,0.029294161,1.4027817346819251,0
0.022695352378667752,0.06154477,0.8857036098519252,0
0.026842840024368955,0.033532776,0.9326648396112377,0
0.015925988218456665,0.023460275,0.4740492333844012,0
0.06077963149048527,0.08842542,2.7369678645636077,0
0.02297912872277181,0.01570779,1.1953047739926688,0
0.021277476282506414,0.027441958,0.73857109701255,0
0.024333467638618066,0.09191536,0.8574463097533347,0
0.015638845401608446,0.04396654,0.5641837312830037,0
0.020857825730303634,0.053365298,0.16465002592954325,0
0.05325363510307816,0.15781209,1.4126953519564134,0
0.02765686415955595,0.05953317,1.0952241828083453,0
0.022336031260391402,0.07265697,0.5709271322101848,0
0.010050103156215151,0.0078295125,0.4858796389288622,0
0.01625622501381642,0.056779753,0.3877864285951696,0
0.030977815301991823,0.13648604,0.8932509073331713,0
0.03969854849866182,0.20825869,0.9100767031845358,0
0.027435503204284926,0.08270577,0.8541128213289539,0
0.03209368654595904,0.10893345,0.44106104143916997,0
0.009017224575240125,0.033217024,0.25973673489901794,0
0.020693812587704648,0.040147282,0.35924340826895645,0
0.05340251846983979,0.0402362,2.819118936472808,0
0.022192460369859977,0.04417876,0.8804909117801429,0
0.018066008295423455,0.0851999,0.20072729084213758,0
0.044027489030137396,0.07170483,1.1207646938265707,0
0.027474232059445703,0.10332639,0.8098178595012828,0
0.014393256315571947,0.008758966,0.6487041821253787,0
0.015609598425466976,0.034274653,0.3171082173704522,0
0.015804690389833162,0.032877117,0.486141173413802,0
0.012854552720404384,0.02590653,0.35387959194628127,0
0.01422687048370433,0.03558622,0.42343967803736293,0
0.011327950627364393,0.020373233,0.3015986818281891,0
0.023664930070568566,0.028341683,1.0711480546664196,0
0.014336315133562792,0.021765655,0.5637559519555079,0
0.03180355608765338,0.08138554,1.3211885880049603,0
0.024507158478872942,0.028515335,1.1464508565074594,0
0.035972755903132606,0.08797919,1.500983671036709,0
0.024491882185739746,0.05807768,0.718796688583497,0
0.022316184968085306,0.05536881,0.9585726619113865,0
0.014849943215353148,0.034351815,0.5227521360862942,0
0.014833864513150968,0.042667348,0.3077781818484305,0
0.01742309425049275,0.016606255,0.8469167499879428,0
0.022092285727081353,0.044178095,0.9064339070517418,0
0.01620203500042746,0.03837254,0.6582877685882551,0
0.023847182990139118,0.06244323,0.5998093776374132,0
0.022177715625747312,0.025691949,0.8973121443368869,0
0.014056095871221287,0.020080715,0.6074413940897555,0
0.013919971701533392,0.0041405205,0.7234819210657102,0
0.02148726286380308,0.011738011,1.1239319508774273,0
0.025641083138936465,0.030515704,1.1587839814302752,0
0.01601540099334706,0.014960948,0.5797618713504064,0
0.03560041354363891,0.050069742,1.5651143681191486,0
0.060446987697904145,0.111867234,0.9025468972547921,0
0.009988970494144232,0.005089411,0.5161985313667551,0
0.009105408803564797,0.01772005,0.30430828661123094,0
0.01501750719455918,0.043489315,0.41659618622201683,0
0.026241057729656764,0.064018294,1.1153474100198106,0
0.027661556471697154,0.08114943,0.9622942584737493,0
0.00887450981505687,0.032867786,0.24038041598142448,0
0.026419813350548372,0.05679427,1.1874384765037513,0
0.015056782002759714,0.041249603,0.4305149113551344,0
0.026333200530367973,0.07101593,0.11871161030791728,0
0.014685298783781628,0.034393188,0.4682920969962082,0
0.012376434213360696,0.015676789,0.473036919744711,0
0.027431883246800865,0.060182348,1.0719261719278181,0
0.04450475380257348,0.15112308,1.389101009586871,0
0.02148634510359759,0.068868056,0.8273183963424855,0
0.035786312177681454,0.15375216,1.1513729984879078,0
0.01972706617554043,0.058275748,0.523619805066393,0
0.035564363124584664,0.04483505,1.5800561090126997,0
0.03139657963911269,0.032318786,1.4314272203991383,0
0.03326032588638582,0.07550751,0.7573714483221543,0
0.018839424926954285,0.052149907,0.7707819377932489,0
0.02651966594229294,0.06294161,0.9197179210415898,0
0.010750461915234873,0.04393202,0.3411485569455005,0
0.01809210488840625,0.019604532,0.8234649727798106,0
0.04152213513081354,0.09333376,1.7936412993449025,0
0.0927926546562616,0.024873931,4.762689961864025,0
0.015437882121864475,0.051645912,0.3192013514110723,0
0.05295458678577267,0.049791172,2.582713977266709,0
0.021806566224208554,0.05763263,0.842540930199589,0
0.023605903924332095,0.07003965,0.7410614556574832,0
0.02541543544006496,0.02544812,0.9443409411723336,0
0.009225045679389747,0.021410378,0.30619047689244305,0
0.03161726494520811,0.020738192,1.6647179633705915,0
0.017578311703280832,0.032415044,0.7080072959409073,0
0.01577325041224026,0.06293609,0.48117904531003997,0
0.011836868105179222,0.027510175,0.3624473687008857,0
0.020880411204318827,0.021792946,0.6942642798504272,0
0.034890092866402884,0.12864819,1.1482320101733847,0
0.02403483174402899,0.019442825,1.0439523970397946,0
0.019628145220034067,0.040293213,0.822735289659265,0
0.03447772769260933,0.13192908,1.2001104060503878,0
0.025922940203145714,0.052282386,0.9653519418830394,0
0.03205887832567418,0.105109364,1.136903476286692,0
0.02834749412958808,0.088389516,0.7980008322525719,0
0.037309629744797616,0.060272805,1.5633429970546928,0
0.024490620759212836,0.01165861,1.1947027150245004,0
0.008105791514151108,0.017799063,0.2713848062425551,0
0.01768432074258363,0.031063095,0.8257580811259949,0
0.025279470226819086,0.068756066,0.9829846287871697,0
0.015339191588878875,0.026225809,0.6373849053244757,0
0.03519329419018961,0.059011977,0.5888363657876745,0
0.03148705298352937,0.07404979,0.3757659362652485,0
0.026169788946656582,0.07479103,1.0684322934641133,0
0.04042538232807826,0.025276002,2.0097965972363885,0
0.014285659047271231,0.0159642,0.6264515092059467,0
0.006171070210567926,0.025390517,0.12018417853261897,0
0.051295019364559324,0.05133847,2.5832672786234663,0
0.017353587274670935,0.031155981,0.6015554883996636,0
0.041139047838440856,0.06775421,1.9561985823990522,0
0.018815325443217113,0.075135626,0.4391993522416742,0
0.02129581816067605,0.037971433,0.896561346852659,0
0.011248327391379646,0.06857357,0.1510531857358346,0
0.015430093437386334,0.031049712,0.4782241349285785,0
0.020654661389003518,0.07958983,0.4788057480536914,0
0.03906281016921575,0.23447438,0.813496183021572,0
0.013801832092990888,0.022689795,0.651134839757084,0
0.17139185626510614,0.07772729,8.111143143549262,0
0.04814187607793188,0.093597,1.5984425887193812,0
0.06066101275726165,0.037382178,3.2035708826156584,0
0.023157481818435945,0.09698398,0.719356044559819,0
0.028848349699877866,0.120416924,0.8543783648477405,0
0.015260950924670093,0.03459521,0.5731669985866525,0
0.017872594698988886,0.040521108,0.7143426411383533,0
0.01802149344807585,0.007512087,0.9614757841278186,0
0.04028146235950138,0.11235253,1.2708076476132426,0
0.011021484912385162,0.030131198,0.3529635423588268,0
0.046474005669640134,0.092526555,1.1623897470088431,0
0.01689870795765545,0.059817716,0.43704702330484,0
0.1380167796753755,0.17262244,3.7480733907640893,0
0.024699853214642836,0.078265384,0.7604058910827686,0
0.009698607909839506,0.016000545,0.2325701795864752,0
0.018847587745991094,0.028766176,0.6441667329693331,0
0.026502272843956353,0.06533259,0.9054594904236098,0
0.01771519791961576,0.020483427,0.6073856137301414,0
0.026024840738161623,0.014286696,1.3886804961230221,0
0.023188010739728874,0.06434637,0.9152272299231133,0
0.007661005597013922,0.029495152,0.20892628854893264,0
0.014453227030856948,0.020973787,0.47101061114836734,0
0.024684639496567334,0.044693954,1.1021834555647239,0
0.014852724250367348,0.018792447,0.5920384882236628,0
0.02644557941272589,0.07993963,0.45799218097390293,0
0.042232866150567414,0.06779532,1.833954122847568,0
0.18776532782701244,0.09726175,10.101738876448291,0
0.04468476470927527,0.08340837,1.6987774237346642,0
0.036727658244018996,0.14082037,1.283781212380772,0
0.03862482637938003,0.19818312,0.9640697569533371,0
0.024785634385109834,0.082036026,0.7727393894070586,0
0.028882479784238798,0.08162329,1.0589636559997877,0
0.02427488075997568,0.068689086,0.9789012841551995,0
0.008383196765728424,0.0064731506,0.39895083508500956,0
0.030147314488416864,0.09605073,0.39990898716510187,0
0.0196052292899492,0.02778975,0.8732809684223566,0
0.009445943285732842,0.033146724,0.2948150235468209,0
0.04381465633693671,0.19085948,1.25247724193406,0
0.012812973081409336,0.017014515,0.5368867308823163,0
0.11327779185454066,0.34506977,4.504556440076709,0
0.0039878729147431475,0.010277486,0.1478299430104011,0
0.028055920970726497,0.09891987,0.5873313688630423,0
0.05532355452035182,0.059368063,1.967219470268976,0
0.02937100686088506,0.0464783,0.5799247075871062,0
0.034338431892726465,0.09524059,1.2930024874744148,0
0.011654279112338743,0.016881006,0.5312740535712513,0
0.012942577592482744,0.035600644,0.3105627449639211,0
0.029283289344963027,0.024744159,1.3502871250378141,0
0.04832341479824166,0.13928409,1.7710155205524774,0
0.024257904538894048,0.025029842,1.0519079713807094,0
0.06778276899405238,0.05092691,2.9875882432026457,0
0.03462598762794872,0.052595444,1.521745662564324,0
0.043525649002112074,0.059645798,2.150106531644948,0
0.03303736864659719,0.09207472,1.2787878487260749,0
0.025592689266125627,0.038725145,1.1811644822799774,0
0.017607649258526807,0.03455258,0.6751684646529157,0
0.0499140619399163,0.070047915,2.458274910513755,0
0.04520678128399637,0.11004708,1.5995177011742157,0
0.03651692696079779,0.023805529,1.9206298119053922,0
0.01611127634790672,0.011034988,0.8196305779452168,0
0.02522566942615186,0.015350595,1.2625837895047052,0
0.02313759478687291,0.02796973,0.9531631562016049,0
0.01636874428710272,0.016036555,0.7431728784678414,0
0.02716029973528821,0.12588081,0.4348689545501805,0
0.025256342735678707,0.03569069,1.2392956973900089,0
0.013849825595101388,0.044374622,0.42169422498690906,0
0.027973769192431802,0.091973655,0.8162419145417036,0
0.016016826730620975,0.024813818,0.5743191910203987,0
0.03824701918787516,0.061035886,1.740080451771421,0
0.008913138782935068,0.023076937,0.264883881761996,0
0.009954173638588582,0.033994894,0.3206074819690156,0
0.02829760902975416,0.08924031,0.9220757692415155,0
0.0281193261874061,0.08167012,0.45215556633619625,0
0.012597514385178095,0.045212384,0.37003740169405935,0
0.06119213708755856,0.022686373,3.365821741252081,0
0.02913994276451953,0.087515965,0.24994358471524383,0
0.023071140497743017,0.034148507,0.968781864522626,0
0.016093538809603368,0.04968653,0.27877415582163245,0
0.02047773515962579,0.021290652,0.7755410704667762,0
0.07100172451961242,0.032673422,3.6412939187425972,0
0.02156042665278732,0.061802123,0.8643962894409075,0
0.02243542658677815,0.07834769,0.4809038472477648,0
0.017304151720244184,0.04454944,0.3897797623779093,0
0.02921041265377029,0.043432478,1.2586364583727396,0
0.026090481871187576,0.018846786,1.340690886915038,0
0.019476377127706855,0.07063577,0.6059149766335751,0
0.018253150010001853,0.020711634,0.8986692579600075,0
0.023203352272726543,0.07730234,0.7278069642624538,0
0.018573806032142242,0.060779482,0.6145084039804397,0
0.017252294866109477,0.022831235,0.7472071702713109,0
0.03212308508175689,0.12346908,0.8998336655525518,0
0.030435541678105863,0.07408202,1.1754354307122699,0
0.02826184394581355,0.09121475,1.0128457034079403,0
0.015086696048149441,0.016474199,0.5083367240106551,0
0.01890214997000902,0.023355598,0.9041211710289114,0
0.00909838747196958,0.018299114,0.28374050075003515,0
0.046328144526188456,0.026099332,2.4863683054215393,0
0.03349017787236165,0.09542965,1.2390383997978416,0
0.04895298949285323,0.13636734,1.9099963528409536,0
0.02542391057995534,0.06965274,0.8372472628705795,0
0.017490673977720347,0.026497431,0.7799007710434662,0
0.021596709091962332,0.07648676,0.7953243458009652,0
0.01772711900925001,0.026555661,0.7537256809159294,0
0.01932148427460411,0.03984439,0.8229373040888481,0
0.013844741178520569,0.016489841,0.6445631721672825,0
0.029996513229261734,0.097408295,1.0717753461565813,0
0.024690714119051153,0.04827499,0.6054783627692556,0
0.017655175199084973,0.05907036,0.6359775643748288,0
0.023739993704767755,0.03450239,0.6725633990794279,0
0.041974115910616686,0.045519363,1.566349287940334,0
0.030613209618929514,0.019877916,1.5061226945352983,0
0.02429820530006484,0.03656108,0.6869137405317401,0
0.019336522995062177,0.04307693,0.7508162002238176,0
0.029113037515671996,0.022406958,1.3776927516355981,0
0.04697287317438719,0.013422429,2.576509613051458,0
0.019136243257762406,0.05526652,0.7521068001958643,0
0.022925692750286716,0.014219842,1.2298375733843303,0
0.022261064334441125,0.04252615,0.9215816737943588,0
0.04961651761288617,0.21477292,1.357922935458424,0
0.03743956667026686,0.11764762,0.5738475535381073,0
0.030763161290385067,0.06373397,0.7402857264774617,0
0.022470593533120066,0.045939736,0.3611837163050007,0
0.024705015424221252,0.0676632,0.7264829497713389,0
0.012045513090425843,0.03642109,0.1774069704736067,0
0.019474511227807568,0.017076422,0.9370431882055713,0
0.014917534572858299,0.018671026,0.5086909733178407,0
0.022110158883768764,0.04607452,0.9784168788250482,0
0.026589486224941238,0.058375306,0.9650540464492832,0
0.01772628287021239,0.05034521,0.4764332449128828,0
0.014632576913986322,0.076672845,0.1542956182225687,0
0.012895681928357008,0.044028025,0.3177092126636091,0
0.04955884262832362,0.248189,1.3767396774338867,0
0.04272710688089136,0.0333879,2.2562254426147343,0
0.019709494245399757,0.03249724,0.8473445866836108,0
0.028563516065993534,0.048383307,1.3052320130474415,0
0.02972351261003854,0.063525446,1.156265256680932,0
0.03430306732516497,0.07496571,1.471882078108822,0
0.01738312566558783,0.021476861,0.7171958527344262,0
0.0277247274963669,0.06914396,0.9844101640123545,0
0.04321605679912959,0.1504686,0.7920400301704921,0
0.02697821980203602,0.06388361,0.9995028792670018,0
0.025010468497704517,0.016263912,1.3042702889692743,0
0.019872826416285565,0.022607615,0.6170762625139051,0
0.033197638003988034,0.069850214,1.3197679118406038,0
0.01851892591227494,0.022428157,0.8263910596878609,0
0.02939170968642868,0.1301093,0.876150198101855,0
0.03315856249811754,0.059634954,0.541155321138288,0
0.01997123791540429,0.046125032,0.7442703687063581,0
0.020893110732525724,0.123812065,0.45505173926587883,0
0.027153605164795102,0.06699784,1.125516859864913,0
0.0170448048766118,0.042350475,0.7270270466099112,0
0.015532372282800517,0.04469951,0.5169110507094361,0
0.010183775874784992,0.016810695,0.3620593143471259,0
0.011705173143516906,0.015510335,0.5355372148522466,0
0.024044064005854043,0.10732264,0.6740655604338198,0
0.026549565475222383,0.0050802026,1.443166076865725,0
0.027777653791028742,0.117504254,0.713876999198337,0
0.008919376336993311,0.0054733516,0.4394142660900902,0
0.01518518353098804,0.035033472,0.45828323705127516,0
0.02671591174062396,0.13069282,0.7484062283617656,0
0.02403656299197794,0.11566704,0.6143391231912143,0
0.011855585832564514,0.0239993,0.4493273219424509,0
0.024544392446348276,0.061225798,0.8880006160725686,0
0.03658272496216334,0.064695984,1.1813885697990398,0
0.016711085339002632,0.032713294,0.45732258645024226,0
0.05413802449112467,0.19340907,1.8859131558024784,0
0.021318030872351464,0.03327517,1.007656519745704,0
0.04882214233575585,0.11977213,1.9990318138999537,0
0.02635076807875863,0.092861004,0.6566264673762496,0
0.025941609401824633,0.07231881,0.8797128369085968,0
0.03613388968325838,0.0561797,1.248859835201425,0
0.03768214495293938,0.078016184,0.45338587891375093,0
0.018372119531802865,0.029406171,0.760119593757307,0
0.013676423025461432,0.01708865,0.4811373297753084,0
0.018691290964548718,0.04162035,0.7991222799801871,0
0.03627365293138646,0.09026849,1.1517464257295056,0
0.0392693391608317,0.14616232,1.330682632837926,0
0.04581137073790508,0.04874647,2.315982372767635,0
0.017760176352250058,0.035811096,0.45309330653469443,0
0.026986305368117344,0.04129134,0.7885585597750243,0
0.01533397967752365,0.13486093,0.03492805639242678,0
0.03433033443966748,0.101129875,0.9049319722977175,0
0.05865945173104284,0.05073717,2.737189595870165,0
0.015723076389227125,0.032436915,0.49784006731945973,0
0.029491364735158898,0.05209902,0.6129915361144193,0
0.01985881032533049,0.012962061,0.809639937165215,0
0.01941766646323194,0.027776914,0.6633658804169306,0
0.018259904373945014,0.042113353,0.6646171082399928,0
0.04250204608535392,0.028625535,2.269433657676652,0
0.012747066045746163,0.03265114,0.21012772539778232,0
0.02683681172720994,0.011020133,1.4239258042739076,0
0.020818816128862105,0.023192322,0.9834051860860832,0
0.017789417309971828,0.026152624,0.7913820234447213,0
0.008946168311277838,0.04416995,0.10027670621623788,0
0.015889338360846328,0.017621888,0.6979375124348979,0
0.02375418046174948,0.033468846,0.6637004770073419,0
0.025717840401955874,0.032753363,1.2419394259463576,0
0.11095767716022145,0.2012934,5.179510921574618,0
0.015369497847351261,0.082489885,0.22351221243872801,0
0.031195470855839177,0.051312607,1.4177703152223378,0
0.028178847104364153,0.11017872,0.7304114485723379,0
0.011819741758031691,0.011753728,0.5519706160109578,0
0.02596340478466335,0.02956065,1.1987438287753602,0
0.02219512552711046,0.014621911,1.0812885584415246,0
0.018056080796505634,0.073527835,0.31928248234589596,0
0.04636341913025917,0.056603596,2.0104521602311536,0
0.03413752280218664,0.034995407,1.7522481325616222,0
0.024460882861946014,0.049867958,0.23175274646672867,0
0.010416122909911498,0.011342609,0.5043081679504262,0
0.02824825668938259,0.08604145,0.36550885760374197,0
0.02229170567148952,0.10945691,0.44241908459192325,0
0.02312678734904445,0.08969412,0.18409093141362662,0
0.01663603889812449,0.053605717,0.5357871591816793,0
0.027959242031070558,0.047892995,0.8709872456706156,0
0.026076006732324204,0.06503869,0.47181778351333903,0
0.018207091933832145,0.053468328,0.636468782053079,0
0.03138567049823895,0.019909663,1.6032692383483285,0
0.02715168744120165,0.016626103,1.4543072313386551,0
0.030341798249044274,0.07877062,0.9972685459965678,0
0.03069888239471409,0.054117892,1.3679115457776252,0
0.05534920428374089,0.03158206,2.929278600714648,0
0.014805995869391804,0.0194543,0.4740616062853722,0
0.008410429232582247,0.017694877,0.19716563668800663,0
0.01089873729616965,0.019515157,0.44675153793083383,0
0.016163472198648964,0.018395355,0.7393368080189355,0
0.01666259102810408,0.018104998,0.5532483047399778,0
0.0351474782958781,0.018252607,1.8486722985158632,0
0.012837404878832235,0.012214331,0.6240000810785115,0
0.03219648159397067,0.046241164,1.2278713712534977,0
0.03820645087793844,0.047534633,1.8896498610176315,0
0.012896359522375181,0.026002051,0.49215152695120734,0
0.017171432923366967,0.04286597,0.46797679869531417,0
0.012615395281501716,0.033080295,0.38388120616407584,0
0.025734118214179768,0.030694652,1.1046952679038726,0
0.013033933766284882,0.007600749,0.5875971890999115,0
0.019613812048992735,0.030708328,0.8543156764613047,0
0.030386152814378932,0.13711035,0.8361574756618175,0
0.02402973397648987,0.07666296,0.6699746105266634,0
0.04852177062362614,0.2809167,1.1463630750741867,0
0.02235569456451624,0.06575683,0.5780332136401963,0
0.010211515078191086,0.010973814,0.3890591184563395,0
0.02984801676578045,0.06916766,1.160009871569693,0
0.012758468959781843,0.032546163,0.3926033146337083,0
0.041829078602482916,0.11043283,1.0888566528337884,0
0.013277763106067948,0.031267915,0.26985947082969974,0
0.006639114568770736,0.006359158,0.282117414467196,0
0.01766551944255257,0.029034449,0.7098289072342041,0
0.015062808215446963,0.031217238,0.31017896284578184,0
0.04744681139455454,0.07083019,2.3121120852260812,0
0.03840160866720557,0.116035946,1.4907475011618525,0
0.021350222123853606,0.046872742,0.9419535199929154,0
0.025797724996370626,0.030355135,0.838950443821608,0
0.04889959010944945,0.1454326,1.9533451541892022,0
0.011676707357513402,0.015124649,0.5038370179836165,0
0.028670621977584267,0.035203513,1.372951636290031,0
0.023563897210113777,0.0090982225,1.1850588169419491,0
0.03769448256378795,0.055540454,1.8194671437827823,0
0.03845631244071396,0.1834307,0.7148998422452787,0
0.059871565131507945,0.0831926,2.1343062390152165,0
0.02850685439400795,0.040222898,1.3447735252423223,0
0.032750016346325135,0.023267314,1.7343663924784631,0
0.012462433555337193,0.017206227,0.40590464939846843,0
0.022979734759161083,0.061061863,0.9075829072158543,0
0.026033762269155703,0.09748477,0.900405556025653,0
0.03320670520879409,0.028588986,1.7157019898183925,0
0.017449280911221977,0.017766833,0.8061972946083998,0
0.021760252446675704,0.075388364,0.7033828139997707,0
0.030342588994569913,0.02661888,1.571647931160045,0
0.034159725965537846,0.120869234,1.056862195711209,0
0.02351077268754419,0.027360747,0.8325386921315623,0
0.05030289696155687,0.1007778,2.2946438511421037,0
0.015349438801500158,0.034803674,0.33637221795284167,0
0.03574990256820269,0.077914625,0.8227684075981262,0
0.027200253957161,0.0326994,0.8075459813137894,0
0.035482684095446526,0.05052377,1.6946278531409165,0
0.039004952591345135,0.11199524,1.3451872910020433,0
0.03684526124919763,0.04197856,1.733838746050338,0
0.02438532052728178,0.15351306,0.3007617527613844,0
0.02587277075739338,0.12353718,0.7453218250041197,0
0.021835675358495073,0.06292521,0.8656263129859421,0
0.020730104045829006,0.031784337,0.7708991046564923,0
0.012932678171188245,0.01059256,0.5505277318391315,0
0.046869317965488155,0.16000104,1.467510377291196,0
0.024275042358285898,0.049606416,1.0743891438141515,0
0.017311281425893957,0.03079098,0.48328128820885285,0
0.016073001323280114,0.036311563,0.49306763469132275,0
0.017850426361962806,0.042618133,0.575105682641866,0
0.020800764769039515,0.012573372,1.0054575323775883,0
0.02318722486859478,0.029369088,0.8340736797495606,0
0.021856639250578305,0.017101865,0.877319426502412,0
0.023395300165540846,0.074499525,0.31260859480031056,0
0.038412117269011926,0.16136864,0.991775529894897,0
0.008442478702819747,0.0068140803,0.4072698518288461,0
0.028714187276652363,0.056940354,1.2858273645366662,0
0.020507575269637677,0.038823426,0.3226149288195145,0
0.030086672906339335,0.064331226,1.1268806835821732,0
0.013431058926322997,0.012027608,0.6412599920444391,0
0.03410543785527212,0.069517076,1.4882290672038918,0
0.019061239946834244,0.020403996,0.7650501051557548,0
0.015607683046122785,0.02935353,0.5446536684941338,0
0.05720761810864374,0.06623865,2.8771448953672087,0
0.06056428407511933,0.08590839,2.9331836433117275,0
0.013965006823792725,0.017655278,0.5313353511927472,0
0.03581847815380823,0.05631077,1.6203207110308677,0
0.04401601586451791,0.045881476,1.5007635907006622,0
0.036293094715234675,0.022173397,1.8616194697687036,0
0.02040134381457574,0.0059924354,1.123516252457316,0
0.020301262624417414,0.039645676,0.7995141037420336,0
0.017453145958641884,0.013592453,0.7594582201017921,0
0.02972242935766999,0.019610692,1.2667394772836884,0
0.012742948926459592,0.015038894,0.549828999468909,0
0.01850784189039704,0.055566307,0.7130716644894882,0
0.04490754876515696,0.1884923,1.3420961705390024,0
0.010146698037374526,0.032558493,0.20840404240340696,0
0.03666523358312897,0.013413885,1.7818422635175506,0
0.023355523666870725,0.056581613,0.6289975411974976,0
0.01902015813384528,0.022758808,0.6628433539419449,0
0.014611395180336105,0.03393049,0.16432096383919123,0
0.011165646462343254,0.017364606,0.31907399988665025,0
0.049094177714334136,0.15931901,1.783217460306225,0
0.012966424366635582,0.023817804,0.5192526932455136,0
0.02191850067552331,0.066591494,0.7215871753554609,0
0.16053200997202385,0.019062767,9.037757293267548,0
0.025819510221481323,0.07267315,0.0,0
0.014643307685604989,0.011121074,0.6513196704211178,0
0.019585545495009217,0.061485857,0.7457997663637098,0
0.005992751820206509,0.0022023953,0.3232334008144059,0
0.014763660264270388,0.026930891,0.4871570260691077,0
0.030503375518129608,0.030978896,1.4125802940465775,0
0.0197540194392297,0.019376684,0.9586631598718556,0
0.01880328484401839,0.050148237,0.45883425206488554,0
0.0253609770916989,0.10175593,0.2512645062486655,0
0.06871697583420772,0.057709683,3.5856552660203125,0
0.09021216289786857,0.040087353,4.9170122203367,0
0.023240308691254874,0.068540685,0.7332580769935415,0
0.021939192929643882,0.07994724,0.3622832671981366,0
0.01958889119483314,0.016133023,0.9160464025284348,0
0.019438905559345417,0.04571685,0.8105062874663638,0
0.06112375628936475,0.10736703,2.8053418035127446,0
0.006546092864528686,0.017128553,0.2535020944471977,0
0.018781568448863407,0.08485298,0.35644652533430793,0
0.01562516674236055,0.015064145,0.6856797579715291,0
0.042641768374857086,0.23487881,0.8881314269532603,0
0.039593054213460585,0.13469502,1.4791111487455277,0
0.016010305406132998,0.008000817,0.8498799530852276,0
0.014580787245062895,0.0231054,0.4970867119046438,0
0.04419610652111825,0.08739528,1.864874244955185,0
0.014858421383642871,0.03989145,0.35783000759790823,0
0.010754074485128839,0.016093785,0.40814498697962676,0
0.05557865835792955,0.09409329,2.427477832477894,0
0.01738338524837432,0.04750747,0.4962007985905759,0
0.01955387387843988,0.012762683,0.9196467629437346,0
0.04317820758639322,0.13211109,1.6950180773123853,0
0.02787564787915744,0.028418409,1.2936735538353026,0
0.03578500566861578,0.090142265,1.3756967491373249,0
0.01914837702102567,0.016283054,0.8665708737997759,0
0.06074124473675022,0.043304347,2.6128397705037223,0
0.02873605213183632,0.030714804,1.4541202353161953,0
0.03060334998374462,0.08575644,0.13051354021565972,0
0.0376233783070561,0.03795472,1.9129025780637479,0
0.033141275931294935,0.030018944,1.4224614967643547,0
0.016420974893900674,0.034519386,0.7417478468498673,0
0.008776840628924766,0.017443053,0.24381573485975883,0
0.011026755742831365,0.005137459,0.5744100952717169,0
0.022669622964666142,0.11110704,0.5844598375069802,0
0.050362119197387575,0.022124652,2.714480165688048,0
0.04697395469211115,0.051447026,2.229787013777441,0
0.03677852840337255,0.071867235,1.676692028820653,0
0.02629490518863793,0.03371347,1.1242965463223764,0
0.040343686388240346,0.054515954,1.5547120132727885,0
0.013092284150334923,0.01840233,0.625980744364353,0
0.019847271169197395,0.05781024,0.6422160684153618,0
0.015178164614477565,0.017848436,0.6834589123512782,0
0.01134270571965528,0.010538053,0.5673931273435278,0
0.01854691563816803,0.026797986,0.7606494611609071,0
0.037078442774823334,0.039336868,1.4938935738725354,0
0.029265931956167224,0.08988585,0.8026849069973443,0
0.03274743705414265,0.032990843,1.6325796854612264,0
0.021805397542833185,0.054821722,0.6047261837384424,0
0.03235931350338273,0.06621352,1.4082729119536195,0
0.041499186463290726,0.031529143,2.1589235010376076,0
0.030841650949653306,0.03801759,1.3280161743717782,0
0.01348319779100142,0.02149703,0.5683665019214267,0
0.03424362625648349,0.04715331,1.4255872500675886,0
0.011359596664689048,0.0079396935,0.5957950957190336,0
0.06028502070884845,0.07228748,3.035368889189988,0
0.008710848667925385,0.020928724,0.2739518192858254,0
0.06062082968183155,0.27744794,1.813775316211526,0
0.014616281329325687,0.02932245,0.49757509619172097,0
0.018434332031425655,0.058196113,0.4355020021751492,0
0.09453413285293005,0.011139747,5.331033936748183,0
0.03227719380450719,0.15774496,0.908805064655868,0
0.04814053318469319,0.122148156,1.9666532886329633,0
0.014893004313195686,0.06589836,0.40295376642748654,0
0.03024820147886147,0.03962633,1.4742555928639094,0
0.019339042508493283,0.04608415,0.1738435103462075,0
0.007606612398968049,0.011057655,0.3355692414709111,0
0.022025416504355494,0.118644066,0.4831456981605109,0
0.02027085600155744,0.06442383,0.7781577103598971,0
0.018288903249980008,0.038578503,0.691508379746096,0
0.012642601997343503,0.026167383,0.37088922526400886,0
0.008729959639098811,0.012385405,0.3153077075248561,0
0.021502494583168046,0.08477566,0.6311859856604468,0
0.018274692597551025,0.067019604,0.44572916795101614,0
0.029151797818402388,0.06784152,1.173731273249759,0
0.024182747926623376,0.075331725,0.8753004211237424,0
0.02882143015390065,0.074182935,0.9531266442678968,0
0.02653366228475603,0.05554689,1.0286083964215897,0
0.011109901594026486,0.04509193,0.27642514629689097,0
0.0799172499738067,0.23752165,1.4231931641190392,0
0.010344387471838128,0.028326955,0.33666261070648634,0
0.047864331320820956,0.047604457,2.2693554535868627,0
0.04499121588953165,0.041386593,2.2670808296381426,0
0.024844575193904837,0.06284223,0.9323851474256151,0
0.021556267262056512,0.03726898,0.8483068390708055,0
0.021739932733353867,0.032309126,0.5628283997690107,0
0.05137218997113747,0.106141225,2.2034021622146955,0
0.032090690320885115,0.02769038,1.6477868116174044,0
0.02675603143716135,0.0683157,0.6610082054254517,0
0.014215014644771616,0.040354814,0.4440417104929575,0
0.05642977977914926,0.028079681,2.782085014730703,0
0.018680115152850958,0.07554779,0.39035240361749096,0
0.04256646038832489,0.065277606,2.0423328736526694,0
0.014254171141173336,0.03950214,0.38857259527034704,0
0.02275656741304307,0.036563575,0.7860655649045191,0
0.019285321084820117,0.0724018,0.6574061792191016,0
0.019526554646912792,0.01768066,1.0078391766155845,0
0.020033846935252834,0.02798674,0.9588840063539172,0
0.02986464557581274,0.024028976,1.5700396036657243,0
0.04398241770019907,0.29394612,0.5793070517565023,0
0.01124473424911275,0.03550638,0.17119193942613353,0
0.016680543123750335,0.04217744,0.6125429333466277,0
0.04048778082454342,0.112584785,0.3846702580165397,0
0.03572131770942871,0.12208243,1.1453741031631852,0
0.021053295307362968,0.0983853,0.4872276866953768,0
0.022153496095393077,0.06128494,0.7470290649630197,0
0.024037927642981117,0.022876978,1.203691308947886,0
0.013736881719089185,0.019129217,0.6658527937589989,0
0.04417934380239545,0.048828274,1.3960082343720424,0
0.00905919511482725,0.0134239355,0.4070269908522746,0
0.061678422436107765,0.3974785,1.1682676686265436,0
0.011389687268836528,0.047782272,0.26305246730676163,0
0.017009086098888487,0.016463146,0.6376718574231661,0
0.031013958338024915,0.057005458,1.4304392178619467,0
0.05933173566446919,0.042556524,2.4062384026396892,0
0.03732066458346284,0.25551912,0.5663008271748683,0
0.02087974085951931,0.023243867,0.9417021417681114,0
0.02129645078140462,0.034909323,0.9343168327941579,0
0.019479545679410265,0.012990683,1.034032191983353,0
0.027686231478928555,0.17818019,0.5407460065735852,0
0.03214454225970973,0.052074067,1.5136795732970416,0
0.009220397464873131,0.02952155,0.2346556521615689,0
0.014037399502500192,0.028406851,0.6166194035279494,0
0.01452006415832643,0.026353452,0.6058317588863253,0
0.019963041896885726,0.05062509,0.6817440205152246,0
0.02709393664299643,0.19052458,0.4067112420832166,0
0.009262155856404152,0.02876743,0.22807379007297762,0
0.03588950335793083,0.13574634,0.7058699977816824,0
0.03644392383105738,0.05466635,1.2446996967174122,0
0.03350296650434117,0.042628426,1.6418686664233226,0
0.04399219156800562,0.09069061,1.8999400085363753,0
0.03443212958297254,0.113442525,1.28054887169696,0
0.015006617005268832,0.05266512,0.23617483155426816,0
0.034299636583450366,0.15836659,1.055683341456534,0
0.011287015507960829,0.016602695,0.4787754697772433,0
0.040077535895918476,0.08147434,0.7490365636876052,0
0.011039788324162511,0.018085042,0.4566869625808699,0
0.05880595250069966,0.10076392,2.4029318774710084,0
0.03382681263587416,0.06449915,1.4022075543062498,0
0.020806226831843227,0.069134735,0.40359443459061267,0
0.015381175733490612,0.0117993485,0.6749545680017348,0
0.03131648012952748,0.06459367,1.1207433557915398,0
0.019879108992718043,0.030199561,0.9612986462770218,0
0.022333176952699478,0.02113845,1.007434661537846,0
0.009718444722877657,0.01474145,0.37619644417006487,0
0.018027719798067967,0.025214998,0.8113367331715656,0
0.020878358807633494,0.04679045,0.9109691203938217,0
0.016497394638057973,0.038480405,0.7074631026889144,0
0.06117115962964028,0.082181446,2.3772013711513114,0
0.018014844801616144,0.020794563,0.6243629501575371,0
0.023098610628709885,0.04345376,0.841237704256793,0
0.038949729374365014,0.01578471,2.056732761064627,0
0.028515002279216845,0.015225259,1.472631837052457,0
0.033140747635218945,0.18452266,0.8080849535336044,0
0.03098505393705691,0.052166548,0.8908464899919135,0
0.019146037920559182,0.03635241,0.4829765862757448,0
0.010676975741336888,0.040403046,0.16422925228455146,0
0.013998202315272617,0.025003484,0.5442715100379895,0
0.05717297127828293,0.02628382,3.0158610081056296,0
0.021787463629613608,0.099882886,0.3944155135335335,0
0.06944109996863816,0.19842562,1.4392647905322142,0
0.01926624534112254,0.045878187,0.6967939365558244,0
0.020521302196619816,0.0854305,0.5426375294714321,0
0.056728172646400045,0.088910766,2.7239219999915782,0
0.015793422342682314,0.057272892,0.49457413725569377,0
0.04993975810027663,0.09628233,2.0234771564301535,0
0.02390299375655752,0.052913148,1.0173063370572908,0
0.02806537910679301,0.05369984,0.6577861359906123,0
0.02896536280667359,0.057109945,0.8440502579372473,0
0.012372851547966022,0.02166847,0.5217869623131889,0
0.042201616601428925,0.13809077,1.2989878298190907,0
0.03292273932925327,0.11995194,1.1149013926979565,0
0.040010536268391225,0.044104643,1.6738159332868514,0
0.01202331253964375,0.011354342,0.4745275813153895,0
0.011669814397559163,0.01634326,0.3466626386329273,0
0.020676781839776923,0.07025606,0.6473813082860412,0
0.02511152725197951,0.04454285,0.4145300010612987,0
0.01963834346483623,0.019441023,0.9125373379123619,0
0.027411060966885926,0.08024489,0.772524362602598,0
0.020033432572925815,0.03135608,0.9380784674364872,0
0.03598380235744135,0.053713713,1.6180632274266884,0
0.02584957549742967,0.060603388,1.0479856113579817,0
0.035245308075009266,0.1144255,1.224583195820473,0
0.018947569902975067,0.034430195,0.7929968230478879,0
0.021820204333893728,0.0481762,0.5878173925536325,0
0.02675012435401033,0.015702948,1.4093078329737738,0
0.020474943986499357,0.07817583,0.27851983726695706,0
0.03551595998115286,0.10222271,1.102341927343205,0
0.015313342553521984,0.036189195,0.3304053512926796,0
0.026730268700209732,0.009085596,1.4373502567198086,0
0.03385869467475224,0.16283962,0.7046908179326599,0
0.04210835128473593,0.20250581,1.1416137148266674,0
0.1011665194544295,0.2105096,3.378266371846679,0
0.016551491165260963,0.0330634,0.44735990501577033,0
0.02926369072848219,0.09914909,0.9692332802607677,0
0.03300059002501452,0.06294708,0.7542580956173158,0
0.028825814898774588,0.11926346,0.7183723532835796,0
0.04142091861479507,0.02039909,2.225923069768224,0
0.0193776651955853,0.055185728,0.792239968931178,0
0.02763388098504795,0.021883994,1.42409081464146,0
0.006083188089254994,0.011131432,0.24748608022186955,0
0.017218274710643338,0.047085516,0.49735648314294745,0
0.02368493493393855,0.026642084,0.9823750486078757,0
0.005687013524875145,0.0050088293,0.28246350834307776,0
0.04605664113513638,0.1010401,1.3473419979350332,0
0.042672066972394784,0.049125113,2.0958111847839143,0
0.008826600401450967,0.009278146,0.4447648373965036,0
0.009334394172186507,0.023610257,0.271949580658384,0
0.032530008852954304,0.039281096,1.5719247639882443,0
0.021705946111914627,0.06582664,0.8255289287868103,0
0.04792762716091304,0.07756636,0.9387632806610632,0
0.018252795133009547,0.04755128,0.7412697071826516,0
0.01400147390974507,0.035727527,0.5388492388508432,0
0.010520060670615169,0.021121735,0.21149598765625968,0
0.03152858275639388,0.0062035946,1.6827464998056005,0
0.03420047101362093,0.06918571,0.9941462067906374,0
0.0344789816613735,0.09852388,1.2608285166649644,0
0.024089386354102738,0.052635632,1.0106505326309292,0
0.03170609295864711,0.08293983,1.2366092756004508,0
0.030094941271863428,0.08184447,1.1856807197257933,0
0.03998836869489875,0.038143646,2.0416042110713355,0
0.015532012956035658,0.020039685,0.5310581694512277,0
0.028156045593255033,0.06488702,0.17088395599873046,0
0.018012360380420044,0.07812497,0.21876635350921544,0
0.020769480354211285,0.020308573,0.9275913542827179,0
0.027056489821772122,0.04301436,1.1613769642087708,0
0.032133012023320265,0.19518727,0.7169874189221399,0
0.022892685342555993,0.042240273,0.792301394957088,0
0.027146750560253795,0.10941928,0.7759140500514612,0
0.032666261660643126,0.12177843,0.9864948074847822,0
0.11618572932676352,0.06964543,5.223500342405741,0
0.021719058015926714,0.01908522,0.9473822676576127,0
0.023483472932820056,0.017710095,1.0842831157901718,0
0.01537046577724993,0.05153355,0.22494811600106923,0
0.011523698650796766,0.04570666,0.37964991296414113,0
0.016985149763449996,0.02730036,0.8012716729961417,0
0.05290835675230445,0.05431057,2.4794082134160775,0
0.09569945351326406,0.05127585,4.273050215808309,0
0.028547588222057635,0.022746334,1.104749024589068,0
0.02672077158351845,0.08832287,1.0166960705164336,0
0.027906893147047113,0.0985718,0.5669280246176469,0
0.014183049040037712,0.032665107,0.43887839127805106,0
0.019037980974738272,0.047668345,0.38908676424637395,0
0.018867914567946613,0.029841142,0.602463239217447,0
0.015198987789119949,0.038096275,0.6354096368314379,0
0.0268408832868576,0.03406984,1.208713710096528,0
0.02804897777400528,0.12275564,0.7062762744234564,0
0.05735271042741264,0.054852236,2.8882033286711026,0
0.02258128622383284,0.023700926,0.8709371890362047,0
0.01062908670909557,0.05851366,0.17630185407006113,0
0.016931606041230084,0.017134761,0.7122286507529992,0
0.013186891001301417,0.02719625,0.21118178633831,0
0.019881619297582514,0.009784539,1.0599813351623433,0
0.030050494813861506,0.04803646,1.3569703637314565,0
0.023981252658646778,0.03593338,1.0813566951339844,0
0.030742331095638394,0.09146699,1.2108274768303176,0
0.024186783774464007,0.045184784,0.6512883835097566,0
0.024548743316207565,0.09297507,0.4254875108114276,0
0.010937054895740018,0.033787575,0.2822213766764027,0
0.021805516375320643,0.011978629,1.0614539083360834,0
0.030679538554660463,0.03431271,1.310294935945345,0
0.0552474210737262,0.047020063,2.837187859718892,0
0.007537962067004626,0.018011708,0.31284876486445373,0
0.09856296866779958,0.2594277,3.748477492768456,0
0.041586712931790074,0.14457923,1.3452154152173657,0
0.014823326345545665,0.029535614,0.3572791096073248,0
0.0523054025175627,0.022403868,2.797507535787752,0
0.028634888065453168,0.11905844,0.7431954951458283,0
0.015171842171916836,0.045298804,0.36794050231241265,0
0.022592742457452707,0.035954833,0.8699034578977044,0
0.017703639516328137,0.042998362,0.6729309776301494,0
0.044578634006218816,0.016223291,2.4452426096173996,0
0.029293135844958774,0.026641177,1.1740921287086985,0
0.02920628129104364,0.08826329,0.9022238463638003,0
0.026733980879528565,0.019260794,1.3915958892052,0
0.0703660764648107,0.052802037,2.8143028902104956,0
0.004879716625240233,0.019815497,0.1257377304207179,0
0.012153668436923446,0.039994724,0.4567023659377487,0
0.02707156650186721,0.029884161,1.143045668262878,0
0.06309367634857188,0.13339493,2.7344355584146425,0
0.018974217927306865,0.05250432,0.3358111792850202,0
0.047293996254838024,0.05838402,2.37297851523612,0
0.016117066881726788,0.0581369,0.5439963283540715,0
0.015026218381010845,0.03400874,0.6449120446986457,0
0.0255529640496489,0.050338928,1.1651960001838575,0
0.01623828793399284,0.034703687,0.6817115977103365,0
0.04373791973276027,0.10725142,1.7978790368591406,0
0.02010099628764814,0.09079564,0.38145498839886616,0
0.017653360424307072,0.03411738,0.21816133387483172,0
0.011568228189461701,0.026205512,0.14883422090190723,0
0.012386541831656842,0.023878686,0.4434852243794534,0
0.03973019298023209,0.10794452,0.8800332625259233,0
0.01099759040386494,0.012262795,0.48736310721852777,0
0.01754470376935189,0.03550335,0.5601500691571003,0
0.03266079190221972,0.19057032,0.7370094423834883,0
0.03711491520114494,0.06874086,1.6766554005336896,0
0.04350843274221951,0.08019849,1.0216950173072281,0
0.015408347332475699,0.036658935,0.6143912556719726,0
0.026827236527345043,0.05898171,1.1833452351140716,0
0.057565054333477805,0.16706298,2.3340547418244006,0
0.01183491746515121,0.026795672,0.4660882998463274,0
0.028455430240964457,0.04980575,0.9032491123962993,0
0.047078662116108824,0.07711289,0.9938121894203146,0
0.019547948699818886,0.026965536,0.9424637776167758,0
0.024961315794550368,0.048024632,0.6208845127352105,0
0.02636829878033324,0.06241106,1.0655362564847393,0
0.021408203682343495,0.047942318,0.8566483112135079,0
0.013883575811974991,0.018675892,0.6019173717118259,0
0.018884129029610237,0.028042316,0.8091315911429435,0
0.017665259732035005,0.078695655,0.41477525453907754,0
0.01506195530072348,0.06258795,0.3681988686514091,0
0.022914421071628766,0.04860226,0.9965956913607945,0
0.01207098261064907,0.010960877,0.48802093212792275,0
0.025760713134146893,0.020110192,1.1851071425187425,0
0.014281108915511475,0.023464134,0.6778889612549603,0
0.04968892684476493,0.22501169,0.8622445185185579,0
0.03953429087204534,0.07099319,1.8060524189975757,0
0.019499822351857987,0.035265744,0.9132506171013988,0
0.024914654875231177,0.038766254,1.1037530187478009,0
0.029913028914674844,0.07678948,1.2641944962914347,0
0.019843509210321332,0.081959926,0.46129303523927057,0
0.023985661532875298,0.019246612,1.0930787134204414,0
0.015466756620886353,0.0068198866,0.7789003770158814,0
0.04463882119331312,0.101912074,1.3093247076889205,0
0.04636246132111904,0.09110135,2.0644736503769816,0
0.0286474687908976,0.022966508,1.4630874125549465,0
0.029436709956309013,0.02865365,1.0013818591068635,0
0.020782324277306446,0.055661947,0.7652526751334251,0
0.025973734389622104,0.011267332,1.4046716352214144,0
0.01915443436655862,0.06318774,0.5880325057815189,0
0.01006988219498986,0.03453642,0.22265774632519433,0
0.0371053160384361,0.01676395,1.994079449706989,0
0.017206117519942794,0.04911289,0.520217516676709,0
0.01765305480332917,0.029047279,0.3244069456943735,0
0.0217657047633065,0.021774195,1.1168906642017395,0
0.019645301949385414,0.06693092,0.5647037840948427,0
0.057467818398118105,0.056885153,1.8771636292204696,0
0.01939744894159628,0.01614945,0.9676950094804461,0
0.013436213244845407,0.01853195,0.6126557151466575,0
0.008523675196410015,0.013182272,0.3878931959184602,0
0.014738586199549571,0.02929607,0.6330574134599004,0
0.027016020795293093,0.073706165,0.899352322792685,0
0.02988506076011755,0.029011413,1.2004004452780686,0
0.01642891078037358,0.0402314,0.6454775627722646,0
0.008332963759103813,0.012294284,0.3087917161116638,0
0.008657130923148798,0.013573091,0.4083510796634042,0
0.04000629293699921,0.090299994,0.5882249599798692,0
0.021208296970154184,0.029915381,0.8909019661518907,0
0.029054814537868744,0.06687737,1.0857108919779335,0
0.013438149373937367,0.018854406,0.5097852303535058,0
0.015956101303109586,0.011997354,0.7679218805459056,0
0.032681514196502476,0.11456244,1.150366001956019,0
0.01001626873370303,0.015934845,0.3674495383196565,0
0.012084024546442331,0.021992974,0.24685760719910335,0
0.013156951127288902,0.031096695,0.5239482509450342,0
0.023007986011924657,0.050897863,0.8336587320494714,0
0.03039950920310137,0.021284768,1.5975869276860122,0
0.015071255147092356,0.03334242,0.6505507719004,0
0.09161423035826452,0.04391944,4.894082766886587,0
0.021017740724300838,0.06277642,0.45680173163205756,0
0.030022409639033965,0.15491648,0.8040273981285965,0
0.02645731172763459,0.07323002,0.6169927670963339,0
0.022926317975617415,0.082145914,0.6653416126693683,0
0.017852492041549803,0.005656495,0.8806978046698608,0
0.04169110709340852,0.09809488,1.7090963247150504,0
0.016026621993464753,0.03850311,0.39721361759147616,0
0.030390434542488937,0.05244399,1.3237553141079061,0
0.022733625128955097,0.041220054,1.0205225822569697,0
0.04387460521869753,0.040167917,2.2736967974807722,0
0.01923825552216467,0.066046625,0.6544842849584839,0
0.018774983575847906,0.043289576,0.6426099496120734,0
0.024105862099997426,0.03761848,1.0029712761057514,0
0.009230635820513335,0.02538605,0.3273776232901176,0
0.04445997751049981,0.18435983,1.3243002206938232,0
0.03125911051592069,0.04295204,1.4306808969901317,0
0.011679695594372912,0.033085007,0.3010899812093844,0
0.027390239737207597,0.060840927,1.1903840968872552,0
0.005283418446428602,0.015563132,0.0859109389830301,0
0.011417999611400248,0.025000697,0.2891377679689854,0
0.035728782598842795,0.06833847,1.5818970619694406,0
0.023978968330981305,0.038425792,1.0616823203872205,0
0.026886212995797288,0.03738408,1.294343039565514,0
0.015983276795029547,0.031352814,0.689498486915533,0
0.02851811988049339,0.04360755,1.0760310464823608,0
0.01723886360087807,0.036399055,0.34033967369235746,0
0.016953337584721336,0.014231545,0.747386252675848,0
0.04116341064919249,0.050682697,1.8738500528271993,0
0.031718782315279886,0.06100036,1.158685786753049,0
0.019057638515636577,0.027105793,0.5322867027229772,0
0.021041536505501144,0.04077607,0.47145150158716626,0
0.01652162581212544,0.021479731,0.7291259160916712,0
0.011503408126309211,0.019953,0.3669338197615563,0
0.07199379300803313,0.20282324,2.9236299572473983,0
0.02004465922371702,0.016287165,0.9680872383675008,0
0.02536887570455569,0.118710145,0.7225222697226109,0
0.0054777150917120045,0.015945816,0.12398775933657186,0
0.03713946293448011,0.18122038,0.8793525271963688,0
0.015792163222026732,0.069322646,0.4764686680413843,0
0.07589354615833846,0.24714524,2.7440669552525376,0
0.024553457739849897,0.0879531,0.5490951023477977,0
0.0178705150266319,0.048060868,0.5957862168929349,0
0.04969756557791913,0.04855279,2.330774718141952,0
0.022848054338149376,0.048858743,0.45921717884537294,0
0.028662175034747456,0.04460744,1.193640929926889,0
0.0577204891226957,0.23570703,1.8859319445813227,0
0.01898582103127585,0.0834329,0.558916626501351,0
0.067707238443082,0.11094808,1.0968610235063663,0
0.01206735315844279,0.042147916,0.4352793002049193,0
0.02734537115884249,0.03941863,1.3278062346445128,0
0.013235087425186406,0.023135481,0.30152163109973945,0
0.025582035380343603,0.025090193,0.9545943530527327,0
0.040685672382798174,0.079126984,1.7852000907036099,0
0.016462158074781793,0.05906446,0.5605543262481053,0
0.0332928980839797,0.057082143,1.178408007963019,0
0.011486489535988496,0.024065698,0.3597636580307018,0
0.03805025861006053,0.130891,1.3040922382009135,0
0.020306685724772556,0.07978293,0.5901699000944698,0
0.04857124153919316,0.22418372,1.4864166889513422,0
0.02913119700385712,0.0749405,0.4568102343934168,0
0.04033508011731203,0.06767978,1.6389752612904676,0
0.04393692580149063,0.04667836,2.247734139406448,0
0.009208394611974991,0.02076694,0.21818793452941185,0
0.025948965682792972,0.13322169,0.29546564549626086,0
0.033986458763658536,0.06785281,1.1903259468425855,0
0.08583146848910327,0.12807152,3.95888465984212,0
0.022941593062439772,0.045455523,0.8464791098901088,0
0.02764394818533901,0.08855273,1.041417851014647,0
0.008369992536576033,0.016763626,0.09720013142666355,0
0.023355310996102076,0.034204084,0.9230915674930584,0
0.03009578011885813,0.09636936,1.0061642294165225,0
0.026869534205173108,0.033948347,1.0922911180819996,0
0.024665843781738146,0.15114407,0.524593164397194,0
0.009703662696299586,0.040265106,0.3097221307225261,0
0.015986990770791673,0.06272615,0.5100740785489815,0
0.06656178892697572,0.0915823,3.267103897149632,0
0.018374118925989284,0.057556037,0.36109534450912206,0
0.01789174113594411,0.063122705,0.38098879296877475,0
0.03915673684316657,0.050834585,1.845659562661717,0
0.02243523616597625,0.026333217,1.0369988816731364,0
0.026179679668680803,0.08317654,0.9049547082582454,0
0.02686433789194929,0.033580888,1.057045314314275,0
0.028780455059370498,0.07162922,0.8323762276418234,0
0.03371690590919805,0.02500304,1.7254690045529224,0
0.02567310460614224,0.04456194,1.1318237727529725,0
0.014667975263157365,0.036613606,0.3884102604951011,0
0.02072108066639388,0.01965802,1.027238076963495,0
0.029780341132954555,0.01729666,1.5803462547363265,0
0.04393729224256993,0.021614967,2.3725307382388174,0
0.024261266717347452,0.056401838,0.9618729039456918,0
0.04226502711224509,0.046735134,2.1431674891418138,0
0.024341499173371105,0.024281664,0.9442506927163827,0
0.017981508553006387,0.00787767,0.9166234750888024,0
0.01708839957938523,0.010460748,0.8322541925778272,0
0.023354020684212915,0.045058254,0.42038623152171056,0
0.03073501963674322,0.080218285,1.2549765059232258,0
0.035116726248197845,0.04054491,1.6531670709458821,0
0.017559745613654757,0.045183986,0.4462723558974968,0
0.0457422336373038,0.08804445,0.9590185039608444,0
0.036204647582188346,0.13703008,1.1446701400671677,0
0.05409216423950697,0.17510124,2.0177448743816586,0
0.017068843914244146,0.06596914,0.5253189523232266,0
0.01927859605777988,0.047099646,0.6232429100642269,0
0.02207970793915711,0.040246144,0.8608220480115748,0
0.03449749002591312,0.097770795,0.4938568206724655,0
0.0462306640268219,0.26166958,1.0008440284455467,0
0.015174737819037828,0.031028116,0.4466106306399744,0
0.013107251078203272,0.02193267,0.5514765135020778,0
0.019993462383658938,0.021635681,0.9519711435021789,0
0.01631069048938298,0.024980204,0.460282369091184,0
0.0077090862030103355,0.013945641,0.2653751957659857,0
0.020045267226607797,0.022410305,0.9635634700448327,0
0.015206688718887395,0.045418337,0.5126381770010967,0
0.006223756622938832,0.02321104,0.06304356856546389,0
0.04137074984853064,0.08083618,0.4882624976042686,0
0.008895729653180792,0.012796856,0.3913165577559207,0
0.025874377550743368,0.05334472,1.1411107051234104,0
0.017066181092320665,0.027664969,0.5785900958408462,0
0.00847960859155161,0.020768512,0.26934004666933525,0
0.03134719667352251,0.051112372,1.3621176860693964,0
0.033453428643102925,0.027666934,1.718437014760924,0
0.043316768341386806,0.07467242,1.9576261231514374,0
0.027148865905102446,0.08668191,0.9823322030013061,0
0.0323370969229299,0.04704911,0.7070311638190042,0
0.01496555153770265,0.04078921,0.40300168389539065,0
0.023345765035366735,0.0950276,0.5102130676291581,0
0.026974522592071597,0.03047069,0.9826400573997806,0
0.043345633062858185,0.07876571,0.865513413141707,0
0.04223288182168311,0.14460666,1.5397782395753794,0
0.024870278574032397,0.067890234,0.590630004579867,0
0.013969083948826982,0.047799207,0.40890478553270493,0
0.024095451453193282,0.1059674,0.48240580200159816,0
0.026846973511072864,0.03716751,0.8965776043700066,0
0.016131631097325017,0.035756104,0.6977256749079882,0
0.02588669235633062,0.06511452,0.6698140412029429,0
0.03810724703365469,0.04830426,1.8494920136969413,0
0.029984728084024644,0.08204545,0.786684359927605,0
0.019339931918867046,0.026800836,0.9058457424761984,0
0.02029178961249501,0.05575661,0.41988311464048045,0
0.01926688912388945,0.017731084,0.8697463728989936,0
0.03731923946208487,0.05430641,1.7994755155903273,0
0.019884590656173616,0.05836615,0.45827531180750997,0
0.02058457382430525,0.033975564,0.8181374727981627,0
0.013412711173539647,0.047899805,0.37591736141732385,0
0.014386839558431069,0.0392936,0.5584700625865354,0
0.011501071906521722,0.015816882,0.4288227242856355,0
0.028632191011849755,0.08066298,0.9844541616538915,0
0.03312545645109066,0.050869234,1.2198520972438252,0
0.0318252737618295,0.08526889,1.0134679245883902,0
0.0345734072098088,0.103678875,1.2394068908835016,0
0.01816008926398138,0.05480967,0.36074558548013497,0
0.015684307777090414,0.025891198,0.41210609316512703,0
0.023276348851640566,0.10398461,0.36477325741152405,0
0.031239065255421538,0.072645314,0.8092731979602059,0
0.02187990937951545,0.019964032,1.0282396925159063,0
0.016038891450565754,0.026196854,0.5079845438860805,0
0.022473012821732904,0.048867073,0.5784028719887235,0
0.013327192762261433,0.023991026,0.5286250129325352,0
0.031432381778811205,0.10438275,1.1861369448485828,0
0.02885165579053298,0.033608116,1.3720411975012472,0
0.00751540848289567,0.012661076,0.27984491852088683,0
0.023018299885760228,0.0620095,0.8346519075997703,0
0.04314880054008076,0.12198359,1.6434135661829337,0
0.03425753314965298,0.0075420886,1.8748051652603972,0
0.0385458018968321,0.034805354,1.7721695070995147,0
0.05453223069454569,0.10234522,2.2881289988267977,0
0.01452243445762569,0.027523443,0.5109819138335603,0
0.029927871203148326,0.009723516,1.5797558012464692,0
0.027001470487690124,0.02767324,1.3095586354149915,0
0.03912503529251789,0.203617,1.0430860399805277,0
0.011683385770014662,0.037903123,0.3927882214544957,0
0.013762115091359207,0.045939803,0.3112550053872711,0
0.020538004027297618,0.09658199,0.5768951145386624,0
0.016886640945046397,0.088815376,0.3473695820265569,0
0.024511885861331777,0.03197117,1.0252873554300148,0
0.0391272235234395,0.09859229,1.6306110467317647,0
0.010169850739868183,0.041615594,0.17709579060373593,0
0.030386334354047542,0.077609606,1.2431739939220898,0
0.04331211501289133,0.09678556,1.8556431560093654,0
0.04152167592078142,0.06646338,1.078526252320404,0
0.04198303965338121,0.13752945,1.6051556905063178,0
0.02994300398011648,0.054578066,0.9877362653838209,0
0.025515543675831455,0.07020889,0.1581736492301335,0
0.021832806980368775,0.06153021,0.7185776283462227,0
0.040836535481902886,0.058989156,1.8121569273918476,0
0.021097536702871653,0.07109847,0.5616505931172949,0
0.03035505790718411,0.1422101,0.7515154287991938,0
0.017468879746322545,0.015083704,0.8896958483599995,0
0.01995222933314776,0.049229544,0.3350233997162917,0
0.036851288103069785,0.069110446,1.5044442166248024,0
0.02047786769266078,0.027159644,0.92244652970557,0
0.043444413172464016,0.13761121,1.4032169785007451,0
0.021899997566781633,0.028782042,0.6268001813180143,0
0.014044452181615022,0.00829225,0.6320782163819758,0
0.023142490714677156,0.037019566,0.3855066658867114,0
0.032829804034619145,0.08561272,1.2466880511022738,0
0.03328483098483405,0.12296067,0.6804716370738253,0
0.03778703169108154,0.15983549,0.9527336067838649,0
0.015030165320567166,0.036908407,0.4402869139663558,0
0.015839279227145425,0.010829377,0.7072305405258156,0
0.04078381292469842,0.14086302,1.44317477173217,0
0.021476205342725686,0.016698329,0.8305560135133933,0
0.03159533852210401,0.04129021,1.45240855970925,0
0.016052528840895166,0.032304585,0.5791422570126357,0
0.020672149058827645,0.016959239,0.7691811149944457,0
0.006988884415996556,0.016573729,0.1846315926002608,0
0.05619147114186749,0.028007066,3.0093765840965743,0
0.035040170925432726,0.08077038,1.2738939953466875,0
0.026280243847659597,0.04767175,1.2221593902951848,0
0.016734294358676814,0.0200962,0.490075397652793,0
0.008519590490935225,0.015083054,0.28088722784996817,0
0.017214905699794086,0.029302984,0.7071972395054649,0
0.0378715832212365,0.09599188,1.4233004242251077,0
0.011915667041738211,0.013944123,0.4285963748425755,0
0.05396315307653663,0.07082893,2.4138008275618126,0
0.030162296381782257,0.09169916,0.5461649316589945,0
0.044889350856714916,0.06945191,1.1513012470928337,0
0.02093877296810296,0.065235995,0.5935173603096724,0
0.02705490507291825,0.18063258,0.28094601751182124,0
0.030818335470147503,0.04023274,1.0643823020109178,0
0.062963856059153,0.29559726,1.1629776787388235,0
0.020818856150979545,0.05959296,0.5423167307309191,0
0.03717756355498082,0.07687972,1.6019744407298724,0
0.01553538583413511,0.007941441,0.7289944422675726,0
0.028052245227113408,0.045638688,0.8902129166468417,0
0.026210352303263393,0.07570283,0.7867654612044885,0
0.02375748902194942,0.01366715,1.149380730181003,0
0.01932814629499991,0.056866866,0.7232945979249966,0
0.013685635925898245,0.032787785,0.5290583519538231,0
0.08094927956145062,0.10042748,3.5312042304044198,0
0.01967257746983405,0.023543509,0.742659446628178,0
0.021596153911749343,0.09870019,0.6243689733290267,0
0.026694356678165797,0.017843464,1.1644367554402542,0
0.0426227991737457,0.17032206,1.3539787150091287,0
0.04566908780263832,0.16535841,0.8156303287731006,0
0.0728400179918711,0.037316278,3.8649237082653065,0
0.0169339974589061,0.026859665,0.7115158172693239,0
0.0155052966101197,0.03553521,0.4670262954821491,0
0.01690191440636516,0.04435129,0.5699362188950282,0
0.024960403088209716,0.056395825,0.611895129428406,0
0.02148048869134315,0.07606078,0.6484266826529954,0
0.01942512588654817,0.058892097,0.6573771649389715,0
0.01619887951130321,0.028323129,0.556552811632904,0
0.02201350901539001,0.035764102,0.7549550735354651,0
0.010935351718492334,0.026349893,0.4427952008323839,0
0.013998954173313361,0.042432018,0.22550577046451947,0
0.03518362072265968,0.040507846,1.7350703182811382,0
0.009905232308457938,0.025692267,0.34510728497995047,0
0.0420825528096347,0.074057445,1.9567304699722985,0
0.018211257187448406,0.027672779,0.7674347996207034,0
0.023292050930972998,0.04600893,0.9464813113709126,0
0.016404695094051347,0.027388074,0.6142179803282463,0
0.02401951980479506,0.03335664,1.139060536364512,0
0.02634632875893872,0.043918394,1.173950481496577,0
0.022504968974578314,0.0116274515,1.0692745154755072,0
0.03821787988772752,0.033268835,1.8700059597986636,0
0.015294773631630378,0.013491252,0.7140673634473419,0
0.026617999537757373,0.08439002,0.9271129825522955,0
0.025361407932576564,0.025102947,1.1380231430037044,0
0.017205377991359475,0.022931946,0.6445497679860935,0
0.019999046178721128,0.031016683,0.8984575880879174,0
0.03901617701678704,0.031995524,1.702363609839345,0
0.013795635971174917,0.030734453,0.4492029897936059,0
0.034727570464732384,0.022842517,1.7106673738164484,0
0.05024560940399833,0.09741063,1.3489751831270156,0
0.009195970418010672,0.026263423,0.2944983630134929,0
0.07482615176245629,0.07585122,3.0300401453150134,0
0.02183310257910284,0.012295813,1.1495281016923715,0
0.04764456452282126,0.109957285,2.05494200561596,0
0.011933069574064722,0.016127814,0.5464981172178033,0
0.028536380254114042,0.04068982,1.2741094900382328,0
0.040824813125919866,0.044759527,2.017145910315151,0
0.03638268057887645,0.12282743,1.1008750457947496,0
0.03911707306577289,0.031002995,1.5395471776478324,0
0.13488843485985025,0.048228923,7.342955994742235,0
0.03495208011100225,0.11697774,0.7385405776615531,0
0.018722588575123354,0.042897455,0.11427260833003558,0
0.012630891850380417,0.015068705,0.4336704471702737,0
0.028539019659974747,0.05755665,1.0890897794633583,0
0.07638281373546338,0.04141987,3.4792667598428304,0
0.031311653226459804,0.037559763,1.571686220022464,0
0.026552430709247822,0.075346686,0.46592494976039855,0
0.022638579893832562,0.055491205,0.7562464459371635,0
0.017266909850931343,0.0109534105,0.8542433033021585,0
0.014100622719209196,0.018660977,0.6048416714249416,0
0.03803418490880018,0.06051871,1.8171094540245323,0
0.02745777790923732,0.01996189,1.1194205423674877,0
0.03763359592261459,0.0983288,1.378153732061351,0
0.016616030654924487,0.062457386,0.5251713009760071,0
0.011507829316028057,0.020829273,0.4829054808516982,0
0.02979673382129766,0.10792728,0.8600825704598004,0
0.03074823059782033,0.046112604,0.5934792568071716,0
0.012363556555654149,0.022201287,0.3911092392939784,0
0.051860029432010735,0.08706947,2.4084126184220294,0
0.040371684475416794,0.13199347,1.4902779145427887,0
0.0178290561955657,0.015707962,0.8320249402673588,0
0.029656119185106914,0.047978263,1.1857073666498712,0
0.034104866238929304,0.22199488,0.5380680705490731,0
0.06291672156618422,0.14413409,2.5629247191760425,0
0.02341358751826574,0.10265685,0.5958771847530493,0
0.019177168375942782,0.028762087,0.7740111640924748,0
0.03404149745959992,0.11931958,1.1890891142974935,0
0.01807753928544535,0.09086286,0.2278126891423097,0
0.03180790954530696,0.13695516,0.6932881497903525,0
0.028433809883739034,0.027527623,1.261451436805592,0
0.017898226889240854,0.026191846,0.7834754336066978,0
0.013881590112817848,0.031078912,0.32700058324943587,0
0.02873166855403659,0.1406499,0.6606040610744395,0
0.020810176927965447,0.016041938,1.0104314964417664,0
0.023943369880514334,0.036993347,0.7475731505093735,0
0.028235165137181214,0.060475986,0.14424002642423683,0
0.014829164165383628,0.017292017,0.6604365789428055,0
0.03681170345660364,0.013870125,1.9242773785037066,0
0.038238260637907584,0.12621996,1.11997972081321,0
0.017350344491020523,0.080249816,0.4370504936343352,0
0.012399015067944923,0.037191268,0.44718137247004636,0
0.030278230104710965,0.07558074,1.2658175622502912,0
0.024526439066133214,0.042087458,1.1446755875122148,0
0.033689780925781086,0.073346995,0.19031526092553483,0
0.02107382368268218,0.07480322,0.6207931658395208,0
0.009571331300811114,0.0126366,0.3205946844319529,0
0.04098830502421614,0.024060866,2.112987476348011,0
0.0367164700840277,0.042409677,1.712584293352912,0
0.025272697211870053,0.04789267,0.45738884722276335,0
0.024661520580508745,0.04096593,1.0766309042815714,0
0.011195338670069282,0.038072597,0.2925413971594868,0
0.061588183605367636,0.01700327,3.153243893971963,0
0.059372163431333676,0.1018255,2.729464884628571,0
0.02546039882065188,0.030208468,1.0274269674174985,0
0.032571743871490456,0.06008524,0.7736859256544258,0
0.025109039572113134,0.026837675,1.0148851061704145,0
0.045458672182608996,0.07068606,2.16823531235635,0
0.013149159853843965,0.029032104,0.5059415075447834,0
0.022181382803744473,0.027176583,0.761729292918267,0
0.0094830923415255,0.021506937,0.29426308529422934,0
0.012258197083515943,0.031627055,0.47905640273471833,0
0.017050671286592677,0.032889336,0.5383325058598757,0
0.01145919280280064,0.02612937,0.33051136418978067,0
0.034823795775543995,0.022957245,1.7399965337879175,0
0.02369106055172107,0.035474617,1.0870406717221262,0
0.03289879781024624,0.029009901,1.6620246509482897,0
0.03337783331325277,0.2272897,0.5783017448992752,0
0.06327019898144297,0.17072248,2.627252160329125,0
0.014279786623029884,0.03125798,0.21898995925644055,0
0.019772478779056538,0.09362939,0.516737557674328,0
0.022897366653779484,0.057175465,0.8784953150822455,0
0.020071900253642687,0.027709795,0.8568971659035381,0
0.013986652687643899,0.031190256,0.5966309761819915,0
0.0153760884136626,0.035295244,0.5106085989492484,0
0.031398181667332735,0.07628729,1.077592907773322,0
0.0072901475367870205,0.0054630814,0.3209868711907052,0
0.014419922840044695,0.009504507,0.7625979914175953,0
0.019261294459384827,0.0377074,0.8460365064330396,0
0.02942232833965648,0.030297147,1.3254985267243278,0
0.07427616220258182,0.058883972,3.865381416548411,0
0.020169466599978737,0.040566273,0.667083757827533,0
0.025517418216830418,0.02693047,1.0195352233341106,0
0.04401127105594463,0.064285345,0.9155031062561488,0
0.032661323336441915,0.02590983,1.7124398367014306,0
0.026825156776942166,0.018603245,1.4035223799693624,0
0.037359944196336856,0.050999258,1.7699076467157404,0
0.032783039883238746,0.07366225,1.3413677264897617,0
0.016291461508804193,0.032355554,0.5410571221288114,0
0.03696393728988455,0.14900988,1.2051757505288074,0
0.05400460761023362,0.035180613,2.8502459116807355,0
0.017749888871862036,0.03425223,0.4176613214622566,0
0.039992369264979885,0.06514149,1.0673350664431507,0
0.028931695902769464,0.052303046,1.07111010182641,0
0.012135062183013266,0.03877329,0.28640054690421524,0
0.02644562472303478,0.020816961,1.3370508754558692,0
0.049065316113587866,0.032938402,2.590197071925782,0
0.017264337324846814,0.04028427,0.7252550218724755,0
0.041109539911747026,0.06599823,1.2758357074516649,0
0.024051873472141883,0.007450253,1.3072641958716835,0
0.023052338381276193,0.014884214,1.189901215092764,0
0.09674262916815278,0.106606804,4.842780644660157,0
0.020103982665257925,0.07768557,0.43075036320740473,0
0.0237653065033669,0.075911604,0.412598683851752,0
0.024250598847750257,0.012016547,1.2848433794045049,0
0.013358647339490713,0.022011643,0.4622149019455908,0
0.04580203633933296,0.04756904,1.4765302333290047,0
0.0502080458640601,0.07920043,2.3159331457529704,0
0.015698199877735415,0.019128017,0.6452623393805663,0
0.02051296156302568,0.042783294,0.2623478202486398,0
0.021380600119283426,0.059583776,0.8124974027855532,0
0.022986646198768414,0.029855428,0.834051870806405,0
0.02586366891815914,0.036552373,0.8094946525489355,0
0.017191267967392856,0.062292874,0.3201128463431843,0
0.04707230542076147,0.02823573,2.081768772490358,0
0.05393212389215718,0.013981362,2.8243231666760047,0
0.015951675826607108,0.052730367,0.16851440041102136,0
0.02316184480989151,0.039812617,1.0812950378358765,0
0.017346551926392364,0.043428212,0.6881848775155942,0
0.030323981795496082,0.085373335,1.1453209926278307,0
0.014261432293764103,0.018207805,0.46202888406374293,0
0.0347238488261424,0.04418501,1.427403389783798,0
0.01955175160582248,0.027038677,0.8390432457607363,0
0.027174747710331522,0.026679983,1.1292852905628366,0
0.03503574484011849,0.026245115,1.8387297770583542,0
0.013507132430952005,0.0362357,0.44705066284968575,0
0.02050915854652051,0.066255555,0.7452530023888658,0
0.01888056120282784,0.009751785,0.9228880756151479,0
0.03419986816456414,0.09376882,1.348945062747187,0
0.024864507877559214,0.01540271,1.2011058965850063,0
0.046907121822354965,0.046857607,2.3800718930035836,0
0.026969842505247366,0.07782236,0.777594459206111,0
0.09009407387728383,0.30806568,3.0837232198644853,0
0.04399421867211004,0.03365556,2.2963782531621524,0
0.03866765957951954,0.115323834,1.3926769765820664,0
0.01506445491013469,0.03305009,0.47621385128447924,0
0.044074988697121974,0.056039475,1.9627800295667897,0
0.011497664071659664,0.030451626,0.4392024968762194,0
0.013864810581929041,0.033613384,0.4631825552919839,0
0.029746946257234223,0.053572945,1.339540559756005,0
0.049404963616379735,0.18614988,1.6133735912810832,0
0.033470628176869334,0.02589248,1.4856087183839581,0
0.025934993807025127,0.04341561,0.6799848485630094,0
0.0378095432919955,0.04235374,1.3037783107173353,0
0.027968251563788668,0.09445784,0.9856305788163724,0
0.025079857746238707,0.1655907,0.37073264709254405,0
0.0423114696634308,0.11598038,1.5791113274576325,0
0.013131274530394463,0.026555112,0.2762571750660947,0
0.044091090075918604,0.124237835,1.7081331135735793,0
0.017000320051776978,0.012230505,0.7898937770204859,0
0.05507133066617797,0.104669996,2.528140949097491,0
0.03494641357061094,0.023854302,1.7001677453253865,0
0.027459966759042775,0.05750412,1.0129070111247125,0
0.013386139207361338,0.02903155,0.584096034810335,0
0.04360908391596461,0.116146125,1.3187690459800814,0
0.022500830549335826,0.026979335,0.6136219451034001,0
0.027191981871041087,0.027810862,1.2853339842892486,0
0.0321004319204603,0.05514979,0.4826378324927354,0
0.031122996032487745,0.030340293,1.6045475210594926,0
0.019048601885167285,0.0363403,0.5979453641438516,0
0.06215834179267348,0.34477466,1.3634273833679889,0
0.03082429800265366,0.03935771,1.4329548494006028,0
0.011039718097581504,0.023526736,0.1749259496043595,0
0.015170669455353412,0.090147674,0.2663804881569292,0
0.015749148191614163,0.041095104,0.461181288630491,0
0.029838699227026342,0.061594017,1.270101148135318,0
0.02272824014756983,0.03895768,0.395125164551614,0
0.022399725960851883,0.024333617,0.8939101382172455,0
0.02415838415937757,0.05991769,0.5470797148589971,0
0.01600741581307947,0.01618092,0.7089090480130521,0
0.024607986205580433,0.09414809,0.5599434968359721,0
0.01815269600890357,0.019545682,0.8431506035762396,0
0.012411024210555972,0.026087873,0.4700298343367778,0
0.02748091993290665,0.044667628,1.3133609655378122,0
0.026838519046422163,0.06600996,0.8153500112324672,0
0.02628294414894682,0.06464645,1.1338473882786622,0
0.023919149166262324,0.044272434,1.1119457978002525,0
0.0268692694399318,0.119644746,0.47708734631254157,0
0.018226824402425998,0.021205455,0.6695543292135064,0
0.009202946582643961,0.013910403,0.3531678923772152,0
0.011706537505724262,0.013805699,0.5107209350091323,0
0.02835749051551844,0.06493768,1.2109601012576103,0
0.010681649816368821,0.04680138,0.3430294241008416,0
0.019061907121684457,0.008278568,1.0010327073448904,0
0.019752360937676544,0.024752978,0.9767551008830764,0
0.02114189606372558,0.027464934,0.6765411785208693,0
0.015063269518544892,0.044003915,0.3651431663817208,0
0.018963993756093478,0.048517358,0.7748414853692062,0
0.40297134612534496,0.094100215,22.46363681681854,0
0.022010253360030436,0.05866452,0.783449569765754,0
0.029693442627318475,0.06632967,1.3059207099296797,0
0.019778242703217937,0.06550981,0.2283748665319585,0
0.010192577827094651,0.035171174,0.2840727226301714,0
0.025609340608337777,0.043203253,1.1330013362495042,0
0.0077949858971466755,0.033702485,0.1393785677745821,0
0.03069038656763131,0.06469811,0.7173954539887838,0
0.035577420532443754,0.07079741,1.2399647303818122,0
0.025202006685226725,0.030055868,1.2545354294473627,0
0.034011716305944906,0.011942241,1.8624133370837264,0
0.019860918460831982,0.0077082454,0.9607051303250236,0
0.004651248231474542,0.01436667,0.15233260235151705,0
0.11066503029358568,0.33521613,3.984053157126212,0
0.03404064914982382,0.1481165,0.828488537181823,0
0.027682344305219375,0.034280248,0.8717625431531332,0
0.013472952927083462,0.036260948,0.2537539634443687,0
0.04085527245876737,0.18722475,1.2026779995497257,0
0.013872732688051982,0.047264654,0.4009711270892557,0
0.21117203110349803,0.085642286,10.027069982184425,0
0.012975944250250431,0.013463371,0.4805888945188999,0
0.01319638057453404,0.030625626,0.5221107724625876,0
0.013230333631437045,0.037797958,0.5036677044870919,0
0.015981288505657252,0.03768244,0.5978982111381221,0
0.027783225418024537,0.047278855,1.2161615862902786,0
0.03138330508334362,0.06707353,0.43038074467523796,0
0.015247249269341717,0.016994167,0.711156614542402,0
0.05463967405594525,0.1105467,2.4336102368693733,0
0.0244649435851558,0.037325636,0.6315375480315617,0
0.08246746988158406,0.026827915,4.158629913539998,0
0.029456454711048193,0.13083674,0.7671381079548356,0
0.025023678123680344,0.062272523,0.8111065106090195,0
0.015951644275904203,0.021471646,0.7409258541897995,0
0.04222907360249829,0.12547995,1.689831143339785,0
0.02661602642694144,0.0450125,0.8609784159781886,0
0.03695720094116306,0.058478374,1.7338990613713703,0
0.06325901247617344,0.08552659,3.127061956040865,0
0.03147502005759295,0.16412401,0.8277694857512958,0
0.04273841834192803,0.049486063,2.0225093673233205,0
0.020035229810057592,0.020178193,0.8414968188047258,0
0.06166149976905711,0.071533166,3.0892693076448157,0
0.050796034763819234,0.027614376,2.332886223487357,0
0.01616580290862523,0.016858134,0.5567042106897425,0
0.02444176360906682,0.10499436,0.6656832479865267,0
0.026419235382662987,0.06835992,0.6547760841678026,0
0.04002173028545765,0.12284577,1.527170036741342,0
0.03617226054406193,0.08235103,1.5520356786393885,0
0.03361771046300717,0.031408478,1.737506369899587,0
0.04210011562073021,0.15072772,1.4063285295967456,0
0.01792924328936677,0.078285314,0.5077907015910994,0
0.026871064796297865,0.010455955,1.462041205515341,0
0.01264058261309152,0.013403529,0.5679224111292906,0
0.030025271912144595,0.015017781,1.616209252687539,0
0.03064003199933147,0.047438346,1.4783935038370688,0
0.02982736944975779,0.042559184,1.169043763284603,0
0.014557280100427878,0.029419111,0.3736314372944583,0
0.025071172147958072,0.047646914,1.0435222304238467,0
0.019156589373515102,0.032574866,0.6335267908072256,0
0.020754170639301277,0.06353198,0.7271601371101335,0
0.032082761286995984,0.06670702,1.4316513591502171,0
0.029993596780405724,0.071868144,1.2102297099157253,0
0.013216517894085105,0.029042257,0.25180847903791853,0
0.04793492730232909,0.06995269,2.3006263732244587,0
0.01792606709727826,0.031189289,0.740798607849307,0
0.029152731101365736,0.03369231,0.8589985097733933,0
0.008673867451786405,0.023327464,0.20475553147095676,0
0.026814136541578645,0.04068036,0.6657328757015281,0
0.03326991261504003,0.040867805,1.5774915877463243,0
0.03126329932615722,0.07217244,1.101524780130246,0
0.019844693731121257,0.027332999,0.5966501420711439,0
0.019396129471879502,0.05376647,0.5889272682061518,0
0.042309169151296594,0.15601191,1.483826071420914,0
0.03386236309432,0.064529836,0.7148427701151525,0
0.014912594681600805,0.016195996,0.7506757287635569,0
0.021538749538691962,0.04561454,0.49855552938391295,0
0.03596685983595606,0.03043081,1.3939680614722472,0
0.0533511454760373,0.021120789,2.8978095548614227,0
0.01827753904431388,0.012264847,0.9133197883434632,0
0.05760438378200815,0.33007663,1.247605561448235,0
0.030953740688531545,0.05848019,0.7624698111420417,0
0.0797081974312783,0.029702308,4.281934238938522,0
0.03937679341416059,0.061993483,1.7893772267632977,0
0.06528370897393775,0.24153662,2.194050928273508,0
0.02126307928998322,0.022228843,0.868956571978041,0
0.027679563347332584,0.08496538,0.9893307477759363,0
0.05123326962406256,0.071384184,2.4930670918659117,0
0.047174231141805065,0.07903298,0.9710050383872153,0
0.022513247654611598,0.033944096,1.0839408480785162,0
0.0721283706479414,0.044744767,3.6450911340682217,0
0.06547192716004946,0.009195221,3.589002153036425,0
0.012488579298649865,0.054054577,0.2856804215202652,0
0.027023373849825456,0.021320678,1.0191354463981228,0
0.02469004059225626,0.037221234,1.077819524186436,0
0.04351893831713105,0.057987195,1.98124408265829,0
0.03458636423055505,0.058809754,0.6593403487947356,0
0.021512354168978703,0.030636465,0.9405850519915585,0
0.02064315069146638,0.025720494,0.9518176914914039,0
0.018401455292048473,0.02908437,0.7927657119406756,0
0.04051447715574479,0.023731047,2.109032794163634,0
0.015570438372032496,0.029939583,0.48966740857717045,0
0.029949768349147247,0.18520601,0.5763626794149607,0
0.014411502551049083,0.06576049,0.2905001669432897,0
0.031537241066877345,0.06645123,1.2148113491450292,0
0.013296497670773982,0.055325102,0.34880717741856493,0
0.017482546508167548,0.027671035,0.6657924795983802,0
0.027580964387897852,0.076254986,1.0906531449131869,0
0.020583746940274518,0.050733633,0.6651070652358596,0
0.05152804818390641,0.12884589,1.875230594761209,0
0.02167993300075241,0.041724175,0.7612429820561563,0
0.026830277793393018,0.1288598,0.7088508213783331,0
0.022492231892237514,0.0718401,0.6338172276470675,0
0.033282523247863065,0.06159986,1.4387822952218892,0
0.012745459754339722,0.025741262,0.323690679798772,0
0.03259955282458524,0.08131101,1.138917465493855,0
0.03959693182590554,0.061981298,1.062330367145804,0
0.03179791054032338,0.02983086,1.1746620412997308,0
0.03283931292165898,0.032096226,1.5960803531051344,0
0.05280178204827327,0.05927078,1.8103661730691776,0
0.07432456501422105,0.071221046,3.5555351741522765,0
0.02477884680623213,0.037688497,0.9932500666824264,0
0.018113369397356402,0.018791892,0.8209010821225384,0
0.0373486699039102,0.07948959,1.5933683513198542,0
0.008596340050767627,0.005718257,0.3997981112284044,0
0.05398721498871589,0.039227284,2.8403796935447523,0
0.023898622601217622,0.011821539,1.1844718556700913,0
0.02466896749650873,0.02816486,1.1166235863401734,0
0.023540183752136783,0.034260277,0.7320716194986995,0
0.021829655931522415,0.033037364,1.0248898193587084,0
0.021295002035635075,0.049661867,0.8159909248860371,0
0.030098926500772595,0.07160482,1.2099559647953284,0
0.030703747262682705,0.07113795,1.2150904713563686,0
0.024565985994669748,0.031934146,0.6198498383055089,0
0.032264613163318724,0.045538284,1.0908482630923997,0
0.02592853014369771,0.04823883,0.3996417988433062,0
0.024540164015171992,0.030344725,0.9338348009531121,0
0.016318723694382434,0.05800446,0.48745446714090446,0
0.04524428067422054,0.04586214,1.7905837408822267,0
0.020827355560295902,0.03426767,0.8258083037239211,0
0.019135464845875597,0.042640872,0.36839974926898006,0
0.026993695986087897,0.06546442,0.452174977653088,0
0.02725062937601947,0.06772862,0.5397112224280756,0
0.013821327602178479,0.031333063,0.34450137535750885,0
0.012076320978264386,0.022163773,0.33255998513011825,0
0.021589245190925553,0.07461567,0.7609811246448916,0
0.016752263015792048,0.03826054,0.5847192051485175,0
0.014309376924120676,0.014880751,0.6315802543030284,0
0.020581818113999575,0.027318407,0.6937409225052144,0
0.018749317725638485,0.048034877,0.47830030442622923,0
0.029718645953184707,0.07766961,1.1653060508227926,0
0.02641769268735405,0.033875417,1.2830915381813064,0
0.026684992490226385,0.017698593,1.2174671861777735,0
0.040356584576766226,0.07480386,1.0991355314610955,0
0.02497374126496953,0.08521728,0.9135477531790106,0
0.020504873592788006,0.025806375,0.8432291347056589,0
0.027233646046378478,0.07933042,1.0560767940958726,0
0.05745205087190841,0.02775015,2.630203764497127,0
0.017956255535973346,0.043543357,0.6784146262590374,0
0.019107329109454754,0.028478727,0.8037292455937165,0
0.020227197971024225,0.05495695,0.49556189095262426,0
0.034022693362966754,0.052284136,1.6376114289990322,0
0.024403180573398145,0.032140426,0.8497195885519918,0
0.034181051055435493,0.039724946,1.7155056158275435,0
0.02864991079395014,0.042307418,1.3914687879740923,0
0.021128124044599586,0.08773468,0.6248007030102793,0
0.017111732905608093,0.03319133,0.5171238300925256,0
0.028159065582075718,0.047040105,1.3395411524649312,0
0.049857334123415455,0.23966388,1.372110772983451,0
0.026852479107019545,0.0240129,1.3755073654312053,0
0.03147355415135129,0.050982345,1.4377158904630953,0
0.01484607415846476,0.016038293,0.5270905939026556,0
0.025675277800924667,0.06769722,0.8326601237435377,0
0.03152320445485543,0.047402482,1.5218799417486717,0
0.00915740974269599,0.008257215,0.4257992070270223,0
0.020644466178759115,0.05867994,0.5996117828897248,0
0.054021785904208156,0.23114778,1.7074013469698452,0
0.02182947402173771,0.04013333,0.4974754009584156,0
0.04196185127645586,0.22750966,0.98522313027434,0
0.05046122648990028,0.0867724,2.3925934081849745,0
0.021361032763424298,0.04550335,0.8188619764459435,0
0.050327077471580106,0.13029666,2.1275260708894614,0
0.012822872658704465,0.058874473,0.25630192426013026,0
0.024489398565263748,0.046249263,0.4228520747897219,0
0.023570796334957345,0.07839196,0.8451922525981933,0
0.019048994206124707,0.03975013,0.8218530391376142,0
0.016716003883054064,0.06793688,0.36747274173057415,0
0.03235334820650344,0.16105977,0.9106365247336369,0
0.0769134060559088,0.1043546,2.706607435173628,0
0.019652552276817586,0.064537495,0.5296758515497167,0
0.021944645756686098,0.035093103,0.896224977453091,0
0.023230598437196374,0.057622917,0.7535115459108731,0
0.0220098595784055,0.03051871,0.6521775056802485,0
0.023622135889430657,0.014097058,1.232856150223612,0
0.023857412578530104,0.10255427,0.5875808810566651,0
0.03271082400296685,0.051119488,1.4612532766156858,0
0.0172582497077648,0.014068273,0.8120938186452221,0
0.020191432243343264,0.10081755,0.5696705022505496,0
0.05555221629296488,0.057114005,2.8026361404945073,0
0.02004011009358029,0.049151808,0.762917102008846,0
0.03354417811209971,0.060399722,0.6240948211726957,0
0.022529578178840517,0.028077455,0.6758015611034096,0
0.011539508426595114,0.047518536,0.3207378034151091,0
0.04435403192128247,0.033931997,2.3204808053032733,0
0.08162113542578844,0.09919018,3.3989396310318356,0
0.033051812038853434,0.11147678,1.0910250132585777,0
0.054629594096423734,0.048498705,2.8314903525406274,0
0.011099421815630915,0.028262107,0.2903226561920171,0
0.036228258404735605,0.10113809,1.4799492882462948,0
0.024624108885581607,0.031476747,1.221571240306022,0
0.022624179681715637,0.040235244,0.9700325350263297,0
0.02480658558663318,0.045239303,0.527689340497165,0
0.012985729347754072,0.01681115,0.5661886361464543,0
0.01913818685457629,0.09805684,0.35390340564491657,0
0.022184520858520986,0.058458194,0.6887176902014845,0
0.04683403470344878,0.17323308,0.6044891290605356,0
0.01906903422346626,0.046766892,0.3046375141098913,0
0.02400894333620495,0.036342964,1.1021829364864992,0
0.027628247693371036,0.04251183,0.5230953241627302,0
0.0156668130453853,0.06367096,0.3543611219320359,0
0.010636981222364115,0.0550352,0.22720833019329337,0
0.03363822304630075,0.09174251,1.326512754966676,0
0.02198435063988093,0.060927916,0.21631490609391596,0
0.03387879530493129,0.08579184,1.3933236641708822,0
0.007059673391429263,0.008416805,0.29069044098786656,0
0.025521015003577386,0.018883258,1.2083979057385896,0
0.00901874129393265,0.019651148,0.17565665607976905,0
0.014120745821494918,0.040774524,0.22022580939835465,0
0.036245099837250265,0.030185746,1.8296930654207066,0
0.01956602975879988,0.09113831,0.5456058886074442,0
0.011850622143649852,0.091748,0.15283341402582754,0
0.02967032831799611,0.14307167,0.4243734440769147,0
0.019133650715622806,0.023603491,0.8669530575671092,0
0.02139487666102665,0.062026072,0.5967975912712847,0
0.02035751158201433,0.040248927,0.8034680286598029,0
0.016512619228661478,0.0119762905,0.7264630096770012,0
0.0459534027060467,0.15129794,1.4475855137263804,0
0.024167552194028087,0.05093616,1.0621025841191725,0
0.02771229397828083,0.07705753,1.0284156647278313,0
0.014364938711035577,0.008132638,0.7122705491224333,0
0.023468695099512254,0.07371975,0.916240821268353,0
0.02163462749624509,0.038982455,0.9434919637174227,0
0.08551480049357353,0.04327937,4.433667561741579,0
0.03270580490129849,0.023722868,1.5254037889763052,0
0.022084798829529104,0.022011498,0.9994444619066378,0
0.025153923407823284,0.08715719,0.4667381808600133,0
0.10342081246635773,0.31087545,3.982431005167011,0
0.03933453490397534,0.090537705,1.5490797669575223,0
0.04074518327635723,0.12863493,1.5391821908647205,0
0.03912848921514717,0.066956244,0.8642029918779746,0
0.01473093076194065,0.042248763,0.578971948812791,0
0.010898623133831059,0.016612506,0.4719705530421632,0
0.050145309756788554,0.098831296,2.2989995389384603,0
0.023941400497613983,0.03140675,0.9601036054351665,0
0.04612941515021412,0.127956,1.8676302440950212,0
0.03136277018067658,0.08099647,0.28757764765855176,0
0.01735161905260974,0.034410264,0.5445427594845637,0
0.05036695825779391,0.08406962,0.9670436693841717,0
0.023129837895311988,0.04131726,0.9557346210975541,0
0.017963863546746114,0.05143366,0.3234646649132159,0
0.03879225104725145,0.046550393,1.947176256441116,0
0.019312209000247424,0.10049551,0.5189610557582274,0
0.01794687763782652,0.025715841,0.7911875092428141,0
0.026474605579981977,0.09480905,0.5031719938808557,0
0.016009818602533775,0.031069817,0.6917255847563147,0
0.02241798167899935,0.0126143135,1.1866890412888313,0
0.02062969275705221,0.043922447,0.7715396856679058,0
0.0251061641707593,0.07977233,0.9341288747181903,0
0.015240409046763485,0.06688222,0.16594892321998647,0
0.02502599621925363,0.042409502,1.0269587930839763,0
0.03872919389365846,0.09193858,1.0001910931253233,0
0.02332146573287829,0.026708871,1.1449417239805086,0
0.004331390671643729,0.012543652,0.04005288671079256,0
0.011419599187048182,0.036463384,0.22637118597099665,0
0.03405577368922101,0.040157665,1.0414989708079594,0
0.04098599288566243,0.088920146,1.584856058000552,0
0.01714901451980524,0.053929158,0.4903740253832684,0
0.037733181702673355,0.07454396,1.155183776329152,0
0.06497308375934144,0.08380355,3.2337727775986322,0
0.018375716553549234,0.017935576,0.9355929443982799,0
0.019682956774091626,0.084385976,0.5960707640577846,0
0.021503892107899793,0.049334668,0.4434073610585469,0
0.025097204401384233,0.028301142,0.9703417117190115,0
0.019901416813108867,0.034869116,0.380474331767825,0
0.04263533716791957,0.058065634,1.8392158212015992,0
0.026032749973033738,0.118178844,0.6667405186029716,0
0.029608573538378383,0.027662093,1.1042304802976246,0
0.026297868140946395,0.07391039,0.8817420918932184,0
0.027585706833502303,0.038438793,1.3526240720080334,0
0.03667866547637112,0.10655585,1.358752912741404,0
0.01205947183787857,0.050132036,0.2890144274793613,0
0.02155432021840241,0.13647166,0.44522348548582785,0
0.029824402561681118,0.09710478,0.6694578115275943,0
0.022995681807046912,0.026675994,1.1182574914788224,0
0.03695821496010003,0.05644897,1.6150165930157467,0
0.05330935704353259,0.10548416,2.4430057482200196,0
0.04219998514750554,0.08454019,1.901154555392883,0
0.02229768378285988,0.019849252,0.8481877871335359,0
0.008605182615428149,0.026725225,0.2218252264042661,0
0.022281625098475977,0.0628449,0.7782211232111615,0
0.037198661118445504,0.025896015,1.9325224640726333,0
0.02695515547605051,0.07553388,0.8652814374904612,0
0.03949941053995433,0.13084085,0.7588143330420921,0
0.016810618038999105,0.0803053,0.22673814403731127,0
0.015925122141968145,0.05876962,0.3076167096034654,0
0.02393170296219745,0.025512857,1.0803060689554898,0
0.0403923822592749,0.07581696,1.7884024423880283,0
0.014365212728038833,0.025976213,0.3078430674413426,0
0.01677024773592547,0.0052559613,0.8934479682696684,0
0.025812639400126403,0.10841873,0.8444031342652148,0
0.014666214234238884,0.027703637,0.6289036682784567,0
0.01618334994163907,0.016451824,0.6409145192066845,0
0.036307947867941795,0.049511462,1.7169286730903406,0
0.011561724976758395,0.032484654,0.38012663650790224,0
0.0052394958700951065,0.027246652,0.0926521618854162,0
0.015758381003446696,0.035465695,0.6292683570981542,0
0.024622820866419717,0.017286232,1.2950052587729,0
0.019713780387833828,0.098461464,0.1452738820756512,0
0.022838724702191754,0.025802499,0.723381168557457,0
0.011070470206599757,0.013651898,0.4215849753430602,0
0.017496315916714723,0.027685395,0.5723789859944591,0
0.043955434251703125,0.27143377,0.8336575731117948,0
0.020383888907956033,0.049247492,0.478393015853724,0
0.046085307002803166,0.15785642,0.5768802105963158,0
0.018598488151945286,0.020711888,0.8705723813578302,0
0.030072906250313274,0.118553795,0.725257511735766,0
0.018135926461775864,0.032698758,0.7554587165395454,0
0.026696069905118552,0.04898445,0.3322966428720397,0
0.02525790049171629,0.15037249,0.3071963033623431,0
0.021566609304769235,0.04964375,0.7960620649067749,0
0.01716388491244995,0.014590745,0.8045216106668406,0
0.007314258514951827,0.011435653,0.3261588433449998,0
0.07943846853934317,0.24338487,2.9531178840766614,0
0.02154397195252933,0.04171394,0.9372198144033739,0
0.03996570242468348,0.0584681,1.324811357462686,0
0.03047603992507984,0.035080798,1.005227738867121,0
0.03759806161667197,0.072880045,1.6941056007667603,0
0.01578675284813847,0.029436188,0.6845510564019675,0
0.015340447838459456,0.010334725,0.8057573666564539,0
0.036627494002810304,0.11590995,1.35882463232327,0
0.016118005602741778,0.0413432,0.5912790569480105,0
0.022393650107212334,0.03929583,1.0529925064966092,0
0.007146232899534392,0.01216152,0.25338339087365774,0
0.022128680719426037,0.06384999,0.8446466191242761,0
0.016680184473989675,0.029335717,0.7337205158737512,0
0.014142723710113684,0.016357832,0.5306008152363633,0
0.02513109393935702,0.026061544,1.2574940629653162,0
0.015989005623846943,0.05124743,0.31748437815164604,0
0.039400183497485426,0.07362375,1.8158363609883443,0
0.01023351418893217,0.015251804,0.36101590200094774,0
0.06102140084976032,0.092369966,2.8324092393398326,0
0.020641547064618276,0.048957672,0.7255486050681907,0
0.03601216775757145,0.031862825,1.8428794437813487,0
0.028820204159746805,0.08090447,1.0816915937718452,0
0.01634765329190904,0.018379124,0.7374430683301626,0
0.04562484394055781,0.1148966,1.7395286475704237,0
0.03726647847807445,0.066700645,1.7448453053818225,0
0.022364209195443237,0.016121037,1.005902277484254,0
0.02086780990879611,0.05532687,0.758882002835036,0
0.009945576973688811,0.014071927,0.42312820260025985,0
0.032001884572079795,0.084345035,0.7577908074113066,0
0.03497410077514518,0.031737838,1.415837317353955,0
0.019012366585315455,0.056511905,0.42538072243770386,0
0.01108021562790423,0.017778318,0.3901239669731058,0
0.005370421146797756,0.008477154,0.19349501954988116,0
0.0400430990046996,0.062801786,0.9717407336397839,0
0.01668502773223049,0.018853948,0.7089038724389886,0
0.008053635717581605,0.016384132,0.2636219968889425,0
0.03888883958853373,0.14528948,0.3775970592951167,0
0.03072465092315995,0.045443494,0.7738013477705418,0
0.021431356736963756,0.029802954,0.7007670074012665,0
0.05265946482440602,0.11084977,1.0574802929248153,0
0.010873044202321533,0.023035614,0.4248499093963719,0
0.023103135225217786,0.064551406,0.90419637357412,0
0.027005486111813005,0.07284881,0.28710262167348316,0
0.011397222483701158,0.01986693,0.3395206972820143,0
0.043760447343340954,0.09478295,1.5692685412522078,0
0.019990769704666247,0.072439075,0.6251148424336543,0
0.01765612151982518,0.05823782,0.639422386512838,0
0.019430123204970423,0.014712675,1.014489641237734,0
0.03485865642129497,0.1055011,1.2782450011514432,0
0.011606996161594168,0.016985266,0.5245871152512835,0
0.02318312807444055,0.034054875,1.0355113850370172,0
0.1350108530694563,0.057202406,6.4005766550229195,0
0.05652660983183157,0.062143214,1.7441105301867978,0
0.016022761908016367,0.05395985,0.26925718797605425,0
0.02122263044499298,0.04995278,0.46223262114288427,0
0.0116153023754451,0.036222722,0.3594402770251217,0
0.06100893978501539,0.04020738,2.959753582535779,0
0.0326430628548392,0.0370858,0.9640280459711352,0
0.027931548385315634,0.070775636,0.8422053714171818,0
0.02373186961089148,0.13485758,0.5027024011824629,0
0.03977523405860835,0.24965413,0.7912882138813008,0
0.02263002720572881,0.019562902,1.1575456660052723,0
0.012214644275613654,0.010324736,0.5736520963468515,0
0.017483629442615466,0.022681804,0.4880059260968443,0
0.02720213464694384,0.09774346,0.23466127002232215,0
0.04263364843438658,0.14644042,1.44427100398173,0
0.025115788429604245,0.04626624,0.7223858584524917,0
0.023300468321462035,0.056872565,0.36016053630093764,0
0.02165467272742809,0.11346996,0.524128215265381,0
0.02888216007223303,0.07468673,0.7575161764521351,0
0.03739640627362264,0.14127037,0.8492820222479963,0
0.01923496692946812,0.056218036,0.5286276388241928,0
0.011061774124440687,0.030176688,0.449913219763968,0
0.045639256341480985,0.02718123,2.3942528094506845,0
0.010150444691373375,0.032742094,0.22697828503425752,0
0.00657034304610607,0.008614048,0.28026458637312074,0
0.012201984544192041,0.012963457,0.5754541572833667,0
0.02266666606342777,0.042644836,0.9427777806517431,0
0.06198050361638195,0.023839427,3.378150025377798,0
0.01729836786857167,0.018986117,0.6782071323700366,0
0.030612408226302654,0.024560055,1.174201141361153,0
0.015929704895197697,0.01547507,0.7794308332244814,0
0.016196417666405463,0.019256352,0.5902627894868389,0
0.010563771926793496,0.013282604,0.3733039216920358,0
0.010421378036617399,0.013875385,0.42911312924249345,0
0.00558944556757691,0.01691268,0.15719277387640213,0
0.05097096174057983,0.108529985,1.9345243733451076,0
0.036675589858673766,0.035856646,1.3827051364838134,0
0.021355055144929004,0.039950043,0.6559836869312253,0
0.011627145352181428,0.016292619,0.3963644290588477,0
0.01928069012779575,0.058167502,0.502081943749722,0
0.05303468835536738,0.04085254,1.9989725218165286,0
0.0068126662765112195,0.0084917685,0.2775861697071187,0
0.01666478051175286,0.02208794,0.7695765342195229,0
0.010733851478248665,0.00480745,0.5705256321247766,0
0.02727261361343327,0.039734207,0.7038900480595445,0
0.024422227690921363,0.035723116,0.9162551125823795,0
0.027599290570858147,0.03375637,0.9361195594081453,0
0.02332695522812032,0.040637363,0.3409033568522801,0
0.023295357965520413,0.04205743,0.2721794180315222,0
0.028974749734993862,0.072377056,0.4185606427225987,0
0.06388381605190566,0.123778045,2.153851872351241,0
0.03544810368662968,0.07704667,1.4979851097798793,0
0.05531913264933127,0.04616833,2.843870037515231,0
0.014953387183976517,0.04230851,0.42381076898735415,0
0.01216302771549554,0.027286999,0.3217018866742176,0
0.027455630967283366,0.0609522,0.9030870397042666,0
0.031513756633147025,0.068135776,1.3840993102810049,0
0.027423081302135506,0.1888862,0.30794960880360117,0
0.03310223554538967,0.061385315,1.3292643502017165,0
0.02394345872990148,0.065363474,0.7171664503988172,0
0.02105544415339925,0.042330917,0.9199253896199249,0
0.033867890534471666,0.081209585,1.1147956517137985,0
0.050515211665537615,0.14899984,1.3533384586630548,0
0.010973714673327065,0.03334296,0.38304655541215665,0
0.017983542239265606,0.038374897,0.49819220758907656,0
0.014000780038619367,0.03966943,0.481300837617041,0
0.015852059661034274,0.012025359,0.6578961447898372,0
0.029417225787470015,0.04727015,0.7255762075014888,0
0.010082168615640857,0.018480182,0.3707302414319842,0
0.030453796362714614,0.12465557,0.928283691880949,0
0.02800827646313286,0.02147144,1.3856545698750131,0
0.017535540407388178,0.019919364,0.7918586159849367,0
0.022514615181281505,0.05229222,0.8451565339946719,0
0.019940867377962725,0.07936238,0.3780991719818881,0
0.028706519982220166,0.035607476,1.3628801322363555,0
0.02559884345564003,0.036129173,0.9878630590252055,0
0.017388150644710824,0.020921232,0.7751562926965293,0
0.031325923821455715,0.06614853,0.7232813124174732,0
0.01006164177161227,0.01691514,0.3883568902953143,0
0.04884728933321956,0.09178786,2.2502834378815346,0
0.04743165555483012,0.027464276,2.5540648419750767,0
0.02364370498453375,0.12682106,0.5514422550808113,0
0.04216816751625696,0.12860084,1.5018277098441577,0
0.011872343244321076,0.022768425,0.5138134795770063,0
0.03206552038614881,0.043254584,1.5604011839924907,0
0.04968083293357001,0.053984474,1.6155220285558607,0
0.02547933316799677,0.091563076,0.6467356005055559,0
0.023203035280821693,0.021848498,0.922943634972415,0
0.04574591574977881,0.172018,1.522780911363702,0
0.009268084928274484,0.035289925,0.25206794006721256,0
0.0505036234839861,0.22385915,1.5608900468514104,0
0.007880575045636884,0.053481482,0.07346268785056038,0
0.0034031582274191754,0.006957743,0.12345670698154874,0
0.02594140645023116,0.07103588,0.9131832228370711,0
0.00645338613010994,0.014717643,0.20471516854837435,0
0.024317610865843428,0.061296254,0.8903320121451391,0
0.008230411084177752,0.0088261925,0.3733717698990708,0
0.017803995943927196,0.015130682,0.7906000835924445,0
0.008959717263856918,0.02169954,0.3742737376068029,0
0.019235949993257517,0.05648182,0.6930724769265082,0
0.01247233406993414,0.05329706,0.35562997995028955,0
0.01931115224757482,0.046172023,0.5332948651616356,0
0.021248716509512593,0.02064493,0.9387946736422805,0
0.02000991812089991,0.023369776,0.6462713776868844,0
0.031728439146088874,0.07482315,1.2431738363691343,0
0.019628821289347648,0.06560449,0.4295030723494965,0
0.03370844854846482,0.061275434,1.3477141988957402,0
0.012310315926805454,0.061190017,0.1751693834545652,0
0.02787467995441284,0.081175245,0.8721094330283307,0
0.01758178207095029,0.043496482,0.5761127027324859,0
0.014389489308311744,0.024266098,0.5669012986451354,0
0.027492411926518245,0.04222784,1.0858647830910468,0
0.017307777972502936,0.033699904,0.30887412573541817,0
0.021029799417417432,0.052725215,0.8945796074533524,0
0.009462700355342083,0.009752676,0.4068655584211163,0
0.022189447758841383,0.016050782,1.1704591215958378,0
0.022844436733083246,0.074540794,0.16544495972140566,0
0.023934000617941865,0.011598682,1.1507960005008224,0
0.024098403028059007,0.03809356,1.1220536436630129,0
0.009365394440761694,0.035738334,0.1796128821225995,0
0.05985690933816811,0.064896874,2.0176149896437874,0
0.03165410694964135,0.17563915,0.3276007672032109,0
0.037639054048313934,0.016262226,2.044964936615562,0
0.010052559689116,0.012159919,0.39345782434686166,0
0.019347834396769587,0.034123264,0.7668063414209059,0
0.00804153891877931,0.0322591,0.23314616832101565,0
0.04837543366752486,0.04727668,1.9590271942152677,0
0.038615606350373644,0.028883822,2.000732660901429,0
0.05481695756898749,0.11210753,2.1347803211763243,0
0.08794817434585853,0.27407688,3.387610391482676,0
0.01809938358351009,0.023724487,0.6426255860459323,0
0.03474519964839824,0.13416615,1.1076775534323207,0
0.03429921306140812,0.020784024,1.4766718825097156,0
0.036446705201133064,0.14718759,1.2256955210245144,0
0.017322724870101242,0.031797983,0.7178463556652042,0
0.020439142802498943,0.059694786,0.4421112867046965,0
0.017191290249786703,0.03820246,0.5644465848669142,0
0.020090180947303894,0.027429307,0.875237224093194,0
0.020393525585510934,0.074277095,0.4008867134026277,0
0.020067076971281933,0.023172906,0.6254421741077958,0
0.0316238956888413,0.05707113,1.3521933307804617,0
0.022735725710387438,0.034298286,1.097662297562959,0
0.04144947329250591,0.07177386,1.77180672910895,0
0.017582529945852823,0.017502086,0.8826261141860504,0
0.025496673401662055,0.050783012,0.5533682984184758,0
0.011189582280825252,0.01931926,0.3608609045638683,0
0.005134672025310674,0.004357198,0.2353052452619415,0
0.009299223965623087,0.0042875735,0.4386316910618285,0
0.023743165335458376,0.010963891,1.2856385116053552,0
0.039324456779204556,0.14034873,1.2685464858814144,0
0.02876557991663408,0.089672685,0.5431076277345063,0
0.04197615262932087,0.035786256,2.009026970019205,0
0.017334600094528876,0.061570197,0.6075222813907929,0
0.023715547146031534,0.050806947,0.5787499881656868,0
0.020508835898679197,0.049738985,0.7569261457019119,0
0.016550326494983295,0.012742138,0.7724940887581133,0
0.0452001941914373,0.094054855,1.9721582101260187,0
0.016102103053477895,0.045178816,0.6248353103798234,0
0.044864035061091746,0.037091147,2.3073060881823424,0
0.32860786420630617,0.06493521,17.642360883319093,0
0.03774027846022138,0.043497015,1.184600445145747,0
0.03333551199950642,0.08867842,1.219853720891702,0
0.014530575572559906,0.031202443,0.5944590694375718,0
0.019344987366509362,0.03478217,0.5594464952836032,0
0.013409528009244583,0.054995798,0.2373362704483532,0
0.029712783086319715,0.046715412,0.6556518381501634,0
0.009400403295112957,0.020486733,0.3218964732051493,0
0.024468024546956558,0.04425226,1.0731215592757128,0
0.02371211275102343,0.022239985,0.8096888410521829,0
0.024141536432804783,0.038840245,0.571110662438411,0
0.01991568098522038,0.026504755,0.6871329655092476,0
0.03973758541405336,0.16097148,1.2448970355975806,0
0.05044878866586071,0.072023876,1.6996742380700338,0
0.023076302634182214,0.1100176,0.4619943306513463,0
0.030325636829628078,0.012641984,1.6618427470144654,0
0.013066666558931765,0.01634901,0.5855120240459334,0
0.011284964553631434,0.012623843,0.41723472121471816,0
0.04633402530528475,0.12459382,1.818435138579595,0
0.013584383539137518,0.023923047,0.39622718499135307,0
0.02206851530794328,0.060569026,0.7019092928367396,0
0.02047498997424591,0.072672516,0.5886307762924824,0
0.04265835540678158,0.08922426,1.8557686056711367,0
0.012382322687265518,0.025029449,0.4369869252112369,0
0.036707099907933735,0.06912424,1.6773385615619711,0
0.035037143976785486,0.041841675,1.5613179519639495,0
0.02474296668262127,0.044802364,1.1503596793638045,0
0.023089929703829844,0.04942692,0.888890436143989,0
0.022393681011544642,0.015079974,0.9875464974228579,0
0.022800559992125494,0.03559101,0.8022407160228979,0
0.012332023166228995,0.018069088,0.5259251422877133,0
0.055758898367756625,0.077929884,1.4813394973610576,0
0.019094255307836608,0.02106244,0.9273962965181793,0
0.04373200878791181,0.017678611,2.0972481583120492,0
0.031206886669177633,0.028878672,1.5241677010096117,0
0.014522040278531151,0.03909844,0.549997888886087,0
0.023820345260698924,0.08072308,0.6577233630918594,0
0.03333945242367617,0.03844865,1.6784452948747572,0
0.022672910144028946,0.043289587,0.8918212360173233,0
0.047134066180867684,0.160324,1.615452980767528,0
0.019943032027507107,0.033702385,0.9412532729500847,0
0.017213912739726667,0.026191015,0.803338025355519,0
0.05521169972395316,0.040624373,2.845087186549968,0
0.017213563106518122,0.017595747,0.8509055216213572,0
0.06476383738746325,0.28957963,2.019977054428347,0
0.03462519573297806,0.09747627,0.5848149279008215,0
0.021909611051413966,0.04583004,0.7765560489459661,0
0.031259729425836144,0.023637729,1.512403899605231,0
0.05929833696341375,0.016449813,3.2868990241423237,0
0.05950699566523203,0.23909175,1.7673048345353377,0
0.025368165578565346,0.058631502,0.2138972125256827,0
0.046178443076533904,0.11185671,1.9479303414453037,0
0.012064636418815184,0.017024774,0.5691508837684348,0
0.025834364849456528,0.016175877,1.0984804897176894,0
0.057839473650018354,0.020564264,3.0516008785955937,0
0.023154494495871834,0.037940416,1.0739323692748841,0
0.0284319144442208,0.06055701,1.2628280287393825,0
0.012748707961135301,0.013310234,0.5694045199402885,0
0.013947343670948444,0.004180989,0.7427993263921848,0
0.023997685463101867,0.025332216,0.8405953597882482,0
0.015354642504542769,0.052943483,0.3939661037187622,0
0.038897426809916064,0.10025672,1.3338004089660467,0
0.047343561289569784,0.15337385,1.2224854992548626,0
0.04979225195831115,0.15349421,1.2095251931635382,0
0.017408591807965716,0.019381426,0.8498740549275707,0
0.12994173804153075,0.042292096,7.145908491530068,0
0.022128176288056786,0.100213975,0.5405248622016761,0
0.013147348599532616,0.012523633,0.6314957353660312,0
0.017841679571157336,0.07009064,0.5984863382382312,0
0.014383639563019496,0.03796799,0.41940637220743265,0
0.03868829684370739,0.0352894,1.9498763435517572,0
0.04936101408221985,0.042871468,2.5166205947171663,0
0.029678289435237242,0.038582187,1.2509922423877107,0
0.016685883509339423,0.012266344,0.8694382112350074,0
0.017310410226336715,0.014420302,0.9034711072034812,0
0.02907691806252092,0.050130554,0.6626719455073642,0
0.04748208027594672,0.14063022,1.81870016263266,0
0.01489746324288524,0.051032804,0.051236469579275315,0
0.024349882051734727,0.024695424,0.8982679941075434,0
0.018877548045096226,0.029223002,0.7189453316041041,0
0.04833704153380859,0.10192924,1.170678583212174,0
0.058199050302425885,0.025905076,3.179924137684161,0
0.019690450520932632,0.031061403,0.4035786562531532,0
0.0299938668361429,0.022170514,1.5643491501140827,0
0.0386278410852704,0.06951989,1.6789828300965524,0
0.015995910664237722,0.030094795,0.48167888309515344,0
0.11595259067113457,0.40274942,4.313688263682314,0
0.020741680706233667,0.027430074,0.802527087721215,0
0.028593741612439244,0.09505865,1.0610860171559369,0
0.06260562301586398,0.10023428,2.979629142985154,0
0.019394008859048482,0.018514603,0.8337255174244736,0
0.028531911882913288,0.050045364,0.8228965011772545,0
0.019462919026546153,0.016827354,0.8309567150257452,0
0.03425021293455138,0.11433478,1.3063923591038848,0
0.024177441642167254,0.059023578,0.9797564742074176,0
0.03180035034726714,0.22134508,0.5511273337079329,0
0.019185844275876048,0.03479421,0.31147991431003264,0
0.018577962373430713,0.029469298,0.8274078196561376,0
0.017152176872296428,0.02796357,0.6780521784833943,0
0.03012257897511413,0.12672094,0.7418121657748085,0
0.021544970799103325,0.029383725,0.9374054036280736,0
0.013390123957318523,0.027914565,0.277414542926681,0
0.016429038902925436,0.027395584,0.665005584301643,0
0.03388322300820083,0.050431285,1.519625239001722,0
0.009524261460489085,0.025567096,0.3344197687175687,0
0.0304532461051302,0.092332855,1.0499853453603847,0
0.023388967966425752,0.032347053,1.0537869115842609,0
0.0194095701958986,0.03352728,0.8310914047165179,0
0.06038867482257677,0.0573531,2.5719396872717466,0
0.05336074040517891,0.17694166,2.0393582416422094,0
0.01697473970621767,0.033395473,0.6515128004415939,0
0.04330770723974012,0.15720004,1.4805826978458305,0
0.022861974851398178,0.11196487,0.6151087781211639,0
0.07379981659813908,0.05507361,3.0760207124638166,0
0.050295042684527856,0.050472494,2.565591454248524,0
0.02085340105347941,0.046668123,0.4199462241488347,0
0.0166933519591701,0.033321384,0.6074402154674704,0
0.031096644236128755,0.020536829,1.4639798653414744,0
0.035005521933019965,0.023138061,1.5191339613497197,0
0.021795854334492097,0.11104977,0.49567117104125336,0
0.02947454439843388,0.09919327,0.43882775811519775,0
0.02737314693057648,0.047320973,1.0238905913193384,0
0.04699803827039033,0.10083009,2.0049669907526027,0
0.047529341256595754,0.04150113,2.2201734575684724,0
0.0046876610992867065,0.0032662356,0.1882709643699314,0
0.021644627841335123,0.052509405,0.3473423428366978,0
0.02344143488289468,0.019470226,1.0404509364186676,0
0.02596465904761235,0.02644662,1.3159192727283928,0
0.028962556202003567,0.05423934,0.43667383982299746,0
0.0670797803508812,0.01461324,3.7321481086875514,0
0.032135259933498694,0.014963249,1.7469204577565862,0
0.020320406284573676,0.058777407,0.6376272998317098,0
0.01911910531458248,0.03546088,0.7683366782862872,0
0.024911689697622894,0.034732454,0.8793960942622755,0
0.03383728402909124,0.09350319,0.26506667887507346,0
0.0659481067791153,0.1853524,1.125938780101636,0
0.012678326415717115,0.011964263,0.5419971928027966,0
0.057845890655554594,0.099530235,2.2033548941528713,0
0.0056679812259972095,0.014946098,0.0,0
0.028211222853183053,0.07413024,1.108226040991096,0
0.018475502732186705,0.08221397,0.32924350612710823,0
0.025713445514250238,0.08725236,0.7496513017096916,0
0.02364623633862441,0.022455614,1.0452407607140648,0
0.015082220269012403,0.06815262,0.38854319242054636,0
0.039663354227250015,0.03941006,1.9171248337471936,0
0.005835922003329464,0.023062648,0.10409139121167134,0
0.027093051577180855,0.02831316,1.0544887664800284,0
0.012275064453730014,0.03027146,0.37351231499354837,0
0.016422498708920992,0.035586137,0.15490680771719242,0
0.006661205025745987,0.005915893,0.32894385459753683,0
0.09440607838541609,0.045824863,5.039225940562513,0
0.013300078653663899,0.019919382,0.5606235259220685,0
0.043040608515815176,0.08309786,1.9360013517794525,0
0.011424947381709967,0.0055853752,0.5867201714466835,0
0.010948274964706338,0.015468429,0.4864298099149034,0
0.044093752941353245,0.1562991,1.4604441062799909,0
0.03428069009513574,0.02524914,1.6690687393675543,0
0.03245016153031977,0.051363796,1.506303753028408,0
0.02787611839774518,0.029759938,1.4088821146643733,0
0.022711206224032603,0.061442282,0.722781129857754,0
0.11102543331446077,0.2821797,0.6727840534180437,0
0.04561338725127189,0.00782641,2.5596141919283806,0
0.02525895822641956,0.021474434,0.9064314100546457,0
0.018322083769265956,0.02285161,0.5751449714278741,0
0.014546646657196741,0.029993426,0.6352871759759635,0
0.04499264982601667,0.08572822,0.4061824862110283,0
0.03375443520176867,0.03803428,1.2798280305546885,0
0.023855523589594443,0.016705459,1.2355534818331118,0
0.02240871742438531,0.03491311,1.0103319671580333,0
0.011116077022676227,0.029105386,0.3847647700012094,0
0.026693495463636308,0.073383376,0.721664581322576,0
0.05724575867106309,0.14538395,0.6639414159380905,0
0.033633458483024396,0.044763103,1.485384667364896,0
0.01018147238717786,0.023608059,0.414010955085222,0
0.024265309859727427,0.08630859,0.4805773430320467,0
0.016010913273589267,0.02868644,0.6765447899837357,0
0.03391852037132341,0.031146772,1.3471690058455823,0
0.017788671863725788,0.03363362,0.574793074084181,0
0.02456353018453937,0.031416293,0.6909724964244626,0
0.01560490812432714,0.0359515,0.5860308451181838,0
0.030302043042485176,0.07531634,0.9137513498810182,0
0.0257528231637049,0.05419812,0.9676769393318476,0
0.026621814059458654,0.069170274,0.9809750438751267,0
0.033804412241227176,0.066021755,0.9050834818678597,0
0.028835779708629525,0.10240951,1.0414534082174014,0
0.029380341404380894,0.0658866,1.2462507430960448,0
0.02261221880407991,0.04860843,0.6297479271688218,0
0.02387784636598321,0.034725722,1.0978942820548971,0
0.022516046345287064,0.04831283,0.4240617219918886,0
0.014865903566848835,0.013044248,0.7570804076753938,0
0.030610942261917785,0.099474415,1.0208143522808408,0
0.05132854913744948,0.044328872,2.2787642289816477,0
0.021047528693948974,0.073927194,0.692970921533126,0
0.032477043096168584,0.19042742,0.6968706202634813,0
0.029691941608774246,0.13497093,0.7777951310459659,0
0.018100079080490914,0.022586681,0.586258184424915,0
0.01152032105000931,0.013514649,0.4962827477028146,0
0.041304412409314296,0.06905488,1.7783941297435442,0
0.08645905020761703,0.15998986,4.006888229265784,0
0.016267521081079126,0.01112279,0.7857292877709436,0
0.024288802634315033,0.032256696,0.9569587944515506,0
0.03364601317311239,0.0833547,1.4360992227110174,0
0.007094122244630654,0.018534053,0.2857243158018159,0
0.014436739368137627,0.032084104,0.4514560200497575,0
0.013607943805492743,0.032755584,0.4939014590938295,0
0.1017286310378101,0.14857036,4.494947911324508,0
0.017027900470063237,0.014699666,0.7857560163320696,0
0.02536027280030582,0.037536144,1.1009396266722697,0
0.024541817369239542,0.04503404,1.1444224077263823,0
0.031760331566382936,0.10818284,1.1591413907151502,0
0.017002861138248164,0.042120498,0.3771964568950434,0
0.02000465900881366,0.06902944,0.5929416913439934,0
0.02597962147777298,0.035795167,1.2040663626296793,0
0.024486281503605132,0.07178018,0.9000369488691261,0
0.015547485011622612,0.07480202,0.20853853078995394,0
0.04059761551127606,0.03299955,1.6027682808389834,0
0.030130750938714732,0.056632813,1.2620018051027455,0
0.026487569806707766,0.087877095,0.36764771293837933,0
0.022496818311059576,0.025072949,0.6974538135809086,0
0.014637949869679473,0.032026514,0.5821329671453099,0
0.018656066274471965,0.055318803,0.697110191176852,0
0.03673593889780929,0.17353672,1.0392869222480907,0
0.03514818231297345,0.052491244,0.9830604500724528,0
0.038254344452432185,0.17584789,1.0547170426116348,0
0.045628229613217566,0.067268856,1.1550607872490763,0
0.0170748675094348,0.039224487,0.7327462631536624,0
0.031845021854394924,0.027410563,1.375564926101506,0
0.031264364993419454,0.087147035,1.04881766446907,0
0.0343102970645772,0.022242049,1.82668070343066,0
0.015451774765349667,0.04398529,0.3559766433625653,0
0.028271396513995243,0.06832677,0.929019484987683,0
0.015000483155833657,0.04960284,0.26493760281517215,0
0.010430862646792716,0.0054675248,0.4639849814226443,0
0.009210139092803254,0.013335186,0.3938198655855926,0
0.011301378034383571,0.01791771,0.4510045153356672,0
0.05007303036785373,0.09525538,2.322822790376888,0
0.01327508212641405,0.019569641,0.4409545259956727,0
0.03426776363418921,0.026364133,1.7860410286103052,0
0.02244912298734275,0.039111342,0.6177116504328825,0
0.023154110010946,0.04030192,0.784758923793059,0
0.035568541666902424,0.13673642,0.9158286259361202,0
0.01861496170586001,0.022718074,0.7372739075945094,0
0.01800092224864934,0.025161104,0.843809605618019,0
0.0330396099256901,0.1515737,1.0155144481680576,0
0.030393996751851567,0.027101478,1.541795677405975,0
0.032703975048744054,0.041264083,1.5628558618770305,0
0.030604373285323082,0.061221465,1.3477423235401211,0
0.01828051586760806,0.028751047,0.7995774532930948,0
0.02172659632227235,0.08366004,0.7047387138904095,0
0.019787717989895218,0.048603624,0.7625358142877305,0
0.0416958588078027,0.18031378,1.329557126076512,0
0.022149905716476775,0.021905513,1.1068501330956793,0
0.01569050204160722,0.04589549,0.3295078706616466,0
0.019628219762239708,0.015472705,0.9357726279918493,0
0.02274110382838071,0.047600385,1.0117914496477733,0
0.021121895896154923,0.06192274,0.7356688446296755,0
0.0949773028099111,0.15705517,4.398181340415703,0
0.01637212121856968,0.053898714,0.47109651919615486,0
0.029999316046836366,0.063334405,0.41502152153319055,0
0.03787225323674407,0.09051402,1.6083082334160725,0
0.02958611078497183,0.021812998,1.5442990243574501,0
0.017529983272355953,0.022287754,0.7856430409441875,0
0.055774807406067134,0.18924133,1.5514055095199775,0
0.032868889373353305,0.028991647,1.6553800807289916,0
0.014020221404774288,0.07287616,0.2086691148850528,0
0.022543828759784286,0.071147025,0.7934029281926493,0
0.019491373510237567,0.02989675,0.8754352414317835,0
0.03252349275007853,0.0794584,1.28538965118121,0
0.024351870036460534,0.06281552,0.33533503956865585,0
0.03953125355162194,0.10431957,1.4023920117703643,0
0.026311611904884222,0.08596636,0.8457615760422434,0
0.014892778670113717,0.034630887,0.574979909649759,0
0.017231368398292653,0.043727096,0.497946453542285,0
0.04191100273167884,0.028458687,1.9937089543970754,0
0.028800978435450462,0.037896708,1.3393802523129594,0
0.020859728886133237,0.061621416,0.8039064533890019,0
0.031840860015817915,0.072842985,1.0966312734042367,0
0.035788600374006094,0.0754459,1.356827432975965,0
