speed_score,E_T,E_R,rejected
0.03168486123884789,0.007524571,1.6558425176829676,0
0.031428116408593054,0.042635545,1.4752263072896374,0
0.021577979767811516,0.05058856,0.9266748354804926,0
0.053151124693854315,0.037541933,2.455822721367238,0
2.0763073607471703,0.29155493,115.34847870705666,0
0.04641747627013654,0.10385366,1.999764003380327,0
0.020273121907734726,0.06957607,0.38941527917887436,0
0.14154253302392691,0.23497795,5.94874309679262,0
0.06013158024984816,0.18044104,1.5232491869857712,0
0.04357542294129803,0.25593406,0.474118547631405,0
0.02785108345063072,0.10129752,0.8376752182619823,0
0.05749615106782461,0.09906326,2.0848535654328635,0
0.22955719346201053,0.10429329,12.387246426395377,0
0.02876132610507965,0.091830865,0.8739164478886473,0
0.017823855570295744,0.045169275,0.6198288984655915,0
0.01792717224095898,0.020180894,0.895798059112456,0
0.0289816394003903,0.065824375,0.2594284260001965,0
0.10511583544954413,0.07565155,5.421643701035159,0
1.0297876210482602,0.1442154,56.20619350873525,0
0.06296862489361088,0.13663173,2.62252413737256,0
0.03279330794801927,0.0519998,0.8471602243993624,0
0.07535038858951364,0.090048335,3.7731274281440217,0
0.11112351843875698,0.09547565,5.010379574445829,0
0.023017270830763523,0.046070144,0.9790742864823792,0
0.07289835980041952,0.054845963,3.755110863767248,0
0.016310790374423585,0.024969097,0.6075161013345246,0
0.08201378024848124,0.23395617,3.026055227301152,0
0.022649191852772324,0.02422527,1.0682924162508478,0
0.14705652868876312,0.074806884,7.3913951500521025,0
0.028982070969841175,0.058967218,0.7353355911932412,0
0.03527411064351904,0.11232162,1.2331384091601323,0
0.015203602351290695,0.064469166,0.3137606261200894,0
0.05757197548948184,0.25899214,1.6140268468619337,0
0.012124287038275337,0.019247262,0.5137634451791698,0
0.032231381566438115,0.05337866,1.3292819411513075,0
0.018321692375960798,0.09967121,0.3713146106086443,0
0.18238295974410762,0.5729675,4.349843318164207,0
0.3700029071510582,1.1371664,13.51960453455441,0
0.031051560620464345,0.044408523,1.1009888395153122,0
0.01384353827256306,0.025112467,0.49593360754059557,0
0.026907093297467738,0.039797794,1.1953760292497027,0
0.3005165018333151,0.09892696,15.438022200221317,0
0.01771452831953234,0.011107354,1.0149677087741775,0
0.016821146571840043,0.043514013,0.6118657736013531,0
0.07293680966337174,0.08551162,2.6370556261212914,0
0.09376873595649393,0.3453575,3.139084377084126,0
0.13798645774696905,0.23576863,5.927768932990957,0
0.03529485884296863,0.066856205,0.5390009692265388,0
0.13134386507807239,0.42056575,4.980155447485332,0
0.040701178069122226,0.11076979,1.5049935599004385,0
0.03369094436325684,0.07661541,1.3496841761566087,0
0.05567351098811553,0.21514127,1.7584294930555084,0
0.043772124784673655,0.13728905,1.0450987231780158,0
2.1868531173512866,0.4924132,118.04652777769147,0
0.06480570502061431,0.07753471,2.525510038927458,0
0.04103920544091144,0.037310064,2.0645077757932477,0
0.02069331985359994,0.04522508,0.7976316259333774,0
0.03264655105214763,0.035635013,1.6203575411327158,0
0.03398657190559333,0.026460009,1.6711233989381638,0
0.022299841189188933,0.02687858,1.092654491397429,0
0.017798860243487636,0.018778868,0.8622088985517912,0
0.020193323305476976,0.033138707,0.8216902893044153,0
0.04825873311534035,0.1393953,1.261089529166405,0
0.03282177489980519,0.061342057,1.3880986218665676,0
0.03228942095295659,0.0336054,1.5428498071248873,0
0.09313037126003834,0.072125554,4.5549118956451995,0
0.024278577777220943,0.0652397,0.8031259999183421,0
0.03259923547761983,0.092938654,1.211415668074386,0
0.0708518413019138,0.20952892,2.7250895217787336,0
0.024890915870590977,0.04420265,1.0076332039852727,0
0.055672867964710694,0.054298684,2.652681698275923,0
0.15668476406969487,0.053910382,8.626452341709367,0
0.05513873635212229,0.12650996,2.1788769476031895,0
0.008286419859858469,0.0100663565,0.3435327726290725,0
0.5632002728250618,0.07688087,31.546220778445807,0
0.04418522333619468,0.04618167,2.116423109497699,0
0.04237270004830054,0.020149974,2.0647146788735085,0
0.05287465464710387,0.086607836,2.415652380372833,0
0.027074984305447303,0.030692058,1.0538763660998332,0
0.12387503845883235,0.091134325,6.380195162873186,0
0.04621826891641262,0.066573575,2.005166722109077,0
0.04489256601016696,0.046024885,2.2347637094639,0
0.022382055858581523,0.04737667,0.7893339854674924,0
0.013208982345876714,0.021147562,0.4205748637399038,0
0.10566349771922597,0.12480463,4.512845831217171,0
0.04771564942180908,0.050082043,2.389458515225794,0
0.03608850129342731,0.09064294,1.2609839859369938,0
0.06597218198934132,0.2552469,1.716492653721304,0
0.01724167773874942,0.07363823,0.47186706080011953,0
0.05784373304284313,0.03812932,2.9065627714371773,0
0.050358792468505734,0.041454364,2.4534572669426695,0
0.057528233338905006,0.03511671,2.919342043230516,0
0.08328567828477527,0.1558698,3.0160160294262877,0
0.022753624776912645,0.022190077,0.7946164478010647,0
0.058761790865237494,0.09309731,1.78264610315618,0
0.046671539108317166,0.047616847,2.2803308266192426,0
0.034984229613048534,0.060320534,1.4343827087207628,0
0.11944195954041525,0.27280885,4.810286841307111,0
0.08986978175411268,0.12054278,4.343203868482693,0
0.02864449767094306,0.056896523,1.1741698788819905,0
0.031660513056938185,0.06314761,1.1463437341881657,0
0.050392568861650715,0.033343785,2.614361482750249,0
0.055302808890105346,0.09111854,2.571645083979886,0
0.038857799769572016,0.11466823,1.4489558930319195,0
0.048079634299502544,0.13690735,0.6630823541389884,0
0.03547811358619589,0.08397009,1.2838303385131522,0
0.03089275224177745,0.032208253,1.0498143302740783,0
0.036580676781959504,0.055945013,1.5135028780870579,0
0.05208083208530045,0.077698484,1.9308244496447748,0
0.12433193911762332,0.0767211,6.6308051206688114,0
0.039752614173222844,0.07655113,1.7099200068993643,0
0.031192277688547734,0.10222326,1.090078028603002,0
0.043370268805589154,0.16494213,1.4055286822934145,0
0.02464818717471273,0.039876074,1.0767927672005784,0
0.060880309517525516,0.19349486,2.1015002554362026,0
0.20015944242485817,0.16003698,8.720043859110595,0
0.05418114001153274,0.09887743,1.8212435873857922,0
0.0515793323353957,0.26561725,1.101075072993244,0
0.01690428109032458,0.027137823,0.8053851636772931,0
0.04810133390768783,0.08527308,2.192120079456705,0
0.08115129754651487,0.095167026,3.9140686785856134,0
0.06955441294486847,0.19534644,1.8535555112205933,0
0.07270263926873471,0.21482377,2.0608685225313557,0
0.033615546229251114,0.03691322,1.309818756276262,0
0.18986269712916926,0.11295959,8.71366819368043,0
0.02496472215011645,0.05407674,1.0150469415301338,0
0.03109831513814113,0.03206485,1.4000487673648292,0
0.033131302653413505,0.0056299916,1.8982838118111796,0
0.01926995046096414,0.03695132,0.7405522554213131,0
0.023694413786525752,0.035047695,0.8122846267827715,0
0.05454162849687065,0.21419126,1.716988730556288,0
0.06299932479518361,0.15350035,2.290657399512994,0
0.1857218489461631,0.17260101,8.831698884812198,0
0.03094982980875563,0.0670736,0.8020670177583424,0
0.04260315310545677,0.0836706,1.1695460620929319,0
0.05950732321800727,0.1885906,1.838758736187092,0
0.04579053014881422,0.06064431,1.913317699643467,0
0.07920045926715066,0.47023538,1.5515996447182714,0
0.03970015948841677,0.030814836,2.0483834257358753,0
0.06460703923864691,0.12364268,2.731255199820357,0
0.06118767363058676,0.1520548,2.5544647249857735,0
0.08883448429721344,0.05928677,3.773007233899502,0
0.3512438636308519,0.06514843,19.09466087479977,0
0.0352989639915257,0.14679287,1.1047539622405038,0
0.024971355206775993,0.03568148,0.8577098355771894,0
0.046319560479224094,0.080073185,2.018392422269588,0
0.058740476604999835,0.1799529,2.2462274765918315,0
0.25891305766161404,0.27280998,9.813921599369746,0
0.022672194059362775,0.012512739,1.149342652265605,0
0.08727947783610002,0.111294314,3.9054016211324196,0
0.039406282443250014,0.0787989,1.7181891854757003,0
0.06896070948836529,0.19780004,1.4839282859453575,0
0.030448059421673765,0.10169352,0.9703719048608002,0
0.027216216049790104,0.08777919,0.7064470775661449,0
0.027222792148260955,0.04224927,1.1017184508336146,0
0.04835849432615556,0.08579204,1.5488384504870443,0
0.038265711108949,0.04649602,1.8865476845344153,0
0.03510576823575903,0.03760995,1.3364023165216594,0
0.02303957441553408,0.040488258,1.0593959126294656,0
0.06121284164680709,0.13461341,2.375572996697771,0
0.17150903452819088,0.22896205,5.752736196836287,0
0.1968559589311608,0.3026092,8.879678806027185,0
0.01987166550450075,0.0731144,0.6268066396764265,0
0.022797576476940383,0.08161304,0.8147651738710273,0
0.0297012818268392,0.06712321,0.7399809083653137,0
0.041323058168335286,0.09789138,1.6077035259003958,0
0.1245945112500121,0.5658697,2.6971572740945127,0
0.08794345124804706,0.29680663,2.8525824965635733,0
0.06360831875272704,0.04191998,3.276060252062936,0
0.19047945065430574,0.4189751,8.283165962264775,0
0.0483564438121391,0.0454014,2.27646476078738,0
0.05519044703077481,0.045293227,2.503252925578345,0
0.06676428051842799,0.18474907,2.6929246150400816,0
0.016733762261066955,0.025128946,0.5542850276443976,0
0.015049045510077073,0.012732988,0.7227046946630347,0
0.05025777310513768,0.1311086,2.018421589751914,0
0.0443380455822498,0.06100649,2.1680065997424633,0
0.02256012991163645,0.12712379,0.39912135928541514,0
0.08506676688767685,0.1778816,3.652500511438453,0
0.08571108793185986,0.32252815,2.024987798988235,0
0.012038664162979502,0.018335706,0.4037339074750128,0
0.024919560045632935,0.04720269,0.5593535853143656,0
0.07653406920787667,0.22311552,1.8156721256150543,0
0.04330628405042665,0.023733987,2.32508021947514,0
0.04067191591679257,0.07342911,1.6054247683478797,0
0.17359474685232879,0.28709412,7.57479313450772,0
0.03624959687465612,0.19189799,0.847984541593264,0
0.067781877794661,0.12880017,2.6157772417910143,0
0.034054551772561156,0.058770567,0.7451700384996586,0
0.21189402079567848,0.8234434,6.586441510245312,0
0.1069917830709931,0.0959712,4.46989256105781,0
0.2728573009671063,0.32847452,9.892436611097985,0
0.06984986537570528,0.2543796,1.4053650949928915,0
0.05806196647872772,0.12234612,2.310978379591632,0
0.06713554510591571,0.117803045,2.3585590176303968,0
0.03781288565411168,0.011090316,2.1665187591913764,0
0.05327628618198541,0.04214478,2.7867615883198593,0
0.04321040995631752,0.07290905,2.013151001611822,0
0.025710537810348003,0.055864137,0.24714493974365076,0
0.015060065638382452,0.018522445,0.4420841726874272,0
0.05478584038271729,0.07493942,1.7159099083534808,0
0.0631047243400251,0.028373208,3.2954105310569637,0
0.047599408486687825,0.09811848,0.9337237686993279,0
0.07033085604287617,0.02590594,3.847220584827498,0
0.040729460364393656,0.11404398,1.4852231975952763,0
0.9803962484841836,0.063696735,55.43676205501393,0
0.03432614113672208,0.040623423,1.3331292032475275,0
0.03249455964944101,0.060474653,1.3652480799364388,0
0.011299151938179167,0.014602303,0.4831220523661569,0
0.03656718939024728,0.04673125,1.4533352093297003,0
0.018844934724078197,0.023877945,0.8485899106687722,0
0.044055083894411276,0.16389884,1.2568588682696973,0
0.04472225813360826,0.03890174,2.035460406849434,0
0.052623275121776475,0.06364553,2.3804830581177936,0
0.05235833316344959,0.09783099,1.9093205869558856,0
0.05038135101139109,0.09260573,2.3203980609575368,0
0.15726542984813732,0.5389231,2.6902517248490607,0
0.6973392559166,0.7194829,33.86195737636266,0
0.5251776841527349,1.5176752,20.01893080858853,0
0.06777460541557048,0.08629229,1.969685067117644,0
0.058026222153726756,0.24457994,0.8845379716773325,0
0.01731178158808021,0.017706787,0.727835706917399,0
0.10648477535196185,0.1597131,4.600088805632201,0
0.07246135033257164,0.15241416,2.047406111758844,0
3.080724951139576,0.25382617,174.9328548047985,0
0.0187870746080037,0.11820987,0.2506235867158734,0
0.05129549193819294,0.09256424,1.4611393110249264,0
0.05198702846970973,0.099346995,1.9807997236897326,0
0.023539124556430053,0.07657097,0.6470407107374224,0
0.0699381120589202,0.09735867,3.411086651839948,0
0.034637283252929765,0.10079585,0.8688605575394582,0
0.181675645390603,0.75270236,3.9185671911448168,0
0.014101405269943685,0.024688475,0.48969892976394813,0
0.027107865395641313,0.03528591,1.322831889439918,0
0.015095943192065557,0.05147145,0.50419949941407,0
0.06445525647359739,0.1514959,2.6372739577956525,0
0.08288340880179665,0.3046618,1.9474729774483779,0
0.03682458726360255,0.05858433,1.5601779301633196,0
0.04090511971361274,0.069418594,1.7537752322204723,0
0.04771465725968659,0.05414528,2.1245589490222225,0
0.07795798961997127,0.097432174,3.807543272566811,0
2.633115572635406,0.12871924,148.8860990255043,0
0.018122675323407333,0.042704817,0.6166851046908635,0
0.24651551957067333,0.38239935,11.555731299853475,0
0.07021465663275725,0.112644695,3.2043014727714887,0
0.013825644289368225,0.03391804,0.5519624487462774,0
0.03713725585144262,0.030076236,1.8522205888261727,0
0.07141596631132756,0.1460279,1.5938911267017748,0
0.03648378357098085,0.1553347,0.9614624810956485,0
0.03623556629485589,0.06071917,1.5200991031875903,0
0.053623112172087525,0.094375305,2.1749146336528042,0
0.01732918851332978,0.020576542,0.7169007097884866,0
0.04526764761900258,0.114923365,1.577785465547875,0
0.03841945501620808,0.02722227,1.9940221792635493,0
0.018049224856961296,0.023171784,0.7940461563071994,0
0.07757812073290576,0.03409729,3.6612926414174423,0
0.02125086042314468,0.085384116,0.48864606767224955,0
0.16745835738499082,0.31578627,3.8442013318091637,0
0.10318087877312127,0.06967902,4.865333442339395,0
0.08933913496054499,0.3493431,2.6014725113945896,0
0.07851707282553089,0.32847008,2.4879681750347693,0
0.04448250342027883,0.14168423,1.3575080140802063,0
0.27131434714263264,0.36323774,12.996860145555187,0
0.06186077571757365,0.12510313,2.438068048914261,0
0.0503117957001607,0.17793703,1.6360210864112636,0
0.01864698589134926,0.022861352,0.7899187756249505,0
0.7621968025753099,2.7821877,21.80309897846179,0
0.04499874662896641,0.0207046,2.323021816898016,0
0.012679939782266534,0.016701944,0.3839340937051547,0
0.018263012449628392,0.04143131,0.6397588359716848,0
0.05214164635726386,0.037494037,2.6669012007183874,0
0.06723711517790489,0.16266212,2.480491663248727,0
0.033891407295005005,0.060218252,1.5607746373883895,0
0.07549821263224843,0.44947052,1.5311130763556138,0
0.07735985862480177,0.08751462,3.86856646294804,0
0.03451649978150903,0.062442426,0.9828809466433518,0
0.05254965651059854,0.16554093,1.7274169548506002,0
0.03245695268938619,0.06146284,1.3597862142653725,0
0.08326437019628054,0.1052381,3.448500972402751,0
0.0462015039039048,0.13853337,1.007031942720943,0
0.05719393975149922,0.16838391,0.5615421451491038,0
0.03536550317481314,0.083789006,1.0056497265316042,0
0.02361617696248272,0.04088286,1.0715692184739458,0
0.024241748940469175,0.06487984,0.9832865313228879,0
0.028481809732232088,0.11085486,0.4516837359393962,0
0.024908498727411514,0.020999786,1.1088448386822485,0
0.03152681908768737,0.05686031,0.5410235654116733,0
0.01318089092926216,0.020185392,0.5672449223671281,0
0.02786794456630564,0.048966415,0.8388263978267151,0
1.6807778431143048,3.2591743,70.46620250416072,0
0.0255337381721603,0.059682947,0.6159232259570977,0
0.06825411144558959,0.13442658,3.087071608180757,0
0.009922405633337475,0.02585711,0.262637524797093,0
0.03784828176710321,0.11631439,1.1146019807585654,0
0.04325958317779526,0.04398728,2.0274788358837634,0
0.12451896771954084,0.2785806,4.1516495664208755,0
0.04360765427331792,0.13250579,1.2802046737675985,0
0.11523143218626844,0.08929914,5.194741257154935,0
0.6949030532544271,0.5757729,33.51760545512511,0
0.5432944030565516,1.4382129,21.86552660133125,0
0.021739922040851085,0.050561458,0.6056797002953014,0
0.03632412617163998,0.08624887,1.0892131212535936,0
0.0956708849753517,0.07588075,4.71355759759106,0
0.028573364355178956,0.03018978,1.2391278425013275,0
0.09185775798106115,0.021877663,4.806276672044223,0
0.02170852651023803,0.05161106,0.7439243462340436,0
0.02002291460964585,0.049218956,0.44654548718899884,0
0.09998530969853305,0.095013775,5.146799712798525,0
0.10873320628820107,0.10183721,5.617468925775389,0
0.11863268268849117,0.490666,2.6490163573105403,0
0.020426979887027897,0.029858688,0.9202711483262767,0
0.0553695356164213,0.08225824,1.2873714593031256,0
0.06437652506762429,0.04376329,3.167684293128326,0
0.019103453281265066,0.018534083,0.872990784804362,0
0.019969834652078633,0.07699956,0.606632679159693,0
0.39761837391243354,0.6465748,17.79042799555949,0
0.08018067698490823,0.15961081,1.197662270699939,0
0.023763875124564765,0.03657333,0.8908065915723191,0
0.28774552108669477,0.7459595,10.437128862955221,0
0.034384634727725905,0.03158092,1.5584849724566063,0
0.018032449824941416,0.036665525,0.5484569634900703,0
0.03922877806210644,0.13323642,0.8848922927844922,0
0.061223690354438635,0.24252261,1.6365895752958088,0
0.014580370862591778,0.028768515,0.4367340351634843,0
0.0451198078860013,0.07225933,1.9216706717051784,0
0.09708030734355466,0.2596304,1.0487466404968848,0
0.08591357491066168,0.36751834,1.6078552724270598,0
0.039822825935835755,0.032389116,1.9114613232367286,0
0.02800396572903797,0.05978072,0.8162407024122569,0
0.0749767250852359,0.27042034,2.005001686710037,0
0.04190535318201121,0.20757478,1.0381754328928863,0
0.04430418802388654,0.03443074,2.283719647844009,0
0.04299464255019689,0.13900115,1.5008466604483115,0
0.15661642350837274,0.15015258,8.05968630628256,0
0.027140255671862516,0.029479288,1.2937753999590889,0
0.024403981514905738,0.03250846,1.1731381440120492,0
0.05564308062512186,0.09558611,2.0887088210389386,0
0.1023784917354712,0.029203912,5.672570287232388,0
0.047058018733084246,0.024438988,2.355339154986316,0
0.05825669669356442,0.13339563,1.8097058859288275,0
0.28619977360113386,0.5728559,11.772616662878615,0
0.050358542272464814,0.024147274,2.645907657416516,0
3.076194984678176,0.7292569,164.67000815476243,0
0.1172876686246604,0.50744164,3.382090216702384,0
0.07482197821771187,0.09089177,2.3472341749599646,0
0.03490693644732093,0.075766385,1.3350911332609396,0
0.021713327912887586,0.053892415,0.2295752681498516,0
0.015449495685589535,0.032822218,0.6189241911682527,0
0.07305099816309442,0.09754882,3.468063556469107,0
0.0353786326310904,0.0683999,1.2612753003193786,0
0.0702197743760495,0.026935255,3.6524511088750016,0
0.09875752383585028,0.28686377,3.5832126359064262,0
0.03656976855893093,0.07495224,1.196822458408271,0
0.05244518376196908,0.15515335,1.8970027207207654,0
0.06432165217029681,0.08385634,2.9044101519234924,0
0.014352753002797694,0.02296043,0.590570475702011,0
0.07133441363840301,0.0440039,3.5268003766254687,0
0.023043179266088717,0.016304811,1.1202866050543223,0
0.026746254824901484,0.048067633,0.8521147875815136,0
0.03861596108246808,0.05875183,1.4970396610346688,0
0.041537466258207166,0.05151715,1.9703115152399524,0
0.059527524037055364,0.15495962,2.045870053555823,0
0.049728414091378285,0.053540938,2.4893605229857036,0
0.047247617371989924,0.08894807,0.7444380514422567,0
0.09355392227944712,0.063162446,4.740863819498328,0
0.04566945081874589,0.031234246,2.261707029431589,0
0.07927885152847435,0.017242996,4.238484249184017,0
0.0715254752385565,0.32469732,1.9795281063752583,0
0.04788821056078763,0.044660397,2.3064904257718077,0
0.04343977527787205,0.04607975,1.7163489272521337,0
0.06574380500207673,0.09606753,3.081730025685624,0
0.08985239346481917,0.093711436,3.8915437606887004,0
0.11756593934324622,0.73337144,1.9541863919686764,0
0.012305528563753358,0.04001444,0.37591246422862445,0
0.01524871005132534,0.05211371,0.18660774474448724,0
0.0877649085976831,0.067324914,4.204058809560373,0
0.11353028015633952,0.15970135,5.535225542493288,0
0.01254707026531315,0.025312888,0.4304148085999775,0
0.03546658495441764,0.07640204,1.1174965146174574,0
0.01605084516396288,0.03395988,0.5625418112397798,0
0.019116182235302398,0.028462077,0.9128055375085976,0
0.017962683644675355,0.031788956,0.7658840900552815,0
0.26618673601510046,1.287376,1.8675115743615396,0
0.019138978598279996,0.020551689,0.8983103237353287,0
0.014059441615134135,0.010297691,0.6643845859601871,0
0.07474429690348447,0.058081985,3.9323716882191855,0
0.018642453472315714,0.03560408,0.6320133318597041,0
0.019885712126252602,0.035701443,0.5412436564035602,0
0.03906508155232591,0.032149687,2.025992718729653,0
0.23221443685773757,0.57002586,5.282443597519916,0
0.3106781928556848,0.38749397,12.13684965590183,0
0.016412049717298358,0.024319489,0.5129185091495463,0
0.027583384380156614,0.09738223,0.8243204541636304,0
0.0722469270122198,0.031010047,3.885861755069802,0
0.1439077487181277,0.09335445,7.405728528859973,0
0.0875128545243067,0.30612865,2.60134456878507,0
0.07283187818525971,0.10134729,3.4008243309637933,0
0.02878523837405747,0.030353187,0.9571557820532224,0
0.023860573760460992,0.027094861,1.1283135263598478,0
0.2730099134783568,0.84042263,6.263352756279394,0
0.07063922590469575,0.19830312,1.5404955539856096,0
0.0303540794900482,0.050257243,1.3191123094412163,0
0.21251247108568977,0.15100639,11.111126896554083,0
0.012486880328758517,0.02293514,0.4926868330892681,0
0.01800918989283757,0.022134662,0.8888048409644038,0
0.17213132306601253,0.1215998,9.071101655071525,0
0.021973671233305077,0.015919168,0.9568388171991389,0
0.021672059652307493,0.015238464,1.0660472737752182,0
0.04868235562772409,0.029356234,2.443856109980765,0
0.04460821406535562,0.083222054,2.021122351768199,0
0.14021725095606064,0.092126384,7.396933977364182,0
0.05532225554414777,0.056627255,2.749392976358443,0
0.19116227237519398,0.187678,9.751664544033195,0
0.07210749622263748,0.11298433,2.6160899054814664,0
0.05368648622491778,0.06151807,2.0061176805353504,0
0.024486878829753176,0.032690194,1.0211660248503645,0
0.08852624408711061,0.04361191,4.808248232552603,0
0.05707426314713036,0.13868645,1.8748876430073154,0
0.048304266643490815,0.20664331,1.0318589492804968,0
0.07051305981970926,0.09594189,3.3536032172216244,0
0.03811912330097257,0.2009294,0.6768007225175003,0
0.018747672358103255,0.034279145,0.625806579857247,0
0.03808423807407379,0.05551608,1.5434500903262858,0
0.05214473015514909,0.050286155,1.9641775456269432,0
0.019971698806306087,0.023139993,0.9570027270455825,0
0.09584410478993047,0.0391093,4.997875500124498,0
0.09868055416437059,0.060575243,4.720172352170808,0
0.05500552212716904,0.01452517,2.8806070512484383,0
0.10992914807213124,0.20396371,4.890838275085651,0
0.06308797347938419,0.11028199,1.8250301596225327,0
2.0773936207426207,3.1363025,98.5217170241826,0
0.029089208331547378,0.1675423,0.651621263768363,0
0.08637617355242422,0.105405755,3.5494247766742864,0
0.07010549665864145,0.016374737,3.7470514559091597,0
0.057362819295223716,0.22724082,1.8969291332895264,0
0.03181958003172097,0.05083669,1.268612063822265,0
0.04817581768131402,0.060766082,1.544379854870686,0
0.024778738161539346,0.10954716,0.6228311038051947,0
0.03715928748545889,0.024609508,1.642195302045395,0
0.00916697142319134,0.014336144,0.34679839235215215,0
0.05948078922631173,0.1020807,2.554711242862502,0
0.07758190214890015,0.05991267,3.994464800933347,0
0.07131731933058454,0.13289498,2.1057328358211502,0
0.05382249885296371,0.15250735,0.826198683303887,0
0.06444112032652849,0.0404731,3.4392640674275228,0
0.23615871834775204,0.18209341,11.981284067724575,0
0.02639421284921327,0.048705824,1.1688379862082952,0
0.07102774701556708,0.21426225,2.0685747974988513,0
0.031152845803017682,0.020150572,1.536702248692563,0
0.038253038281489085,0.06455959,1.226551982801264,0
0.034266315183828784,0.0751375,1.0985108910981274,0
0.04991007452194164,0.03567714,2.5900797679211114,0
0.060099202764040474,0.28536364,0.9711549079351656,0
0.008636339592027122,0.029307976,0.25740203021289915,0
0.20466854278572547,0.33603185,6.363994952186494,0
0.04682656748379917,0.19394985,1.3785982307453089,0
0.028847879613302603,0.06251984,0.4550729260614545,0
0.03864301343715756,0.020522244,2.024407357767335,0
0.028096617978104536,0.059642993,1.061178308065571,0
0.01917731032124785,0.037460223,0.6659300325596179,0
0.19149242994330523,0.4471933,5.476837932653646,0
0.2890242498033273,0.38288274,12.183778161608876,0
0.008449647201434297,0.041870296,0.20542920366943962,0
0.07259099707348937,0.23514658,2.548615805254547,0
0.12440342377865693,0.27035958,1.12596517758675,0
0.05809105617742218,0.1757259,2.1448786817873997,0
0.034920974602674855,0.053118818,1.2846094908279466,0
0.17887078018633445,0.69203836,2.195921921268034,0
0.028143321063878627,0.08688389,0.8536977613849812,0
0.027884096991985147,0.02765693,1.0862534441536627,0
0.032941797896228246,0.08498058,0.8836924446181212,0
0.055215436131773266,0.11936938,2.0811298842106414,0
0.09717516562680437,0.11945807,4.460523957694188,0
0.10103479952837152,0.078978725,4.939540884071809,0
0.07558862778365161,0.18303695,3.028229419144097,0
0.083753066471586,0.014646109,4.484331210165776,0
0.06907226607065262,0.022294616,3.714274210716494,0
0.1435040875451539,0.20030083,4.599827006484666,0
0.024142659295455872,0.11497225,0.5888363728190633,0
0.061124844062455615,0.03588664,3.080628708679272,0
0.06850117807031622,0.031029515,3.5679216625009724,0
0.03571916335023964,0.10307634,1.4195450881262843,0
0.03579214425812456,0.066492386,1.3710131071096694,0
0.0220864926795604,0.015805885,1.0939548037150355,0
0.04667856224268699,0.04645344,2.291541703454441,0
0.016555730863895175,0.029528461,0.6666600352647587,0
0.0521709816874737,0.041993253,2.713047536683022,0
0.04456928030506442,0.054727092,1.792002919318018,0
0.020025647628468486,0.020515783,0.778545671199598,0
0.1716887595470964,0.4290626,4.9705806202356175,0
0.08283724670356814,0.08633294,3.88858759723671,0
0.014917320830966205,0.026006693,0.5486551036500893,0
0.05354563550171266,0.09310564,2.1929667733970684,0
0.11425835795173973,0.053558767,6.218181578000803,0
0.04321262431138444,0.081767865,1.9646923913676715,0
0.04731659983462448,0.068779156,2.2204174040462985,0
0.19161068793197655,0.008096244,10.978483728100553,0
0.6339892441378008,0.88270646,27.138986531035005,0
0.036351528055401455,0.049107958,1.537803326630419,0
0.0326892461667323,0.07166916,1.4046220957872086,0
2.7926067562255716,0.64781666,154.58756861287785,0
0.05809692362103554,0.23490174,1.0478155179513147,0
0.03157150206228227,0.13149314,0.7413128852671605,0
0.044561480736592336,0.05552554,2.1850719165054078,0
1.624466927506274,0.063686416,91.70234283259056,0
0.07124863382896193,0.20321791,2.1488055830968147,0
0.027052375511264902,0.073507905,0.4596024167278948,0
0.10604535482415976,0.10697217,4.939510029895655,0
0.04148438004408156,0.12939528,1.587384409218065,0
0.05883993612101912,0.05057539,2.6877905001908413,0
0.028932788427488847,0.13774474,0.7908165920629755,0
0.033560994805389203,0.050998956,1.5816450429627735,0
0.0650939993184014,0.05621673,3.1329769062114963,0
0.9295190728165773,2.253733,33.757811297253404,0
0.049739193254620916,0.021552771,2.598827299851965,0
0.12840237527931403,0.10652139,6.4088054857081085,0
0.03194546760655076,0.09272721,1.1291799286601825,0
0.056600863678467866,0.07204238,2.2294930923008884,0
0.1550135196681491,0.29605618,3.507616506429688,0
0.04880275790059137,0.10930671,1.9905208710544866,0
0.03990165641350156,0.046073407,1.5104450732075665,0
0.04152527551710318,0.14563023,1.0774788341197767,0
0.05043676221165789,0.049122736,2.585602557609672,0
0.07631418330456319,0.13131222,1.9191202129265796,0
0.1705786319296342,0.10039034,8.787847605022051,0
0.035457434839049465,0.0763845,0.5379796770037611,0
0.11735697180422924,0.23596147,1.2797397259498917,0
0.008339452524857831,0.016135678,0.30307881030934153,0
0.04381830157574859,0.0665346,1.9874098145558343,0
0.056071551490681076,0.16719949,2.1644356133485294,0
0.055751952187500495,0.085162334,2.6260568224862793,0
0.0312793697395774,0.1451839,0.8802884148760048,0
0.08531841391771294,0.21822767,3.173636159025855,0
0.06493993190870785,0.1232133,2.858928926174863,0
0.02622340278637,0.050134204,1.1470907221378202,0
0.1562835806875318,0.5526833,3.3938544569918196,0
0.11227871649476498,0.5747376,2.307134266608026,0
0.034681460858729155,0.013272542,1.76515427077271,0
0.18478245974941496,0.106767684,8.199024573435759,0
0.12073179516381653,0.22090413,5.215237148806746,0
0.7322771961285783,0.068958744,41.508232951019394,0
0.022187192368029074,0.03545558,0.8158256169583696,0
0.07569501192620717,0.06663806,3.760737757947866,0
0.05514430220769083,0.06853587,2.221456575909042,0
0.06263347518504747,0.12694855,1.697940518772214,0
0.06337328275418803,0.15235414,1.82508290688602,0
0.014662332064257481,0.038039982,0.5648866958460823,0
0.025323837799652187,0.055820096,0.6284190138835031,0
0.0522371743605327,0.19628316,1.4229907729431446,0
0.03177962849734018,0.09539095,1.0486893302593256,0
0.023057668187611655,0.051435377,0.5697691883888822,0
0.03782752943409047,0.11127308,1.0758026297189158,0
0.02540829700755224,0.056636684,0.9913767809694516,0
0.0739223111958025,0.04318316,3.9120135659175514,0
0.08272211205992298,0.54708534,1.1513273950467526,0
0.09294453822434812,0.1040473,4.012213201229562,0
0.05324558905241411,0.09755629,2.4548056279014685,0
0.1056945711387456,0.1855901,4.317604384481496,0
0.06091296923784691,0.043470684,3.0795478386797512,0
0.04128303043431494,0.013075273,2.0797300846290074,0
0.038348383764825515,0.22114348,0.5952899145680901,0
0.08728272189546546,0.3211596,3.069527621238267,0
0.04378538372557674,0.14323036,1.4975557830967388,0
0.40160423736982787,0.048965413,22.215337890774553,0
0.024421692260207056,0.08761393,0.7220713983061495,0
0.059649550558822664,0.20483395,2.1839421664809926,0
0.048297753687803015,0.14571066,1.8775539100581915,0
0.019753357692907834,0.057003565,0.6416306023512988,0
0.03238382297465454,0.078827895,0.8374556385787058,0
0.031486706805815556,0.07933709,1.2724067192368012,0
0.020306845889956016,0.016968152,0.9160939595289624,0
0.055733264179033175,0.10836493,2.5298072856677636,0
0.0399199978480697,0.10226376,1.3245912484557223,0
0.7509949562826448,0.27903065,40.65590223180336,0
0.2409456891424378,1.1610198,5.673759155846325,0
0.043001357122315995,0.030217422,1.7743823280275652,0
0.02399039453815048,0.03843221,0.9222536025774503,0
0.015910514224342292,0.05004877,0.33911710811889584,0
0.03990346489500555,0.093827546,1.4231499644715595,0
0.06730154819187575,0.08440541,2.796610769798935,0
0.040361617549231156,0.033914067,1.8496606291558162,0
0.040816204427707996,0.03833015,2.0675751169171126,0
0.031276824536580844,0.13016199,0.9991936364932669,0
0.0532442619649361,0.03885104,2.5277802254713655,0
0.06318739624809805,0.03784128,3.182826216998012,0
0.017866528348514925,0.044366468,0.5382803109305041,0
2.7358175746142193,0.4061431,153.93565760852505,0
0.04473032074789183,0.07178014,1.1994872029370611,0
0.054034473696616035,0.18114488,1.4009030866861023,0
0.06721821235999301,0.036860485,3.449098625516968,0
0.013840350657930087,0.026354097,0.31934946257006463,0
0.018541450543374804,0.035550896,0.8330201925537037,0
0.06119678024985434,0.09225947,1.5837024331215368,0
0.03860413162754007,0.06732945,1.7038705540585986,0
0.08769031149964684,0.20327891,3.697178143610149,0
0.044026096652704946,0.13073076,0.7833433674731534,0
0.0348638506406547,0.03167711,1.5222804698514643,0
0.06552440681056484,0.07081419,3.166411617384946,0
0.04887134171792443,0.035773773,2.4653944588826056,0
0.04176183630161613,0.13140757,1.0600304333062793,0
0.016858699085321352,0.024743542,0.803452977589148,0
0.04463338359822695,0.060471706,1.9373805816014649,0
0.03484592476387025,0.04622953,1.394086422840261,0
0.1725096574918712,0.5036312,6.696593353521316,0
0.02076280323187883,0.04146243,0.7978461744124976,0
0.049302371943827486,0.071769096,1.9796553471100153,0
0.15062480561655034,0.25936958,4.782338028631872,0
0.29438254968869626,0.5794588,13.010523398882547,0
0.12378038470733548,0.29007787,4.262150102604491,0
0.05268591512112329,0.09169812,1.02354603428416,0
0.7050079307218472,2.1706567,18.28884351624332,0
3.1329973038559995,0.5383236,175.34340868997043,0
0.09444555272522412,0.08839458,4.8730674616962295,0
0.07219211242370348,0.17859603,0.8959657776663248,0
0.07853413521034222,0.15303314,3.5552013796399944,0
0.055770851118056367,0.12389451,2.1552539946018667,0
0.06096020859881395,0.21661964,2.140545618010414,0
0.03866057396808119,0.042554066,1.6252509946963363,0
0.05044191837567147,0.092048205,2.3104389360991724,0
0.12752169474993524,0.041323204,6.9718806236743145,0
0.015462862878630754,0.03544827,0.465713838761401,0
0.013849026585781807,0.01185741,0.6093991129492226,0
0.04899683594362973,0.07611995,2.241425667048295,0
0.04335036376799666,0.08392562,1.899503658023221,0
0.04956541940508956,0.15750319,1.248810328209627,0
3.176484469561622,0.7860911,176.95378355485101,0
0.023405077698022466,0.018518561,1.201014010638329,0
0.046800910428582476,0.17267118,1.6245339699255048,0
0.07670308004207199,0.056186404,3.767549478790353,0
0.007602324340009011,0.021235587,0.23885192090037183,0
0.05310730992242145,0.09391312,2.3960575121142322,0
0.03351960049255335,0.025297271,1.4259787722850636,0
0.02488473198989155,0.079313844,0.800356578586928,0
0.04182291256467224,0.10500969,1.266221258556654,0
0.16483311587923957,0.6072747,2.97285106869574,0
1.2107571611219585,0.61911786,65.45237192207755,0
0.019260162718332762,0.013915239,0.9522111995619833,0
0.05772044267127403,0.18463264,0.5835575633527514,0
0.015584993161220567,0.024681818,0.4658889633386201,0
0.015115522208589988,0.0259834,0.39649799813581293,0
0.036351822730749155,0.016567511,1.8629027036451684,0
0.14748287440989086,0.10574393,7.7730628782538895,0
0.03951619568103336,0.054375153,1.8637312020405623,0
0.02588369164594531,0.040242974,1.1850633957745598,0
0.0681559677924381,0.058911063,3.32901372017817,0
2.918031030882033,0.9577604,151.75873997721163,0
0.051947077057672014,0.037098538,2.7107399857876895,0
0.10491985551595244,0.23705359,3.6247016199458186,0
0.035848066758676564,0.10256442,0.928431700698718,0
0.9752033134359558,0.6943714,44.75542031770232,0
0.0167177230226345,0.01316029,0.9578549722656464,0
0.03327983680508853,0.045193084,1.4034396123110693,0
0.02959722274773042,0.019002402,1.5492916727492259,0
0.018815320400362552,0.021330556,0.7306718632894111,0
0.03604035827178312,0.030965656,1.7696046852678322,0
2.6247633777354227,0.07262864,149.22412439456758,0
0.04291502059488288,0.14103818,1.3120631440361827,0
0.10089799512016995,0.06678529,5.269814808664424,0
0.038924435306299535,0.0716588,1.6079353955097337,0
0.03706371071377079,0.072456375,0.6017768234952624,0
0.08610919478407521,0.12204219,4.043326199893848,0
0.039862220719286315,0.112247296,1.5335690119218648,0
0.03690570088586835,0.03961612,1.8287392388348334,0
0.03806518638546862,0.023705214,1.8590922033149693,0
0.036297674440637945,0.111739986,1.2549118920890865,0
0.005417437758296728,0.028406464,0.1558431054749743,0
0.01980111349222328,0.055639673,0.5629989779603973,0
0.1498101385205166,0.31985232,4.711823255230793,0
0.031437325870231056,0.09731314,1.0968040297242272,0
0.007361654545567086,0.00449709,0.421791735694292,0
0.0330742041157604,0.02336783,1.5603557156191414,0
0.018590441527674147,0.03784059,0.7818949282847694,0
0.036800256945674834,0.041081987,1.2843196907457635,0
0.01888602819438004,0.065307766,0.6218566199887865,0
0.09236165920739259,0.11202318,4.443387964884708,0
1.2514869096927685,1.3466212,54.826801724753985,0
0.010121147427724624,0.017625477,0.37206213796693455,0
0.0558068986433809,0.2727646,1.46213171960526,0
0.022892274090991687,0.051083747,0.9754970428139188,0
0.11699037347816325,0.29188275,4.649278445681103,0
0.08701069554739659,0.26460126,2.38267066794871,0
0.0760084144422303,0.21926413,2.827141632625128,0
0.0456071134448,0.2595824,0.5864633703066007,0
0.039169484721030365,0.08233635,1.3739221118330216,0
0.03987898741642619,0.026071819,2.085107353237247,0
0.0684653802578466,0.107391134,2.4481182521077147,0
0.06921729026093436,0.10736145,2.8461654135192265,0
0.03207725664851294,0.14655842,0.77580330496141,0
0.14678356165164447,0.3326849,4.8193273288909,0
0.035015139915287485,0.08123404,0.8045251115355765,0
0.05073814368475771,0.05896652,2.448902905708698,0
0.05346075651346369,0.09068281,2.3505239165992315,0
0.10144660573610784,0.4204765,2.3304107848363813,0
0.13738408399573826,0.05176838,7.496531723287993,0
0.036857155740821324,0.100166254,1.2702899280959432,0
0.029007240648986337,0.16504845,0.49589902694670446,0
0.04554252909908343,0.055223137,2.049001323187504,0
0.05036050375769819,0.062726624,2.2992241240454443,0
3.6213600098628853,2.225613,179.89282431183904,0
0.02179126743100437,0.03012658,0.6527803482582564,0
0.016861798365025084,0.054501083,0.5257841007097768,0
0.13117895208490896,0.37802088,4.443361810438677,0
0.09741803303311311,0.22471564,3.75215227985682,0
0.02136991208939961,0.06524076,0.523570892806321,0
0.0715110768079685,0.14261729,2.960500141577975,0
0.03134504355392621,0.04882865,1.4997331168254089,0
0.05842311739367026,0.14467594,2.3278825023950036,0
0.06116018157874818,0.094848976,2.4173911864734974,0
0.04949056459842444,0.10535495,2.188117807159969,0
0.022573090610189597,0.039799374,0.7366738674377503,0
0.04330476106843544,0.069896266,1.4444980919657784,0
0.10002968846355784,0.047614805,4.830743505783296,0
0.02151715906285993,0.021256376,0.9059887146027551,0
0.03978500323617794,0.060862016,1.657333286130255,0
0.02994598633120096,0.07806612,0.9761281067643306,0
0.07899118692277828,0.1027301,3.442501953094887,0
0.01952572046556816,0.01961632,0.9362657472785209,0
0.03535118843643681,0.047846362,1.086445830707816,0
0.07525884987501527,0.3478004,1.8378804679606457,0
0.6193120973044086,0.58018017,31.246848718715878,0
0.060790931601785024,0.10736185,1.2638580855986146,0
0.07570034502097771,0.2259366,2.7354434069811497,0
0.021625858522455917,0.058513097,0.6116964155203306,0
0.10867040055777101,0.28157836,3.9318879410832985,0
0.04207372443645967,0.108001016,1.429122934943651,0
0.043732035363788294,0.09216776,1.1313225143054075,0
0.02578545530532848,0.04878395,1.0925993114103014,0
0.2519856280227598,0.602482,7.954313435260753,0
0.02709852498328522,0.039140683,1.2093068247841852,0
0.04214542254645718,0.059400532,1.8400150163401419,0
0.04444760169573343,0.034593172,1.8823303348417777,0
0.017926351673679834,0.043761794,0.5936891430181273,0
0.041474644484762443,0.07043505,1.917908550190877,0
0.0641811915614732,0.0890736,2.501199249458887,0
0.04105155939681166,0.121897146,1.2724089746585014,0
0.5413366326805974,0.13490099,28.136565326646455,0
0.025440682767077262,0.018013079,1.17073397043553,0
0.054474187257053684,0.20950715,1.8601026191255046,0
0.026199940107970315,0.025152918,0.9644876765888668,0
0.028395726616705277,0.03804605,1.304193741620204,0
0.01893455566233547,0.042255387,0.5242321377159909,0
0.060439265453683784,0.020801608,3.225178433958269,0
0.12991655369453453,0.28469026,5.648437381400583,0
0.017862989325916172,0.024674099,0.5285539082914693,0
0.03377199190151053,0.045968905,1.1282411259916434,0
0.06579059307307122,0.22491547,0.9343073079656738,0
0.14900192401690363,0.060552742,7.277254275510856,0
0.01839686120647338,0.028243965,0.5815079682853165,0
0.05084530652127596,0.24986842,1.126817404091308,0
0.06416609182955771,0.079453215,2.8631975565196517,0
1.0349538054387253,0.054901082,58.96172173852201,0
0.03472907215647117,0.061627395,0.971995538072856,0
0.1045491237396251,0.50185686,2.272586581553077,0
0.08083302727857197,0.39190075,1.5008821046189351,0
1.1987623583760987,3.4105356,45.04734306630646,0
0.034785925461431694,0.054510202,1.5024993069155492,0
0.04653833195824007,0.056415506,2.294756261476166,0
0.09442707077612564,0.5171913,1.6134242553847393,0
0.13011847477045388,0.24045089,2.158694970832879,0
0.02630452225115964,0.060562294,0.7425449068193508,0
0.057469365960707,0.18299864,1.8337741952551005,0
0.05831693541022785,0.071490005,1.9287533526609264,0
0.009947725289136348,0.024186715,0.3484269298367338,0
0.020833521299643915,0.039775632,0.8565426562007532,0
0.03940551253342976,0.09348325,1.2781724077296464,0
0.0300355164950709,0.12694676,0.5791845811743762,0
0.03624833251263976,0.074021876,1.3087501382894406,0
0.04744840966212205,0.14142494,1.6832502785249566,0
0.022819075326442565,0.032217104,0.9352296318816715,0
0.03890018765259562,0.0648265,1.8217934091647006,0
0.05683350014097859,0.10519727,2.091172450117165,0
0.05482095650592975,0.053668533,2.7194959980594726,0
0.07388962039645333,0.0678411,3.701315571382008,0
0.5252222031538802,0.39733845,25.756464410215493,0
0.01627248525619507,0.086562246,0.11285206855268484,0
0.050077601079161184,0.020407978,2.6860239165667963,0
0.03279064903990282,0.08150622,1.326694253391141,0
0.05429917126020192,0.2426571,1.396447393823698,0
0.02770813260052766,0.049040042,1.0930442889451664,0
0.04296760868248967,0.15579732,1.1830626433958271,0
0.07654494213777203,0.32658094,1.7991585808682615,0
0.07874447151405423,0.13434814,3.2416688501656736,0
0.096875824816967,0.15927891,4.357866067878501,0
0.09411068685107063,0.2461096,1.57743712775419,0
0.022176731108415823,0.020636778,0.9146406481598803,0
0.11430693382760786,0.060916163,5.6647110697388925,0
0.04339804422076509,0.046014704,2.0264719919796024,0
0.10116679611252105,0.19394319,4.32699688628464,0
0.31362688462392585,0.24375656,15.26337694884537,0
0.03144285049223538,0.035004683,1.1186119709153364,0
0.031384788381460874,0.116885744,0.6333135985666211,0
0.040732047491947025,0.03764743,2.099192498985832,0
0.03228718836444551,0.04052847,1.1425890238006617,0
3.0834300834467854,0.45453036,173.35608672902836,0
0.1846587256691632,0.8400987,4.4383532346127055,0
0.13479779962937943,0.21655038,5.104485486873546,0
0.3377069980441366,0.38308734,16.59278687454861,0
0.05347845570026411,0.06498536,1.9033922183862475,0
0.026787108164487535,0.020979173,1.290609380564006,0
0.16657755419996492,0.276869,3.60030961895944,0
0.12247079156052673,0.46357983,3.223853723435961,0
0.07360922805382186,0.11883842,3.4479417007708397,0
0.08414424847265238,0.17295097,1.9938815669032643,0
0.021168450667036563,0.04747771,0.8851888254889568,0
0.43701252741918084,0.093589045,22.985932316296758,0
0.05295163736926257,0.13122368,2.085367514335492,0
0.017592522417753245,0.051976204,0.5717684548028735,0
0.050134950293498196,0.07221547,2.4168171864338577,0
0.04156767618704424,0.049416456,1.8963183771700238,0
0.055586919917860085,0.10918563,2.52866867424744,0
0.03151926084471155,0.07019122,1.1519188543269467,0
0.04080969552657554,0.03173098,2.1162560693634576,0
0.02386302449732654,0.014468016,1.1194511669434823,0
0.048237318811920483,0.0917899,0.9173037269256473,0
0.04109443253533976,0.11464305,1.3190329495402342,0
0.06229857314652468,0.009158091,3.569445310982909,0
0.08826510038643948,0.0811164,4.332432953717551,0
0.15009802927382462,0.028569778,8.325013408128035,0
0.06421617151918375,0.10074919,2.9599200071511653,0
0.020452930157591958,0.04525071,0.26245698423969355,0
0.012900422406069527,0.015332541,0.49567747807569695,0
0.04631884079518783,0.055519704,1.7159684142106553,0
0.05997597770049678,0.085377336,2.581361551134897,0
0.023270834052360002,0.024044652,1.0983548924663942,0
0.025243623135065778,0.018011255,1.2205889796082496,0
0.0937758903127053,0.081882976,4.607553754000703,0
0.030796213273477126,0.038505014,1.1084897678769514,0
0.04306100315669419,0.038721453,2.2020688404668123,0
0.11552312995177334,0.05169534,5.743346164920662,0
0.135738361625227,0.49377865,4.419102297383457,0
0.038823842141949214,0.06488732,1.005791516487404,0
0.029038218512222453,0.017448712,1.4048297979323685,0
0.03245373427407931,0.19073981,0.5447845238571124,0
0.05932796855482467,0.2210967,1.7485933767670958,0
0.6763631766231193,1.0556884,26.99346036249714,0
0.023872679004846454,0.038367942,1.085592022170128,0
0.17036199526739454,0.67215544,5.604090361543728,0
0.043064748641199496,0.05069675,1.892935422231446,0
0.026983373464651232,0.04263109,1.0448088955708603,0
0.015498795532011247,0.06041466,0.40304439280605336,0
0.03732734775723206,0.083506696,1.3358039731431999,0
0.07840510078444377,0.07741697,3.9732188467546945,0
0.03889258743799087,0.08913118,0.7268085284644078,0
0.17756965640693506,0.10638499,9.483901584479183,0
0.040719800062237084,0.08873465,0.9468800311565319,0
0.030171830794196438,0.06359436,0.7872608708647931,0
0.025696700709531665,0.021094834,1.3000895449493852,0
0.06128409759680467,0.026238909,3.0632526903793207,0
0.06826711763818463,0.08382575,2.8598351788301586,0
0.05744109243876743,0.07600126,2.711847868958403,0
0.04696532798431097,0.2120055,1.3419547435835677,0
0.02220042884934258,0.033652727,0.6743712553822268,0
0.07483576958061186,0.17148368,3.117998523894281,0
0.024580220116583604,0.06527659,0.9559857400335015,0
0.06888319986698525,0.03683775,3.634185184602436,0
0.025445132779651197,0.04193438,0.91892272704618,0
0.06009995903084427,0.17970505,2.2152857132458257,0
0.11318532748651777,0.48661137,3.4947947809923,0
0.033050672047677476,0.04238981,1.086329041761656,0
0.13176764630300364,0.2812232,4.311364007981479,0
0.3422795760263588,0.6810539,15.026170302185072,0
0.1615585950556019,0.112922296,7.371025348424042,0
0.030345679304421707,0.054571465,1.1269797748089685,0
0.029323664546034623,0.03596153,1.3444547860603073,0
0.026582144290835576,0.049880736,0.4118743926537788,0
0.022874537049164315,0.041053522,1.008889570667395,0
0.030012746903453777,0.061276216,1.2770241462119338,0
0.14785793800120595,0.5687547,3.6635886086559077,0
0.03551071336432717,0.049286924,1.1040515283924701,0
0.04042502627404686,0.024293689,2.0279622958797834,0
0.031220965812843313,0.01541646,1.574286794863572,0
0.03764608531334536,0.08247583,0.8422941425543552,0
2.406082067681666,0.08762316,136.31241084110061,0
0.04449118906425762,0.053950157,2.123457788071159,0
0.02624274486770103,0.04672112,0.6335507245091052,0
0.11016058609844913,0.15398583,5.281273055681421,0
0.09031564629811689,0.36781934,2.6340764762142075,0
0.2934880763429581,0.2606606,14.965340537878923,0
0.09876609202373379,0.18015864,3.1273009250598656,0
0.03923438722287661,0.06043072,1.5957707931800893,0
0.07226166572115464,0.06865271,3.549325718461581,0
0.02690562826537273,0.07476613,0.6406349448769918,0
0.05035264468110824,0.12980132,1.1525750280703888,0
0.022924951379327797,0.01622412,1.1107775822464039,0
0.09163466391957009,0.4430729,2.002824437343271,0
1.5723654470838024,4.5376754,60.68244253634271,0
0.030213053538059243,0.113410726,1.0228144897173075,0
0.013974720032365849,0.009302374,0.8006924777314883,0
0.09259530539172911,0.20970212,3.2616990005860695,0
0.028615247444165905,0.0400304,1.363117180275216,0
0.14577097388606358,0.19197622,6.3887648968414466,0
0.04002751683696019,0.051411454,1.9474231059966374,0
0.031085633356327348,0.05133894,0.6711861831025614,0
0.1663915133255634,0.07580336,9.076259206679659,0
0.11007121379104955,0.12227713,5.296516715394177,0
0.10413136173003847,0.02665406,5.628229863752034,0
1.3951390898679181,0.2791066,78.21161803098127,0
0.03296721557352743,0.11398209,1.1621515743538997,0
0.046292106705280944,0.06281074,2.046660586735578,0
0.12684303390301907,0.3130891,5.235680152092339,0
0.07014452892745315,0.0475852,3.603097859596096,0
0.03744027275618497,0.07952953,1.3068373166625493,0
0.05859750246665891,0.09070322,1.9149294010513982,0
0.26807670681713025,0.21592826,12.438315352188301,0
0.07117133668502987,0.04506644,3.3151244608524624,0
0.19485973422838157,0.40859357,3.6434255920585974,0
0.05487129485007455,0.0903322,2.1932759934944657,0
0.04169238446948979,0.10576567,1.2689147289813767,0
0.07970192297169468,0.15700983,3.479274145271218,0
0.030994298923032345,0.061634865,1.0150775846455058,0
0.054316369593262845,0.27236584,0.7414628052168998,0
0.9642389003565056,0.4987547,46.349803067073644,0
0.051864209513706225,0.0322376,2.6089609705284587,0
0.20278003637376346,0.83372,4.806965375152226,0
0.03777354439490882,0.084262066,1.0839711093761348,0
0.098391086103509,0.4774276,2.5257450584627765,0
0.05375040280030132,0.18393576,1.6130064576969005,0
0.034834959723965185,0.20917855,0.5448964406643099,0
0.0493362929511293,0.12211659,2.0127958200601275,0
0.05985888621582838,0.117121875,1.8954577316850574,0
0.01805867582375556,0.024802243,0.6151884693982131,0
0.05669334942123984,0.21151505,1.1510277700092433,0
0.042436264242022834,0.10623553,0.7741389643935954,0
0.01836617652983588,0.052640446,0.6789800280189731,0
0.015875384329455566,0.026269915,0.5039902741011837,0
0.057690728868321516,0.088399045,2.4715095243345915,0
0.05573663806055374,0.12145974,1.6514888038268825,0
0.11010782753929288,0.39869604,3.8657098897156406,0
0.1691542280015875,0.24674766,7.603019595066368,0
0.07687815610180648,0.059509482,3.8658416899439993,0
0.05509497845633169,0.10682203,2.464321562277614,0
0.03023998427066039,0.024126116,1.1961855898407643,0
0.05549745747856093,0.111174226,0.712711521991795,0
0.023124619259372963,0.04120413,0.9086232329398842,0
0.049166533713428856,0.058182508,1.8478555778346688,0
0.07109787311406769,0.07839033,3.3782345065216615,0
0.02668710111063667,0.090240724,0.3817698284067635,0
0.08453056786195248,0.25591612,3.1480265108912864,0
0.030400806954696928,0.07760695,1.0175911396909765,0
0.06510305799725741,0.19371513,2.377028253871785,0
0.040913493960742724,0.036091518,1.6544945255200298,0
0.033075348442438555,0.120753326,0.8008043001253017,0
0.014147931930698406,0.010429565,0.8106167884673929,0
0.02324912886338294,0.03120711,1.053524104390921,0
0.0821737097149392,0.18697415,2.760149503956222,0
0.0560137722000944,0.08660244,2.5006231783664274,0
0.3791585822157663,1.995153,7.324858558534724,0
0.14067740054593947,0.31365582,6.079221431813542,0
0.07392168704518381,0.13653906,1.3170439842765982,0
0.4512389718082469,0.1672098,24.10448274657045,0
0.06722102801288898,0.01427014,3.63965640953748,0
0.09972069284959548,0.109232634,4.951155764712348,0
0.036820909608568764,0.10584787,1.3814452810542859,0
0.025618064467190522,0.015949862,1.2228192935148265,0
0.3149982077445277,0.23741053,14.4234952130773,0
0.2992063952169748,1.4948686,6.283554005749053,0
0.05196867924551492,0.021859964,2.6593353776532123,0
0.04858418783122901,0.059299946,2.230332237249093,0
0.06534948807773519,0.11453691,2.4367059796875674,0
0.0483021233899951,0.07802276,1.9692823864876832,0
0.02985139244888874,0.055259187,1.172689243293525,0
0.04860756062167281,0.05772766,2.2095468159497083,0
0.023385805821172088,0.06799462,0.9149736779079606,0
0.07028698813913144,0.017177338,3.8814096141591516,0
0.0694240891375507,0.025229655,3.81103269242573,0
0.0373353493575478,0.04711954,1.78493072745961,0
0.05652500696641097,0.05174426,2.670532839819095,0
0.03262979073154916,0.035539143,1.6474418421486512,0
0.06360673076568232,0.048552856,3.2999752742862576,0
0.03573161907423915,0.010413192,1.8863651048516281,0
0.019345547717788826,0.04085521,0.582804604197054,0
0.1854541216382485,0.34679642,8.429481744049728,0
0.10683364254355766,0.09696643,4.673296016178141,0
0.059293826086917883,0.08509747,2.7812513744823706,0
0.14801455325020924,0.13651937,6.530655940283492,0
0.025352777805386997,0.034369115,0.9968022836053416,0
0.05343557338690838,0.17192595,1.9107004923376207,0
0.8025324292910981,3.7145667,19.834884421285807,0
0.06416571852578518,0.11100778,2.586450039709737,0
0.05618085236565711,0.20160784,1.9911190786888855,0
0.012484941297168959,0.013966132,0.40139800540782306,0
0.034093428028610054,0.026153082,1.376503796786191,0
0.028277355601688495,0.03263722,1.003381062979858,0
0.17926855444733553,0.5550205,6.541522357850478,0
0.17341837766608656,0.19463588,7.9559749478979285,0
2.162786274137158,3.306624,98.80778922091133,0
0.011472002839452069,0.019504437,0.41711537060521486,0
0.05876725469621421,0.12797798,2.2445158075204885,0
0.8039954918580887,0.3403945,39.625993147559136,0
0.0345217507500464,0.09746947,0.7398659207507149,0
0.06399547052788865,0.07993213,3.1136516166122075,0
0.033531535245339236,0.04144666,1.511471574749821,0
0.0351196621074633,0.014205547,1.7918590035185136,0
0.04568201685939376,0.08759705,1.7828137950502514,0
0.08516577122587135,0.23938172,0.8710951414397399,0
0.07538243709246405,0.073481195,3.8750091080943925,0
0.15542033945218456,0.062501326,8.250338631837888,0
0.04643056821741894,0.1217302,1.6900262034760132,0
0.1437443715894119,0.57352823,4.7409664105117315,0
0.034571939875353314,0.040000487,1.4436718334950942,0
0.05670723816559004,0.0971619,2.36690341089623,0
0.027974995729274303,0.049992163,1.0773464919958924,0
0.04395624723890206,0.14601357,1.38218189785575,0
0.016662051595869667,0.0617218,0.2023356388472481,0
0.04142367918625966,0.063014135,1.9238850418832492,0
0.05097237140732266,0.061238144,2.3966631164222703,0
0.07118571678530482,0.26810935,2.326440411992344,0
0.04200711559839894,0.051028702,1.49720174117829,0
0.035749437371243184,0.033811215,1.575396903964492,0
0.12404531321628398,0.4540031,3.656746724345627,0
0.032622593711010214,0.046625935,1.446091881249831,0
0.06187187376717975,0.122866035,2.3679307807983148,0
0.056412287445669014,0.03217881,2.7999727865760304,0
0.02442529103090865,0.11508618,0.44385976548032,0
0.04018169109857171,0.07658124,1.6270842111842214,0
0.13642482840941747,0.09933386,7.073562368877689,0
0.2104046547387478,0.13076678,10.018163837186526,0
0.16802689051395758,0.687264,5.228735414075012,0
0.12408408569049156,0.6181043,0.18856831610256292,0
0.24246898757530705,0.1740302,10.435715671367378,0
0.026245917554608842,0.08148147,0.6974095059370219,0
0.05177205507246349,0.059473895,2.193979696581465,0
0.09927486885326056,0.18992665,1.6385125833962788,0
0.03338666384908663,0.061493028,1.176886808703214,0
0.0265613842417088,0.05432563,0.8507911034730108,0
0.056080050644815194,0.17616913,2.0224953122902143,0
0.031239421816880934,0.08639492,0.2876774165983816,0
0.0618258198289887,0.17830713,2.2182138858524243,0
0.06442772592708787,0.16339773,2.1158328399750217,0
0.03278462424902097,0.047153577,1.5542820491775815,0
0.031050483136073267,0.05314005,1.030860302297724,0
0.040629666669754864,0.10198137,1.4030027323329648,0
0.027386518412941936,0.03831059,0.7163191966061527,0
0.02659113513465168,0.014581834,1.5235598156775794,0
0.06959974801819055,0.07963326,2.731800666819541,0
0.08939900580811087,0.15852155,2.841914691343659,0
0.013432753436588974,0.021212917,0.6078113666146572,0
0.05841890698512647,0.028678562,2.7372267374658974,0
0.06318703009330608,0.19082479,1.4966614103518887,0
0.12707794689956503,0.26927012,5.64624121744133,0
0.04127174471616481,0.05974789,1.4371026680199188,0
0.05190398269607995,0.037433963,2.4836651058119563,0
0.02395677510320889,0.0269081,1.2086923347140672,0
0.02546621330210904,0.03538427,1.2100284597827484,0
0.09927210935204793,0.09925621,4.763678925422052,0
0.07883693072077694,0.36631325,1.423178011491082,0
0.05365294727330065,0.17197096,1.5070739549105348,0
0.058656312640596564,0.035372,2.7171329282559946,0
0.05215898494220574,0.086511396,1.3974402492894664,0
0.07177476866788425,0.17272009,2.9119420311118858,0
0.1558903361124923,0.29411134,7.010856736441578,0
0.027194315513909998,0.029465303,1.2387997576617549,0
0.6000256041185688,1.8067968,11.82658581231572,0
0.09037017315923382,0.08715977,4.636316910648846,0
0.026632189111129936,0.028591262,0.9231581396529953,0
0.20509463127112498,0.7272848,6.730783209076946,0
0.13114208253787396,0.24285418,6.04892571418198,0
0.0424932820703679,0.06329741,1.6227657657259653,0
0.13464406886144942,0.071099505,7.212291568135127,0
0.03267770931527189,0.026115017,1.5743447407689748,0
2.403347635550992,1.6272675,114.70071878411783,0
0.057723771982795685,0.11007366,1.176342788317926,0
0.023607564683233207,0.031143758,0.9217456645301058,0
0.06877211212010677,0.028057216,3.7038388635894686,0
0.04466240853977152,0.03712285,2.2624470156763095,0
0.02119376304173551,0.145326,0.28850205647260113,0
0.0542313764163244,0.03318905,2.7892032118104426,0
0.0601666247683548,0.16933046,1.9873144781441665,0
0.033384109261881414,0.074365444,1.3472317283575546,0
0.06703468754852639,0.22613138,1.9592216036326815,0
0.0832870658811397,0.38949406,2.3379258367076594,0
0.014345981596084904,0.015318947,0.5839423778172546,0
0.038958263922934507,0.09133723,1.1807807649636786,0
0.02696968990937625,0.012653764,1.3521798490054773,0
0.05022136710827257,0.041331593,2.5575014661608977,0
0.1897623644520007,0.5359888,5.9559925822339155,0
0.18385095891661385,0.38775957,5.995192566030326,0
0.03120598592626845,0.060902823,1.2112242992709854,0
0.03926291117620128,0.0474669,1.8918361409456237,0
0.04902234483897369,0.22642988,1.1163319857280676,0
0.024256644011379135,0.06808261,0.7399649887422786,0
0.07593986300154101,0.03292284,4.101017106862168,0
0.03392095256055716,0.14219078,0.9688693493412265,0
0.01656650985582398,0.029219067,0.6929608981970784,0
0.03268889723599114,0.07542676,1.2370345646603889,0
0.04632488836509732,0.07311663,1.6887279938285091,0
0.07020394726394154,0.17182226,0.5962192928636563,0
0.036422709497920765,0.024643598,1.8858175660490732,0
0.015176248672867484,0.018685492,0.6828805753339936,0
0.05433665168624212,0.056853782,2.6733216065860956,0
0.031068818812278826,0.01765078,1.5314857026902307,0
0.054925161007154825,0.12164197,1.8844371625127923,0
0.06280913434704066,0.21423364,1.821661636332062,0
0.04895773042662169,0.06145757,2.179018910064767,0
0.05612833173748766,0.13508534,1.6570840031807914,0
0.04514306213637107,0.08888613,1.980753145313211,0
0.041298927129399074,0.08132867,1.7068759246703644,0
0.046516483790250945,0.13779351,1.0706468880529445,0
0.03246624932070596,0.12933923,0.7747938084109067,0
0.008442144394171198,0.031953212,0.26469060213154,0
0.0047259824350476265,0.041567404,0.09001568355836133,0
0.18457994398070304,0.35971054,7.768679025176338,0
0.016171382343981487,0.025341371,0.6154037567796427,0
0.1552068995091955,0.079991795,7.329883321815197,0
0.02392473074830428,0.05858945,0.9325212734791493,0
0.015810421209678155,0.022126175,0.7074151925389266,0
0.3453235093299791,1.262544,11.14683152110305,0
0.03948806727939834,0.13792504,1.357035291791329,0
0.07064545229795097,0.075113654,3.431879551187344,0
0.025140111167254387,0.033147324,1.2345258269771682,0
0.010580817357102626,0.020780575,0.33469210946867833,0
0.0974281721913946,0.045254,5.262746790146382,0
0.16066315786529603,0.15875019,8.18367792818284,0
0.014864515751723362,0.0372867,0.48855792215016913,0
0.0654578175353596,0.16654377,2.479409596071234,0
0.08740609596324851,0.15233001,2.68793946094283,0
0.06892268025845037,0.13081191,1.4349395238700642,0
0.07399092839628935,0.15473548,1.3365923770634085,0
0.11473621736311049,0.20848468,4.947848868832626,0
0.040223733984590504,0.08277205,1.6987821585902538,0
0.06489273145252016,0.04884144,2.7946789319328476,0
0.03893398776082359,0.03003529,2.0321840244483056,0
0.0908370816576077,0.20817916,3.503661634413691,0
0.014392950789484079,0.01447518,0.537314879484041,0
0.170148709272518,0.18841356,8.091075785268561,0
0.034873258747374555,0.049384706,1.3473229265781206,0
0.32443880880519244,0.15039161,15.158967005503925,0
2.2728988559635583,3.9746137,94.34902660055754,0
0.02291566770604116,0.024408638,0.969874954179905,0
0.056132833994731,0.067222096,2.7252400658990537,0
0.0340468461301771,0.01652172,1.709471120151069,0
0.03259258235653251,0.045345716,1.1696826928112376,0
0.05870564288943989,0.07836103,2.612765927596044,0
0.02504070771743103,0.059106287,1.0499338873086506,0
0.03399922764794212,0.071506605,1.4325096997403954,0
0.15812888231402744,0.057215173,8.314985185205552,0
0.19941005401830714,0.44359475,8.733731468852708,0
0.02524979646546122,0.03313066,1.1673779406758282,0
0.030686832649508885,0.05781856,1.3200178956421857,0
0.07200622365781023,0.20367819,2.7753643359957345,0
0.03162206631168203,0.05124251,1.3952408232730185,0
0.08927622615482558,0.12896486,3.282441954587169,0
0.05708191075655735,0.14289925,1.8962247035072048,0
0.027260549336847094,0.0372532,0.7770197139211874,0
0.04483387631387007,0.18660164,1.4171281895527719,0
0.05077530099060349,0.124312,1.9593586673959604,0
0.03496496304708602,0.06725165,1.4760852655203096,0
0.019571287939132515,0.012461588,0.9850200485689691,0
0.03443622620371828,0.06308876,1.4541805360180127,0
0.0247233364345691,0.041513283,0.9013172781789932,0
0.10153280744769277,0.06627673,5.127527163095102,0
0.044659307290684486,0.10399663,1.9141576370853026,0
0.01565115436324166,0.017420948,0.746511423508657,0
0.029079058773202854,0.022772683,1.3867098341402795,0
0.08319683656189093,0.2351957,2.9183259108747195,0
0.19011814076447725,0.5413942,7.021706780008735,0
0.17160310828881764,0.16326328,6.350320702796156,0
0.04137949649885539,0.033843815,1.86936637591268,0
0.032731845733776854,0.07493866,1.4226199610439725,0
0.049922066860160624,0.3261181,0.5714613907716712,0
0.06910910080200347,0.09595697,3.268520430304786,0
0.04090131395012266,0.18832123,1.1918393791242023,0
0.02680806245508781,0.0306038,1.2378116179778822,0
0.006571409104116574,0.006620688,0.37651400711972505,0
0.0509373979585639,0.05224065,2.514258752585929,0
0.02489516671907218,0.0669387,0.8127474598224546,0
0.022517812851242602,0.013937872,1.0475190827117815,0
0.5393668369399964,0.9244134,25.105601857411017,0
0.5698664096305344,1.6628664,12.801841816797493,0
0.06869170180793346,0.10683667,2.5144334613048756,0
0.033226731760381975,0.0635372,1.5142224201031897,0
0.3247557962046596,0.012456106,18.447950812140675,0
0.054377602660112025,0.044436414,2.556920336719213,0
0.013300394934931466,0.035470765,0.24557797443819018,0
0.021541774245334263,0.117760256,0.5199278718626503,0
0.11749457403830098,0.111487515,6.009406524090343,0
0.022130360090662462,0.010117983,1.084886955140718,0
0.0249539279310271,0.025842324,1.053227794800255,0
0.0577612842593362,0.09723801,2.6199588447409465,0
0.08686225618864911,0.30132988,3.1299703336269555,0
0.06590906259889849,0.11725269,1.655189895417445,0
0.033972877081764746,0.058627505,1.2385115323213527,0
0.04415386133533146,0.07225109,1.510646364687396,0
0.020097761135496314,0.036555257,0.588095653308698,0
0.07819646466229749,0.041777678,4.080038665517085,0
0.04018918293653921,0.07731584,1.1199441220494832,0
0.029589109932228755,0.06573497,1.2016339463994101,0
0.09197208994509774,0.1016318,3.434733065859722,0
0.4471232781886358,0.26147905,22.54863158769095,0
0.04720750707003821,0.15827645,1.3235991338321969,0
0.03643505570293143,0.12998317,1.2786848994858249,0
0.09943744731428641,0.4355581,0.9818777956742023,0
0.14755552982852227,0.19600753,6.207428729282504,0
0.052363988910828385,0.17427872,1.844406192275012,0
0.02228795995084249,0.03999726,0.7902812093560713,0
2.72526863164011,1.9367914,138.4637087674834,0
0.05216579559240939,0.025313245,2.7121735645039347,0
0.17373512550739129,0.4123184,3.934550457969451,0
0.033328226827903075,0.09659818,1.2736301271101507,0
0.022492146557160787,0.05001619,0.8170439555414074,0
0.03981553016945115,0.06910877,0.9612172169931966,0
0.02151115168510775,0.023822803,0.748821292794859,0
0.06113346077952518,0.1163438,2.797183629038238,0
0.022214019089859805,0.022565475,1.1187327925127808,0
0.043186089419559065,0.10437296,1.724766915758738,0
0.08630153482039869,0.06819744,4.354542784460452,0
0.032841836113330844,0.07038917,0.858599549057807,0
0.02246233843071871,0.04590502,0.6936559354721895,0
0.028566644620108883,0.041396555,1.1112232782795075,0
0.02179526837570281,0.04556683,0.8977693343696698,0
0.01968283423140199,0.013899453,1.1277433303149575,0
0.024810153188783837,0.023195762,1.0988764861195537,0
0.10558241244956672,0.24299319,3.921727928835987,0
0.04701015224622723,0.043889362,2.3655437378091526,0
0.026972211701981934,0.046859797,0.7904237905871893,0
0.013356269547914119,0.022806255,0.48453416540015004,0
0.06240907209001653,0.09046591,2.704095365851602,0
0.08293604048200633,0.06397718,3.5913956083551524,0
0.021563092775226472,0.020131748,1.0249644439964156,0
0.03924857095615843,0.010012202,2.2487774677076198,0
0.03926837788187283,0.06725516,1.7035664497422167,0
0.024318685132367585,0.027142676,1.2260336212503942,0
0.056613957732353684,0.112901166,1.8690255704179648,0
0.04068886639689597,0.2519197,0.7958078382807766,0
0.10732083479476072,0.1385936,4.852662477196004,0
0.13384310637925978,0.28703457,4.012785932315942,0
0.10752533185931618,0.24169062,2.743905446622133,0
0.05974226008513662,0.040387165,3.0302792626273365,0
0.032523238047399386,0.06499311,1.38672743447369,0
0.072406828226964,0.09167655,2.071923147014755,0
0.05313232248294658,0.02392221,2.7401660460838637,0
0.020145727923994626,0.019520335,0.7668857771228852,0
0.11305597448353705,0.32522845,4.4592179331264825,0
0.04121685360717819,0.06383236,1.9262894672652011,0
0.03380274171857166,0.041306548,1.6270177373027432,0
0.05863226827081665,0.06143771,2.9036254034398663,0
0.14443172588179481,0.46807486,3.87446583007515,0
0.08631354398944519,0.14264081,2.0457346195159265,0
0.08675029300421834,0.13079248,3.015060748940337,0
0.019818148889047073,0.03372091,0.5482101572835484,0
0.03053656633772401,0.060835224,0.4979474943012211,0
0.21086989516406973,0.14424594,11.160074675315476,0
0.03668533093870069,0.08127163,0.7365613118465839,0
0.05282645992990864,0.05461796,2.625727378302707,0
0.04625132357378685,0.058255754,1.8915656907820995,0
0.06882523252047279,0.12116816,2.7359581344927744,0
0.1761605801161748,0.53627294,1.237168738823732,0
0.016580482312408676,0.021591928,0.6286801635649032,0
0.07787010072602932,0.30779564,2.561427873297285,0
2.953534001569709,0.25282037,166.42676804151222,0
0.06238553396576718,0.2362255,1.559578129371984,0
0.05141132594659567,0.15276971,1.9716369247465053,0
0.035158005728956915,0.036127206,1.6644057472836253,0
0.019365047501174203,0.041953553,0.5991530746138779,0
0.04047344346047736,0.22913732,0.9420557091607302,0
0.032023320869405986,0.0714765,1.241148303187639,0
0.02217212080665882,0.04707055,0.6303048743212724,0
0.04551219512779185,0.04156655,1.9624621405209806,0
0.04776917786491559,0.05643295,2.386256315936983,0
2.2221609782360336,1.0265023,116.55320120151654,0
0.16069886686037038,0.41104895,6.537765208419666,0
0.022992390524694564,0.040994857,0.9992570672471743,0
0.17682076385636836,0.139621,9.246010938012923,0
0.07046909670534844,0.14912936,2.9733675981368006,0
0.022682548281089555,0.027207794,0.9722987334351675,0
0.11635747305774834,0.3518893,3.2620730202458623,0
0.033100127117134406,0.03505024,1.4394134284948488,0
0.1320315163627791,0.20534669,5.085501294085896,0
0.08896816871027048,0.19528718,3.2948851632062413,0
0.04133600395457804,0.028015915,1.838534967962714,0
0.04722655125972992,0.032376193,2.467284137081768,0
0.048346647495315344,0.054075327,2.3520400187435615,0
0.02432641851555185,0.061904516,0.9676674235619249,0
1.202096236181567,1.9005145,47.40991297264555,0
0.015649949863687895,0.041640528,0.4880749507234511,0
0.03885906339039587,0.05347248,1.3249552922169583,0
0.05226836323365434,0.04221739,2.427882824024128,0
0.024215578262629697,0.016699716,1.2288724501935664,0
0.13151677882897647,0.29323715,2.858376643926801,0
0.04150178224757724,0.114859685,1.469931807837705,0
0.013891810830076788,0.023153579,0.31861809547089,0
0.0500173195348809,0.05470046,2.4524547888405532,0
0.013199784176847296,0.03604411,0.23579938582850374,0
0.03413103238017054,0.051116362,1.2328290261654002,0
0.020361533649688995,0.029148329,0.9679694215595366,0
0.03848774524761902,0.24144457,0.6409575333400379,0
0.02125212253167061,0.041545846,0.681060777059863,0
0.025666891990890964,0.04849089,1.1053025887086334,0
0.07774213568993105,0.16039954,3.3252849920269383,0
0.43242588015025896,0.40405166,21.99235649023927,0
0.5751614745057279,1.4310861,14.925499420959124,0
0.021468665037028833,0.046866003,0.3089782042712249,0
0.06931316354555173,0.11243293,2.240237089069242,0
0.021084505425580043,0.07173502,0.6890520184954532,0
0.05362912273366931,0.048774447,2.5460921816187385,0
0.025058674341476843,0.034165565,0.680155877495299,0
0.05137002620193934,0.06595817,2.0747711663457746,0
0.012453204040784309,0.045948807,0.4267534754961272,0
0.012684887160584033,0.017027697,0.5603740860321281,0
0.0465280871478538,0.10617293,1.5201773362947268,0
0.12920343317819677,0.284383,4.790400665964749,0
0.11212364050004438,0.19183962,4.6659843015933795,0
0.10410659836169378,0.22371265,4.195552063717897,0
0.2559438208538962,0.9642198,0.8511449329671102,0
0.07318156507428719,0.18516,2.423180638455565,0
0.010993910367865239,0.01901981,0.4872072450461926,0
0.020213924912040434,0.03567776,0.8245161363518553,0
0.09194829073347378,0.22393419,3.534278686275699,0
0.055797396595643964,0.30550888,0.9809834860244877,0
0.10380741307967754,0.1395568,5.064970911911118,0
0.07309623556378102,0.3040313,1.5782548691871208,0
0.021053597317807284,0.013963692,1.2062822698783076,0
0.03250538276097159,0.1315512,0.9156117764556395,0
0.023811855123396262,0.051371533,0.9804841542642463,0
0.027238564259100855,0.044900388,1.2299375460388786,0
0.01678792670545546,0.0461026,0.404175966123331,0
0.0326228688860713,0.02990599,1.6218523636670001,0
0.06354565356137848,0.18272874,2.331491474472714,0
0.028005767618397372,0.07699768,0.7706965081840356,0
0.0679654000966236,0.24136798,1.548350986554938,0
0.04975095938182639,0.2341198,1.0703460246970367,0
0.10225708710402319,0.26130816,2.4156175944247944,0
0.07223097020339017,0.1375425,3.298234727812948,0
0.18463624183582159,0.26337722,8.859351558867576,0
0.02161103537534472,0.025614321,1.0505862831624688,0
0.07444975287795337,0.16987754,2.7023368883699534,0
0.03013300478416749,0.04327285,0.8995592601071691,0
0.05406077091080394,0.16615199,1.2501832456058308,0
0.7107214410668579,1.4771318,19.71553956760324,0
0.04982055771998502,0.138768,0.796500830205572,0
0.04922804686057525,0.09919805,1.7772892243638934,0
0.04675668629688737,0.11918787,1.637428977553274,0
0.13187423357595635,0.15357316,6.470980562191839,0
0.052218561084130935,0.093363225,2.022141484785858,0
0.02705803165098241,0.08488451,0.33881752400249227,0
0.04556157538565256,0.050451986,2.162842796520944,0
0.05913317607535416,0.22938287,1.1348585736386245,0
0.11205109715898262,0.06826531,5.306018659992396,0
0.4143539958528902,0.43970656,20.797280958747283,0
0.02456987815678322,0.039128274,1.1112470071873353,0
0.026030205745341813,0.015524744,1.3419993485323505,0
0.08558209593513419,0.31623632,2.4833506896958197,0
0.06199162074838158,0.09612272,2.6178225012609477,0
0.06057177442442833,0.22491263,2.072987041982067,0
0.015683466098722856,0.03983514,0.345690094320708,0
0.05509820550346187,0.16197154,1.2537326447512012,0
0.012994182156478499,0.026070667,0.49614455978418914,0
0.08323283892876952,0.063634895,3.670270361048284,0
0.01805301508111288,0.024641506,0.6935123469659727,0
0.03959255009213686,0.16625851,1.1043013005871063,0
0.17375495329113083,0.69570124,5.4133078601074045,0
0.029685744320835858,0.029230006,1.1744915955776452,0
0.10700593893390456,0.054607693,5.719299111566108,0
0.06458453225072894,0.14577512,1.1094291989537675,0
0.10463544834693352,0.015148726,5.822326518149366,0
3.161490173629219,0.3328493,177.74903791912845,0
1.5698887379941606,3.543591,57.074752724492924,0
0.020011641599184154,0.052648526,0.5634997606840065,0
0.040798915985577666,0.089411244,0.48555998731550803,0
0.8744023670045417,1.9521395,34.11018287861616,0
0.01846401326586341,0.03416864,0.7188994632477721,0
0.18146963152144435,0.17884894,6.814418538051252,0
0.03951151383870749,0.057165638,1.6647287799364914,0
0.030403658007160748,0.03360385,1.2745207272155552,0
0.04029453516635403,0.051363524,1.5292296594966928,0
0.031114295308508705,0.06382599,0.9955376480836307,0
0.05247133666421148,0.044137124,2.702056012102907,0
0.0688532944988195,0.17105496,2.5689844122613366,0
0.008176170491742709,0.014917747,0.2723388770423734,0
0.07784428506534888,0.32163808,1.8363646940827385,0
0.07574995393440678,0.07045095,3.655553566813986,0
0.032828157228554825,0.029496785,1.4918316648948462,0
0.029144045928949293,0.064766064,1.1757890530103319,0
0.016053880228510276,0.036830973,0.63469704357925,0
0.41248083200851915,1.5382606,12.808901394287268,0
0.015334148021361302,0.08095558,0.38983838648251357,0
0.14577344578848084,0.82800585,3.2309918289937873,0
0.026423997192702144,0.071216054,0.7765769775840452,0
0.029129727879832958,0.09146134,0.9004325439093216,0
2.961658896273221,0.2723155,167.41799365572822,0
0.04371627235451349,0.034415033,2.0876363016742516,0
1.076808739123226,0.21628584,57.05508554879537,0
0.017426379563232723,0.020770129,0.7603411982373575,0
0.07115075503159542,0.044763908,3.7742562398151827,0
0.06510210785042486,0.11653962,1.8900040583697848,0
0.03479735385396356,0.05334479,1.5082758936781078,0
0.0459862927519271,0.094317496,1.9989730473402725,0
0.09798631741197131,0.024226462,5.215484248561468,0
0.15894759021427002,0.68645114,3.818618502594566,0
0.03685523961928899,0.06556261,1.3690184225161857,0
0.08630414741588023,0.0695099,3.8664489954980397,0
0.028019792027772602,0.03036952,1.3795377882745097,0
0.0933766757257693,0.44526163,2.498696327658564,0
0.018919076497245807,0.051319376,0.6955150792745212,0
0.045068780786152327,0.17029618,1.2595929049234948,0
0.06539189616970267,0.1933408,2.2573752724937712,0
0.025544800484537344,0.032645028,1.1482973351742203,0
2.191611283741226,2.7978044,97.72784551372288,0
0.08585595982515373,0.2549554,2.4831433888013006,0
0.13457063195616537,0.13338242,6.768459404443359,0
0.01828124910398298,0.019743934,0.8884017452702402,0
0.028452287994746285,0.11862669,0.5222991021305546,0
0.025227031498473766,0.06394323,0.9652635612686583,0
0.1059841320819816,0.2353277,4.361778189795314,0
0.17310342089976477,0.37108293,2.37935268760709,0
3.10233845712459,0.6203889,173.81938569838604,0
0.07751956826392942,0.16744299,3.371581083895184,0
0.04919638225280467,0.09066582,1.5843657493932166,0
0.05141356181818722,0.036827136,2.644334345292772,0
0.027583192016693372,0.03819069,1.0877357415712827,0
0.045778761988662264,0.07558165,2.0126305196330896,0
0.045250787181013025,0.072330214,1.662927628476682,0
0.019859079923993078,0.010040856,0.9643305939948095,0
0.13186683093039603,0.2086141,5.570320627206807,0
0.028167810709575056,0.02762729,1.188177837684753,0
0.1628793832611924,0.59881663,5.458649942793882,0
0.034557964761033,0.04652884,1.0375489634184065,0
0.057279138359486316,0.10567059,2.626939339804145,0
0.11131078881408413,0.33479655,4.103080192102888,0
0.35441381837722,0.7175717,15.651635671464765,0
0.035471331154240296,0.10744717,0.8729430958012648,0
0.08994421874195635,0.21105194,3.6074808163221843,0
0.0699964711780938,0.14349131,2.5588196293697805,0
0.4372408060494804,0.72951525,19.67204343568225,0
0.09803450300998308,0.07024867,4.61423290876025,0
0.08146007219635173,0.06785096,4.153298789314287,0
0.2060695656803187,0.07908571,10.991298964792623,0
0.01815022552600036,0.058270376,0.5420423857856815,0
0.23808011502345838,0.8813031,7.1486958834580605,0
0.05046668215391009,0.03493204,2.4672799779403,0
0.05696150705307054,0.1802568,2.1354410605870857,0
0.0635752787634635,0.052423865,3.2927506774311284,0
0.027200988417109093,0.049180448,0.6270511152450844,0
0.023081356495698018,0.06614132,0.8679478802179846,0
0.019377634454962316,0.048089776,0.7573246818244962,0
0.04118001090312175,0.02484756,2.142506773276205,0
0.19277256715364818,0.49570063,6.426140358245628,0
0.1700213602227097,0.5841981,5.609400294988386,0
0.024584813732221877,0.03473671,1.0068311280204256,0
0.11613550242552398,0.37740007,1.400291350379582,0
0.08767808996032261,0.22846782,3.386733624604399,0
0.08233964785802578,0.15242654,3.129707706548192,0
0.026778792678219508,0.035399955,1.1526483272973267,0
0.054414044145470776,0.29258773,1.0301903361585483,0
0.04017630813089394,0.10703655,1.0437881415389119,0
0.02116995236076357,0.03213966,0.706945723966037,0
0.1684286075051299,0.22853121,7.334731201187984,0
0.03917064165543088,0.07729311,1.4408520559235085,0
0.11119456595923248,0.13062482,5.117693302573741,0
0.07315114620795107,0.14942455,2.0408646411639935,0
0.012765950104618529,0.01206851,0.7314350624692334,0
1.7614191470680116,0.015593999,100.66450295634701,0
0.04211998734825262,0.09134402,1.7722417793547012,0
0.02042970700868861,0.034496967,0.8553421547606327,0
0.021860416752963848,0.010972808,1.2525096183419075,0
0.06563191684962824,0.16561161,2.7602728292420045,0
0.08796642648888392,0.3167023,3.101371789008605,0
0.032953429593121863,0.08562095,1.2925296625373404,0
0.016732997041926684,0.025199167,0.740162855047692,0
0.06710818723444004,0.20410807,2.3077415942743555,0
0.031357613145207686,0.09056123,1.1127268609084102,0
0.03616777369676613,0.19216914,0.45069437057713646,0
0.03364515413270997,0.062636584,0.7761485018963954,0
0.058109700754175896,0.027106356,2.9652248199163456,0
0.042792397509356,0.20658483,1.0733431481309195,0
0.02649224135509533,0.020089775,1.2592065546161644,0
0.02825155894020874,0.048465025,0.9112967218299132,0
0.02051096889335015,0.032774717,0.9604833539281427,0
0.029237141989212036,0.027118735,1.1621415417623941,0
0.02371944139304134,0.014715291,1.1205424932728905,0
0.31180694667583536,0.22130111,15.72902277474347,0
0.052102340429143995,0.09047375,2.2450552216073323,0
0.0593752650637875,0.036260508,3.1447240231925875,0
0.11508962278588597,0.4018186,4.074665969173012,0
0.02667243856342182,0.04688731,0.4894806421529844,0
0.018423525934166397,0.03788763,0.6597419439939821,0
0.06396675121077125,0.07245047,2.896737501414857,0
0.0718786991337364,0.2614355,2.4776903691087804,0
0.029415185648443504,0.09443442,0.7332550165878674,0
0.046070654109385864,0.11878472,1.6435738291528659,0
0.045221955617204636,0.10544996,0.3721241330992192,0
0.01925932078375986,0.054816958,0.5545873069922607,0
0.0278273961151997,0.043571535,1.0900023587455492,0
0.22383206726698418,0.050872296,12.476301317306804,0
0.0375990259836192,0.020770572,1.9323920234996048,0
0.02328814385209663,0.044520598,0.9021832553831847,0
0.029567622260895356,0.0769981,1.0284359191358576,0
0.05191586834006001,0.20975186,0.9717789934823583,0
0.062226075986518525,0.12124281,2.288101009852259,0
0.05582991359923471,0.12842034,2.163775608417276,0
0.014666954925995655,0.0340058,0.37140081742681685,0
0.029727980559838448,0.06644755,1.2514671773913613,0
0.03714195720691778,0.012152154,1.8862761010321663,0
0.0805550242953218,0.025990827,4.168404804723184,0
0.02499476532559295,0.0616467,0.937461334729077,0
2.9946295525199917,0.19538036,169.42259401686798,0
0.06109717433745194,0.03054408,2.906651696762253,0
0.043185338364448704,0.051948972,1.94215153647557,0
0.08974371914638132,0.18718895,3.5862446482087544,0
0.10600437070305084,0.22617485,1.1860690915520138,0
0.04324304838071147,0.06828094,1.32379202775251,0
0.06472707613248899,0.07059313,3.2407808890357392,0
0.13511083694298842,0.04950968,7.385975003060933,0
0.05193715895319187,0.06030376,1.9843229814904568,0
0.07404084218723819,0.06395057,3.769895268298242,0
0.02977235588193957,0.0977627,0.871259875518232,0
0.011594999081091842,0.028120486,0.27967025778149557,0
1.9078999322398158,0.18897077,105.68033038431547,0
0.013806569013938091,0.021708665,0.6314335048818724,0
0.07393067961661837,0.08629197,2.9272664011870506,0
0.06659265136817899,0.07604568,3.2479806638173914,0
0.07821444785899705,0.17011234,1.5439866684915715,0
0.01959372049873105,0.030648205,0.7060470431821206,0
0.046735180753224526,0.03364958,2.3324055333253426,0
0.11069876650130396,0.04453406,5.741333830524533,0
0.11952692124718504,0.1385573,5.946169655169067,0
0.01224305951972815,0.024660267,0.3769700429677026,0
0.04249943339434635,0.21593355,1.0609230988887772,0
0.04304765148733031,0.05883775,1.6523238698067417,0
0.03250179884946665,0.14721602,0.8525480957989249,0
0.025441001820021802,0.018376479,1.12898388313992,0
0.21355273397423907,0.9344996,5.992088998849959,0
0.07029576675087358,0.061832245,3.330360155189099,0
0.036001999862192866,0.045500703,1.109377521027163,0
0.01798830906663438,0.05568426,0.4874952424591407,0
0.11516619351488559,0.09617103,5.5003040975977475,0
0.03211168503178784,0.10505394,1.1909136117059345,0
0.038163641697573934,0.0807132,1.3839052485166856,0
0.043835447752558175,0.07940217,1.1171158385960867,0
0.050221478051911454,0.13448296,0.7528186183567253,0
0.0706457037539272,0.13390815,3.159217012074152,0
0.12866019770159332,0.61787194,2.8024993663116966,0
0.04934258458713513,0.048689798,2.2335875329418444,0
0.02008654778208263,0.010742516,1.0055783066476038,0
0.0428074440822627,0.11256126,0.9149980260132546,0
0.1795642038374028,0.25307426,5.074047416287967,0
0.06722402406142874,0.18562008,2.68838413315385,0
0.0765838448721442,0.11614458,2.915337502526965,0
0.14824601599655865,0.020096103,8.367035193736717,0
0.5144343401230231,0.59928256,24.809577157410676,0
0.027458358471343588,0.065189056,1.0871442899482642,0
0.19896940748060205,0.42056575,7.890313637112486,0
0.041833695511576924,0.06960714,1.0009298863977718,0
0.0781807816825567,0.016809953,4.287387215335935,0
0.0181840513032336,0.030007131,0.4715483316243205,0
0.06583590201696739,0.100827694,3.122917209197042,0
0.9951593884165484,0.08814507,56.43099106029894,0
0.10701010279497958,0.19528683,4.933338220049421,0
0.05911343928475686,0.0769935,2.5226099409307166,0
0.00788378392886132,0.014158573,0.2824910631129955,0
0.10862309202342024,0.26804766,2.0876958225750237,0
0.027581883163659116,0.07598771,1.0328324201103445,0
0.0215291094226988,0.037545253,0.9198967460596091,0
1.8159106281207955,1.3446617,93.11962684441959,0
0.021300317679759852,0.04265813,0.575519047620666,0
0.02643404663782647,0.028897537,1.2233397851056664,0
0.029106051192253027,0.13947214,0.7990630037255259,0
1.4866450861751193,3.8421197,51.418916476169464,0
0.011550921469303874,0.017547293,0.6618190496781636,0
0.015830948727724968,0.025024807,0.474357772445609,0
0.21906884638158644,0.4340606,6.8008530110229755,0
0.055256143759296904,0.13372241,2.1130814815192025,0
0.19094006273313252,0.08846745,10.36806314129057,0
0.25266169186374443,0.48083913,11.018324878867046,0
0.07183473471703614,0.38704664,1.648717756959617,0
0.10801412867197677,0.19010833,4.884511896478719,0
0.017566290142650737,0.014261037,0.860850625027083,0
0.11984315164525348,0.06898787,5.566152753630679,0
0.03961545199031685,0.08603182,1.7136779037452134,0
0.054153909288729055,0.17541783,1.5748111750324554,0
0.03328997985710045,0.014927472,1.7599032907746057,0
0.06861949392200606,0.056818623,3.3497473139208673,0
0.04817035317167767,0.048823696,2.3869833151691706,0
0.04270518692696651,0.016056914,2.446826974232439,0
0.05265471514118749,0.07323626,1.7792230776944804,0
0.017206844759787916,0.00852646,0.9858795834726444,0
0.029240659922774713,0.079060525,0.6520605253901365,0
0.04107832332673582,0.20645173,1.0668506723647297,0
0.03268630352959558,0.033200324,1.4619386883505645,0
0.04626472489447703,0.08338737,1.8492183876486656,0
0.017844849789508024,0.033455424,0.5728299063482312,0
0.0963125347150929,0.13206536,4.301580605815853,0
0.2526042504551033,0.14686269,12.754986533437823,0
0.042954742989307564,0.05003508,2.013942352905598,0
0.024631230266271155,0.027068594,1.1740794021785907,0
0.04779436256638972,0.054594733,1.6640562784850883,0
0.020571960116891583,0.022006199,0.9456594863529904,0
0.027761221151800557,0.042075846,1.3071396846397547,0
0.04795840496912086,0.01406711,2.7478141969098604,0
0.06369899150255681,0.05826933,3.0867281886080535,0
1.595878735580546,0.102662794,90.78562347865636,0
0.04357364654191752,0.12803821,1.2296955570011605,0
3.1684058334831295,0.5083187,176.67250134703937,0
0.45905174334034193,0.7455081,21.52173227901217,0
0.023259986465539475,0.01934689,1.0995479073262253,0
0.03853840894539179,0.10770626,1.421345318291991,0
0.12929458852580628,0.264946,5.32357533427683,0
0.055088527822732054,0.112358995,1.0185863428225344,0
0.05745828573622839,0.06435007,2.549581686139445,0
0.038556923179980836,0.05649074,1.3582839697016615,0
0.04007226746326429,0.07389408,1.671573836488459,0
0.011070660592944464,0.026909918,0.3425797330260989,0
0.05968575950668666,0.087740965,2.588413005735573,0
0.3189535628853791,0.8079307,13.216629294425159,0
0.04162550481045087,0.118098944,1.5859157885623,0
0.08058516761446216,0.12896231,2.9319921493411574,0
0.05514222055300007,0.2995361,1.1375172321328286,0
0.07050681158814621,0.13940416,2.0963321443516216,0
0.0870343620547559,0.037594773,4.577383295750591,0
0.05342297289416295,0.17607033,1.7436712216782337,0
0.5141148952063084,0.32640317,25.248854297604556,0
0.05294111347861949,0.04135598,2.6912825633503683,0
0.03364415558369574,0.07143728,1.3200485152474104,0
0.025901222934325015,0.09532526,0.8333001199212094,0
0.041078076978581596,0.027175432,1.8572929095577497,0
0.05632454942661596,0.10222418,2.33452543783439,0
0.025549827956279265,0.06165504,0.9947246248202589,0
0.05965118927743033,0.06009387,2.9082794356515547,0
0.054435253079412174,0.13273129,0.1781020881454414,0
0.039945695632353846,0.050633434,1.860275929995746,0
0.04464140135763935,0.060825635,1.6891750825332907,0
0.048620521807981765,0.043871146,2.10081591225767,0
0.0294623113814731,0.04432999,1.040961541812927,0
0.04930409582510779,0.046175733,2.0435557156816406,0
0.027967524101457007,0.061288763,0.9338906094978051,0
0.03240112359746185,0.13761312,0.8226279596873515,0
0.02416358395794438,0.04486808,0.7428047214508906,0
0.03320553640697777,0.02508737,1.6957779282622842,0
0.07872751840462558,0.20693424,2.878758207185702,0
0.03493895204395368,0.07862136,1.2844171319216469,0
0.12065604486903425,0.20150028,5.53238992542653,0
0.03131573406405888,0.045107227,1.4092633485781467,0
0.0779360382220496,0.17946729,2.0391930953109507,0
0.029914620935174288,0.16509025,0.6748302484128016,0
0.021593091084399933,0.015261471,1.0985915721483968,0
0.029498289652621038,0.069620356,1.2002119046063497,0
0.02551177818760225,0.11629204,0.682633131089045,0
0.04487771684231693,0.02041839,2.3906096073111502,0
0.02307650544746096,0.06547918,0.6474944655033418,0
0.03628557060497164,0.07049198,1.3480612438823485,0
0.08643534404974083,0.064024,4.531243490388806,0
0.022671089855745945,0.020546725,0.9466546072748558,0
0.13037520698792218,0.7615745,2.614632729307555,0
0.030230271870881464,0.042531084,0.917625736870424,0
0.012555231340229511,0.052469783,0.07860457601359243,0
0.1677069048765908,0.4949198,6.339738148647791,0
0.021068312011623572,0.018832298,0.89676260438206,0
0.05238347007437768,0.0945952,2.1132001623418346,0
0.24688749147488476,0.067376755,13.660472704373062,0
0.13334119566514444,0.67851394,1.1032537040529347,0
0.03369719734976813,0.036301777,1.14338285291901,0
0.028327498499423703,0.027446827,1.390651669754391,0
0.028804119871414336,0.07222462,1.0288859406469495,0
0.054389936193552965,0.034692947,2.667691012294975,0
0.10361011291689558,0.290447,3.8436520098766933,0
0.05132657948801894,0.17147087,1.878017025661539,0
0.5139424713330218,0.3880582,26.425848785158006,0
0.06247683931733848,0.016762665,3.414739303450795,0
0.04880861051799975,0.035661887,2.4986699605488294,0
0.07091107157593807,0.26368678,2.222799439127255,0
0.02360809835514364,0.008599139,1.3526443980794716,0
0.043351906811592865,0.10280891,0.5485734463652256,0
0.04264464981425127,0.07834984,1.4586594720393182,0
0.038215068954927336,0.041606136,1.3487484824521419,0
0.11315356098093099,0.39928448,1.7361029772544516,0
0.02241341158037817,0.11737723,0.4386265006380786,0
0.019225072702437937,0.055626873,0.5922060360771705,0
0.05441892631144771,0.029287353,2.861192000483328,0
0.02718909941754223,0.049827807,0.9171268098464819,0
0.06317042967849577,0.3405683,1.2439454484136023,0
0.20296079121419436,0.6261076,5.076184326631666,0
0.04939468202952663,0.10183638,2.122254926684713,0
0.05271658072552557,0.18068074,1.533193135910426,0
0.028180936495358126,0.06436091,0.921426464784292,0
0.07226995699893979,0.12595358,2.7813312276079873,0
2.166657973590817,0.22475575,119.57024850627488,0
0.03401122277548321,0.07695681,0.6856437576010211,0
0.17678333089488765,0.73754126,0.7355622905835191,0
3.0589850292494574,0.7347002,169.44256479459636,0
0.17193950301444585,0.09835677,9.0413551560648,0
0.07235268147798524,0.038609926,3.258959725274925,0
0.032209312283050094,0.05304623,0.8633075082062012,0
0.014048432105328157,0.035399906,0.5885227222615441,0
0.03507458981117935,0.05882296,1.4739403108662652,0
0.12135597227402486,0.045899265,6.674692817780865,0
0.08439794280835676,0.15949126,2.47905969067828,0
0.034652055954505157,0.08217935,1.1031475756188431,0
0.04602736873516658,0.032625012,2.0776575203321337,0
0.01676060471406981,0.04052839,0.6801631656587366,0
0.1298243410605674,0.09366927,5.406003628814703,0
0.030449006281470455,0.04048346,0.9583855462804135,0
0.053403830845604655,0.083607286,1.8788285194550183,0
0.03872893008581495,0.040609047,1.4089540486946766,0
0.08603855912469521,0.16845214,3.901193140278103,0
0.03319073841052993,0.008328576,1.9016892298461152,0
0.01594093350683428,0.045064714,0.40013436059043056,0
0.02457126158138708,0.065383375,0.6559425118531457,0
0.024290261051344554,0.06478027,0.7070232543433689,0
0.1236920161740173,0.071862444,6.078556256933899,0
0.10063465087532057,0.38931507,0.3475461498285687,0
0.0692437738881386,0.028869657,3.6505529275815674,0
0.08023933552368685,0.09044079,3.7785592854138677,0
0.02634280428300758,0.026363557,1.283335220554306,0
0.10622579148602757,0.058646075,4.748980749893086,0
0.2892161812676503,0.36981612,11.88467333709437,0
1.0995861020931743,2.3418815,46.07993969248006,0
0.07945287770639696,0.22077593,3.03195532791409,0
0.41481523570071555,0.5400708,19.679057996709652,0
0.044580838576428417,0.024029164,2.3916180681617605,0
0.2431881519348625,0.16794898,11.86000033681469,0
0.02167108739817985,0.08070148,0.3442205586035426,0
0.11112275413088306,0.11378325,5.410980805721601,0
0.01759171228083718,0.06027397,0.23056243930809567,0
0.09543542520183786,0.1641409,4.36987741923777,0
0.020243042524190787,0.025388228,0.9662365077331156,0
0.0926438809289456,0.18304572,4.0696415218033595,0
0.10072357682858366,0.20618942,1.6879551672082616,0
0.06523928525332076,0.13207974,1.8375546683329536,0
0.029378738974590847,0.04812629,0.8784169033244212,0
0.15765704241501577,0.5954177,4.499250954278314,0
0.014055788751906925,0.018302072,0.5537403648625734,0
0.038055465281799615,0.023509504,2.001642829356301,0
0.02273476952307848,0.019986564,1.1466515119782366,0
0.037210289301053384,0.033573948,1.448429867318929,0
0.02795063920805972,0.053592186,1.2528595357366175,0
0.06179832564346542,0.08748021,2.680452559129997,0
0.04653465425685863,0.027913243,2.4495976557169463,0
0.13852840539621325,0.37667486,2.3636786728305994,0
0.028884001555171786,0.086639665,0.37821855108011465,0
0.016311588007892612,0.030214699,0.6048643312109929,0
0.07894823543165905,0.01495537,4.397149365867046,0
0.11608445092129045,0.04185874,6.395948691499478,0
0.028386151843894276,0.027506078,1.100253533287876,0
0.01994532519700021,0.09251046,0.38564890806702534,0
0.03342646978020782,0.11783112,0.8547280921734465,0
0.03966795266882167,0.1965882,0.9083747042393585,0
0.02420611721742793,0.020780763,1.2137723042655164,0
0.053863934919578506,0.12508927,1.4305033860503042,0
0.05845190558853752,0.11302987,1.116487252936966,0
0.013872303586326934,0.08078126,0.25969155922895365,0
0.052845384088354104,0.3672305,0.4928533824891369,0
0.04373026821387442,0.027334154,2.282945144218955,0
0.012651005556915942,0.0038628173,0.724849225007835,0
0.07339283559753966,0.079218596,3.301541898341773,0
0.1865980351601765,0.2931021,8.848833149849742,0
0.1571490360988792,0.10641006,6.9696964593934725,0
0.034890676009066174,0.047587126,1.5522899208937433,0
0.019255736735994396,0.05515985,0.445078172089748,0
0.06665762548514173,0.18768252,1.9881731049187994,0
0.17296236971106876,0.4664986,1.778616389291146,0
0.03559908117470344,0.047148086,1.6574859200789835,0
0.017997929911642386,0.044085376,0.5938620880923874,0
0.0349883345307227,0.025399955,1.754088662424848,0
0.07952848841293977,0.12983677,2.9742706652817485,0
0.05141558738136936,0.09436363,1.290011456021993,0
0.04860533225488205,0.039015487,2.1820005194531378,0
0.07353500609077813,0.07381125,3.7259001323283143,0
0.04195145310458012,0.061231434,1.6378350081454638,0
0.6315132169576622,1.1247393,28.753718919681017,0
0.06261033320089812,0.15081762,1.7150061457516264,0
0.030728428350072133,0.073145375,0.41924974877163307,0
0.11730313588277158,0.34711528,4.269597731943448,0
0.06673209902275454,0.012763448,3.616064482274267,0
0.22059465616988963,0.10043031,11.297231737141075,0
0.02946657334663216,0.07744685,1.1854505785197682,0
0.017250355870813947,0.032986738,0.6240496024767934,0
0.047983728690839667,0.13903947,1.3261025912731366,0
0.0403681225504402,0.18747234,0.863836304556138,0
0.031241714467980713,0.0719593,1.1960340241665528,0
0.03854643736356261,0.11238299,0.9806255183925033,0
0.060420987653118347,0.14004526,2.4488726257776268,0
0.042055047363146254,0.14317842,1.0805431445043483,0
0.06716043963072466,0.17168128,2.7333676916540233,0
0.045550472039889725,0.14580019,1.5242255985300774,0
0.07222991201044068,0.14232549,3.0805160326554124,0
0.14255595591659886,0.4234689,5.2094493198198455,0
0.040578596589835064,0.05685139,1.470716903289669,0
0.014370097064054762,0.019249985,0.5255410473733755,0
0.1895762354092061,0.5686895,6.87642895280322,0
0.05975329126798772,0.026304197,3.2456362286536637,0
1.0715897968212835,4.1164,32.36534822600317,0
0.028100352546172408,0.01168789,1.470396710437516,0
0.08345314470919706,0.12218197,2.4423125667498904,0
0.023571164447778556,0.029841475,0.8704987042166208,0
0.027205665912140988,0.020898929,1.2716794023919462,0
0.033185064533317495,0.007889476,1.9013641406283672,0
0.043979832951970624,0.15014294,1.452882518192052,0
0.015033295955240581,0.024704903,0.6737619359905712,0
0.019373734823526664,0.07833558,0.5289413948590924,0
0.05111972544359766,0.10231568,1.2803985337671744,0
0.25699028400748913,0.05475524,14.220368330553203,0
0.12747346073750376,0.15366545,6.063202801855023,0
0.20860001534610678,0.23292394,8.947417023353639,0
0.022765189871655336,0.059361633,0.6120002906914537,0
0.9601040493780897,0.7203391,48.44828080272892,0
0.021043049731100025,0.038080055,0.7637037602821071,0
0.028512773037697683,0.19638294,0.29007242063965116,0
0.05513043531113195,0.03941117,2.8716203371027738,0
0.04542218677038771,0.0537307,2.2515695746043747,0
0.021993910375807682,0.020374002,1.0425198645098677,0
0.014341635373183472,0.041033924,0.39666578268158453,0
0.03891841375903979,0.06618921,1.750601847602691,0
0.05798709314188123,0.34635198,1.2012406923590977,0
0.06909132236556034,0.03465473,3.573706678621756,0
0.09300694047591032,0.12271559,4.321746056973265,0
0.03127689515421796,0.065087065,0.7247120166368838,0
0.036856725534832754,0.057943147,1.2605986938030578,0
0.055212602073058316,0.04698733,2.5613022655358217,0
0.038142551211952966,0.05758964,1.6781081905561805,0
0.20148409308658596,0.35622045,9.214936571557125,0
0.042467362204834824,0.038902003,2.193036015690552,0
0.39099522060198433,1.2130886,13.893206753967915,0
0.02620383095737299,0.048506647,1.0054738151352318,0
0.07006249317077408,0.29658157,1.376244549129381,0
0.10453333082253458,0.048891615,5.6814472840879,0
0.04420934998790175,0.03859695,1.7183656768269164,0
0.01711666942764425,0.033373352,0.7779570177850745,0
0.022587678771776004,0.049000844,0.6411699426453293,0
0.05305040888940528,0.070386305,2.610116413422102,0
0.015415048621563307,0.0071103163,0.7498111460746093,0
0.04119314089272398,0.08956258,1.758975854912525,0
0.04140761437666673,0.11186136,1.6926473089091836,0
0.035437651153388705,0.029940046,1.7477810921147512,0
0.244489478775199,1.1937077,4.921939484223389,0
0.10133384227870985,0.28478763,3.8282576713176395,0
0.04221559628488883,0.10407939,1.4372177623096294,0
2.5772316733348055,0.016460247,147.49452522369586,0
0.3255205788225489,0.8347514,12.641886360552,0
0.19197105118345498,0.77433586,2.306139236509672,0
0.08325461218162655,0.014691029,4.5023683940840895,0
0.07229432815050765,0.10408929,3.441552484591908,0
0.05103771751147637,0.043066684,2.00728352180421,0
0.03408334460805227,0.103443556,0.19335628451586404,0
0.04227963258376638,0.047762662,1.78595982831019,0
0.08721413235670002,0.32543197,2.5848473948975053,0
0.16903440338968265,0.23335339,8.183464081283546,0
0.06734137417520111,0.0958725,3.0503510607726274,0
0.01989578923056047,0.023377089,0.6545288115696979,0
0.07255996172781085,0.1573272,2.1012510105186153,0
0.6247400999072523,1.2088706,24.138026325910527,0
0.0854657218043147,0.4536853,2.0422686112339745,0
0.0864475716365667,0.0466003,4.537140732888027,0
0.02329955322564123,0.04690487,0.7531490464442647,0
0.024291086427791878,0.04102896,1.0631954876768643,0
0.023469741256454905,0.054596998,0.8433117059886793,0
0.05223731166428538,0.122484505,2.18603546415248,0
0.14378415984739595,0.13096799,5.678568159285122,0
0.04529763958987013,0.069907054,2.122006754847496,0
0.019857936085397043,0.06925762,0.5082576154969605,0
0.03231469216344688,0.059799768,1.3583170258150095,0
0.0163809616035013,0.0055956966,0.9385599642464779,0
1.4873713499000971,0.06969626,84.19093783221099,0
0.017134866324880205,0.081577845,0.4053771498594029,0
0.023046812974074977,0.020114638,0.9946591845381583,0
0.03144590945212959,0.07720307,0.5161079926311514,0
0.12192480284477647,0.27963987,4.907589966930061,0
0.028052676898300856,0.037344955,0.7888276965427249,0
0.05723982301495675,0.097381294,1.4651517746390559,0
0.5824368667254636,0.06510283,32.9263394701558,0
0.021692699990404192,0.06789467,0.7850094497387171,0
0.12060375286778094,0.086228855,6.066664925580382,0
0.05739058213243125,0.038332436,2.720967877529215,0
0.02999488965223901,0.01725793,1.4955059520708565,0
0.05679556918341917,0.14787728,2.17004320281973,0
0.03531553306191569,0.047076833,1.4010173610629433,0
0.05197439764235767,0.12526754,1.4458041195603177,0
0.02581363172894966,0.050118625,0.9271161117289678,0
0.04727870557350335,0.022275178,2.5621065070312428,0
0.02097039100364883,0.050620418,0.7503786634130248,0
0.18856533390862806,0.038081706,10.128997413802113,0
0.03544746031979534,0.046895757,1.2099452103723662,0
3.1009503740448836,0.35803488,174.81102271855468,0
0.1009631069042276,0.27625573,4.11602196794462,0
0.03386136431752106,0.062381204,1.406309380959161,0
0.0422970364785528,0.027754096,2.222106215615938,0
0.07594900872034811,0.09846024,3.6739701820101454,0
0.02839775631882459,0.023712875,1.3668038112916931,0
0.04398960137433178,0.1845779,1.3796094634635958,0
0.03853933625068181,0.1064448,1.377129378278785,0
0.03497285213385277,0.079544775,1.31042990440675,0
0.04487446062574729,0.015255627,2.571117201781311,0
0.047717638594291345,0.042467386,2.2253362122308573,0
0.0642357954931507,0.22138391,2.1329550711896035,0
0.014252455772009096,0.028467227,0.4357214784298313,0
0.03132435431101595,0.021970535,1.6281599815570702,0
0.03909750922906543,0.15863746,0.977131605026372,0
0.05136787341653679,0.21418338,1.6526513597870904,0
0.06623821278621203,0.04572352,3.340458515438887,0
0.023345585579502136,0.023613678,1.155424849762534,0
2.7747586758820737,0.15439051,156.7880208641261,0
0.042121218711567,0.08945369,0.9466348816183281,0
0.10328429440436451,0.05604967,4.75992503724852,0
0.1557212486605294,0.23930365,6.973416399817252,0
0.13485618677079683,0.062210243,6.665773281115823,0
0.04634594099044936,0.11528084,1.4016766519373351,0
0.0652950847783068,0.11764302,2.8378950112467636,0
0.021185462685268934,0.03698279,0.9778664625440558,0
0.025838564731571645,0.015563655,1.1811165520008315,0
0.03415380933576453,0.06673537,0.7895142411109445,0
0.06014230083666658,0.04437382,2.9216339507248295,0
0.017794429393267114,0.027915554,0.8139573425656904,0
2.774406805755106,0.23571154,156.9426099404987,0
0.032480592711106454,0.06033719,1.1012647430623967,0
0.2340184296879159,0.28863978,11.037102865342723,0
0.03897609411688302,0.09359817,1.6647865938209976,0
0.030390543378520214,0.042207047,1.3262988585081112,0
0.02938237807262926,0.032466993,1.4863044439130217,0
0.015939386937310448,0.027064824,0.5574505530364029,0
0.1146874024794564,0.07216307,5.6465637429226145,0
0.02831054417672912,0.06144931,0.8590823223519105,0
0.046801446238442894,0.049349636,2.33256038774595,0
0.025044034415176043,0.05510243,0.9170549323379854,0
0.22656546670657524,0.4320783,7.028467079107493,0
0.07852305747941235,0.35673258,1.8625553922270779,0
0.03828291067635482,0.018444726,2.037687398879758,0
0.12042824936440452,0.11586332,5.905430762231737,0
0.06994799107954155,0.22089039,2.535545914015325,0
0.15605773673550363,0.07239918,7.4939924645826705,0
0.06158514070795018,0.010994959,3.528568643284864,0
0.0344110292283217,0.052918535,1.5111675231951658,0
0.030104730775215905,0.055916514,1.2213350755460919,0
0.10257424638784664,0.08089731,4.5457264494281135,0
0.027212762277040704,0.02698977,1.3175381283126693,0
0.035169017519732,0.106990315,1.320827959175804,0
3.4302387976768305,3.1509483,176.73027986792366,0
0.05968517739374449,0.049590256,2.6688148422729125,0
0.08881334428372561,0.22024624,3.0684354993377574,0
0.046964316175907315,0.026928699,2.292985165189726,0
0.8335931391309586,0.66290385,43.515808065663435,0
0.010889724894797174,0.040858883,0.2460363844009552,0
0.046090246939511484,0.081744336,0.7723113576615485,0
0.014708198745107736,0.025874937,0.6549652836020246,0
0.023784335372409128,0.052630138,0.838547161318229,0
0.20655180443899712,0.7963405,1.4733024997394135,0
0.02989162454250553,0.04118984,0.9799407116275742,0
0.09145300563960351,0.34662437,3.006788068793683,0
0.03966103873004291,0.14100036,1.1326413090541085,0
0.039321650794814915,0.04680433,1.30735728011872,0
0.0809815375872319,0.07138137,3.8091877958531764,0
0.03473179720602748,0.07367906,0.4847298426671291,0
0.0349566543707937,0.041657586,1.3115383578964868,0
0.15831495425385794,0.44617137,3.6089240276509744,0
0.021980823166278037,0.08417034,0.6744576035571508,0
0.028480351118358536,0.13024649,0.5040290157546377,0
0.16569094388899477,0.15705557,8.246112587908916,0
0.03068470522078474,0.11097463,0.9577976595729505,0
0.07873139624309711,0.16917251,2.2584129884733732,0
0.06513546058264583,0.062512524,3.2292766340986443,0
1.8808581321781088,4.0727434,73.64986544198761,0
0.036629766706114925,0.036848713,1.6950159239273668,0
0.035028806633027494,0.03754677,1.6086400289197051,0
0.3318385441530761,0.47458032,15.421780162550863,0
1.0215333585470017,0.2717521,53.06959375736813,0
0.06543749913068032,0.23193194,2.0083498734026572,0
0.027748339667781834,0.052236304,0.4818423569866071,0
0.05304390968245351,0.1654477,1.463055032762922,0
0.04752822695120536,0.13878149,1.2383205054717215,0
0.0664283773007108,0.123766914,1.829546370988725,0
0.03454658944262202,0.020278797,1.7217995740281722,0
0.01911726320675499,0.03853293,0.6529395144441058,0
0.1285380261184403,0.23792839,5.454403301647351,0
0.10509940612972235,0.083341844,5.202472330199345,0
0.2895333593967475,0.6380726,10.996184796703202,0
0.01923943415225572,0.03400828,0.5617104948433533,0
0.01053642667800769,0.03137988,0.4137724730364463,0
0.035687708852516035,0.073325425,1.1101707086544699,0
0.020272988435835203,0.016518703,1.011399382198728,0
0.023180854742423523,0.012462125,1.328165142246687,0
0.3635254162489866,0.255876,15.851216772193093,0
0.08913538852022171,0.15630737,3.4011481205991916,0
0.03273033603980491,0.05937016,1.5046095240099664,0
0.03301688478627715,0.064270385,0.7925287323203009,0
0.01507563265748478,0.038558517,0.372584060873733,0
0.11051316925253926,0.08711901,5.604346888003688,0
0.028563769590731525,0.020617845,1.489762605268944,0
0.042508479224758006,0.084467776,1.1749985111086017,0
0.10673570431286174,0.21245402,4.739734420191752,0
0.0628116448807846,0.12691209,2.251246686473591,0
0.03294184738499426,0.05066239,1.2731077367515402,0
0.012815345267505595,0.01308877,0.4533300713974374,0
0.08229119664646894,0.060629353,4.343266925172208,0
0.04074792972890231,0.09992621,0.33355444343367846,0
0.4137338008301245,0.033240277,23.41533436468829,0
0.15557310708538194,0.1015666,7.232477588029154,0
0.042543419848370054,0.073427565,1.0925148633234774,0
0.062335432451795104,0.12838346,2.499766683816638,0
0.029542880777026104,0.067199826,0.7008887564941971,0
0.13098147351554656,0.5211735,2.814452353518753,0
0.05387172160424978,0.17438024,1.902236638374067,0
0.8993423521424312,0.54026425,48.23987424911447,0
0.013225143904803028,0.014061782,0.5471598851020646,0
0.09052717126788568,0.03663558,4.883082303772959,0
0.11766178100098615,0.17117395,5.24461962973591,0
0.04345534697967707,0.06031771,1.567267454788254,0
0.19387542701499913,0.104171,10.399328460181813,0
0.023018198869275305,0.05493446,0.916470665460365,0
0.1410616446959278,0.5199943,4.945078072497714,0
0.04642852295532232,0.16695833,1.5856924981299432,0
0.1377694350638005,0.13875878,6.216751444311396,0
0.08543040570293488,0.30025944,2.76708506428825,0
0.09692603420729617,0.3495007,3.380755849659321,0
0.02923493986877867,0.1218096,0.8277266483072651,0
0.06952773801942655,0.17958668,2.25096078419123,0
0.04200809416530846,0.098357886,1.651720082412782,0
0.07810402187085645,0.096128106,2.6883141606945107,0
0.06443401390896111,0.14996807,2.1871847136489495,0
0.07743847275086824,0.28925353,2.0445541077710327,0
0.03942644217716507,0.10803483,1.600958985499689,0
0.10840015953903648,0.06463884,5.514625848359165,0
0.038867320153761514,0.09450977,1.3720415295095287,0
0.04630534246005736,0.04342263,2.370030038422516,0
0.07387473938811426,0.12513351,3.1217480676666813,0
0.047466024446991856,0.033210117,2.360440361780062,0
0.029842595431646392,0.058699984,0.7691719804298951,0
0.010633878316039475,0.008067133,0.6092763473647449,0
0.08560088739785664,0.039828554,4.35530411355275,0
0.3109244030441539,1.2644539,0.57495804861892,0
0.06061811803092812,0.112642765,1.6445652975820264,0
0.03683580207351873,0.059136447,1.1855269963133335,0
0.05784348274160956,0.29307443,0.3611402047382216,0
0.05058529668183277,0.113830976,1.445793458111314,0
0.023418420908743628,0.053533204,0.7791525479351195,0
0.03367272605067555,0.067858696,1.4307938590727642,0
0.08200173593540674,0.42514917,2.0355392471184786,0
0.05462299812256531,0.07886536,2.0003218377737313,0
0.039703292064724796,0.032184828,1.975522466978798,0
0.08281114877478306,0.3608628,1.6819181780047499,0
0.08004309645208839,0.041823514,3.8349684784821276,0
0.13480329082592366,0.24260192,6.052457480417777,0
0.0332778651542935,0.07068581,0.9609301164973841,0
0.07325672814795069,0.3324642,2.025494140594792,0
0.10276994642016837,0.10754394,4.248999729713875,0
0.03141677427484015,0.15480861,0.5889365037097821,0
0.039777056230732015,0.0766676,1.5756672738312492,0
0.032473266933669684,0.029379636,1.509325644184994,0
0.04069080375294559,0.059154104,1.815412032668125,0
0.07470110993682329,0.10040898,2.8126505579185728,0
0.043408758830067666,0.19050364,1.22853320648182,0
0.13048630342653394,0.31143114,2.8223930442259393,0
0.018763099538529032,0.042840146,0.23599086505600775,0
0.12502136533977928,0.03116893,6.7935117936927725,0
0.05552907795626462,0.044494197,2.767875248087242,0
0.27011352661667387,1.0337025,2.7723737177518166,0
0.08006210339699013,0.22002913,1.4363299219517225,0
0.018724845355071802,0.01790683,0.7960954524335467,0
0.21756375664645697,1.0499936,5.220250024414613,0
0.05896763897410625,0.13222234,2.4196250481061243,0
0.21139801087754617,0.118015364,11.081279901739443,0
0.07642761768836326,0.38808417,1.5567890957458905,0
0.031325957030958904,0.034439147,1.2089970702467872,0
0.038835608448552765,0.020463068,2.007675999315145,0
2.9270269007741123,0.34824967,163.85280107382516,0
0.03275931669623859,0.13630484,0.8255378823409181,0
0.12265877649524012,0.28144717,4.201007228461263,0
0.41395743657689427,0.95026696,17.794292545822337,0
0.013270742997346208,0.0607192,0.3855206784426907,0
0.02671057688238183,0.06624898,0.904720963315109,0
0.02454195511427749,0.03017387,0.9596719219787153,0
0.0748434445265068,0.051556025,3.55142850338149,0
0.03076657165343086,0.05994634,0.6741870963590377,0
0.08633934884412624,0.11448839,4.196876965432625,0
0.05283760145454962,0.07499361,1.4128075843113024,0
0.09703175829162888,0.3312588,3.4445436464532984,0
0.01981797269923742,0.057650454,0.6780263237431076,0
0.04991635196386135,0.10864645,2.0880341222371035,0
0.061356657769360695,0.10159645,1.747721057959032,0
0.15336216004742026,0.16459087,7.77305737590994,0
0.008231146137210703,0.013456793,0.342403579193783,0
0.029639844093236643,0.09846314,0.9525028172648619,0
0.03788799414426527,0.1456219,1.049034130555704,0
1.973823925070983,0.40818775,107.83852183529828,0
0.15481074664686365,0.11410178,7.700973267891176,0
0.0773917999872593,0.058453694,3.9752898110050494,0
0.0501159871842181,0.05135564,1.9240764282926615,0
0.5941834882187363,0.3012669,31.010732357907084,0
2.3313120471314557,0.22722632,128.35847091093763,0
0.02102495483210442,0.077370934,0.7159008004135717,0
0.2489352043580674,0.19870621,11.613837467070718,0
0.026394485538788436,0.05158329,1.028988865008383,0
0.041156195048551926,0.28265798,0.6115017105654241,0
0.03939561985202432,0.12936603,1.2912693922716574,0
0.06112849991406519,0.101713985,2.645334186329186,0
0.03198546437303408,0.07049087,1.0159630972294407,0
0.054727542147402615,0.13324551,2.1326116785989817,0
0.2782216784288726,1.5608573,2.139785380616434,0
0.05255367436146697,0.10799971,1.8020513995847849,0
0.09963553678223724,0.18722694,4.42327058048896,0
0.01758786730451225,0.04269814,0.4189049850778897,0
0.35636840161164673,0.6525407,16.28265751983606,0
0.09864431557351494,0.042512108,5.273515277777078,0
0.025054559104126618,0.12579986,0.5282484308064572,0
0.08696575938158646,0.22439234,2.438913975894443,0
0.07594230164682672,0.10210926,2.6535579204745234,0
0.05778868099652256,0.1744114,2.1809034004822583,0
0.02805878654268394,0.14385107,0.30268242862467537,0
0.02606658822514881,0.15673064,0.46908522519247814,0
0.11616027145961758,0.07299661,6.0643973117346155,0
0.07787348228779166,0.025343986,4.250417284321796,0
0.06887181092707476,0.044563297,3.4338705022017866,0
0.025405499340177867,0.02805278,0.9056856559983454,0
1.3763155454261236,0.45427415,75.81782866891707,0
0.06506611806034876,0.33784503,1.5946611428519188,0
0.032691223724940634,0.07544172,0.7215376723069757,0
0.07254723045289965,0.28977096,1.4268183828947698,0
0.05046978961884031,0.023697378,2.6750710672592857,0
0.0370181725109831,0.0765705,0.8946641784435881,0
0.04618702309353635,0.049501676,1.9864663073280773,0
0.0672999882411027,0.11785044,3.111582809773005,0
0.029374811599237945,0.1134227,0.5322210286030108,0
0.014397146770304993,0.02793158,0.4324355318591805,0
0.03590387211046198,0.04298733,1.3744772332727357,0
0.016687805020715284,0.025747035,0.5340342525437768,0
0.19622423180094806,0.32522562,9.059257294392424,0
0.026710828816284952,0.062213268,0.6861760680915303,0
0.016419314030200364,0.014456626,0.9407573964304191,0
0.3219899186028621,0.9139608,12.068481225158447,0
0.05084963412359172,0.119579904,2.073622214367163,0
0.03965908728758156,0.044380732,1.8098850692385342,0
0.021473664615086673,0.06272738,0.22476465351135524,0
0.03125489808668917,0.054485984,1.4543969113351638,0
3.1951414702663588,1.9897352,164.85949768703517,0
0.3538326710884126,0.3572702,17.825924039623864,0
0.034627241450309855,0.09843547,1.192701260959668,0
0.058932309393419945,0.042526416,2.6949813578199557,0
0.9717283753856498,1.7244936,43.22433425368126,0
0.016167924496643282,0.065806,0.45753039956610114,0
0.6663003490410646,0.37973353,35.70656412814963,0
0.013529380566123843,0.03545246,0.38363343713627807,0
0.14852923628111342,0.35560808,4.852398030204892,0
0.030631592180155934,0.030992726,1.5323163432607225,0
0.1235719342632208,0.06478566,6.362284024208186,0
0.06003712863893595,0.08949556,2.642107616511575,0
0.049689567530861005,0.114121825,1.147301819541314,0
0.0427232181429568,0.0964427,1.7945983830299377,0
0.07395570254068948,0.11883738,2.2834969613527245,0
0.05499020949795428,0.05360943,2.8097848031801242,0
0.3378569752851248,0.07308426,18.19534289163342,0
0.01636983982522238,0.054889478,0.43305494671949546,0
0.02066120170673577,0.029574437,0.9182226926273165,0
0.0515627675562536,0.2629184,1.3662892749485347,0
0.06102684285624606,0.16378264,0.3794977733228561,0
0.15849546915157234,0.012896613,8.92790970577813,0
0.03156013248050504,0.06327479,1.2154171265317988,0
0.023809591838959258,0.04275516,0.9985922833212924,0
0.05240640983831285,0.086668134,2.410258076521902,0
0.05841361226824304,0.13974348,2.4636813879841357,0
0.020974497349433685,0.026211658,0.9920921828720516,0
0.03412405942690376,0.028607799,1.7396884451222783,0
0.03318407430107751,0.064150594,1.2029606892278484,0
0.4538318242811102,0.32217777,19.480287485060494,0
0.05713571774243785,0.044378817,2.3324161018359213,0
0.030580605351839787,0.18227024,0.6528855614991605,0
0.05793644865712071,0.022975743,3.041005394020169,0
0.05624024292336852,0.14995745,0.3657731195577516,0
0.22799527653828594,0.04983179,12.055415904817322,0
0.03494618243073132,0.11228019,1.0033249958436183,0
0.025406027771850914,0.0585618,0.813466277394869,0
0.05130085744370093,0.06018381,1.8317803356955205,0
0.03410187436980581,0.05561974,1.145589305062907,0
0.023555236586333256,0.030025138,1.0798718613917992,0
0.04868052605727019,0.112532884,1.5879896784893968,0
0.06727196909904962,0.10918904,2.1913079698369318,0
0.01881247240636822,0.03179028,0.5195438586269066,0
0.07150398884701883,0.22521274,2.644396284589869,0
0.013869774555237444,0.022754613,0.6125554054002836,0
0.012665825296742582,0.018422466,0.7256983335533834,0
0.07491680538568377,0.3193465,1.8540797837562801,0
3.158175096212594,0.13875169,178.72918771295193,0
0.048933584903213076,0.011100086,2.80368789139919,0
0.30720370006599185,0.60725015,12.338931676078852,0
0.0858470776451977,0.29698804,2.4351117286792876,0
0.020219445542786627,0.020180227,0.9195727985519192,0
0.01687319890069796,0.017177343,0.7711646887968702,0
0.08185011093960197,0.17287788,3.052040971094287,0
0.04371910840604963,0.05324731,2.1186472648028376,0
0.014237757183952092,0.013531679,0.6797133252025017,0
0.2618564145451001,0.77831733,5.7904990648058074,0
0.04123422329482853,0.06677166,1.2653514611600796,0
0.05642311193792638,0.10190559,2.37804663966779,0
0.021137769586219615,0.02375267,1.0312707471581422,0
0.021192888787867396,0.01194816,1.2142630832349248,0
0.0248533337085991,0.052163426,0.5830178969161953,0
0.044272275333377215,0.04122809,2.1880610080746177,0
0.07122593502877918,0.3360858,2.0545741241293727,0
0.039264585046214356,0.07189315,1.4317689153966973,0
0.031013523376800443,0.1483885,0.8676430475513006,0
3.422932621282677,2.0721464,179.64371140350147,0
0.11317672653689648,0.28849402,4.592930226912929,0
0.09323991193783299,0.41529626,2.330373092439095,0
1.8452927472590386,0.23543637,104.2262217968107,0
0.04588646493695566,0.21172558,1.0940806484993437,0
0.09731052568334973,0.035841245,4.871345415714033,0
0.06425442091828651,0.15471266,2.594356062046048,0
0.011609371039852424,0.024351684,0.37476176681093404,0
0.029674962131060974,0.10859,0.8617498112699495,0
0.036943925271358855,0.106688716,1.3014494151201088,0
0.10545821487851204,0.33692306,3.625705815911228,0
0.03265040592453239,0.07722181,0.8608805867759125,0
0.019200542513521587,0.045653936,0.7475925680994198,0
0.016266845873000733,0.013217876,0.7114816364022014,0
0.10598729543826255,0.08611513,5.263732877733402,0
0.02889436849295217,0.035878155,1.279618808376854,0
0.013598294853355692,0.011390325,0.623723559221547,0
0.02817112648019729,0.057811555,0.8775302037686178,0
0.6141771506899718,3.653426,10.886507786180106,0
0.136740127366904,0.055886414,7.397157744772389,0
0.08896387719087939,0.2635452,3.4464997822727925,0
0.04103977302804046,0.028978122,1.9213706198743465,0
0.042069469076596415,0.023475338,2.1795014359202405,0
0.054437440621754776,0.16082053,1.7415931594730998,0
0.024098945251612824,0.06562697,0.6477692408248187,0
0.03544954427357602,0.049304955,1.4583312095663794,0
0.013987303255633503,0.030554986,0.486611278451551,0
0.2677243025206034,0.19818532,13.48168356482899,0
0.020364591437914373,0.05526741,0.2693388812502863,0
0.07238316683931954,0.062021673,2.8926237248237694,0
0.08273830720868121,0.012062194,4.594289080286804,0
0.024545200603528196,0.0245715,0.9024375950408492,0
0.04821565666715309,0.12622464,1.8501704541253252,0
0.022394511924827408,0.03987893,0.7388424309762192,0
0.16696030432959208,0.12905213,8.244840859768857,0
0.0773235977430323,0.19440307,2.3288175043220996,0
0.016705818334973466,0.016172104,0.7608474872083483,0
0.04620411390548137,0.10358993,1.6491826612319183,0
0.11622938903589006,0.04833088,5.967020501750662,0
0.10590660052548964,0.23515826,1.2849418465600275,0
0.039454528589740016,0.029831396,2.0799667850598103,0
1.15208440595481,0.21884836,63.57574227468873,0
0.12754383658495722,0.18092808,5.473025872018988,0
0.019248652745432915,0.10297134,0.32332752205998827,0
0.04887446328486331,0.1964781,1.5741345603836157,0
0.0322711027806948,0.099596076,0.6885418059489592,0
0.035804297000457085,0.014925634,2.051435106559104,0
0.0446193855202829,0.076809056,1.50251015730188,0
0.1614652074838752,0.041815337,8.770561464128798,0
1.5086810161678408,0.37251917,82.8636914133824,0
0.037579438627508684,0.06480677,1.3376641597351397,0
0.042307949322227145,0.091389224,0.5496583355337995,0
0.10120578686153817,0.39914194,3.1213382971879473,0
0.03307599895217811,0.04470654,1.3978803064089198,0
0.04982957518882945,0.031309072,2.577011401522572,0
0.04246500208174836,0.09148509,0.632283033416812,0
0.0746795477274793,0.04355663,3.8351128947920006,0
0.04190305787865067,0.14861895,0.8715084350853757,0
0.06065768346404307,0.17944197,2.0301092556847378,0
0.7216251264747908,1.2976129,30.66546400696164,0
0.032579665986965156,0.08733364,1.3045690120062523,0
0.032332077435462465,0.05392248,0.6558975057561108,0
0.06664648430149242,0.14791271,2.328925332637311,0
0.05499096562659957,0.08424894,2.577007681365455,0
0.056743464842484256,0.09554611,1.8156230534081248,0
0.10883678844951448,0.27467573,1.2555294152141012,0
0.06252061732122552,0.022518469,3.443943699504928,0
0.10350656493965518,0.15877046,4.2602308078792825,0
0.05491261909281945,0.080182135,1.6396126187382765,0
0.07269238451982625,0.05813012,3.8079985780625245,0
0.02060432681491546,0.031204356,0.8028944442271655,0
0.027273792411672864,0.061637525,0.745069243889818,0
0.05164091867449176,0.06824859,1.861690586042178,0
0.02850286605641132,0.031300344,1.1615852666421593,0
0.02067643527761276,0.019397644,0.9906608200062733,0
0.020643476294499228,0.046319235,0.840573045839151,0
0.06530372632962311,0.13410258,2.891997302253302,0
0.04735897776044766,0.12565364,1.8409627736559022,0
0.019102548655521488,0.036433004,0.2783493351515456,0
0.014155250433389412,0.025796,0.6030653319326641,0
0.03367079256905292,0.008418254,1.9291943070671869,0
2.6624267253948424,0.097786725,151.53097167414523,0
0.029999028307597264,0.083338045,1.2178046595998608,0
0.03708005618500021,0.08885481,0.9117573185608407,0
0.07498073933864624,0.13972223,2.3115671648672986,0
0.0235365725301485,0.023390776,1.1758229523458952,0
0.04003098476604529,0.2348812,0.4780087933252722,0
0.04775668363758298,0.06042999,2.224908860954981,0
0.02888977082642314,0.02043704,1.4079624807947566,0
0.07050845250030038,0.09155715,2.9572689470134588,0
0.04602370312223225,0.12949227,1.5732324195633076,0
0.03118975607081756,0.031160992,1.542131507274648,0
0.06434994174470929,0.13734294,1.8491618640021834,0
0.03540726729854296,0.032452367,1.5889484892382504,0
0.03814882306291363,0.05681908,1.327533328725206,0
2.611161500399913,2.518783,122.37797810563812,0
0.23415489630681888,1.2116351,4.093719206904655,0
0.04976782248015757,0.1061264,2.110464499823513,0
0.05677090565991638,0.058178607,2.8266137193460588,0
0.04092782192231609,0.12870048,1.5371071875507967,0
0.03269900260255489,0.121499516,0.9810278983898756,0
0.10305983885215333,0.0936882,3.92462580864485,0
0.07284569115843102,0.34087524,0.9530020632853099,0
0.03142457973294522,0.04900603,0.9875805504769386,0
3.1416565488193813,0.15603738,178.51696641391342,0
0.06650262581450854,0.2816369,1.6743964753976393,0
0.04337847438871739,0.050019026,2.1354922993602785,0
0.10898506265214603,0.27771175,4.169373930747417,0
0.02951996303680901,0.05232345,0.8868034248499949,0
0.013036652596105322,0.01804204,0.5880598848594514,0
0.06596965556541051,0.14352521,1.9252628964359881,0
0.06264761059647776,0.074325725,3.0306993650132488,0
0.026372908190330537,0.081474096,0.7201273638153406,0
0.044778336716703865,0.19892746,1.0684598823378257,0
0.04202447902895924,0.06574098,1.6806109882393234,0
0.09788740758814768,0.044949397,5.180085533090338,0
0.023723774511096866,0.029995129,0.9537627020043207,0
0.07409404254015914,0.19328283,2.1082260599762117,0
0.0563375687699025,0.0988449,2.173497240187078,0
0.022140147656043874,0.04984384,0.6721958700966074,0
0.06699728285217624,0.07795646,3.3094482440975583,0
0.08840561296716158,0.37883946,2.5985388593461063,0
0.014475888508115601,0.05097687,0.4024881564143049,0
0.6254559720450663,0.93321025,21.558979651140447,0
0.03835326056081387,0.019901248,1.9996749475929074,0
0.19020587253468396,0.15423192,7.90956143049115,0
0.06209934696316384,0.08800356,2.437967513033012,0
0.09493448585702713,0.06301937,5.0272606605551635,0
0.05035799132630745,0.11551687,2.0530206331291723,0
0.027116982767900435,0.041528128,1.2145198276802374,0
0.041119464657353354,0.027606009,2.1491784921127333,0
0.07525770081558494,0.04180409,4.049180369606891,0
0.028860355014752787,0.021754324,1.3885369965873078,0
0.02578911716380902,0.036894795,1.172417243059157,0
0.053028177988139955,0.15039887,1.1242483132994727,0
0.03207598999142647,0.088532954,0.06048169958642881,0
0.04088043313380131,0.031001667,1.9941625120532211,0
0.0830918555817246,0.02694066,4.334838044078168,0
0.020723521433793517,0.026042784,0.6127723265848954,0
0.09405204339397988,0.09663527,3.3596394587001415,0
0.07365863345737321,0.049272854,3.7730515628132184,0
0.08254985753742394,0.13433942,3.268588873764465,0
0.04172487876534507,0.08245272,1.3885603524646535,0
0.035517262663912336,0.063012995,1.2105922478683833,0
0.2749530165226579,0.6285775,10.600337557369345,0
0.039373683268955975,0.025789008,1.796217901715235,0
0.0374041917119834,0.120578125,1.1376585614510228,0
0.16275882260387559,0.25220546,7.201249391519586,0
0.02722257725391435,0.028192608,1.0493639974463251,0
0.06092255267144179,0.08637003,2.4830423193032374,0
0.04339672111725311,0.035348337,1.965883642533103,0
0.027657981927409116,0.05442504,1.2379676229383472,0
1.0181172966833867,1.483784,49.3024203965225,0
0.05695377566648235,0.08896839,1.5981360379360987,0
0.0238267317189973,0.03727868,1.0494519426054094,0
0.04499184872377795,0.07287419,1.9190662296347811,0
0.07456913851552818,0.1482507,3.178020576074184,0
0.07769765926340466,0.17959726,1.5253068732829482,0
0.4206334183542096,0.26626414,19.43447073972082,0
0.021752514335258686,0.041684244,0.5359640060298404,0
0.019558808331952855,0.021852877,0.9625266814345301,0
0.03505294181055263,0.11546369,0.7063269202672279,0
0.027176687742031073,0.06599865,0.9644980171849279,0
0.012774776194860817,0.02303752,0.540866431602023,0
0.08372768637618287,0.08575866,4.144384175050519,0
0.10326306281822521,0.054981943,5.033571804314373,0
0.02796625690800554,0.033227302,1.206029164255691,0
0.14690096186805046,0.34772128,6.195191751916975,0
0.06731030139028073,0.10917183,3.1879469745728697,0
0.02937139769813087,0.040650047,1.2831624070410945,0
0.1046068719292773,0.108019054,4.740695643036826,0
0.28172854410846826,0.6469888,9.937126154199197,0
0.018576724535131206,0.042870846,0.6353897446874275,0
0.044059201957229316,0.031096421,2.037991464274409,0
0.03509469184228943,0.10258856,1.2605598860032325,0
0.030684630027883047,0.06618542,0.720807078117895,0
0.020781294880935493,0.029767347,0.956692135712394,0
0.04691878611969051,0.07741336,1.8805042235131704,0
0.04643586779565859,0.06051643,2.168273187887633,0
0.08011655029987277,0.16665483,2.667277815511564,0
0.048071009879073076,0.06978935,2.166383917176759,0
0.024524006780806608,0.03846794,0.8297624776167483,0
0.01914351017596959,0.08163844,0.5493674046485185,0
0.06089659423366443,0.08986286,1.9312462420610916,0
0.02047173267194025,0.011864226,0.9407930886507913,0
0.048231007141055604,0.15362337,1.5644032604490143,0
0.038483037563687775,0.049786776,1.6163119172424114,0
0.109283168687219,0.043168522,5.9793016991003975,0
0.03813470333794185,0.07259039,0.6272245914947447,0
0.0236314544814124,0.016285865,1.0721727623258486,0
0.18476110365467846,0.4243627,7.485888848046166,0
0.06937966594480106,0.452939,1.1070119309199489,0
0.04413537858245273,0.027016867,1.9233795041409272,0
0.03566264304446369,0.031807534,1.4644307852974152,0
0.1536749951931615,0.25712088,5.131720780633386,0
0.12589711936978865,0.20199044,5.091243422574173,0
0.025117146944887172,0.04771509,0.6906446190658684,0
0.029700450599537524,0.06388617,1.1537814879927657,0
0.963594031954531,3.1223505,30.024221404200034,0
0.030266074610178925,0.013812247,1.7341183375913107,0
0.02876903383276243,0.049913026,1.2282161084681307,0
0.08321533713997192,0.015296436,4.641367772694691,0
0.029146469672478234,0.023410413,1.4999175463583205,0
0.012109066115512872,0.0308488,0.42397533427955164,0
0.036167292575995956,0.016271451,1.8404929066088045,0
0.27059044084258954,0.0412047,15.200417297915761,0
0.06694877711318942,0.06465461,3.3165157481553758,0
0.023822170954892318,0.029180158,0.7222481241204142,0
0.03748220029054249,0.12055312,1.3582664718455653,0
0.034593526049898134,0.07954632,1.4342710374468737,0
0.04948549993500563,0.08620102,1.0413506491397169,0
0.02340601621797132,0.04159147,0.9786515714711415,0
0.06675981794383638,0.1761271,2.607322833184855,0
0.02564367894789833,0.028670192,1.1891731060741793,0
0.021835373862050065,0.008958959,1.2510747663857413,0
0.05645491327362141,0.10088784,1.9383160953300047,0
0.11898441761785035,0.09111326,5.456720495766038,0
0.05872281301634994,0.0081947,3.364569346972747,0
0.027117909821257804,0.07299162,0.6372970946631562,0
0.024515917613012004,0.025558447,1.2510879297861597,0
0.07421349045258012,0.19139999,1.1872320514958978,0
0.03749101799094624,0.1460787,0.9964210820495433,0
0.026640607149504832,0.007409726,1.3858484969044764,0
0.0075389049346693306,0.011650182,0.43194743490690224,0
0.10495005560466,0.4600465,2.5827989026290092,0
0.10138352781816672,0.15674834,4.57276490964712,0
0.02584947980371329,0.02297546,1.1991837347477552,0
0.3296002581920554,1.1312468,7.783902913770648,0
0.028718500887896944,0.05141177,0.6444181843311316,0
0.03036771210855506,0.052939653,1.017121120198623,0
0.03042088297505877,0.04493312,1.4446605083053259,0
0.15907044976139426,0.6795089,0.8359495670538074,0
0.044915803463157405,0.16817988,1.1071654862123306,0
0.06783025247539515,0.045046136,3.5998933846264545,0
0.1276301153721574,0.19565274,5.927433936144577,0
0.04264590893741786,0.10889523,1.0807734918064753,0
0.01629478867955305,0.055727962,0.4622693971435104,0
0.022185981937058077,0.035072945,0.8316997401641476,0
0.02802341237827697,0.049432628,0.5924099434617988,0
0.04771833672755761,0.21378179,1.341546478708876,0
0.5483238445969205,0.93858117,23.893485844250623,0
2.919016187953793,0.40348423,160.66799456652817,0
0.013385429478518916,0.035349425,0.3505858974945425,0
0.0516302309398646,0.11100989,1.3290690265310805,0
0.06659906802688025,0.14253731,2.7434755087884573,0
0.07025018323736262,0.13345143,2.957229752961687,0
0.06647708995502127,0.20658723,1.9122188107104208,0
0.08656972398866256,0.11020156,3.906115034885428,0
0.05602796307319328,0.10017352,2.069819633098274,0
0.15522515782359092,0.2262242,4.772532788876415,0
0.18204193443829964,0.124605544,9.393973498041396,0
0.09301511436858326,0.30586863,3.2873919554491438,0
0.05233144337940666,0.047879145,2.6597923345339267,0
0.04330852037009419,0.06200042,2.004239432601865,0
0.2600797646810054,0.29706106,11.95504791957055,0
0.06300915758987637,0.088476725,3.045337374377467,0
0.060432782470958374,0.07495934,2.4022880990368463,0
3.1302351650060585,0.11518269,178.25757143790898,0
0.07408626012925794,0.2930209,2.023840550872265,0
0.05438921573996901,0.12121021,0.34829608998357403,0
0.6996441563827718,2.1470854,18.96943703080978,0
0.11452849271968567,0.16997477,4.985178593392447,0
0.36046709785004094,1.478834,5.4289156247182735,0
0.0474786167130408,0.06113547,2.3028560423510642,0
0.03340134395510884,0.025580337,1.755977014678807,0
0.7099831158103677,1.0648967,31.864601805499692,0
0.03297458861742753,0.16933459,0.7291555069668013,0
0.07248294559283314,0.1775977,2.4197131992058267,0
0.03865416668892178,0.08827969,1.5460708120572386,0
0.03443031108714399,0.07814719,1.2968282756673728,0
0.10178144483528956,0.115287475,4.60338743013212,0
0.07413981825640945,0.24342243,2.5392542883206097,0
0.18062739020504928,0.22923179,7.003693446508513,0
0.06979608990574734,0.056410134,3.3996222793271933,0
0.04241971360700697,0.09852626,0.4479232007611663,0
0.10287127872744778,0.319135,2.9630595634055745,0
0.038851298105363155,0.058520734,1.8072553914505278,0
0.023497132871489877,0.037294853,0.6284982290581405,0
0.5427672069821988,0.7715435,25.361133296520894,0
0.08684798989291972,0.020794664,4.840197457873383,0
0.03863958881769948,0.06735802,1.4002466537384122,0
0.031501962988744386,0.05660951,0.8873817627701405,0
0.05461686941474833,0.18063913,1.7967522837499719,0
0.026230944462673142,0.03430762,1.2491431565642606,0
0.022092656957039266,0.047421943,0.46646599661484134,0
0.14242599546379692,0.5571429,4.104871342095417,0
0.08722904311363296,0.5288842,1.0019853286014286,0
0.07315350610035226,0.08232307,2.5050046988786834,0
0.15565855254327926,0.058862895,8.443826384233079,0
0.08034157627023485,0.27854154,2.5060232281736243,0
0.029579085257235682,0.097927235,0.9520785289342831,0
0.016901716612508055,0.04240381,0.6937114727189848,0
0.02406536988103445,0.0805604,0.8183647797287995,0
0.03509382942934632,0.051133722,1.6823301765971153,0
0.020335046146720222,0.036543068,0.9179103787100322,0
0.017848966421961137,0.015795052,0.8726221142185444,0
0.053864659196856485,0.016944984,2.8105870871622654,0
0.1441705913243797,0.68628854,3.9795462042605143,0
0.033855474774987196,0.050009403,1.2320572827919056,0
0.018945595041679156,0.03214675,0.8754973578225381,0
0.06734736103812472,0.12244023,1.542970377718556,0
0.06509439769437875,0.052328434,2.940068605287924,0
0.03388907870824699,0.08651304,1.2715072787559587,0
0.17552601587592184,0.34759077,6.442967413633757,0
0.03873653939650091,0.061428342,1.8292446932095785,0
0.032631415569204236,0.02808483,1.4853770695258812,0
0.02432763744455501,0.048569616,0.9162409450803152,0
0.026563028424746532,0.032362577,1.277549456508504,0
0.06215944138962932,0.16963772,0.28046592220129457,0
0.014281480561708922,0.02992819,0.47081950634814135,0
0.04045355641982926,0.1321055,0.9521442428864437,0
0.09836802905543587,0.22408853,4.28021984244202,0
0.023385736668642198,0.012736968,1.0612694596150458,0
0.03032919130528727,0.021261966,1.5029538153490938,0
3.0208887192642826,0.1033113,171.80119979656524,0
0.023438410825571587,0.019500082,0.9465377532894136,0
0.3497698293307916,0.09391505,18.714009828488077,0
0.14452127469301596,0.08756026,7.703269898523899,0
0.027654856789809848,0.08955487,0.9819963271400943,0
0.13445725588201413,0.16723971,4.961514896510791,0
0.07069197074929232,0.08978789,2.3847591407571564,0
0.04336001776612172,0.041777357,1.7458964335962643,0
0.03724210789886103,0.041745786,1.804558276346312,0
0.02095572912061397,0.020664888,1.0636560244567506,0
0.05749323066310839,0.039259583,2.946203745193382,0
0.054398729069117406,0.077396505,1.9766769468308616,0
0.02555819921973223,0.03569983,1.0471991579833073,0
0.01287107123601246,0.007870437,0.6125781358632592,0
0.2932117752744528,0.13834852,15.766191956742455,0
0.1592080930040075,0.09477471,7.883530174401239,0
0.04329619291632387,0.033149615,2.2594149263236774,0
0.04881070936505384,0.16632235,1.3727038907581723,0
0.025621266324567224,0.07354348,0.7666889603988166,0
0.020341766399183524,0.025200954,0.8182504117086653,0
0.0386722946629787,0.155128,0.4921627387695529,0
0.5619114380025791,1.758593,17.932683243255276,0
0.12924654285161466,0.15880235,4.403610290102528,0
0.03366461515744215,0.04946085,1.6181668918584438,0
0.11519787103683475,0.23032439,2.29020064404098,0
0.1512083999493746,0.111261874,7.762570031524248,0
0.023230375607633625,0.07771498,0.45211235936148003,0
0.05522517572955543,0.021455359,3.017361886399255,0
0.11451196030528966,0.127079,5.699427827612128,0
0.024315777353680443,0.035583794,0.724414085694111,0
0.05339514651891557,0.08667284,2.484323470041335,0
0.06209032522029643,0.029570434,3.2758604613280213,0
0.02261066282101432,0.042940993,0.9956472055053098,0
0.04203940084519718,0.06669364,1.9837167037834478,0
0.08318001407976099,0.24156088,0.7263515601328352,0
0.016803891789855335,0.019071031,0.7506012467108907,0
0.06617743922935301,0.11066488,1.9362903441233117,0
0.047847109574773,0.10898302,2.0529625897685437,0
0.0277040394313683,0.026321737,1.4225331477459007,0
0.04235186155224384,0.047380056,2.113966737299628,0
0.024175766214742985,0.05022212,0.9273725263850493,0
0.024513389631005085,0.04665478,1.013425299751908,0
0.27604545614894055,0.06575522,15.34872493515905,0
0.026822803056980895,0.08980205,0.30217458472337033,0
0.013121536001563072,0.03405825,0.1549156700400482,0
0.03569358751059187,0.15758283,0.708888138886435,0
0.07123793946846571,0.086241744,2.9934689852479472,0
0.03603319856277222,0.08463672,1.390508819614478,0
0.024058977364447703,0.0479395,0.6968518770862185,0
0.04026208949170827,0.03263176,1.9915224075440412,0
0.029054708105901033,0.016025955,1.4186044787620975,0
0.04979783699142036,0.023021791,2.385715511738017,0
0.05660600212970418,0.12884362,1.1794534997449782,0
0.03907771797785775,0.14013402,1.1076886062572007,0
0.01602129817167665,0.009745145,0.9179527675577341,0
0.14914066590897868,0.1288611,6.828263518007739,0
0.1171366299211249,0.042066533,5.837215610468766,0
0.05405821849211984,0.0983186,2.4404891360843046,0
0.046901831771072364,0.11369096,1.581929462563601,0
0.1556581130524362,0.06972055,8.23764074770653,0
0.34633855464344476,0.05929071,19.270516985927426,0
0.0371552658007855,0.14179385,0.9763379156293291,0
0.030889272776106348,0.02944683,1.3011412767952317,0
0.029616203762412655,0.06429535,1.1848458632161323,0
0.030301951062331637,0.101025224,0.7906363489677316,0
0.034760161329063885,0.05775019,1.5952203241045397,0
0.06663104529960776,0.36141592,1.4356201788666068,0
0.03176080412374975,0.09886624,0.3753136522706748,0
0.17242609732650951,0.032510016,9.532014423695333,0
0.04796595682456967,0.021503584,2.449075049115344,0
0.054117153402343,0.07017948,2.537942535456302,0
0.014396140340533643,0.029975964,0.5786338289562996,0
0.029248224760592804,0.016203055,1.4849279728603857,0
0.20098657028207492,0.70154095,5.9597882059174,0
0.08890649223933211,0.11557241,3.8030025399991594,0
0.02579079328463223,0.04557244,0.6884735927223595,0
0.025831944498442793,0.044718556,0.6647792811929711,0
0.054563439713815366,0.11969683,2.1691051847613303,0
0.08527759133847759,0.107765235,3.9160047822860746,0
0.03933592775352711,0.12080662,0.757515727035557,0
0.05101772122007178,0.036973704,2.641179992868038,0
0.22743388176701926,0.13474421,12.057144633930688,0
0.03649564356839159,0.08709296,0.7697800829243715,0
0.09311792828136402,0.12856282,4.402898215814053,0
0.11066923885081598,0.37623188,3.78629564339114,0
0.15803864281518837,0.07031497,8.427422536073825,0
0.11739732711432119,0.17965643,4.891817136534596,0
0.1361859822691395,0.23328725,3.8570219651935513,0
0.023272207171685218,0.05068564,0.36217698004539545,0
0.03109983046110952,0.039704833,1.4393486121350596,0
0.07062771257382086,0.2912182,1.1733556854989602,0
0.015624326212615603,0.019773085,0.6003057010820423,0
0.033795902830754024,0.032351814,1.7299276132324195,0
0.0416025281993371,0.14278184,1.4443369088001135,0
0.03576131904506266,0.048620835,1.3830623441163041,0
0.11847864444991439,0.17756377,4.771372921610285,0
0.059604994541785625,0.04558721,2.851330373845115,0
0.07193743891379299,0.039556377,3.806516231069289,0
0.054775752420579665,0.03539009,2.9236054082626812,0
0.05172881649595075,0.076489724,1.9347041112330186,0
0.033281720596087534,0.050422948,1.253562034218312,0
0.04752620721402638,0.12781113,1.2419785692937786,0
0.05167090090730241,0.2324322,1.4662230160877279,0
1.1289016134957444,0.9362136,52.47423615132745,0
0.05856226866228018,0.027880566,3.1556349841711913,0
0.09470073963141382,0.2520236,3.365095941078634,0
0.22337766439638718,0.070250005,12.31021033369049,0
0.13848510069003572,0.12658015,7.1158762721219215,0
0.11654884399926038,0.04117774,6.187117806499495,0
0.028343932775332897,0.005829344,1.623987722829101,0
0.05908373238393187,0.12861761,2.0480997016236815,0
0.0247186696236798,0.02715243,1.0732680669325239,0
0.03229513668294846,0.015181432,1.6463926718084705,0
0.03408178401080483,0.047107417,1.4805305303592726,0
0.04935067089511687,0.20051064,1.3739850463191317,0
0.06019475413661113,0.121854134,2.543493563487877,0
0.021528430227614182,0.061209776,0.8330522365145884,0
0.3020983238642221,0.30649036,11.791636304244745,0
0.05072506248192918,0.05152293,2.3949324139003707,0
0.0514896712758335,0.04004946,2.7003243091700746,0
0.18343069698263412,0.051145718,10.157067227803822,0
0.02364422725365071,0.05194529,0.8355328095669374,0
0.013623351267201322,0.018567486,0.47995125854044135,0
0.02390791365055002,0.032759514,1.0641890861414025,0
1.4273034243866995,2.0006974,65.63814984975,0
0.044395103737124006,0.061283603,2.032206549636767,0
0.028714833814674715,0.049746647,0.9494345029248046,0
0.05427590164976728,0.021275401,2.9212531723074755,0
0.032266395929467014,0.03275014,1.2831810663383927,0
0.15616001869391408,0.21770078,7.603818940458094,0
0.057621281744742195,0.11658854,1.1361317541839309,0
0.02921773109794506,0.15868784,0.6067319942695827,0
0.008171870145495086,0.011243626,0.27640373544060615,0
0.29028790644435953,1.7366546,5.981472112944693,0
0.03268882718610039,0.063148364,1.3867768457602698,0
0.015545983649600978,0.016632305,0.7388842929944824,0
0.5050721819535589,0.8379747,23.53070508825267,0
0.044411551331382734,0.033688925,2.2650931336004305,0
0.03472973933908031,0.09851617,0.3559001155968338,0
0.08495482466857926,0.07120444,4.34040978825589,0
3.2146867513379824,2.8883502,163.99682738580094,0
0.08478575102191079,0.22028586,2.965289646500719,0
0.03328032200089885,0.08104451,0.9013168667632198,0
0.04290296869249557,0.07023449,1.7072267996912474,0
0.14985868787860773,0.055266768,7.55073948905308,0
0.026813438914325805,0.047121357,0.7820061169711183,0
0.16746792100119387,0.053425033,9.20040968444479,0
0.06112858588845655,0.27132276,1.6212157990313383,0
0.034573725030403735,0.047006417,1.5435936481661467,0
0.016139458465755804,0.031897787,0.6669412424740317,0
0.02325053565469664,0.020163855,1.3321575644325578,0
0.012576394242661996,0.03538719,0.4411073833504354,0
0.02428410856095547,0.04542217,0.6017887589542438,0
0.03684807909350159,0.107962124,1.4348398586608517,0
0.5184191746649227,1.0157863,21.05867608223611,0
3.1528975390412604,0.51991934,176.4381519878167,0
0.0348846544190649,0.04295992,1.1857665416457077,0
0.028558912648998003,0.05918952,0.87118203536025,0
0.09143680005724242,0.15216652,3.8209857520916817,0
0.015038195981758238,0.040969506,0.39746466179746176,0
0.030987489073824856,0.03299916,1.0983184863802535,0
0.03459410257758385,0.017278172,1.815919372160572,0
0.02490877006953195,0.025870921,1.1977500681246862,0
0.22605561799286014,0.40505508,9.566912119491882,0
0.11967906814256406,0.112980194,5.47378152505271,0
0.07179915572605675,0.09696095,3.413145389407321,0
0.041645034394237376,0.055814177,1.7961922191476298,0
0.022163417974529212,0.017283404,0.942770709223576,0
0.11638707628944325,0.0788422,6.165450218326935,0
0.06731428535984232,0.1310111,2.7837571237762115,0
0.06236792455683325,0.17946184,1.3987273900564192,0
0.0736023339076748,0.29154825,1.4277814773493054,0
0.020653592076998017,0.049081776,0.7946078064556495,0
0.1578827247731595,0.6243615,0.7201993119369469,0
0.5466103033091492,0.091913804,29.417757308531858,0
0.025649239911978934,0.062160376,0.9791217926879232,0
0.02332501979520359,0.020827027,1.1531607838460831,0
0.04296468647843329,0.074806966,1.3675009259933901,0
0.046013317990954546,0.029980281,2.1114103477039747,0
0.008019350772645652,0.011569391,0.24957532976663876,0
0.238007995803197,0.10199867,12.961619067469876,0
0.04617546153492997,0.013635819,2.503806959593626,0
0.03697017115910513,0.0548242,1.5464324155164269,0
0.02703451291866283,0.049643654,0.802279474041818,0
0.06168211011884687,0.033212516,3.26488874279254,0
0.15422237503566844,0.12801617,5.908822812332013,0
0.017560152954017895,0.031634852,0.7372770146275999,0
0.04715008519911759,0.19135442,1.3251675019106954,0
0.03501847015066907,0.10957017,0.6431666848929978,0
0.0159470661958393,0.010215817,0.6816292106711822,0
0.05456963079781444,0.09593535,2.302665405228997,0
0.24243004521458353,0.33276895,10.660737211857839,0
0.02364713716790053,0.07549254,0.8968773263245899,0
0.209149723481374,0.12132943,11.165691156936333,0
0.09057040433184538,0.11581155,2.8595282330981875,0
0.04974345097863273,0.048792828,2.0079527678732583,0
0.03655153990721409,0.06023039,1.09228519302565,0
0.04981985525740275,0.18861163,1.4006902787817583,0
0.05328937094617118,0.06957757,2.557107905161779,0
0.04567366109619552,0.08976093,2.005848930248229,0
0.4485905310985202,0.08132406,24.667881809436146,0
0.0390980645013366,0.0236774,2.0884626519038774,0
0.0479742149473268,0.15360811,1.2405824701281163,0
0.016209924752942317,0.036680557,0.5597425760309183,0
0.06362986433809426,0.11625965,2.3162148296755825,0
0.012274367617441276,0.015197704,0.550998437274572,0
0.11704535869980831,0.13989992,4.103676741302734,0
0.07298639541223759,0.14328605,2.7320641066890983,0
0.21619271315031835,0.54153705,6.524918035398134,0
0.016607763731341346,0.018391654,0.528281489427409,0
0.025507988585051516,0.07819539,0.631180459375916,0
0.0645711971496199,0.09152228,2.3989151021912227,0
0.03516930735590119,0.03628552,1.1992506031135728,0
0.5136847051328134,0.78185266,22.465179481308546,0
0.09058684081953654,0.1943157,1.771495349057342,0
0.0600398437503648,0.26470476,1.8288071275001423,0
0.056388622982535344,0.2433833,1.395715800708979,0
0.0303265090215286,0.06513301,1.248324332128089,0
0.01982618533324494,0.034733944,0.3879617032549734,0
0.048738199397308585,0.099913694,1.4690340514859088,0
0.09926325253931914,0.11500465,3.790286579132132,0
0.01915435127040186,0.018983733,0.8451087012840237,0
0.03915423923714155,0.06425322,1.4015708395932962,0
0.024830683968654205,0.038123738,0.6530170920614621,0
0.19862695279252915,0.22746825,6.978197372937986,0
0.01767202021595942,0.04372917,0.5594774019043476,0
0.09101024491624479,0.46006382,2.251985426731326,0
0.09292824144836155,0.14063367,4.047172749164513,0
0.06511310199060072,0.10424316,2.4524166085479617,0
0.1951920511421408,0.944299,3.8729416430463424,0
0.042467641740319986,0.16535378,1.1406747339902004,0
0.1238374703853789,0.40702215,4.522659028661219,0
0.030454951331137774,0.02783716,1.5292049963972472,0
0.06260138276976537,0.08429126,3.0540163101066047,0
0.037847182051052454,0.06722885,1.6586388312251386,0
0.07308684342050836,0.1432775,3.039694611752738,0
0.0505222073063279,0.095624045,1.949863462518643,0
0.3085227090583055,0.3587489,14.08969843776989,0
0.018826644002172314,0.050654467,0.6389935757763497,0
0.052259477833985206,0.24656008,1.214518681071241,0
0.057427341777372465,0.111585304,2.1714014850478143,0
0.08187239819068881,0.10907413,3.769711185516879,0
0.047811601457101505,0.17813691,1.2328233269073128,0
0.09944078204852169,0.40657368,2.090503123119438,0
0.06107624084587755,0.32195738,1.1707784270049981,0
0.04204686727033369,0.078761585,0.8968815290944276,0
0.016787530710478383,0.03798067,0.45590610087129885,0
0.020871083337339908,0.013712509,1.0249199156420554,0
0.04665265153163739,0.006179765,2.673000035857358,0
0.043172776808483686,0.036545224,2.09259507776572,0
0.01859086600013422,0.019100918,0.8838129045977873,0
2.0563266289464677,6.0684733,80.18366494424222,0
0.040406848068558925,0.086889654,0.7648274409359784,0
0.08747690145622662,0.08807003,4.455658042342451,0
0.0489242737039673,0.022991812,2.661581626278336,0
0.027698177067558696,0.012475093,1.586988646177156,0
0.08411559192234268,0.015240019,4.604468914320483,0
0.05610204958177037,0.07387721,2.5777140356580257,0
0.017644167242005796,0.113715395,0.18530838520406165,0
0.015495613656552661,0.028868323,0.54617444795787,0
0.026901049538001216,0.09525142,0.845395245212982,0
0.01857429751072874,0.049974926,0.7013628888537213,0
0.10010639545175448,0.044371612,4.800438463439814,0
0.03921882909881968,0.030601189,1.7546268308505064,0
0.03693212336985985,0.027069937,1.8041215522588434,0
0.09237019159781977,0.15747948,2.9056616178935544,0
0.03744379713867081,0.069964394,1.689962438859477,0
0.09649727118735167,0.1515928,4.571287982235007,0
0.2800196210604282,0.8088202,10.6975901235597,0
0.4114162303143038,0.36615238,19.949290682973924,0
0.0931114656151577,0.5138887,1.4757060687141177,0
0.048010668928764884,0.030162739,2.299833668519524,0
0.08484352768906939,0.05420927,3.9698156648874288,0
0.060545514763683424,0.05216526,2.8682300173474498,0
0.12311145091000629,0.29009935,3.6838681773806234,0
0.03478964383031378,0.1663148,0.8161449400406574,0
0.030732302198802852,0.07093431,0.6258867441396251,0
0.10802120360173952,0.26656064,3.6213731380554313,0
0.011596712591234777,0.019341066,0.3403520258558666,0
0.037805078738496395,0.090850234,1.4137108575947746,0
0.12737295703555626,0.06935006,6.834858256146987,0
0.03370108191451524,0.0463094,1.5731025514117705,0
0.013141696511686774,0.019384598,0.5228348757472965,0
0.037027322964038836,0.048845775,1.0407600691213847,0
0.6152493608039996,0.6006992,31.31871244199007,0
0.08268542425446616,0.14638856,3.736794907813032,0
0.014342733879042533,0.030180935,0.4987070219165132,0
0.02622837524158287,0.030122403,1.0382838147314652,0
0.34703225002512716,0.13686195,18.97166465983777,0
0.05751488571208053,0.14207564,2.1270560327836963,0
0.09042931031318918,0.32626617,3.029386577449347,0
0.023058300418557286,0.025398467,1.1135983538230747,0
0.025385131688239984,0.060633715,1.0814418659873468,0
0.0953691565460501,0.20685379,2.8316967573154503,0
2.878491288608447,0.972852,157.89625517143125,0
0.048339855058624356,0.06568759,2.2913396300871107,0
0.03939214021095737,0.013192304,2.102204346252239,0
0.15841541309155485,0.32715994,6.463205165777738,0
0.04587973951480781,0.08113036,1.6968619520009554,0
0.10938230998853814,0.28480893,4.3539122527923055,0
0.06512619008146855,0.109314896,2.212959740142919,0
0.04630412898336369,0.09787542,1.6952095116380301,0
0.08964807831502998,0.29242104,1.617304652228209,0
0.02468757164264888,0.01767105,1.2238121889021334,0
0.018775025774026476,0.040167186,0.43252260538961274,0
0.16794510737218668,0.0926329,8.65893656433341,0
0.04508259281430141,0.17728351,1.3429250842501477,0
0.01737004958934761,0.036446083,0.6976893217864021,0
0.045624980722036364,0.05266339,1.9019756719511003,0
0.046610521155632065,0.064621314,1.9375412130932128,0
1.4931334792515532,0.7634791,79.8050120729879,0
0.04678479029273041,0.04144521,2.3617007129291214,0
1.3584520339187791,0.19473232,74.87387008911047,0
0.019048419407809675,0.026983969,0.839281297470244,0
0.031406094756099234,0.02565229,1.5556006346902702,0
0.049548212352892945,0.14933904,0.8512264076546421,0
0.023772252875179468,0.049793154,0.9014812456299804,0
0.07368724091081488,0.20651421,2.198472499788142,0
0.03876205819958596,0.072699286,1.6518053755417261,0
0.07448257220124196,0.2118814,2.8733159189008672,0
0.043245581286219706,0.059287615,1.2186670754086273,0
0.08301839274132211,0.27910975,2.3673956704039893,0
0.06103486282851736,0.16381076,1.23033888744085,0
3.1493267948996526,0.54303825,177.1676795130229,0
0.08683571777531689,0.17932045,3.6266048391861654,0
0.07757611065968563,0.05481647,3.7865979419176865,0
0.025983141444534348,0.122038275,0.5390886718454311,0
0.03787801651223057,0.09254639,0.7094148521589105,0
0.06563579451391113,0.017257422,3.6088196390973746,0
0.01822246026819948,0.023853954,0.836596773092882,0
0.05811737831958331,0.11936842,2.2670157608679227,0
0.01926717449930445,0.024136892,0.9524125616757133,0
0.05381543656162945,0.021608712,2.7706089012750827,0
0.04702771838236205,0.03889537,2.2123631117097817,0
0.041713725092888065,0.057974692,2.0406350086062677,0
0.026407526806188783,0.027518094,1.2202455518693447,0
0.05678883979671335,0.23071449,1.5225365938135,0
0.05978443658868607,0.190414,0.8092883034644619,0
0.0743785304945503,0.055739272,3.882921215153439,0
0.03557201375370429,0.08466851,1.1049647882853921,0
0.01883695859447746,0.024377357,0.6349565716116204,0
0.05512777360380499,0.033951465,2.5010938878518227,0
0.0391251886691277,0.027763648,1.6361915829875058,0
0.2394724664222291,0.61617815,7.9814860109355035,0
0.128540185581903,0.57078,3.929890709155648,0
0.003894705092534423,0.016835932,0.13755296521475233,0
0.11278376931037555,0.26009426,1.398511657686747,0
0.04247876679781141,0.020845054,2.1454726374239694,0
0.014852553344939273,0.0099271275,0.7142025175635645,0
0.043414623239209804,0.07124316,1.5434925917032367,0
0.018589618243800822,0.059598662,0.6057869051729937,0
0.07641488879391053,0.1654332,2.408762797915076,0
0.06532832068397672,0.044421565,3.45516077937188,0
0.042981934819050494,0.058575083,1.4377143242912027,0
0.0502181525583837,0.09855483,2.100267787229703,0
0.02828062295146247,0.034805298,1.1648882118219568,0
0.06074477595777373,0.13508607,2.3318482757164967,0
0.01407263316498096,0.015068106,0.5396069719538071,0
0.021790037316660113,0.030668404,0.703510253623628,0
0.014549021416933282,0.037056584,0.29160531064825534,0
0.021356212244512326,0.024702918,0.9578453341058508,0
0.15894630613494345,1.0379654,2.672726909259241,0
0.034588977190332715,0.014647802,1.757688536086586,0
0.006170916191587097,0.0142159285,0.1722008914628265,0
0.03350886140841327,0.1078367,0.949584229892549,0
0.02720259161659792,0.04477051,0.882496584202167,0
0.039026334823979755,0.20641412,0.9524068039183061,0
0.6053455758189464,0.6937213,30.11290891668881,0
1.6561132729053005,1.2854879,81.93453554476116,0
0.4692200363553483,0.70654434,14.328216825078233,0
0.04145911328765224,0.020597218,2.1984283683244463,0
0.0279301136487222,0.120993525,0.7615375536692398,0
0.05039665956235874,0.083541356,1.2521292303936575,0
0.08795483114782851,0.33888492,2.482047032574344,0
0.0351602976770603,0.05587554,0.8071814126523699,0
2.6157739301509535,0.17048244,146.02379540454925,0
0.042004910944527865,0.05678613,1.1910804944003863,0
0.01953879883283674,0.032346837,0.537910560777265,0
0.024598605579091225,0.088527076,0.8236632707523949,0
0.08211549055554347,0.06835938,4.251423587022593,0
0.028551845782948317,0.017569046,1.449839451016989,0
0.03337071918128029,0.05730969,1.542085526670872,0
0.030427161079626428,0.015548828,1.5227146995665606,0
0.10475612722699348,0.1445206,3.965052405602435,0
0.5001797874548092,1.9212315,3.769544973991187,0
0.03491673806944817,0.049369782,1.637106112067487,0
0.02164386660901675,0.038028754,1.0048545924913879,0
2.7530404863363054,0.0545044,157.00561673952217,0
0.0778400592769973,0.14181828,2.5405665140122133,0
0.028561751447158695,0.062321205,0.7499068579178294,0
0.04801465903124298,0.1467392,0.8528639273233242,0
0.04084045432935486,0.07380603,1.5191611195776367,0
0.03704700551567415,0.064230844,1.6553721858595083,0
0.4928515275590197,0.3489085,23.529414836700067,0
0.01580028831982083,0.041100338,0.4593903273614105,0
0.1533800416486297,0.4484588,5.697942824797017,0
0.047662693299443455,0.09545507,0.7150037985617259,0
0.0516357099664934,0.19549924,1.7047960817911563,0
0.03627935272640086,0.08116661,1.4822441843237777,0
0.043251927319964904,0.019769212,2.1418023599974085,0
0.1116314653305203,0.05407246,5.936895579636519,0
0.028139854388111382,0.09805242,0.4787002421137973,0
0.022623633893509364,0.051606975,0.8935237422506753,0
0.01873959957758623,0.09798351,0.37319186894206247,0
0.02421795437783124,0.043845553,0.6890906620729929,0
0.012016364034863272,0.01565756,0.49663889667606087,0
0.017114055378811645,0.015880657,0.9805631435590726,0
0.051803191218304706,0.14908591,1.3289275500934918,0
0.02222069222633377,0.10112768,0.6384256578708234,0
0.20975913500088522,0.63422054,7.962927176871422,0
0.05509780459884541,0.069046944,2.0179795614810856,0
0.024038557435912468,0.08440664,0.39705279735871635,0
2.728686847311749,3.1057785,127.449846510467,0
0.021955100271136608,0.09163194,0.6951751815637667,0
0.06652241099096545,0.1702201,2.691108775760622,0
1.0194024422070838,3.8805554,32.87470609712235,0
0.09660151250495733,0.048644662,5.133780301252087,0
2.408730305935017,0.8142804,128.5876783147222,0
0.05797851968531953,0.017237807,3.166201730177594,0
0.04226932156173372,0.14327319,1.5224006307216789,0
0.16914219587778118,0.49802423,5.007470476253204,0
0.09685066067600878,0.16279528,3.6639794773072185,0
0.03084073904826426,0.05155993,1.4486246340856974,0
0.12914426767658438,0.10683232,6.706298638319075,0
0.6514661248802847,0.48648247,33.620489944547394,0
0.13761725518872728,0.20798823,3.5313176495599583,0
0.05881523588465651,0.08979156,2.7967002849888893,0
0.1846799163156002,0.46374702,7.7773113425351506,0
0.45990839674031175,2.9773946,7.646680270773966,0
0.025510728907076452,0.028144915,1.232252869045972,0
0.05369854933916664,0.088575326,2.2734905940049805,0
0.07943111824129225,0.24451065,1.9540683381292507,0
0.07004571326949846,0.30439422,1.9368173158213082,0
0.03563446847526365,0.051301938,1.6502477511513671,0
0.10479077172972534,0.1028131,5.211163550425263,0
0.022501474055756553,0.09580184,0.3245382417600798,0
0.0654957736205187,0.28159025,1.6206331049837637,0
0.03228881067718785,0.046758227,1.0841923975683845,0
0.04289902175693369,0.04612943,1.624666194952476,0
0.04553787836639803,0.14452389,1.5035732220272233,0
0.057677750025441885,0.07978862,2.7886776333022505,0
0.02212818585802543,0.05636343,0.34093095455173233,0
0.17257522037136863,0.29077184,6.851149307625724,0
0.024245436405742272,0.01054744,1.3891611785018683,0
0.06193426498494678,0.14002086,1.404708372217315,0
0.062186445860386075,0.11300082,2.2003605852609325,0
0.0892048809903531,0.021519314,4.888356763976115,0
0.03293232841539457,0.07029607,0.77976835349827,0
0.07564567749030082,0.1075852,2.331228499590356,0
0.03349870468097234,0.18247527,0.6828412395436406,0
0.05159472213448487,0.009040451,2.7586417716755465,0
0.0520561300466323,0.065377146,2.4334314643014405,0
0.05925201248672761,0.054658633,3.019664729746304,0
0.04536123492624357,0.07730412,0.8352931355711566,0
0.02939363629526806,0.11027992,0.7755904264803062,0
0.022169357543996387,0.030373855,1.023164173612025,0
0.021551617697072045,0.06728807,0.7513995851260109,0
0.02959499341546925,0.012361559,1.6956682174238493,0
0.03910392995550936,0.225565,0.7386358174466239,0
0.041308534078300256,0.027161574,1.958481357782311,0
0.023322289794449537,0.026387358,0.7364691484534154,0
0.44939901788686426,0.13715705,24.429979814825195,0
0.03887323644473402,0.0828503,1.2162944637785547,0
0.03334500877244216,0.040203307,1.4659560865686982,0
0.12049780047515703,0.18599151,5.736430747880563,0
0.1180969824860494,0.30449226,2.0496704746350334,0
0.08590075870347892,0.5360481,0.7271844854222068,0
0.033761828366669626,0.059738547,1.5158854434229545,0
0.05256324564023054,0.07755265,1.4841864061968295,0
0.031841552929186986,0.047673773,1.2660549167162614,0
0.03625345537167219,0.031753767,1.836761947651943,0
0.029364404015068277,0.09783882,0.9854311842298301,0
0.06021741159979931,0.053870555,2.316249021841058,0
0.0410651883304017,0.011118624,2.1289352648396602,0
0.06315553944618037,0.036093168,3.348215593566761,0
0.18350502905917287,0.4931001,0.4966538232288493,0
0.03658036051857465,0.07169269,1.5844593876296094,0
0.09438765956744297,0.093619935,4.753071213635855,0
0.277974573636791,0.30666482,12.14437717795778,0
0.012555674746758602,0.00899462,0.7193871719282566,0
0.04019696457480798,0.14902729,1.3935994648711951,0
0.023466020199786945,0.02887219,0.9865736189341228,0
0.03907878471660229,0.030629182,1.9906373736389964,0
0.05232383714885525,0.041921463,2.2958820365275754,0
0.1652437628335685,0.38922366,5.059356509467824,0
0.09198666576896197,0.12838335,4.437252846790315,0
0.025347919754599678,0.049521163,0.9817545608529146,0
0.011216636175367892,0.022940397,0.26521976120922597,0
0.05896804311571621,0.31049776,1.4405531793546555,0
0.09234103153433165,0.1779322,3.9152095540124368,0
0.13926512073781455,0.39201126,1.1840222978313262,0
0.09616854735178557,0.1645068,4.259766974570271,0
0.012616040123236088,0.018774468,0.594370355126952,0
0.040235459853158045,0.090773255,1.7386773231744495,0
0.04189767299006613,0.08772741,1.8003011983439123,0
0.019656620900540264,0.0377865,0.7803867843380714,0
0.03363893938103364,0.025725715,1.7618990899649332,0
0.031809817796130346,0.06174153,1.1212626255114804,0
0.02960245015990503,0.12918133,0.8226473978922587,0
0.316469981763314,0.4491019,14.160715281112124,0
0.0418373919524124,0.06412908,1.9875534880044334,0
0.021648342042460824,0.056235354,0.5239085008210769,0
0.03466742522192609,0.04603064,1.234005975990526,0
0.038759955429646706,0.10965553,1.0415069046272158,0
0.015889109784350694,0.04440968,0.38166364552700244,0
0.07560900290641122,0.28880507,1.4159023072702293,0
0.04070958184994643,0.051771536,1.7868965706813027,0
0.03229825677900443,0.096409775,1.236459334836283,0
0.018349940884137012,0.05073434,0.6645298081066879,0
0.038501494207995486,0.06877932,1.4117485878143936,0
0.32728085644082694,0.5200102,9.421261972834845,0
0.04012301546600216,0.041446444,1.8104668139793088,0
0.20933244176786933,0.17690554,10.810519786836645,0
0.12083909550885777,0.31835917,4.5546358127630135,0
0.08170217677293665,0.037299253,4.180252253087241,0
0.10686723838709843,0.27741423,4.174465383779312,0
0.3797024407771426,0.8518918,15.685387667146825,0
0.02092429056070767,0.03707849,0.962534612401681,0
0.01871523602013438,0.022105623,0.6433052442225569,0
0.11464210655186137,0.034506846,6.277925825470246,0
0.08651391388440585,0.2620985,2.8321530775860775,0
0.025181459788408602,0.052216828,1.1274660798670488,0
0.26692542808118447,0.5543431,9.999098338626267,0
0.02960963896800364,0.063400865,0.9732623498197591,0
0.2216186686650359,0.023727924,12.441423935369995,0
0.044846131288519234,0.075400874,1.4663430471186936,0
0.02025423320672609,0.0525427,0.6472997120724813,0
0.01690944628114604,0.04361849,0.5455145994523949,0
0.08164006144340533,0.18323399,3.2396193671840505,0
0.021897956411856837,0.042819344,0.7128352358820652,0
0.01849349227262162,0.061194606,0.672287842708158,0
0.09786597297109081,0.4206017,1.106326951815088,0
0.04794729643949394,0.11730428,1.550589627275115,0
0.049060243331391674,0.10082226,1.9450344192537012,0
0.14017450175668483,0.042943545,7.583029919627324,0
0.3611513710539994,1.0486298,13.102376852144921,0
0.029272795957406405,0.049730066,0.9140998686888644,0
0.044687233190500386,0.033102073,2.273034276637927,0
0.0746226186578913,0.22376536,2.397084486847198,0
0.01870993896236888,0.021169167,0.6645541136100411,0
0.023130610276521156,0.07426047,0.8080444448545775,0
0.03927813602572926,0.12816483,0.7259109799137226,0
0.016814087069409803,0.011000197,0.9633762254426725,0
0.02459865936079133,0.07066799,0.9820636417525784,0
0.10109402184499114,0.24289995,3.8589469262886698,0
0.04838220345679697,0.21577145,1.0395715143717446,0
0.021591231644472426,0.047193274,0.869247250296776,0
0.03366001571919531,0.12158756,1.0685480735438961,0
0.0191509029409014,0.018000696,0.9020914692566402,0
0.017831937781415036,0.07333508,0.20755538289562617,0
0.06318571049729921,0.21195138,2.1317262679282822,0
1.0069618260428899,0.20858398,53.25380481895658,0
0.2747008572290587,0.42551884,12.992617825265702,0
0.16136001855015625,0.66269165,5.262058879156787,0
0.05296828295984279,0.10960246,2.3679457840761757,0
0.02724194286236083,0.020491263,1.2720196353893811,0
0.05301312898327363,0.034953512,2.382341531051173,0
0.0567469650015053,0.07652623,2.188851177616728,0
0.03611748357415581,0.14930257,1.0089276199906092,0
0.020244705940914248,0.020175077,0.8283986388224065,0
0.09080247663011279,0.20468628,3.4421335366475394,0
0.47760877042356226,1.8065788,3.5961390109428906,0
0.3744035584478798,0.16815345,18.57659950828838,0
0.039686733421696645,0.012295843,2.098862011934882,0
0.03658860453682803,0.22059402,0.549418334321201,0
0.11388898164659716,0.17423631,2.823526932387522,0
0.13815926624135727,0.18513523,6.731555824218686,0
0.31981260661841987,0.070305154,16.851142915967067,0
0.02388516749483279,0.031537604,0.8799649304309597,0
0.009003360656353357,0.0073574954,0.5158545670431821,0
0.04357789814494542,0.10568596,1.4301945394034858,0
0.01984473027262339,0.019016925,0.8873409513546368,0
0.04027676106575727,0.019407056,2.060559690914089,0
0.03618793712780659,0.10020404,1.307198722148597,0
0.37647916686152855,0.10527559,19.218318595989764,0
0.04081842575896316,0.13625813,0.7674657178302141,0
0.051420012605491894,0.057034165,2.5334040413029513,0
0.42445562759150246,0.99579877,17.86328998389891,0
0.08217350730817688,0.10791332,2.6706504759447816,0
0.09550475663727352,0.1399862,3.9794269905967967,0
0.07475268544590903,0.04813419,3.8970343240411567,0
0.11404121016429519,0.13372692,5.258516058660742,0
0.07334891829401538,0.17866965,2.9710840143227117,0
0.8845690787077342,2.1558788,36.43694698738548,0
0.025885581525532917,0.02696128,0.9652687216499852,0
0.05003653235608644,0.10980492,1.5141680695509787,0
0.07523524011120923,0.33716232,1.3593555582399475,0
0.06269855537352788,0.011274398,3.4633238825659918,0
0.03587599733832954,0.054728232,1.2206333956060753,0
0.10030367182754016,0.04300065,5.418807846785778,0
0.15765891514759,0.10842397,7.158499667894799,0
0.10688145328911497,0.053144753,5.026770173027452,0
0.03966197918416407,0.010010383,2.2724640143883255,0
0.026700706107163085,0.051745705,0.990992833836508,0
0.020346980906672335,0.05346517,0.22868820124432088,0
0.6331883583318342,0.18745887,34.02920492172697,0
0.023133536226435474,0.04016691,1.0768296623922904,0
0.020355183784808023,0.027101234,0.7628819532104194,0
0.015162102223799637,0.07413497,0.18674299067026556,0
0.027218864142992585,0.061868902,1.0490720643559541,0
0.052044048880455634,0.16185772,0.810306747832818,0
0.02019950711160015,0.037241872,0.6109348405935984,0
0.04248920541525621,0.055152856,1.947418089232272,0
0.037567718531130286,0.043793056,1.8641175661539298,0
0.04987030213915214,0.04664276,2.1140107925225697,0
0.03889287709027929,0.09930897,1.0706625033869086,0
0.02192204822812816,0.046136398,0.7215187216843998,0
0.04387023637790176,0.0822833,1.9110085761723132,0
0.030343876210643446,0.053546146,0.8521865872124463,0
0.029203592018196327,0.06886225,1.0941064005884165,0
0.03618385666370455,0.1335769,1.0045686552802422,0
0.027381778663306936,0.04398625,1.1444966177307179,0
0.04905622248162628,0.040711574,2.2254111578029545,0
0.06001389899005994,0.095534936,2.6819001040861448,0
0.024929851166550398,0.01605249,1.1507883103745251,0
0.1632875474109113,0.464079,4.93131872691684,0
0.06075134792390507,0.16342396,1.9081285576759015,0
0.01951726644317211,0.06078176,0.7128018378923181,0
0.13046281562697432,0.45006743,2.8873406816384435,0
0.025715197466197326,0.016850038,1.2495741323912055,0
0.018402061375508122,0.06467663,0.4274458285764422,0
0.026442413634885937,0.025134131,1.1167948635461797,0
0.06582182221816064,0.08645536,2.5744858854563812,0
0.12296377783738613,0.12993723,5.346562537846885,0
0.03780273930843611,0.097246245,1.4766739989567266,0
0.06642490918808475,0.048653383,3.4112795321872578,0
0.06622122670378564,0.11398489,3.100222103793407,0
0.06182457641773123,0.1810469,1.123010602682838,0
0.08769771145440025,0.14256056,3.956122228550151,0
0.041758490601659065,0.07136495,1.8556636194093998,0
0.03136177018819462,0.08390855,1.1898153422600375,0
0.1123886930018387,0.2971303,0.6322082977723965,0
0.025309975179073067,0.09184881,0.6390874558450493,0
0.045717605052816135,0.06980725,2.1387555783617684,0
0.16042690947740235,0.24898458,5.727434979506773,0
0.022656711465624313,0.028428512,1.0800746058445772,0
0.010575558830201602,0.014871441,0.37058270982222186,0
0.1348727834132219,0.3470721,4.794027414358413,0
0.043599910599292836,0.035252616,2.168732472602557,0
0.025196145703288594,0.08062242,0.9246297856542997,0
0.08513466215362875,0.11063293,2.666718837893193,0
0.020895170081235065,0.035060808,0.8755875114636182,0
0.08747099633255177,0.17634073,1.4921540299768599,0
0.017551726532160795,0.031426076,0.6476681983172056,0
0.03478652562329268,0.07733363,1.2012862259622394,0
0.02110229344034896,0.011099993,1.0276865001862199,0
0.012489448188964783,0.01933588,0.4515665579858447,0
0.04758051489607412,0.060811825,2.337133044727037,0
0.04494684648036582,0.12320984,1.6115522346152813,0
0.06733610860441805,0.17453775,2.4827947914227724,0
0.0376605505995281,0.048623003,1.2233566920106291,0
0.015718588356176066,0.018948939,0.5173433529272533,0
0.027962709436915877,0.096630394,0.9886189566170274,0
0.042841183178454936,0.07406842,1.9698317416178313,0
0.27318849409865475,0.71905094,9.78477062724364,0
0.03246730216081583,0.11602507,0.6404335542406208,0
0.011194935313027385,0.018742671,0.4364249561889495,0
0.02742527896073999,0.060303383,1.071100877066873,0
0.05060536005303075,0.06705724,2.1333242956673875,0
0.1815895719485522,0.7265698,1.2186473784883873,0
0.8378694607145983,0.15215163,46.31801949579473,0
0.029833933050067117,0.040246796,1.1418402197033142,0
0.017280878360441704,0.027834887,0.6547996356524078,0
0.06328746192505104,0.16832966,1.851628681828703,0
0.04463119005655829,0.025954377,2.3829400321493495,0
0.31902225897036124,0.09718507,17.10255164987317,0
0.023196413875363364,0.022997994,1.1001836725969332,0
0.041729708581294975,0.074469976,1.0327549865527248,0
0.10309987759224677,0.2882872,2.595270106946985,0
0.05543642803318993,0.09743141,2.5430176514092104,0
0.4095948049204046,0.2945742,19.964222510380758,0
0.03150963352861382,0.018821858,1.599150649771776,0
0.03216762644462936,0.040838834,1.2795562141464139,0
0.032108353295026426,0.060661655,0.7581747878812303,0
0.04644301277652238,0.068729475,1.7477898733369537,0
0.07551647577085224,0.13242638,3.2229478332757777,0
0.06969405147248146,0.047004428,3.6414963835417002,0
0.15466933223772453,0.037141345,8.45776131935711,0
0.03134299348986268,0.062446006,0.39352492417676055,0
0.041820358948709044,0.119632006,1.6316658383845697,0
0.03507532786849237,0.043988444,1.264164256413573,0
0.05677183512188773,0.1850928,0.978206768696028,0
0.056684480385187565,0.08054492,2.224445942966953,0
0.06595833056151447,0.031200709,3.482672138619641,0
0.03081220678425437,0.0589598,1.2389916791287399,0
0.0337144161071016,0.07447379,1.3123451644353006,0
0.025757012906557585,0.072431184,0.8986381183588477,0
0.07211340266764671,0.17005025,3.0508997478863997,0
0.09879480207164273,0.06817722,5.112874065498922,0
0.0403354043616151,0.031036433,1.8367558834010538,0
0.049364854525116277,0.12671873,2.053508643721121,0
0.06778488831913995,0.19231597,2.475627337621275,0
0.04091964707301808,0.041206177,1.8759502214362285,0
0.038596583713005804,0.2196601,0.8286626796793346,0
0.049611657855631076,0.08858218,2.283076427476797,0
0.021913407328386446,0.027693847,0.9943741551234082,0
0.044546064160528434,0.14099227,1.492479052774654,0
0.08170539248475882,0.16248643,1.927496307557402,0
0.04785608803231096,0.110343486,2.058032166699023,0
0.04871581013254575,0.06248255,1.5182745772860051,0
0.13472129012431752,0.3045345,2.6408569863148665,0
0.21306024544160138,0.93508756,6.228925939836858,0
0.026686250960330383,0.048487674,1.189508941901584,0
0.5050976338044175,0.9203261,14.28718856846041,0
0.26470911753477144,0.13954568,14.033329864202223,0
0.03430492544159677,0.090609595,0.9374886717442749,0
0.018647751966863087,0.026928904,0.7376850142612117,0
0.20752105437810278,1.0949193,1.6529435290835497,0
0.028826960043243737,0.032155547,1.4516165241741872,0
0.09305448581424913,0.16863795,3.5632987686071584,0
0.9554880060771365,0.26163816,52.678442845354695,0
0.023633775757926783,0.03987265,0.9976306097863687,0
0.06079487365370262,0.14238258,2.036068107189215,0
0.046215882881814295,0.01705604,2.296515112055432,0
0.030396494974233912,0.09511926,0.7689512321934837,0
0.031351723827469036,0.063056685,0.6512654277436422,0
1.2386303987935616,1.4520241,54.574095106113596,0
0.04948614958346505,0.06882509,2.377075279432531,0
2.9264693122378813,0.18279363,164.1521515027989,0
0.11123472204528242,0.08436119,5.63640472301185,0
0.2542406584847657,1.7604401,3.89479479875691,0
0.10347262770748476,0.28657937,3.770078939987037,0
0.034045256324857734,0.052149586,1.400696061460069,0
0.07874277747378808,0.30148998,0.7432196446721333,0
0.03468347123332682,0.065038264,1.5603992799593993,0
0.03310026680015366,0.054525845,0.957166000274934,0
0.029319605259885265,0.13282774,0.862038358212878,0
0.05822139282390594,0.23689958,1.9112016837010415,0
0.11878632159370131,0.6474518,2.817101790913728,0
0.04733380646190354,0.04638611,2.310490228926313,0
0.21550448367797898,0.47668415,9.42661756842672,0
0.04261343274199781,0.007315222,2.4415698466810696,0
0.009713173552210278,0.007620901,0.5565238502197427,0
0.04271332724702979,0.031198703,1.9078420513605814,0
3.55629670130389,4.4784026,171.25690838325406,0
0.026826079693628095,0.15826878,0.5584977244226101,0
0.016151883006582966,0.041705053,0.6386140600414044,0
0.011384699322573969,0.02945828,0.33760527521672024,0
0.019645156727322886,0.03821165,0.6597764458460524,0
0.06189959195800655,0.16999902,1.436850074959135,0
0.06185391145809709,0.14240307,2.1108369705401446,0
0.0571809510427526,0.16114114,0.5940118762299003,0
0.14326671816228906,0.031574618,7.984416902956171,0
0.0400130793170565,0.10947178,1.3848888770213403,0
0.057780990074377224,0.06390601,2.6318962522493847,0
0.0941352119030538,0.31774366,3.446467465145472,0
0.023398495948435367,0.028227221,1.0910967981959578,0
0.02821484313422758,0.05009347,0.521176471020547,0
0.01897530587346951,0.028902737,0.7093073567310335,0
1.488201965817459,2.8798234,57.68049617502878,0
0.04999930850415395,0.048282605,1.988958914984574,0
0.030329883526038527,0.05935387,1.3546456899266428,0
0.05986511145077973,0.07672274,2.8081639200304287,0
0.055422166147111575,0.032148637,2.835955655910886,0
0.04548642170791633,0.14053056,1.400185653541163,0
0.042654940188951364,0.03669232,2.062505648602916,0
0.20783245144453616,0.2949389,9.539615904073552,0
0.07252136619885967,0.057144437,3.6560060837026382,0
0.03557813400655701,0.011643078,1.8917470358362438,0
0.030609299221364784,0.039780434,1.2388616741255416,0
0.05038158340516643,0.060637236,2.4844349806437465,0
0.04535467874365289,0.06993369,1.9092572651590456,0
0.045945867818535095,0.048042588,2.130564168690941,0
0.04327261109099095,0.026449988,2.1122351130130155,0
0.023779446338497302,0.041780423,1.0949081967212408,0
0.027288475307816987,0.049896937,1.1529727376101664,0
0.15752256174010146,0.26602387,5.53198636101358,0
2.043296307952481,3.514651,92.94309178018014,0
0.017409862004223453,0.028028341,0.6606285421921647,0
0.029230989943876417,0.046351105,1.1864824838955603,0
0.0646272001869924,0.22956458,2.2228726754598833,0
0.0368426955283375,0.166079,0.6761621059776246,0
0.030824156258537204,0.076289,1.197019721132554,0
0.04191720018180914,0.06989276,1.6160446345175634,0
0.032662195972582034,0.062614836,1.0938755465164356,0
0.0493400793636629,0.098060474,2.1365374303485667,0
0.13733107672406458,0.32141683,4.8236518841095135,0
0.019398207846054383,0.029008286,0.9160645485948721,0
1.7152219805459759,0.5420683,94.12192913853161,0
0.07328738505515511,0.08951129,2.5006023982662775,0
0.23215242553740315,0.16415063,12.137177151128494,0
0.05257914164736845,0.036090355,2.6206156229034594,0
0.03171115690042249,0.16937758,0.7403571518715293,0
0.05948402205583955,0.051848583,3.03208142017391,0
0.032884721572851,0.12868476,0.6349280312135922,0
0.042326670321249,0.087437764,1.8889645977613299,0
0.020470050933048326,0.057891116,0.7614211284267198,0
0.045201613399680284,0.05664157,2.0832103019048764,0
0.023877706432732303,0.029930562,1.179509826496636,0
0.1343478508038063,0.31635645,4.78160404210683,0
0.2146879616912108,0.43311432,9.02325744889558,0
0.02189915142448963,0.0085379975,1.0794683518314696,0
0.04303510992700251,0.05959091,1.9022716330453315,0
0.06350616358323474,0.07458239,2.736533322723973,0
0.047379272644862885,0.03454028,2.3675220119280964,0
0.052199758962293244,0.10068523,1.8992970841395613,0
0.04348303841652672,0.011795261,2.321182185450239,0
0.014419591085986512,0.014067184,0.5290932153912506,0
0.06584728447256202,0.14394042,2.742138528880806,0
0.017133754517347263,0.010236283,0.7806205501238462,0
0.056566407650035115,0.03374925,2.8529711490198917,0
0.0436897914171729,0.05081031,2.0695830877052055,0
0.04664105638585074,0.07413082,1.9082048010903299,0
1.8992951598850856,3.6375625,77.06109412707595,0
0.04331224460180619,0.056891076,1.8050788997971319,0
0.03311815003570321,0.13812369,0.9503522450714315,0
0.03285452304265602,0.058620278,1.3783328947985254,0
0.031836205814700466,0.06393823,1.3727020015891644,0
0.01175044886346202,0.049714867,0.3388549639350557,0
0.101806010272947,0.13429552,3.9745749721402936,0
0.23301615507415485,0.41686946,10.028407499492873,0
0.018570189078507382,0.04664989,0.6115747483848689,0
0.025010268814774774,0.07766495,0.34940396488129055,0
0.03450818098286944,0.030704487,1.3030831902266635,0
0.15462861541123316,0.19519013,5.20663034207019,0
0.03150604166644695,0.07774254,0.696046790259617,0
0.1276232158892975,0.13865842,6.283915048533696,0
0.013051191637081247,0.020233177,0.5531405654795856,0
0.5483858983930399,0.38785294,25.98995807563009,0
0.05752700027670235,0.15409577,2.24827971972603,0
0.017869645604187183,0.026022643,0.8011885595912883,0
0.3146786811204943,0.15258943,17.11182794305751,0
0.02895871169882325,0.07480874,1.1492813495463554,0
0.05056300463012639,0.1177291,1.7230009593398419,0
0.014474683723143564,0.009314238,0.8293382871228352,0
0.03090726863665591,0.06439745,1.3234830874723962,0
0.14077782470107064,0.068563625,7.009537465760154,0
0.0652580266354279,0.14798963,2.7901991130952983,0
0.034577055715347915,0.10665717,0.9708857171354152,0
0.06659552995811399,0.5022862,0.7896926944633677,0
0.11894218977815832,0.07782068,5.482813643463947,0
0.04197341852144489,0.2704583,0.6820370219585604,0
0.11995742341256241,0.1658615,3.150452001645415,0
0.02827378262872409,0.08376932,0.7661120599226181,0
0.05225416765224905,0.07043148,1.8997977629388094,0
0.012873742090389594,0.026146712,0.571570523617562,0
0.034801399002040004,0.07674316,1.040602139404085,0
0.018712408295397463,0.02266188,0.690262434777177,0
0.10307304204359856,0.18337092,1.9884672191182051,0
0.01776870201261982,0.03624809,0.7450523497176421,0
0.17067113829144323,0.706666,2.000624911235866,0
0.0828438115884336,0.3225617,1.0270756818570959,0
0.05848017658119701,0.020600518,3.007829533070738,0
0.03977442241258099,0.076880306,1.768889961545094,0
0.04581912149264031,0.106301226,1.2762584703850703,0
3.146852001596968,0.2954938,178.35246093112804,0
0.10237109727895988,0.057375263,5.501867625516125,0
0.038714420615356654,0.14583889,1.0587240701173266,0
0.030083419352050403,0.024913654,1.4533135145566136,0
0.1278049604198806,0.5796677,3.03496698707578,0
0.41937187177729257,0.3953085,16.97190370034263,0
0.09200724875741043,0.020530447,5.12189146927836,0
0.0640170178717815,0.04238396,3.2941389003544157,0
0.04717929704182766,0.12116045,1.917784114918261,0
0.023566608633468357,0.05207019,0.9129734218692304,0
0.01991894270939347,0.021902483,0.7759173538724309,0
0.17786162158335464,0.7078423,5.04934274078944,0
0.3738345207186421,0.5196133,16.40536606180586,0
0.04054018487383041,0.040651187,1.590919894194546,0
0.02157519349472752,0.07485879,0.37493905186045046,0
0.11165630797208834,0.41787195,2.410066814895349,0
0.03824128432885612,0.050897118,1.3907584970741134,0
0.048862791076137675,0.017762007,2.394724456195921,0
0.03120989129838723,0.042731393,1.5200625810167352,0
0.022713631252599967,0.041144222,1.0388022356077893,0
0.03597672252112215,0.046005074,1.7074157666117369,0
0.030128976927526297,0.066283435,1.2974150109987899,0
0.14858772222280203,0.48567086,5.269070881815237,0
0.7614361618227816,1.1915205,26.449258546435836,0
0.7617146346895388,2.825742,17.509838656904392,0
0.05101393738101204,0.12848681,1.4393323897691517,0
0.027220390173910827,0.039040312,1.124355613380585,0
0.038707725942956704,0.07103218,1.6671757655740016,0
0.051484923535507425,0.1208504,1.9618479194718474,0
0.03939454175327821,0.15071486,0.9764033491440732,0
0.08804996925365811,0.28868616,0.4891631320555845,0
0.07046606413924918,0.16292553,0.7890407545883007,0
0.02582364981931158,0.07400486,0.8628022950541605,0
0.28664706346565255,0.30438578,13.84032526431823,0
0.03378808719221214,0.0375709,1.6577414128024142,0
0.03321531838636157,0.11321007,1.1594866995720212,0
0.078348501273373,0.2653326,1.1060811898386336,0
0.06447142345283895,0.17385209,1.5838984470494366,0
0.09407806026873661,0.20749845,2.965070924626055,0
0.09908361083900691,0.2697842,1.2496092037534205,0
0.012647612969551608,0.011602049,0.7246548440702293,0
0.12103037434567857,0.415432,3.5679601368477947,0
0.011926756985367357,0.024209853,0.3671488040271591,0
0.030592211107244412,0.026867116,1.463520324456784,0
0.06925249008258412,0.03177207,3.715902146780779,0
0.041167118259337734,0.06808209,1.0387212230421978,0
2.1067324480742013,0.33785275,115.15569495084063,0
0.033844527516809525,0.13049541,1.0150922935165407,0
0.05901630147769295,0.075316854,1.8201415306007387,0
0.14780539819551225,0.42013013,2.1929879322904515,0
0.04457231426189433,0.19308732,1.3567581690668074,0
0.02029177615391442,0.024895143,1.0030382919667495,0
0.042717201391375206,0.06508023,1.3394266559717303,0
0.034555803854214556,0.07425385,0.9932758769998842,0
0.04592667679953661,0.15521453,1.579253059456989,0
0.04454862585683308,0.06500086,2.0641355560206276,0
0.02213047321127031,0.03773693,0.8945628781344461,0
0.1193870598876193,0.11423168,5.935702764254779,0
0.025111448313583442,0.013662446,1.4387800058292397,0
0.012865463315736035,0.018581828,0.5475397694574984,0
0.11402082140229043,0.39291662,3.980254145399904,0
0.012864612796100456,0.028958589,0.4615081346882233,0
0.050546775975603975,0.1910281,1.349624005417204,0
0.03200501108301464,0.10760275,1.0730061221786715,0
0.06310898896146078,0.103808954,1.7968539858917325,0
0.045835213106642486,0.04374443,1.8298239710250799,0
0.36357174337192727,0.8580497,14.568987886982825,0
0.01733216277606208,0.04379902,0.605381521304635,0
0.024886974481180223,0.01363439,1.2024457786338603,0
0.039930952137524026,0.03859158,1.9827514026896418,0
0.0284796884418487,0.042994373,1.323497847816493,0
0.10047476806393099,0.13664302,3.209662597243335,0
0.020996563590382777,0.056339692,0.6077804072307388,0
0.043430383804369865,0.022076178,2.299165473038923,0
0.11919779560469679,0.36428726,1.146977577388455,0
0.04541841223561328,0.14672023,1.2459341226210916,0
0.066814859828667,0.13133922,2.7505587715605895,0
0.32454803811848454,0.102037296,17.821878047919675,0
0.14305722996155978,0.30990803,6.04885752583883,0
0.06824494036951487,0.15813811,2.5330730239760593,0
0.06874338987717851,0.060473617,3.013323372492492,0
0.09378339434510556,0.21295485,2.634381599608606,0
0.015339872438669251,0.010040737,0.7244108832161283,0
0.07972618755614182,0.3285307,2.503454191237438,0
0.19498435527601776,0.7182311,6.659477624928829,0
0.032896861130199004,0.1348946,0.7408420004486015,0
0.0285459534684311,0.11679172,0.8366677120175432,0
0.0692221063871407,0.051208988,3.033712337661508,0
0.02239268954293548,0.06952746,0.6161270492384302,0
0.032372559636239695,0.09356775,0.5013223971289769,0
0.024328187154277064,0.07196187,0.7504490550969238,0
0.08039699313199582,0.16366857,3.517456818478507,0
0.06132254786688702,0.1027745,2.2602043865185886,0
0.10625795571039083,0.22943795,4.691303754947334,0
1.3856982402572955,0.7613553,73.63492496225604,0
0.026814545334379367,0.033457033,1.2269095655710107,0
0.06908152291609428,0.04361426,3.6677062457377163,0
0.10714113318656676,0.1321441,5.191186762429973,0
0.1521704685135024,0.041876353,7.872868902400461,0
0.0666843890800343,0.038178913,3.459413231299583,0
0.012211596902575315,0.0419427,0.29868176220826925,0
0.012168694355563576,0.011102284,0.69721482875846,0
0.17655195531571016,0.5032254,7.035090284438789,0
0.04946230096234317,0.03460719,2.5900992873946174,0
0.03388313090929641,0.027393114,1.6779548995023505,0
0.07068572887713262,0.23104136,0.6660836473320826,0
0.06320462583626216,0.034079492,3.357911960098854,0
0.07778362279193174,0.15558252,3.374636440449158,0
0.04500131478934216,0.042361308,2.2906054744916684,0
0.020508461950579468,0.025191145,0.7553664600673333,0
0.06326104084604911,0.04550569,3.3457029785751553,0
0.10782582422339507,0.3000036,3.670519176721236,0
0.0372916491851623,0.07928943,1.384692490208508,0
0.1002702890933259,0.16579767,4.727212296572588,0
0.028399010601797954,0.044886626,1.1078625767284807,0
0.11356454906721289,0.14030562,5.225562479346657,0
0.049385392273736436,0.14293216,1.74115860959728,0
0.025318567485310903,0.018910158,1.1773655619632786,0
0.13750665929491324,0.1602883,6.639250866961796,0
0.04942483611728827,0.05327186,2.0714205343647185,0
0.022377412521257193,0.030395534,0.9496908325044982,0
1.1094446003331784,2.435672,44.705289517252616,0
0.12142010231411728,0.1227558,6.128580512688097,0
0.13700848646368483,0.03341007,7.647234336260423,0
0.01688046816825592,0.03151046,0.5310769396195739,0
0.2885813524564404,0.7050273,10.180838559460707,0
0.05564236910053964,0.0733151,2.6784946423493623,0
0.02303181140657338,0.06829784,0.6079627787483183,0
0.09124280470910845,0.13516209,4.342185112262227,0
0.09482668475176186,0.08556627,4.906773826123446,0
0.39509633663639676,0.1950907,20.273488791957828,0
0.1283822560285721,0.37334302,5.016464759644919,0
0.06754280798237093,0.06556767,3.437395144165972,0
0.05275189378024914,0.11849276,1.6623900649417953,0
1.2356560969901305,3.021441,42.27828609642344,0
0.03688567704905152,0.102643535,1.2566245616646023,0
0.08704930249006658,0.21364999,2.333972800627856,0
0.045165689418984155,0.047616746,2.2199384384741494,0
0.04631466682943081,0.10745124,1.8190389697148563,0
0.24911979746428461,0.4761921,6.503506863523795,0
0.018609675056686523,0.09580422,0.3236563279530761,0
0.05972390580759624,0.044778377,2.86292830183048,0
0.12041896540099489,0.06192806,6.509508536342489,0
0.05459756534691352,0.23004563,1.4880380006935003,0
0.020316221407121464,0.032740645,0.6231025035319543,0
0.041045498906228634,0.13418289,0.9775311705106718,0
0.14311222292618808,0.530883,1.8136604327763537,0
0.04207294786685007,0.045527723,2.11387576828894,0
0.060998285032302986,0.22823264,1.916072852148368,0
0.07449235511169866,0.17490946,3.156526101379209,0
0.30697925951202254,0.3953365,14.318528006710412,0
0.03744056138584452,0.15921496,1.1572940554417608,0
0.053668273589230465,0.045202613,2.2488259090512535,0
0.028414237012131773,0.03987413,1.3774698725693788,0
0.04029736097008875,0.07311354,1.2448966314727925,0
0.031223983044526154,0.032891072,1.5533578801053367,0
0.02469920495834134,0.008261983,1.258908098233289,0
0.03187576642260303,0.05520375,1.4616723594415642,0
0.3487459993814172,0.35489258,15.695302441847451,0
0.06580515775317967,0.21125582,2.3691347895464405,0
0.04443211260877818,0.028675567,2.2720397296574864,0
0.04159519989279652,0.12572023,1.6163177792437986,0
0.038388362554719564,0.07991117,1.269427926060838,0
0.052386006874585694,0.03541582,2.575889736181467,0
0.08238086607980091,0.15685824,3.6289332621365173,0
0.041427079747438304,0.12502088,1.047620400437205,0
0.03014717824266738,0.043608773,1.0131416046386352,0
0.10500834316690433,0.08282405,5.461575977285122,0
0.07156430894170301,0.10424054,3.385072628120983,0
2.552655790519083,3.1254735,116.86540608360862,0
0.17759937316530877,0.4615105,3.2218913122690496,0
0.0302723649286721,0.058404308,0.8342547977649103,0
0.059088338300801235,0.30834737,0.8197648614099402,0
0.038342617298779705,0.03465154,1.737539338052639,0
0.01459476738893194,0.025309637,0.5045808469646887,0
0.03478583752966383,0.037849005,1.5306728545474881,0
0.05112838858727788,0.2341359,1.194128654433167,0
0.012839892543162295,0.0059133884,0.7356716521246967,0
0.0629599793476556,0.16150501,2.0367973652584164,0
0.014229041642246297,0.02446711,0.4265231489946738,0
0.05218927026054343,0.1535583,2.062731229564221,0
0.026564264147954673,0.012017882,1.5220202215484886,0
0.058462827111323376,0.10131183,1.5903525918614225,0
2.651135641143247,0.42110437,147.42659481400375,0
0.060346519160131874,0.07738121,2.984390729608738,0
0.02919237789405624,0.044732008,1.281727904513606,0
0.08895306276380319,0.2568256,2.961669481404465,0
0.30931061942931326,0.30884075,15.2804356417602,0
0.05080266987779439,0.09253171,2.1778783565973145,0
0.0642636345515359,0.049052328,2.7358601360313406,0
0.16849690498684433,0.38649526,4.258065331869175,0
0.10844997231609586,0.05497871,5.879400268507804,0
0.07970338482030567,0.1025091,2.9645809527133338,0
0.011638901783860636,0.015461528,0.374762161410997,0
0.23370621922424584,0.06335739,12.673247817419272,0
0.47705267300004806,1.3662425,10.901539389571928,0
0.41678311432801596,0.26174045,19.895455976642438,0
0.18568902196506087,0.58419955,5.754097836389284,0
0.0823381748167367,0.099950984,3.59528660864712,0
0.07602569440079177,0.06370295,3.6278823932190614,0
0.03398004476138142,0.10437712,1.2290088842231037,0
0.03373990364422833,0.07501653,0.8853398820625705,0
0.06595164325986994,0.06316852,3.2107573486457337,0
0.06407145706052955,0.12990405,2.278306243260933,0
0.03439817601549735,0.11537263,0.6355606419358237,0
0.028936334560620385,0.062260523,0.8050792880446522,0
0.06904220813592624,0.21755221,2.482992462587498,0
0.0343351236075759,0.064856,1.4072348269948542,0
0.02603163431109584,0.020036677,1.1904073105482258,0
0.015720062825226727,0.07865537,0.30715274953879335,0
0.35990839345773434,1.0126154,14.153139715768802,0
0.3090285762844569,1.1974701,1.2843049712227081,0
0.10015478431210137,0.24516068,3.0168824322540253,0
0.07238922740615494,0.06084249,3.2043164985817576,0
0.05649148817558038,0.08771334,2.640364719875358,0
0.09351714814201424,0.15770046,2.5390268395858238,0
0.05661977681681671,0.031109568,2.8582917173190117,0
0.11425531297693668,0.32408643,2.3743186919797186,0
0.029272252606454406,0.09069055,1.049608184801017,0
0.01768444798566704,0.09049457,0.3472847802652412,0
0.08222282355845532,0.097032115,4.1258825187781545,0
0.013419495873574534,0.021773899,0.5542174495324756,0
0.022811666637452613,0.014426049,1.0392843878899651,0
0.11312300869971605,0.12743025,5.025940790156193,0
0.05361774952183017,0.24727821,1.2397811559543872,0
0.027803441692493547,0.013438153,1.5930198649179506,0
0.07954939911357782,0.08869878,3.348936033471863,0
0.05765538570001659,0.11579683,1.2645894080509552,0
0.027067824307668444,0.0300647,1.1665170983907318,0
0.07082026455712202,0.05015504,3.689311607968021,0
0.07889053128530242,0.23919995,2.1308048817327054,0
0.037539730228978586,0.12798947,0.775775575772277,0
0.025165820865255924,0.025606904,1.2305821973078483,0
0.010828194208443165,0.053754784,0.12178252821611987,0
0.05675068126642587,0.06311722,2.554869665868513,0
0.03726250950768383,0.040339053,1.5375760033248447,0
0.06486495093892267,0.049272053,2.952707359272028,0
0.02920234900907304,0.13528152,0.7043382580690023,0
0.05420870361170328,0.16404817,1.9630428070227037,0
0.07202351124669257,0.18738493,0.7405496183580011,0
0.1589439421142607,0.03207322,8.764729652420503,0
0.03812930715576009,0.06459969,1.3560623861171726,0
0.05678225504470358,0.06951635,2.648761132702251,0
0.05669656159503703,0.19964948,0.650276775658864,0
0.028569459838902574,0.06687059,0.6580571325365236,0
0.019746620562500962,0.052742846,0.6449959145320265,0
1.1062964252570233,0.25877818,61.65234382692929,0
0.11507908070817033,0.34117326,4.373087847919176,0
0.03678997986804999,0.117239766,1.1048103170039458,0
0.024950904070730025,0.04896452,0.7223076724101262,0
0.05832621146077229,0.07238157,2.823100141303349,0
0.07616975773853639,0.1923317,0.4301182820886361,0
0.0242770079384334,0.078314915,0.44045887778575815,0
0.08096574552474439,0.27929553,2.6058040014757315,0
0.46361160987120065,1.6868402,9.975396066267585,0
0.02583043990134496,0.04588203,0.829118565896642,0
0.11349044325919747,0.25205714,4.43226127332177,0
0.3838871538795429,0.05944353,21.634287479257356,0
0.27814684840104886,0.6483208,10.358791271990057,0
0.026082386436663108,0.093832746,0.8552432141067047,0
0.08947565723976361,0.2146516,2.087423812984743,0
0.016100530264394387,0.012824689,0.9224924320724498,0
0.015038017407518678,0.023651784,0.5558351779185616,0
0.06276834068846827,0.14382641,1.7079957702100494,0
0.03292664080787501,0.123487495,0.6672773244853347,0
0.05138201008087233,0.10728813,1.5471543457571275,0
0.07766738911746561,0.105801776,3.525529888988399,0
0.06028555058749146,0.024941526,3.2844082159631953,0
0.12390285364081854,0.14428788,5.714048858136015,0
0.025327377073812066,0.056716356,0.8207092904569352,0
0.022741316233763315,0.045646608,0.970764668075559,0
0.05310854636330513,0.17727958,1.9044179673282418,0
0.05211581701229546,0.20132117,1.085299579061841,0
0.09304110795866657,0.13878553,3.6261726682566424,0
1.6700004237491688,0.12918422,94.61981850593327,0
0.11436828050800582,0.20452148,4.749129040469472,0
0.07878229018075267,0.15666677,1.769337450339715,0
0.07320837949023526,0.12644705,3.198633986786006,0
0.04748307408224771,0.20440799,1.4041566167916524,0
3.0686808109320163,0.26599896,174.01705487267185,0
0.031756139577265925,0.031801302,1.168589243799262,0
0.03743574626026033,0.054802675,1.3466110936577047,0
0.012216976318057128,0.0134544475,0.44874299814206486,0
0.12007775478835112,0.033159304,6.527313446492256,0
0.06649677208560142,0.06743054,3.392950383304518,0
2.4046993658823874,0.11514758,136.65601051080304,0
0.04137474911789269,0.051623918,1.97956819853309,0
0.09768765360736707,0.110410646,3.8351596161810604,0
0.05317566407664078,0.051077623,2.5928714255115985,0
0.9419664980736312,0.3525927,51.23787800696667,0
0.021011865665857457,0.02617552,0.902156756830597,0
0.053795789275009824,0.03603122,2.8028970937424047,0
0.03721821459064284,0.07995959,1.4485312910870691,0
0.022232470797716418,0.021843432,1.1134603331278752,0
0.21593287056834093,0.523957,8.690254709711443,0
0.08510950974199298,0.09856409,4.05500739002195,0
2.7593855392555606,1.1852419,147.58441716953425,0
0.14046055759866655,0.2055774,4.052088662676149,0
0.1459344423726305,0.33524635,5.495378658745602,0
0.03288058240790433,0.08917517,1.1171822143294572,0
0.10851573530253428,0.2666307,3.8437482690245823,0
0.0461159298030823,0.048578795,2.2351148970027266,0
0.10626689923558796,0.021910489,5.955520172349405,0
0.058725606337051886,0.18591703,1.9389207864738747,0
0.008316181276823072,0.03281481,0.25716584849669266,0
0.029635635443450617,0.11108355,0.7913700101101181,0
3.1491633234421594,0.41809806,176.19472364726724,0
0.24313156084901286,0.16675806,12.8303209044566,0
0.41251358721666587,0.53573114,20.08831694247623,0
0.09000447295058892,0.29488593,2.16464590750982,0
0.0407295586953404,0.022176506,2.0705308467712147,0
0.031422226344846135,0.076430365,0.8962227719336725,0
0.019300983621146604,0.02332129,0.8781380707215529,0
0.16084764923320197,0.15949318,8.228294329890314,0
0.024091195265634552,0.093665026,0.6306495592826565,0
0.037063645681184004,0.14775996,1.1539456535870263,0
0.08801443603402453,0.21769288,3.7299123624843014,0
0.04621434139230274,0.21362415,0.9015813003638552,0
0.09470895616801465,0.29378897,3.633881090538508,0
0.03977986483969928,0.049627583,1.7831393242592197,0
0.1743707983889352,0.22405571,7.107696080199818,0
0.041813967836769744,0.037725944,1.969485585783244,0
0.02573296688582602,0.041279815,1.2154342866147223,0
0.020458481121482474,0.022699622,0.8118950529573269,0
1.5470528689636072,0.35393786,86.25376996157497,0
0.01667244498254982,0.04047016,0.3094890240019432,0
0.4447107016183924,0.10818926,23.229802705491004,0
0.05533097964471521,0.15207094,2.1834053450744775,0
0.020594419137441637,0.025291132,0.6452679368604441,0
0.0974029157951318,0.20590009,4.1886507794003105,0
0.020377217296120145,0.026819443,0.9512482213220468,0
0.06920915356279767,0.360611,1.7349055503376483,0
0.04396200159691335,0.03576043,2.258652139715433,0
0.05961453350656345,0.066299595,2.7838026619661123,0
0.02517799865305274,0.059379794,0.9979507860067782,0
0.049123100039697554,0.08346978,1.4662141394687176,0
0.07812185909002554,0.08594001,3.901764745187405,0
0.012689933521439323,0.03738334,0.2920006650554937,0
0.048332995780002656,0.01774142,2.5734252905163126,0
0.03520231291062162,0.08450235,1.0548738213539535,0
0.28352158610838885,1.1158252,6.0353810277215745,0
0.02901279638724399,0.072434,0.9996299834135375,0
2.859158649935318,0.3926356,159.25753755497334,0
0.05079951267780922,0.10741538,2.2461524997110094,0
0.12406518716113073,0.16043334,5.381809582649796,0
0.1080674579059895,0.06467099,5.325476263967807,0
0.0134214229174107,0.025697213,0.4902848590628646,0
0.038427074835830195,0.07318431,1.0731140417178042,0
0.09043142926311347,0.15873614,3.99737855329149,0
0.025873517445326677,0.022037838,1.1680390444286348,0
0.10452505228074685,0.1933073,4.323660130956127,0
0.03624051327207049,0.024276424,1.5252550303024925,0
0.04034526872079158,0.1648479,1.1600806526685818,0
0.030437623378531186,0.028925136,1.5190205841718745,0
0.03596167156365218,0.05498793,1.7152210804103816,0
0.02285423113340528,0.039439213,1.067136606899906,0
0.04350428849379099,0.03436547,2.2730646685072116,0
0.050492826881084585,0.24095199,1.090373748803944,0
0.051323116036787346,0.12935236,2.041406204178573,0
0.024208720757744173,0.030750396,1.0666337160703274,0
0.05232079375827185,0.095058404,2.020043629428402,0
0.04419347180239878,0.08627657,1.8507706509610469,0
0.0400148509316322,0.07504522,1.4501683169879447,0
0.017262114084869884,0.031806696,0.5221975700415699,0
0.08172255211916513,0.24201952,2.8719742799323402,0
0.06307906529500704,0.3087754,0.7070568406977294,0
0.02193794511689414,0.06799097,0.4506390836877884,0
0.030907384596593642,0.070462234,1.1105565030390105,0
0.041941897138346715,0.03754539,2.1694393225953026,0
0.03117213325471187,0.09344861,1.0419044951520415,0
0.11331277155155546,0.17308836,4.467759391626519,0
0.042132447525961646,0.107531756,1.5941137015566804,0
0.02198400227689736,0.078826316,0.5824421778625619,0
0.06694187552655911,0.07202591,2.58939117688792,0
0.10458904916740568,0.35255867,3.7573701145060103,0
0.09338209430029684,0.26869202,3.680726738996143,0
0.04786316364253156,0.03327329,2.394299128369841,0
0.19577225771942278,0.04402719,10.455280167129587,0
0.03987017717658947,0.098876454,1.586686175454539,0
0.19679194944883266,0.27123803,9.428644073020811,0
0.048081782676256436,0.077539496,1.105910988303337,0
0.04380836807817232,0.05119711,1.8449129112931892,0
0.025230334603650557,0.07416606,0.9132687292526508,0
0.0961798138573613,0.012305522,5.3584970347530385,0
0.08965880172073365,0.15489078,4.095209140008503,0
0.024371459176985043,0.029236594,0.9132209463582369,0
0.014235192580217944,0.0213383,0.5105901855491538,0
0.07971371786825877,0.09515147,3.586826502040672,0
0.6902314815246092,0.10364654,37.229513917303876,0
0.025891914891532718,0.008654746,1.3343464191281977,0
0.09723719058256372,0.5346195,2.0672309439939833,0
0.06374600633911781,0.25191966,1.7536882682801171,0
2.1465191135427117,0.27744013,120.22026051696544,0
0.18074387006963166,0.11667605,9.113114838556164,0
0.042152065962507444,0.0515034,1.5167799057839921,0
0.08275701049134376,0.13629824,3.8250703610064045,0
0.053143289483821875,0.091353714,2.164506028949262,0
0.04497293024094779,0.030497665,2.0482823861795376,0
0.0432889700300628,0.100878194,1.6072193182212795,0
0.05198325666146333,0.12351086,2.1885614344799413,0
0.02536877803036355,0.018426187,1.1827738264625562,0
0.1415733877763945,0.089032464,7.40685935336439,0
0.02023812009518325,0.048583984,0.6572851113035566,0
0.029208190325768622,0.06528645,0.6806299279320731,0
0.03071930304890995,0.08338403,1.2172909074190184,0
0.052982463111011194,0.27581188,1.2914452623487127,0
0.034282203831004596,0.03836405,1.5714534826289395,0
0.3753068450470462,0.28864723,17.239010298000235,0
0.7614867240166551,2.109543,30.642800182762457,0
0.09647189644502573,0.22905444,0.7727785978922023,0
0.04482192713150608,0.024435723,2.3126956919993202,0
0.014838095068864297,0.019381398,0.7113033580875163,0
0.03934524653620357,0.11532392,1.5062788949205905,0
0.3472930950793238,0.11516158,18.173793136769664,0
0.039823467124685014,0.047347367,1.470360981637559,0
0.014992014741218678,0.025277516,0.3759815434995003,0
0.04205334631027745,0.15925223,1.0108267370830608,0
0.06663839170228732,0.16670227,1.765805618070727,0
0.01566765102430778,0.031498842,0.41158544854258494,0
0.019856772963658845,0.023085408,0.9263556717664189,0
0.061844208684134316,0.18269572,2.405607429918164,0
0.04867702023381271,0.10269462,1.776055076666739,0
0.1244552879805138,0.4696794,1.7585218439247594,0
0.024841375314271785,0.024370186,1.2275094522037693,0
0.026371562452597697,0.065503195,0.5023005196100316,0
0.026859188820376353,0.063390404,1.138109773410208,0
0.07236717062089994,0.13811915,3.010845985269277,0
3.197314474954529,0.27778605,179.24417522095376,0
0.024132505015016636,0.0072729094,1.3826906864387465,0
0.05801045038849562,0.048436612,2.3167691537385227,0
0.029474624286681773,0.072992764,0.7416860181024677,0
0.11427720914946735,0.30374935,0.4598571597736715,0
0.047524697144934853,0.05947679,2.051669138142723,0
0.030642164603198515,0.011904615,1.4846126507284652,0
0.04276012018396886,0.043802544,1.556995912812937,0
0.04093302071504318,0.13511424,1.5055992667062532,0
0.025863271077802646,0.04574757,0.5698566556170821,0
0.04746221184193912,0.06442212,1.919630531349574,0
0.054876301001569726,0.040520076,2.717272675418921,0
0.11026827950932493,0.111758426,5.5870458929280264,0
0.052785056936450206,0.122979,0.984628294803236,0
0.048060164012703216,0.056541387,1.6431205816657533,0
0.035700382094310146,0.14327231,0.9662779282524622,0
0.010217927818916799,0.01304787,0.585444139393247,0
0.057782608213327064,0.26952195,1.6470741390013037,0
0.24932769141854705,0.10797743,13.325025238246765,0
0.04932902902599487,0.2207096,1.2879915890245057,0
0.03751772002529169,0.11191736,1.0775767009357244,0
0.03860776448778977,0.031833902,1.6490919969010154,0
0.043944795903745365,0.059679396,2.098125220015419,0
0.2360284444536321,0.32532746,10.906608308403271,0
0.06919551055647166,0.055348366,3.519278753715933,0
0.039044389278193176,0.08344821,1.196216266569431,0
0.027589420925548096,0.02429861,1.1862079523413196,0
0.049307411520270086,0.10724871,0.49145334746770164,0
0.13504936490610692,0.20910211,5.388588067662969,0
0.1451516686071972,0.16521318,5.856582064282676,0
0.046798353701816994,0.14616296,1.063643356844708,0
0.06188868600413157,0.11050448,2.5253693093148826,0
0.21452532462592322,0.28196222,10.589675945980314,0
0.04578650077965962,0.24625556,0.6520239914171824,0
0.03768967358049164,0.067503005,1.7207443308886323,0
0.08707715388205317,0.3096731,3.115182154519964,0
0.6709476817919474,0.88169503,29.130661809422485,0
0.12565939768526804,0.07788855,6.662559298908871,0
0.04244677303112107,0.12937759,1.3662639504752654,0
0.017836877326986952,0.03246113,0.5061310618366078,0
0.053561047627790404,0.016143173,3.0688219753715797,0
0.03117342188415443,0.055990774,0.5755451900079618,0
0.13743260292533194,0.15684599,6.039219419583505,0
0.016491283721007825,0.029952295,0.6215465241256086,0
0.03184910230436051,0.036107693,1.174085303226001,0
0.3416258203608385,0.3375961,16.766873638068535,0
0.032664139181367076,0.051300496,0.9560879795177655,0
0.051569422178602636,0.17896503,0.7074006343530703,0
0.021992329365153798,0.01867804,0.9548785004282099,0
1.98929272913165,4.149632,77.701050950967,0
0.021024080903772634,0.030399552,0.8050987288198576,0
0.03835977929921435,0.058192156,1.2221250754688209,0
0.031684137702991166,0.06396649,0.975848433160649,0
0.04321460949195934,0.058767505,1.9351433159619071,0
2.7755845157470618,0.49357754,155.8795693552596,0
0.017236467642339166,0.0641,0.32210340793586106,0
0.05815902847222702,0.06454714,2.1509016651036412,0
0.030848675788889036,0.04207976,0.8432867130475753,0
0.036292764976580925,0.021262707,1.9087276951296126,0
1.2512234127263875,0.30248803,66.021352442996,0
0.017158399246200794,0.011164533,0.9831038600077586,0
0.05429517578898738,0.018030027,2.930419270133479,0
0.02768288116749441,0.070698984,0.8739732006579645,0
0.020016443434949568,0.017266005,0.8635620001607621,0
0.04913434515180572,0.06062331,1.5522526635873395,0
0.1505508197802425,0.036556996,8.168740019502389,0
0.052952996596193444,0.27748188,0.9663921078856089,0
0.020985911657820346,0.090656705,0.32709834961743944,0
0.03267642188250054,0.05964166,1.4200343125101862,0
0.05312740027188788,0.16758662,1.8373153197191776,0
0.1555251189922719,0.16189945,7.181833612428174,0
0.03822406635737177,0.032183405,1.5614481444343191,0
0.018268744287597703,0.028995669,0.5427532884833688,0
0.08959827519585506,0.06604265,4.6935974582456295,0
0.006978879752707255,0.016081147,0.22035508676526647,0
0.06134604826941602,0.05335142,2.902724036482169,0
0.06138292146268293,0.08547886,2.0665685051323672,0
0.039653135480071766,0.057585184,1.0395598085401392,0
0.11939333786422875,0.16387112,5.533109159152838,0
0.09958347866583203,0.05191468,5.3696444109259085,0
0.03246983673923046,0.057010397,1.4235938224514273,0
0.056491710213001985,0.15839827,2.0177974279036492,0
0.050761996810048074,0.1326928,1.2135649088639646,0
0.16462925496019987,0.0632132,8.829101687270716,0
0.42776204088475894,1.671834,6.408119872344845,0
0.15632878465589767,0.62404585,5.160127363340658,0
0.05100632588639844,0.041092575,2.62085595676979,0
1.0597625595155298,1.3871047,43.636425256462225,0
0.024215218348235486,0.03861759,0.6101206130960207,0
0.024962870777712868,0.011569845,1.234884029356487,0
0.027528057820787002,0.0549082,0.9081928057738275,0
0.028700735292077284,0.061240777,1.2282737915686852,0
1.56035087405884,0.18408343,87.17596013179305,0
0.13173841229841798,0.26843512,5.700791516722837,0
0.05311907217783715,0.2873083,1.2133212848056198,0
0.11706266785753114,0.3583081,1.1408876120126812,0
0.047397978173137616,0.030808717,2.4114129627105516,0
0.03162188744743581,0.02782161,1.5794274101281989,0
0.04410205583203158,0.09201585,1.3992861207941267,0
0.05155821801906077,0.059079606,2.59609068682904,0
0.0197015235410514,0.033295907,0.8359015663651644,0
0.018193670175771514,0.04333408,0.18081418915988176,0
0.05577801474219601,0.093871966,2.4248774133841966,0
0.022666147627511922,0.041863624,0.9302155064280635,0
0.04586601662508507,0.06419373,2.136064308394881,0
0.8946645923615322,0.3900702,43.604339568218336,0
0.0498086699516136,0.033012886,2.1458478486423656,0
0.12719348307296086,0.11488025,5.405357842203482,0
0.022417127590241462,0.04126809,0.9035441391063854,0
0.00794153567403555,0.046361882,0.16601541939400874,0
0.1193991129951663,0.3663894,1.865355684804871,0
0.046167663002080694,0.09141995,2.038651154260439,0
0.44251812589181116,0.20538521,23.253909630853737,0
0.12678499136461086,0.0369847,6.455538026625703,0
0.05195199990692981,0.11509651,1.049832686410057,0
0.018708449363314224,0.059081748,0.3966794333926303,0
0.09135757103441394,0.20889096,3.9007957913454425,0
0.0620923471249452,0.017163124,3.37767060761711,0
0.02707384901223061,0.018376265,1.30788122894467,0
0.04512881680003267,0.1616027,1.1812680936965816,0
0.01338909636063551,0.030694135,0.3117752303572183,0
0.0691575534816208,0.17666568,1.7168255505373924,0
0.03162716099711525,0.060274694,0.8305854494775992,0
0.025512911066140623,0.045499146,1.0489527938639125,0
0.06071333596098598,0.11982539,0.7454334041961752,0
0.03810853468347529,0.010368985,2.183458200791051,0
0.07482827529152417,0.113448694,2.437400432354134,0
0.26689248410440225,0.15181865,14.146186467397184,0
0.035060185072407095,0.021304647,1.6529833962081373,0
0.15179723888199956,0.0602765,7.891574481863779,0
0.024009201447025855,0.022010487,1.2429866135798715,0
0.02308370370304528,0.060972057,0.8706059601083858,0
0.05915078456287269,0.19429605,1.171163962296967,0
0.07739021401659979,0.116104014,3.4989714188592402,0
0.0380826266934233,0.070328556,0.7167322530851793,0
0.08225873398951751,0.06544474,3.671453092920585,0
0.0862326589302807,0.5248757,0.8280799947470275,0
0.07395143287766952,0.18732722,0.3972546037243312,0
0.08605999861807885,0.16269912,3.8425753085345264,0
0.30538900186097684,0.40047443,13.096156897268218,0
0.05167930148224077,0.04022339,2.7171516212435773,0
0.06648666693926755,0.16151507,1.799519366511388,0
0.044434357015042364,0.13832073,1.4592723467386643,0
0.0353134246756083,0.030619299,1.7877659445348735,0
0.07663454205150169,0.13539597,2.4051628020759463,0
0.02402704823894751,0.062055927,0.6355323790543489,0
0.43519563347816714,1.3161252,4.577376418835066,0
0.036679985576053675,0.066015124,1.4754028559017964,0
0.018306752996828983,0.04178194,0.7105146895058719,0
0.011827821308021761,0.010576375,0.6776842417845518,0
0.023458048386730927,0.03801649,0.966274287697986,0
0.02522220941518313,0.04525848,0.5227422925253976,0
0.061455118724811575,0.06961916,2.602425725476711,0
0.05052738980289638,0.029111255,2.348359732620014,0
0.026198092708031123,0.048632838,1.1216255896676657,0
0.08017626613917772,0.15812856,3.3237692059467636,0
0.08355912198770983,0.04927467,4.063783906952796,0
0.03162257575307824,0.020115752,1.630762114752063,0
0.02785203917114473,0.025722783,1.0958047794605,0
0.027461363400133835,0.036443133,0.8625269833334824,0
0.04077601938871615,0.10040024,0.3831766771595746,0
2.24460269767269,0.37160984,122.08282527744684,0
0.06212117397705962,0.13764341,2.447568335234072,0
0.11382330678125938,0.25904897,4.84061285656719,0
0.0555868690197364,0.14599423,1.1181097648432792,0
0.030273109493403574,0.03667031,1.3972117141355773,0
0.8308763930744052,1.606264,36.539363848654354,0
0.07516229629892986,0.105068654,2.6003171100271305,0
0.02947148684893899,0.061825722,0.7097978499914775,0
0.033239198925846744,0.021842686,1.6496232106618505,0
0.019975516517219103,0.027993608,0.7928020971589245,0
0.11745909605566486,0.2387148,1.3653228009324063,0
0.05403697182217143,0.18489131,0.9346111062130686,0
0.04632747067596058,0.11609553,0.9737569575110282,0
0.017805864247066695,0.027721837,0.7997246867288981,0
0.09821464794931131,0.02118134,5.385221975858566,0
0.4547748771133969,1.4575665,16.066011416491616,0
0.03284523268925197,0.036799774,1.1343672652928918,0
1.2329272884309126,3.8468182,39.299345840447685,0
0.029330277030622343,0.0437889,1.0316082484955023,0
0.025008691836088826,0.11921104,0.5724433510420909,0
0.40312078017459413,1.3854201,14.474051614661072,0
2.5671527349809864,1.776391,129.72344336055926,0
0.022049235845332277,0.031688187,0.8601891796729328,0
0.06760851162940666,0.282464,1.6453128816853877,0
0.06164952292253964,0.08009945,2.941681323889985,0
0.03856962660946012,0.10653011,1.4550620514905583,0
0.027220717084907035,0.039495543,1.11107025607567,0
0.04149160160107795,0.029438678,2.1192499372301534,0
0.06171602185743102,0.027123198,3.3581864962738486,0
0.03527536897217166,0.17978553,0.7350530602046675,0
0.07741584192623721,0.20400132,2.6780197001657347,0
0.04490382338823649,0.24276833,1.0428311069267011,0
0.15402628425216439,0.16624387,7.682852131288291,0
0.15695712019965422,0.30640453,6.083085391233008,0
0.016244566737037194,0.024754519,0.7456740681763306,0
0.02016530535234211,0.05146152,0.6544228226257788,0
0.08274242944545802,0.033786383,4.120918282480932,0
0.062070400949438484,0.17515643,2.265109910179629,0
0.3194932623993225,1.520162,1.5481186350304206,0
0.036612721610618945,0.026383322,1.6433018119335654,0
0.17767693709823254,0.167992,7.9218370953222585,0
0.02206922725286294,0.0413628,0.8615745667064154,0
0.030825027537094964,0.08577384,1.2462491381749012,0
0.020148979720666753,0.028663335,0.8688165635760998,0
0.12760401097021992,0.2406375,4.9158211608468365,0
0.16411920865420224,0.04992837,9.100729236499658,0
0.01469709165079336,0.030780442,0.46976106762383957,0
0.09167765391107065,0.20233575,3.397449182448112,0
0.022045942655107238,0.09176874,0.572742507477164,0
0.0906683590887912,0.15252107,3.1175713989299787,0
0.22438950011187744,0.40342396,8.3736500862566,0
0.03548052119179176,0.09971182,0.6773726739396425,0
0.012187405991922652,0.02970165,0.4166230252676774,0
0.06869003976594662,0.118637234,2.721572682755895,0
0.01390001053946605,0.01984786,0.37055626109423073,0
0.04776602505771456,0.11348628,1.5381826599319741,0
0.029528484141663987,0.03476271,1.392680423453092,0
0.020707777106028398,0.03845635,0.5282330825619963,0
0.07908139377939352,0.15446317,2.9657480722384384,0
0.03661649281170874,0.0648535,0.964055576405303,0
0.0544425575225889,0.0328972,2.4593874633211663,0
0.3168049469048083,0.7142946,13.261746811106917,0
0.25908507911202494,1.0983255,5.640452467918574,0
0.06053467374315732,0.026278283,3.1663987528799233,0
0.0655546729291768,0.08085544,3.005439693239107,0
0.023726312573737796,0.053148456,0.7185807312573136,0
0.05620865570768371,0.15611145,2.041073567426761,0
0.08773458426761628,0.1869642,2.174047534050184,0
0.09342786185989888,0.2067201,2.1849059482242956,0
0.023264801582237916,0.03041414,1.0058620813982337,0
0.323431984555557,0.3215091,16.580623213658633,0
0.04393780642674106,0.03705338,2.140428722679001,0
0.03558081409737411,0.15312275,0.8183939188644798,0
0.02789684801098736,0.11551255,0.8484005534591162,0
0.222135275686186,0.941326,4.51587092833806,0
0.01870730294258563,0.03071119,0.8609235380973893,0
0.14759167511958354,0.53618157,3.4223786856097074,0
0.03548073063872677,0.03236052,1.7244089715894877,0
0.021664266338623405,0.036631238,0.5489975776497857,0
0.060219233327881,0.2554522,1.413583924517407,0
0.037959039938454855,0.07956788,1.5877474169511907,0
0.023925798542446395,0.09731901,0.7471305712952965,0
0.030161196419517398,0.099343605,0.3922638502401049,0
3.135553718430079,0.29353458,177.50442319366158,0
0.022694190096220014,0.051116623,0.6522857907745503,0
0.03314024475245325,0.06913821,1.3565473847779799,0
0.05016302995826917,0.073571846,2.1899144767914898,0
0.0423957996901227,0.07484418,1.9790364951906025,0
0.008685213261001237,0.03326324,0.25346691824000955,0
0.05004065163834152,0.11629571,2.0169408047512065,0
0.01833540561859932,0.03302898,0.7316465220453399,0
0.024844526382617367,0.03368539,0.7671309930574165,0
0.02107720422571901,0.02238191,0.9739461935172319,0
0.18773567405217365,0.11993098,9.429511098138255,0
0.019474025121086917,0.03380522,0.5884379927522332,0
0.07330988382158261,0.18015699,2.7079055693634526,0
0.051133359087503334,0.16810656,0.96814677827538,0
0.061467647292918176,0.040286098,3.0528023934537396,0
0.011121045456365166,0.011433173,0.4998645600445335,0
0.02549583709952825,0.03400886,1.0552826166059783,0
0.07055901377318155,0.16171545,2.503820465540297,0
0.039024027079696925,0.093599014,1.6468451077066166,0
0.026454574891401707,0.05102646,0.8608750951592362,0
0.27014624022822914,0.36780003,9.886075821196561,0
0.023847306211260962,0.044054847,0.9265578265835216,0
0.05831574677744675,0.19055413,2.0359852797242572,0
0.10966985773936286,0.2005007,5.005265027898245,0
0.0316797897219246,0.0141905965,1.5273396454722352,0
0.045968521854255054,0.13524415,1.7757793082930098,0
0.028989525697562527,0.0147915,1.6609774725563766,0
0.11835482209363822,0.14600849,4.0748039102023,0
0.04063104130213497,0.042826183,1.946046447221965,0
0.12302789360378354,0.2205809,4.949622880838829,0
0.029991007679406555,0.025491318,1.5558016354796902,0
0.11917993285835753,0.08506538,6.239454672663289,0
0.05832434093738523,0.059840158,2.4862422839288,0
0.027177608286653224,0.08707929,0.9793868918792503,0
0.026548120284489073,0.058616728,0.7569572141019724,0
0.07693010648297063,0.172489,3.3196555436124373,0
0.03346476728499701,0.06300762,1.2106563272139754,0
0.028486258705407014,0.15919358,0.5662074946963882,0
1.5910995245681634,1.900799,78.42022580664961,0
0.017486654375336676,0.028339248,0.6030129179738306,0
0.03672956717918604,0.08921131,0.8489259439119602,0
0.03478917394999738,0.13642913,0.9073809778589522,0
0.04331560247730579,0.053091317,1.5644244143264592,0
0.01908529559540672,0.040794987,0.6304652059311056,0
0.10939114714636207,0.18012208,4.7381873840293665,0
0.026499878008796034,0.05064368,1.1784924639993541,0
0.03492293521078339,0.09195146,1.199118104034723,0
0.024812317584266916,0.06708851,1.0026823164287486,0
0.03329898064385668,0.014344505,1.629940906977503,0
0.07214722554625531,0.10511869,3.368493247748209,0
0.08858748963857027,0.48095006,2.1521356558649263,0
0.03321648620886395,0.10797919,0.5918784996237385,0
0.11674327127098172,0.5393708,2.266243801749558,0
0.045363114243280475,0.03944611,2.2327202725767124,0
0.012060669360991297,0.022472491,0.45529137172276596,0
0.0972071101728412,0.3332276,2.277980774728204,0
0.02782697799645505,0.0625221,0.5971874574048656,0
0.17689344821976127,0.71987677,4.617880105353577,0
0.06279888688368929,0.17285784,2.2535057291158687,0
0.1440368292349949,0.16823292,6.2470540721043015,0
0.13178398893747084,0.084664166,7.02024866352887,0
0.03136353498580813,0.10198299,0.9309724603355787,0
0.02534477095567467,0.05408336,0.7018147755629844,0
0.02328490763587965,0.019270679,1.1881844676231867,0
0.8261854056171574,0.83457744,38.56947379210698,0
0.07494878913881248,0.13424934,3.4650797533168367,0
0.0835279192786056,0.16527945,3.5876384183373067,0
0.031531901506086,0.044502936,1.4767748605787894,0
0.033460377518213916,0.03974097,1.32364235827134,0
0.07105557183748151,0.12372146,2.5992884294355068,0
0.060548121609619754,0.03594781,3.111891897588529,0
0.02136124404211544,0.04528822,0.923274670545229,0
0.042797784260036914,0.15940616,1.0946231350048083,0
0.015962739007444195,0.023495002,0.4505874460309685,0
1.0654554153497813,1.1009241,54.20055768495462,0
0.15727302572963064,0.014241467,8.851115547486131,0
0.02400830075155768,0.056974698,0.9918437400052552,0
0.022205266835360914,0.03850891,1.0103988332931209,0
0.09843559464041973,0.08720378,5.110898591101782,0
0.03749583989510025,0.07480149,0.6539538752221955,0
0.049447354953730094,0.057948202,2.4346182402637173,0
0.07497968924643564,0.018938806,4.296019743023206,0
0.03495272765752236,0.07708197,0.8691997111353983,0
0.018292239296153007,0.008862226,0.8618707894566682,0
0.08688383148564349,0.117256,3.4860799777501827,0
0.03069354308432469,0.031100009,1.2070140046180506,0
0.09667894079701134,0.013778134,5.539295275463901,0
0.03445791220145879,0.046104267,1.400648670279274,0
0.07286411665626231,0.059706513,3.667411939397419,0
0.027200899901743167,0.12150406,0.703630286808903,0
0.07315235792428121,0.24793297,2.5798402617779153,0
0.04214547905713484,0.061848957,1.257139728791513,0
0.26863394262302653,0.61228466,9.35478906627205,0
0.04559208870365511,0.05592512,2.1929112062748453,0
0.027287648839260496,0.032828767,1.2237384645675706,0
0.04585440262663727,0.14581361,0.5907534087711653,0
0.0281183061822773,0.034713455,1.2805693486747207,0
0.052165235266846896,0.094678625,2.1413263028963794,0
0.055934795621744006,0.19585931,1.9813352906981483,0
0.06632860777967171,0.085797906,3.068320774249909,0
0.18336321335790223,0.22271985,6.5995515664538305,0
0.0706815390567575,0.0068622474,4.049753877441295,0
0.04223716000610961,0.11488042,1.7086474986030946,0
0.04176869876308091,0.07547349,1.8092502391008665,0
0.02893577672421324,0.020092847,1.5192481780291498,0
0.03260204512338859,0.12447487,1.0250914604014754,0
0.08152432265247353,0.2152307,2.021190801432859,0
0.030211883071856335,0.029383533,1.545435697327617,0
0.07155388046467516,0.031346846,3.573715810000349,0
0.287963265435091,0.9043217,0.580229365706961,0
0.3167435707791766,0.16031937,17.102371887045955,0
0.09151206012943308,0.25777376,3.574274617496042,0
0.019309809184386767,0.033405203,0.6880807667125969,0
0.026292751225973153,0.01092972,1.5064636770356827,0
0.015631216608001382,0.010212257,0.8956027402932777,0
0.03502306583261603,0.009040579,2.006673857817735,0
0.03221635280498124,0.031473305,1.6276197077195216,0
0.2052989149570822,1.1553713,0.8098162248838578,0
1.844079973271845,0.24595164,103.93202302280831,0
0.04971587823248813,0.06167723,2.0769784989698596,0
0.05950778284400716,0.039289653,3.104084898318322,0
0.07541400065637692,0.08805875,2.7010074117057457,0
0.03426021942211722,0.05509258,1.5584348977156324,0
0.042984876844591006,0.19600768,0.6659306410748217,0
0.03003616576927995,0.1024011,0.8411667402314307,0
0.036131904496899944,0.08938178,0.5292747226041709,0
0.06609080857921777,0.022528658,3.484356937559898,0
1.94311773348122,0.606105,107.42883032473199,0
0.022010409147038223,0.047209192,0.9731678536745535,0
0.023670934758691628,0.036762904,0.9150785514844765,0
0.036002658964309195,0.08151778,1.5117003001406362,0
0.03464111905796919,0.10566353,0.732351578461527,0
0.05341815257794851,0.108499534,0.8520975062903478,0
0.058938537612441645,0.16974872,1.7322838300286585,0
0.0782847232490721,0.14664291,2.9968387481834307,0
0.04761288928247046,0.06516603,1.3797979215822427,0
0.04505417142654251,0.037009582,2.1396355824969286,0
0.03551439239307436,0.05488775,1.5839205198870288,0
0.04402901590212215,0.09613161,0.5653962209625646,0
0.03184385204884573,0.069059625,0.761310589066185,0
0.18481610615841496,0.1714761,9.446015601637805,0
0.08230177008357487,0.12308914,3.882719950199058,0
0.054266417138721094,0.1324726,2.0057504552642094,0
0.04460579539686386,0.110034406,1.4764910701176541,0
0.038577600509107024,0.09679444,1.1229887079452834,0
0.05664301457337177,0.16065925,0.3167388055007561,0
0.032826654663514865,0.09098447,1.0501437222168313,0
0.050589222183033675,0.061651006,2.514107960563134,0
0.05334273100122731,0.12098746,1.7916622077788653,0
0.1273391706453582,0.08588326,5.494584169955828,0
0.03572435951011939,0.07926951,1.4831997476198133,0
0.032135416581038995,0.087924786,0.5130801186660581,0
0.0807040603051865,0.2142909,2.9735354972207197,0
0.24357298821812495,1.0557406,4.827837713935953,0
0.08472572705477102,0.17127824,3.7668019805783217,0
0.13165829198858953,0.1481594,5.473945111420289,0
0.058342898063025235,0.16964883,1.9338131987488025,0
0.021783261607542945,0.0533257,0.7883812044240123,0
0.41942705499335586,1.3520381,10.659593802033722,0
0.016105117339166256,0.035873476,0.5693821552146359,0
0.02946954484320544,0.04129544,1.0356827591639894,0
0.03569621278163013,0.046922952,1.74844687197176,0
3.0570510920303193,1.1923019,167.9742181291951,0
0.22604526161842836,0.20439212,11.376551526317867,0
0.07242311911136395,0.17634575,2.976800066074861,0
0.0595016412399577,0.07343027,2.21378057241321,0
0.02845227142606248,0.052620135,1.1004263883408187,0
0.026983654139211576,0.024793306,1.2526307878131515,0
0.027587833861497043,0.07919746,1.0595405148596564,0
0.10539988226775755,0.13184811,4.194680735431429,0
0.019327472823349675,0.026529364,0.9363438657016908,0
0.11601484531409535,0.17855622,4.050556582014161,0
0.040137238448180776,0.07662768,1.3028016813228755,0
0.02500308528111354,0.036615852,0.9496859584385653,0
0.019041756898830628,0.09265097,0.42057689078367666,0
0.15303828474979625,0.44945678,3.1184820414778835,0
0.030522566219664357,0.15753378,0.7700425667038159,0
0.11330634503984213,0.10043827,5.883909020795764,0
0.38986987073501167,0.4804838,19.41432233622827,0
0.12773259051219338,0.23227392,5.810237913491303,0
0.031918747838047504,0.047942307,1.4810040596096552,0
0.032053429906257036,0.020350294,1.6314360956379033,0
0.018418906982385966,0.002488181,1.0553256333347587,0
0.22599279846206027,0.04945537,12.261396936528678,0
0.002711491659283638,0.008901729,0.11072609368803876,0
0.23220965333312343,0.3778381,6.222823601129309,0
0.019751416543188474,0.03971134,0.7209644078308625,0
0.07813459261373819,0.122217596,2.891387268571632,0
0.6333408735349766,1.0915666,23.830655132738617,0
0.06934440814100397,0.06782902,3.2766939966289876,0
0.03545531183831749,0.13859092,0.7740538769271843,0
0.03573067375385394,0.053759955,1.4848065425562669,0
0.09811793613924308,0.030008644,4.9704509470061975,0
0.07079403342376109,0.06158642,3.3649286905972984,0
0.048608105644622486,0.034680333,2.356639513494668,0
0.02790250863035143,0.07863016,1.016206137426992,0
0.013889658071952313,0.02632848,0.4799503916548031,0
0.044592464503464324,0.06806801,1.534181412487866,0
0.042901411558721556,0.054583352,1.8592748702571629,0
0.05468204201901691,0.09474729,1.7593367503209325,0
0.05045369317120772,0.23584414,1.4664363071678643,0
0.021368749683117166,0.056022894,0.23126392266183077,0
0.052604666337626706,0.04790062,2.6071620139983858,0
0.15435433388703487,0.5101937,3.755127869415315,0
0.12163130003432733,0.4604523,3.305604409019321,0
0.06174794605421933,0.08430125,2.4933274847644644,0
0.07459150791268654,0.11408228,3.481254292518149,0
0.04346791970122387,0.10522823,1.1983866458866252,0
0.03833594311782397,0.100465566,1.1005706584848451,0
0.04409571339707434,0.15972973,1.4145144470887934,0
0.04218556817197146,0.20537399,1.0238538364488061,0
0.028245182342577342,0.043849565,1.064305882192409,0
0.014727016692225356,0.03245612,0.5231478682202182,0
0.037806792677593244,0.02918667,1.922075585125882,0
0.030732382538695993,0.041094024,1.1493668636631376,0
0.027179515238735782,0.094774656,0.6766475387385062,0
0.012044656229488958,0.05050174,0.3075006472492603,0
0.06919195922947614,0.13216805,2.9702306244342838,0
0.3131540215572296,0.3430921,15.049867537818903,0
0.05701529025059105,0.044309344,2.305543147578755,0
0.8263312624773563,0.10953232,46.5813826244503,0
0.043073314288396336,0.043726645,2.112239925503723,0
0.019298591597857847,0.029138576,0.7498053307527731,0
0.17641047917320093,0.71928734,3.012839861559237,0
0.014511877406471654,0.027424589,0.5521946057474689,0
0.09242335417362452,0.075017825,4.816789362371678,0
0.13861271248830798,0.27979192,6.066989527721323,0
0.14049392543944578,0.1146546,6.177582084492332,0
0.04757324775118766,0.05726277,1.6346630809948897,0
0.18701236352965278,0.25078475,6.630462289849738,0
0.22119903071583358,0.6209935,8.683564560883545,0
0.059792766683086696,0.0940357,2.5354458001665185,0
0.038573837310788874,0.11562903,1.3426497419124395,0
0.01312710302776965,0.040537953,0.37935191076160296,0
0.06981096392450176,0.17173304,2.87598870041173,0
0.03097048479429104,0.06561396,0.8297911889879195,0
0.03630121421990131,0.050390303,1.3988710853447188,0
0.02746075631917934,0.06982348,0.836204723032292,0
0.13699093897379322,0.30635375,5.826471777144138,0
0.010557615818139913,0.037102334,0.31715247915164485,0
0.02125825347789253,0.06415966,0.7078374159713455,0
0.08136708071465112,0.047424242,4.201643943844868,0
0.024067273144675497,0.019642986,1.0641051470595504,0
0.07284778455925801,0.09624926,2.1697985442107064,0
0.19748261896400504,0.5197735,7.1481624100009356,0
0.04581756819777372,0.018418642,2.442138366474764,0
0.04982687026218067,0.080106154,1.0686989185560112,0
0.08152465599564665,0.04052709,4.026016363921206,0
0.039516059211319926,0.10692624,0.9491234869968089,0
0.1135446937732897,0.1008322,5.564864321482339,0
0.015761566552829995,0.011989235,0.660913581755956,0
0.02437532303810474,0.045061648,0.7899134489548735,0
0.02450637018700157,0.028685227,1.180258002547066,0
0.028085320911658954,0.019618316,1.464921361611464,0
0.2774029460652654,0.7548657,9.967556806315939,0
0.07305455619436359,0.081795625,3.4132955996047105,0
0.15721179590016152,0.16694544,6.652562869405508,0
0.08018960504786084,0.03551835,4.227624816436404,0
2.2588247368709573,0.77083063,124.31746970395082,0
0.026068742414536907,0.03944747,1.10177280067252,0
0.011544721201062202,0.06277139,0.16426567523345245,0
0.024790488165971708,0.058835197,0.9271329185019411,0
0.05797710886745061,0.015735429,3.32184364647542,0
0.055080320799166034,0.13450654,1.9004638576541792,0
0.07648266930443903,0.08862719,3.7792430706773286,0
0.05716848151492001,0.1484644,2.206018106239005,0
0.03654656317009533,0.12441405,0.46973598282410495,0
0.030003209968617717,0.15355952,0.5479522141826019,0
0.08315284200786587,0.16828287,3.3759254910787804,0
0.09671332765131554,0.45240727,2.6381183498080842,0
0.015230707292510436,0.015083454,0.6521101861281934,0
0.09651652155036625,0.21919909,2.687201212866902,0
0.04400103938676275,0.12319421,0.7271114320550439,0
0.4082845512545469,0.33060005,18.260242168854496,0
0.019894488016139262,0.028073754,0.831128973147269,0
0.012854454131198264,0.016594544,0.5838345664458525,0
0.03856103145665516,0.054974776,1.841536967825825,0
0.03559230787498034,0.08425562,1.3246114868712455,0
0.030927168483067046,0.08291227,1.162716351813058,0
0.2735150085037419,0.507732,8.782430984259213,0
0.014684763682059235,0.044495005,0.3221663596219767,0
1.6582096693269106,0.04923564,94.11924764688095,0
0.11422730667565398,0.19686684,5.167498644386787,0
0.1681847026746111,0.053876843,9.168991906101809,0
0.05262740707447948,0.1547556,2.0834646861654322,0
0.9703353615396337,0.18717675,54.331083342932125,0
0.02165016509144778,0.051334176,0.8035920999542285,0
0.039024989291361056,0.052833326,1.6617571804792166,0
2.6149153135736913,0.26513723,146.68483047566335,0
0.17514115320503396,0.5642961,2.034288030387944,0
0.03192998423867714,0.027994173,1.4707320683906338,0
0.09891004997945241,0.09219859,4.383657856638336,0
0.0246250591783141,0.034459464,0.9688225510216452,0
0.015475918019644319,0.037355024,0.39682462287913495,0
0.13913172576083302,0.23172116,6.415786705107555,0
0.030242392973374582,0.054077826,0.8713083529942447,0
0.029781288737676832,0.040771604,1.424803729893005,0
0.16211482288964052,0.42008966,5.02454123793709,0
0.03575094581526714,0.08125279,0.5034126771689694,0
0.04510519438226321,0.04998185,1.6411443901810583,0
0.0503012394969565,0.072165154,2.3490884795468907,0
0.01414015060566097,0.04347674,0.49221147821319233,0
0.10077328043453633,0.09908769,5.082903140252077,0
0.11027690449985106,0.22709355,4.571405408502165,0
0.14818600993604153,0.20962432,5.057079350570338,0
0.060787823486373196,0.036051564,3.213804399426377,0
0.02474318592357863,0.14972089,0.25668360951444397,0
0.30327923109616606,0.41093832,13.223144782344706,0
0.04993365585865038,0.116829686,1.0236312045762026,0
0.0696184075194808,0.24294555,2.452461483758295,0
0.0316043445550092,0.108560644,1.126597312068278,0
0.3316884957539058,0.8241846,13.721539825534899,0
0.0649125176669598,0.10189457,2.9079486699544925,0
0.1967751142476662,0.2894867,9.337577125619791,0
0.08807245960198276,0.31202033,2.289168178195472,0
0.03801415514001759,0.07052502,1.608201992408865,0
0.044275249108912985,0.0458794,1.8151497584489855,0
0.05946458501097914,0.11089558,2.179308457040124,0
0.04209902100703099,0.043095388,1.7060569561494585,0
0.06732641627790321,0.015866343,3.651446371944387,0
0.03953429854585487,0.030321369,1.9123944217399305,0
0.20065941977356375,0.1250839,9.744635445364326,0
0.03825116681098481,0.1529913,0.9684998866700041,0
0.045233483010553,0.10135287,1.9701979243488028,0
0.037015460395500924,0.12939537,1.2873274789923268,0
0.03798914010503691,0.02256762,1.9343221174744183,0
0.08355149561395084,0.103275634,3.5657795129973295,0
1.1359446181386599,0.7887956,51.825611540442004,0
0.015768898209447615,0.027737208,0.5813765788267594,0
0.03727708965240244,0.09381859,1.4075663039256228,0
0.03213808639511798,0.030815888,1.4943512088009867,0
0.05878615478368569,0.1986741,2.166181958851179,0
0.021923816095059702,0.079029426,0.32863115191902986,0
0.06441075188482653,0.11106788,2.931516296055534,0
0.05928155028534239,0.09183998,2.3493040726542187,0
0.05856003314783016,0.23470363,1.454461505987793,0
1.7659009259217564,0.56437576,92.50873531965934,1
0.0797366316497739,0.09798809,3.979354137817404,0
0.062124035836256884,0.2525484,1.1918197481073167,0
0.02774721879072915,0.02805123,1.2394781807657709,0
0.029190175919250327,0.12522925,0.6931646685939029,0
0.2125894190276165,0.08908858,11.018481368805466,0
0.05211909625332979,0.10458343,0.6431558773466262,0
0.08550677242906855,0.100460656,3.782425455861678,0
0.02672362004290411,0.11457592,0.4719857366563395,0
0.030339088571757208,0.036369365,1.0536255844257743,0
0.03038548267286377,0.047662117,1.4464157183094286,0
0.05707667916983768,0.055418607,2.6477715822137986,0
0.09131672866737109,0.059291143,4.621223165768991,0
0.0458660932116418,0.31754342,0.5545991188154864,0
0.155987597555524,0.05695003,8.280529015154283,0
0.09571954431449914,0.25143787,0.5166780963672063,0
0.05470077433694921,0.030127216,2.8254273964547285,0
0.04537690780301602,0.29640302,0.5601290729980002,0
0.045358041565290184,0.068246774,1.9239273270047532,0
0.02041366853089035,0.080402814,0.5582194978345192,0
0.08965006071717592,0.04336014,4.362058196570366,0
0.057243345239104064,0.16397388,0.4146865006484674,0
0.03369313118526268,0.017329864,1.7175514190944983,0
0.10499763145157905,0.038958088,5.494768049059204,0
0.34905210288660793,0.19653983,18.811295686558147,0
0.07322407207456988,0.1314022,1.3865186210048575,0
0.08164716163036832,0.047754623,4.066736373534966,0
0.022778923541677962,0.07826496,0.7580235141193332,0
0.015479313535849212,0.037311435,0.4944764995316374,0
0.01303479110260037,0.023815649,0.5170066801871421,0
0.10795851025469443,0.3051267,0.7587319757471495,0
0.0406384837689857,0.048371576,1.899930652816315,0
0.033035124548212336,0.04398037,1.561147037529958,0
0.04324489794504627,0.19685431,1.2158537988233389,0
0.042289314423810856,0.14347507,1.3567983812540376,0
0.06654962365830777,0.13270964,2.537205050554618,0
0.05452452213825238,0.027384933,2.696361641551995,0
0.13392059429469225,0.08857278,6.896309840222301,0
0.18010503512196332,1.4215127,0.6250351425351067,0
0.07559412773861278,0.059482105,3.568425693876288,0
0.07267276064426749,0.24101585,2.215336776230297,0
0.17962304367775822,1.077739,0.7104740657100832,0
0.02933268421665524,0.09044949,0.5682965972908746,0
0.05333787811939892,0.021726549,2.726939581338467,0
0.14163989375428435,0.16630796,6.947054233430857,0
0.15685186898555536,0.21027648,4.641734442697707,0
0.025985103450520727,0.05496079,0.8514018297539727,0
0.025280442895008963,0.046469953,1.1216711873687577,0
0.018703400615169882,0.038682554,0.3933488062607751,0
0.04804704303961088,0.02791608,2.4608155658904085,0
0.07821022178452414,0.2766928,2.2587263866997738,0
0.02041495645618385,0.025862709,1.0133456660067655,0
0.09197791531467106,0.00403041,5.269946355942351,0
0.07014304244306493,0.10630826,2.8335704826103933,0
0.03045562209969548,0.0832305,1.2162243699989854,0
0.0437380040277036,0.10460359,1.417135451568943,0
0.021706479946317032,0.07473118,0.5763549674156606,0
0.026797266739597994,0.10363955,0.7738067555297782,0
0.04237118768010427,0.17004097,1.375908222797657,0
0.021093833453950984,0.039428063,0.9215637384301466,0
0.09169840360479971,0.13633044,4.236700449216543,0
2.3109894886796414,0.089955255,131.59317251704715,0
0.29302167305404375,0.8699111,0.8662401126783246,0
0.13200298839067878,0.03393771,7.2124578105630786,0
0.03966102733973787,0.008981174,2.272409477719951,0
0.0395520837434006,0.18280257,0.7418877060297371,0
0.05310764292601856,0.029380064,2.5022469732642914,0
0.026857461386849486,0.09427611,0.8828117460774716,0
3.0323440320022894,0.046827517,173.00107414347443,0
0.3830961708696476,0.47599664,13.946374436971135,0
0.012794125257258065,0.06790891,0.3069776703851511,0
0.024052564641027917,0.023987433,1.1916682073656855,0
0.03307202483598562,0.08614817,1.2976262468371038,0
0.05697251359398499,0.046479255,2.810285104707475,0
0.04159771636571821,0.073526405,1.6153252162723397,0
0.06855965564657746,0.22901164,1.2866882023945216,0
0.03796752309110462,0.05612328,1.8382819688736738,0
0.03084936651250752,0.010818283,1.767538501818896,0
0.054570024978819735,0.120784685,2.0186991298141486,0
0.07722185511380887,0.046596184,4.059170621504382,0
0.05012763020836895,0.2132258,0.5999397558975026,0
0.10016902862730435,0.11461889,4.610998036705536,0
0.0155832035964544,0.024469487,0.7170000394514819,0
0.017904807027012845,0.056673978,0.599145643036976,0
0.8155212067209102,0.022592062,46.35484971640746,0
0.5169205814110948,4.137638,3.9079670091280065,0
0.105328686729527,0.2851988,0.7324041840332687,0
0.06769821051490646,0.029443705,3.2337204611858037,0
0.039642192272409345,0.11229188,1.5301261832533315,0
0.03633091095935835,0.22954392,0.36233228275507645,0
0.03932781454879751,0.1014346,1.0734919380673293,0
0.054131426942581114,0.13697869,2.0792936303256044,0
0.016808435061088832,0.05016276,0.5680187402580475,0
0.029388232431729458,0.044138134,1.0466094323550015,0
0.02379529489638751,0.022745214,1.190278969040185,0
0.08782594315483286,0.41563746,2.3515940250897875,0
0.08458427068644934,0.1029224,3.630040802995825,0
0.05936229220354877,0.065833576,2.1071332042481656,0
0.04095532909056146,0.08822342,0.32826304086245817,0
0.08589126430631008,0.32093278,0.6658752916975695,0
0.015869210256997557,0.032184903,0.46602462171880205,0
0.021835866669268785,0.02462498,0.9743966442762121,0
0.053899220398790026,0.09673226,2.319008837439123,0
0.021138727971690804,0.09533412,0.37846063940294405,0
0.8992518944227527,0.04646287,50.887379996277964,0
0.3585973835101791,2.3996713,2.0389421293998082,0
0.01586386073238131,0.053571135,0.35310475894549614,0
0.02596799897767518,0.026204942,0.9329896246478836,0
0.048354785424553605,0.05056503,1.8147541285261202,0
0.03949270944919494,0.14742224,1.3037908985279327,0
0.040790040778314246,0.18453889,1.0202756642080815,0
0.024679916420080286,0.020560257,1.274825765501396,0
0.025455861395115256,0.08177336,0.7126299772965643,0
0.19194127704803116,0.1504928,9.524336099513695,0
0.027276613089728844,0.036417168,0.9279284386561413,0
0.05136196341956284,0.024152845,2.7456154794372956,0
0.031306839521714744,0.117911756,0.7368090564445288,0
0.012239351108673371,0.04458263,0.33194416191258164,0
0.044693991651024174,0.017354842,2.252344291175227,0
0.022395779485753813,0.019697923,1.0349360157848857,0
0.02921110021557355,0.061881203,1.1554128373825896,0
0.17350247135871735,0.16966748,8.437591378611597,0
0.047723679701663704,0.21786423,1.3393286402334714,0
0.059204489848844674,0.048733495,2.8652884716189924,0
0.019508768855852676,0.030599004,0.7054952048795982,0
0.030789853201091587,0.088036135,1.0798518478634473,0
0.010859355095275608,0.025816282,0.3349618282516207,0
0.014874928199743433,0.052825112,0.4770358082173854,0
0.03169185967051412,0.023186497,1.6146427637172365,0
0.04968984891483996,0.093361676,1.8664481755205693,0
0.033309842727612775,0.023736952,1.5793355057370269,0
0.11681069713759754,0.15302405,4.504897744770873,0
0.06163263227489682,0.12149092,2.7491862521989243,0
0.07609617077402941,0.41787213,1.0865657674430313,0
0.019791221140568853,0.04788857,0.7161566942896774,0
0.04152455604957781,0.14069413,0.7626466792607652,0
0.18706504568384813,0.05906916,10.279474847398765,0
0.17179106506784902,0.11720526,7.7562806218929845,0
1.683254584620051,0.11416793,95.70111930010918,0
0.0645205490819622,0.1870705,0.49250167874586065,0
0.023417658784257604,0.064073145,0.7735220534818008,0
0.032116781100514406,0.15702084,0.779037776110803,0
0.025459642567381476,0.07847654,0.7623259535996311,0
0.1065870315685665,0.059663568,5.671522746282815,0
0.026615041530827756,0.13606484,0.5740491846094669,0
0.0158379822191186,0.073292136,0.32053885229894663,0
0.06638385257208068,0.023501717,3.345889931456486,0
0.05536071426161659,0.087587126,2.5295272784417815,0
0.11272002321890161,0.20783573,5.17521572891739,0
0.06458389553249536,0.22480898,1.4054598604217299,0
0.08722593883062538,0.18172978,2.1426693312795426,0
0.01290812267310201,0.018054955,0.7395809506058715,0
0.03532942753595156,0.017487645,1.8124873975117095,0
0.07163274514197059,0.099349774,2.8918093761990424,0
0.07767657805960866,0.11080139,3.753081886123119,0
0.07513748218142816,0.05101416,3.720057417783753,0
0.07302408484882104,0.2917574,0.5798278886940923,0
0.03877696802606041,0.1540587,1.023887958688802,0
0.016025469122559567,0.03396349,0.4066770642286287,0
0.027933736173835967,0.07640512,0.6196882733905749,0
0.017504655922213348,0.030949924,0.6732188323620205,0
0.030368685449303216,0.047196675,1.2698023205824318,0
0.0366071536969039,0.028185116,1.7653167113755115,0
0.054802660842925184,0.01632721,2.9580669248681777,0
0.18657696729426274,1.143281,1.2705921931192683,0
0.05459578154334457,0.08441308,1.9439099404791673,0
0.08434006884453527,0.089532666,3.91134973554939,0
2.07162867326966,0.11718836,117.98853676316968,0
0.6929883208578049,4.5184584,6.075623148928629,0
0.1140167838908539,0.44169658,1.6403329751105247,0
0.03313298473344689,0.03626343,1.5813522618166993,0
1.2568322988860938,0.15499346,70.66228806056567,0
0.2669600497818301,0.7016046,9.438846883573587,0
0.11354478435669237,0.6805858,1.0979161893871459,0
0.03796096419551044,0.021762773,1.9441882642327692,0
0.0454061735162268,0.033152603,2.3465722712205817,0
0.08921589708776087,0.31454283,1.0010974152258718,0
0.06591685251828439,0.019564647,3.52690560642863,0
0.11591811198981854,0.28344193,1.6504885860058747,0
3.074064682193549,0.13922414,175.24247548002754,0
0.04228968699511729,0.11786351,1.2602102240239241,0
0.06324207515918678,0.047578562,3.0248893533811154,0
0.029534585148670467,0.06826803,0.7756441437272924,0
0.16400156433946012,0.13002631,6.7694119500560195,0
0.05401308671651587,0.1353288,2.0560553604117673,0
0.048216666420461574,0.0687977,1.3597725948320276,0
0.4808366624909703,0.051222313,27.022866732135004,0
0.1605054713741106,0.6606403,1.2448855177308993,0
0.06432706908490446,0.030942585,3.278617613235421,0
0.03974593138280311,0.25071102,0.40751410462842647,0
0.023785323760163964,0.035695665,0.8723859607608395,0
0.037891917919064426,0.0715023,1.5952374280332708,0
0.13783152604123414,0.008421297,7.897164726010216,0
0.1745545748394225,0.5753869,3.942624009463941,0
0.051164259740680895,0.09593667,1.6331043978676771,0
0.035125125294434886,0.09284266,0.8709674789844768,0
0.05890761739704144,0.13912469,1.4559523946501247,0
0.11673912529611458,0.07646111,5.911534773904207,0
0.034089226998300526,0.040848937,1.4443259839198783,0
0.020227654859590338,0.098013215,0.2672713332891873,0
0.019314953684730338,0.032644905,0.6318640337811824,0
0.039817051321284186,0.0073206346,2.281348993365382,0
0.06210228503251024,0.24566244,1.7441594973075039,0
0.09278848778801367,0.59500694,1.255996235998577,0
0.03159740964567687,0.08309497,0.5763754524574625,0
0.012384165686382672,0.025505379,0.28943813213519515,0
0.013601781182007515,0.017285941,0.5463895383218196,0
0.03938365165574742,0.046915423,1.6452324866096448,0
0.04643404536772305,0.30751365,0.4902227707661665,0
0.02407293410868621,0.015606188,1.18434835496287,0
0.04359894036534738,0.03277839,2.1003415600178785,0
0.04460089796094363,0.06709427,2.014087544682376,0
0.03737881026845734,0.096809365,1.1449731008145625,0
0.0980278394429991,0.019209744,5.417932759977362,0
0.03372812668210834,0.011303892,1.9324793097673882,0
0.05913386398521839,0.26387233,1.7401458097611013,0
0.06447803786294096,0.04245506,2.916241205973753,0
0.04173461524751796,0.04396479,1.6758386141827568,0
0.07351331591559093,0.043778453,3.7139788029526963,0
0.029062356036739765,0.07665524,0.961847045435995,0
0.5214917066818595,0.067913584,28.674623134745918,0
0.1135481902051292,0.76595974,0.766662740275029,0
0.05864727307513803,0.039791074,2.8611635733720373,0
0.025386835309375067,0.012874026,1.2881142521866544,0
0.05088858145103532,0.042591896,2.2609723489278513,0
0.042887171734828616,0.12864992,1.5415725219869048,0
0.027774824256541868,0.054741427,1.0300563708838624,0
0.033823820477763396,0.052570995,1.1268959261043607,0
0.035546796787133135,0.040092412,1.5766339862048615,0
0.06084896205666415,0.037391193,2.7353351894092683,0
0.045341161382467424,0.059503216,2.1188055929379606,0
0.030293717155253565,0.060267705,1.159918045500659,0
0.013463571449513035,0.024882067,0.5453746645113879,0
0.02920384587006822,0.03190944,0.9915127742363413,0
0.05533189222620667,0.14194848,1.8408456316993345,0
0.06182698369678328,0.13077123,2.6474824542934257,0
0.04702662218960419,0.08488886,2.168681275708494,0
0.03283147230730171,0.09365122,0.9476641458435218,0
0.09583531667665574,0.38490078,3.1596403731058427,0
0.025274878777886183,0.17196696,0.21079876446918785,0
0.11943206443583791,0.011095076,6.683011064439791,0
0.06348820781966576,0.26271725,0.7829253782149036,0
0.07671416520969841,0.06661151,3.9896488268735775,0
0.06408606639202906,0.051930357,2.9262554819450575,0
0.045528100558066206,0.09040519,1.730266515333057,0
0.050274144088643793,0.06989156,2.3478976001455765,0
0.024365437509623795,0.030100234,1.0552378565880725,0
0.0130476508055543,0.022563884,0.5543982707022362,0
0.0069861216835280645,0.010593813,0.40027528763098746,0
0.04139045244032319,0.023673449,1.86548121770785,0
0.04039269469808661,0.16093157,1.147591398593483,0
0.03534934866852615,0.19717896,0.3012908562878563,0
0.11993384725430985,0.058216877,5.920571999035969,0
0.12140859810803824,0.4346416,4.335056477260009,0
0.050809734436584694,0.029607913,2.6588182035703123,0
0.050851927809764205,0.062057354,2.1639817658615645,0
0.03888808152924424,0.06818429,1.6152954274860598,0
0.021707648516359097,0.046506107,0.8482715080024302,0
0.08083207663794607,0.18794797,3.063839268687375,0
0.027039690136818822,0.015943803,1.250999476865974,0
0.0635433938971177,0.11594737,2.2705064071248167,0
0.04745134479817827,0.0744361,1.8749729723361337,0
0.07713290654303062,0.11080251,2.409128943417926,0
0.03604701193151006,0.045160532,1.2603658077591344,0
2.00910972706777,0.005107853,115.11350793966396,0
0.13123361132481934,0.58148694,3.5011221619770048,0
0.09495509967991955,0.30717734,1.8599918815946468,0
0.04231830628954615,0.11298029,1.7081157661557558,0
0.08576773820882634,0.0957915,3.188681159926241,0
0.06455357108103432,0.10562142,2.7277922407060755,0
0.1507873530659451,0.8382704,2.409010255819676,0
0.03764690944741668,0.106935404,1.3902256265612027,0
0.03464593678688535,0.07657966,1.296197408027003,0
0.04429283091694473,0.027956732,2.36633171429557,0
0.06482540714328294,0.38145503,1.0075068454670764,0
0.04323034373613527,0.04199063,1.5809779179915793,0
0.017484462414633455,0.021486804,0.8582589228767571,0
0.02684221101988608,0.017233217,1.2686248020456303,0
0.022638221857555565,0.025045453,1.0201483902019857,0
0.152051032402537,0.7294995,0.6721222505372938,0
0.06518693219107866,0.110839,2.9138246791179627,0
0.1306608508292832,0.44882533,1.3983871197478022,0
0.06624670853886795,0.11379586,2.807294175342005,0
0.030264714177498313,0.1327047,0.6552045406174812,0
0.13061378173638252,0.086076245,6.1588013309846374,0
0.08093233116969964,0.06978881,4.041934283118808,0
0.11862924431391006,0.08571744,6.22287202338424,0
2.9958147080820487,0.13103679,169.65682335332704,0
0.19463233850847123,0.25374454,9.329319217171683,0
0.08298406820620238,0.19583601,1.5965998745427958,0
0.10513207040861512,0.36592564,1.346735988423783,0
0.030007562106275153,0.052777305,1.2252790261383901,0
0.025669464009628835,0.072261766,0.8169510349180014,0
0.01926371576605015,0.023982374,0.8470481939587354,0
0.08875358994241968,0.049030922,4.447870069824107,0
0.10605196236638603,0.41923547,2.5946247015608797,0
2.939162827181843,0.17592148,167.1748465914178,0
0.03496805887133313,0.08629443,0.2569579765640286,0
0.015713845517401404,0.032975953,0.3105146549090415,0
0.1751693572811557,0.47788876,2.3320089271341176,0
0.09037287801127819,0.0890753,4.583512147895651,0
0.02607966305632955,0.080368094,0.9909737360841339,0
0.023357484933124666,0.04543794,1.0400095315913949,0
0.08735052249373655,0.091173775,4.079868111047427,0
2.9506324474738395,0.096372515,168.46100104153717,0
0.2838380613380249,1.3127707,0.7076347961315412,0
0.4849225972083042,0.027014023,27.573471639636846,0
0.21378676047664125,1.3531533,0.9761148282627796,0
0.5815495676589524,0.056260385,32.90710597131576,0
0.1904859782995885,0.8534102,5.567583120338941,0
0.02881750813826677,0.033689592,1.2356013513180297,0
0.020729776635819937,0.01651362,0.9505979904334703,0
0.06145139850132646,0.103128515,2.6929541968167263,0
0.049902985046837794,0.084319286,1.5292319807195789,0
0.0701647745121996,0.23212008,2.377220178096016,0
0.023048861882302006,0.10266946,0.5567069479464971,0
0.03520541347091445,0.07050873,1.287987334692474,0
0.054140312220441515,0.07140041,2.055566326585545,0
0.01480244023257893,0.019400675,0.6803553259848393,0
0.527338821288703,0.059971903,29.663365507988757,0
0.13043065242083754,1.1106393,0.27547255549234856,0
0.03374850125335946,0.00522478,1.933646686709466,0
0.03618292692972418,0.016788017,1.8211576954516948,0
0.05286621518948935,0.16167213,2.024099577312744,0
0.04736185691464536,0.069940805,2.2542549840002453,0
0.05010513485135622,0.19489618,0.7513779521483374,0
0.03516300619491587,0.01670123,1.7000373345751512,0
0.13313416361428265,0.6243247,3.405382465599951,0
0.022621265526718518,0.01760611,1.068682928886894,0
0.06481360552573406,0.11571651,2.3964360643237774,0
0.013515352919832822,0.01655835,0.49898932535910545,0
0.05809770433047462,0.023734286,2.9458924197366256,0
0.10507602477061805,0.46920136,2.9582927337148712,0
0.08018628834300942,0.023975518,4.3931672824042645,0
0.025669111869888586,0.09515756,0.5750944042152977,0
0.016041034889165237,0.055296764,0.4654044508916014,0
0.03241526789324533,0.041836888,1.032150059433596,0
0.3199596852284688,0.035161544,18.096498215166054,0
0.0806373959252534,0.6509418,0.5215622407757408,0
0.06104589557554935,0.031418834,3.28226456185773,0
0.08270787563730166,0.06037757,4.314071636929016,0
0.24684028863411886,0.042594567,13.766449137033186,0
0.2036861554783476,0.52002484,1.0144124441568971,0
0.023089049941430892,0.06846112,0.7829254599509308,0
0.1120115067190304,0.06624759,5.649215980368877,0
0.38173503797184266,0.19487952,18.516387772711653,0
0.36580675790340256,1.0772595,12.708296898606863,0
0.1180604706207411,0.1390129,5.768782739106612,0
0.07831631178698721,0.49988416,1.2290839749719924,0
0.06632923806186325,0.08539227,2.2043442533334145,0
0.09620749178493239,0.023611171,5.317316300711157,0
0.1616472105679271,0.56784683,3.6362221045120173,0
0.08706839639684624,0.3154549,0.7488249487174558,0
0.04071790187902214,0.17587842,1.140766681666212,0
0.012841469516866207,0.025273321,0.5174681596727347,0
0.029987438962805774,0.11176386,0.7119375862463542,0
0.01401077298500837,0.044488996,0.3842138790937345,0
0.043383895330988145,0.06465412,1.811654471502016,0
0.21241403806900583,0.19282103,10.352899824949441,0
0.10478994491097701,0.74245757,0.8377569906162401,0
0.01920251189586,0.05532505,0.684071441065132,0
0.03355726920823568,0.083051346,0.2365209904934644,0
0.05053552222435942,0.09212772,2.100587476583126,0
0.4217423608143659,0.34545878,17.726428573325396,0
0.1560283544746356,0.3057452,1.9675137867738102,0
0.046100263520834295,0.16574743,1.4063785875477133,0
0.03833077457473076,0.034318257,1.7756542734003855,0
0.06932223864111647,0.054282743,3.522010735722757,0
0.059523075172498746,0.06796777,2.776510333742436,0
0.47539546982801945,0.24244446,24.629329329795574,0
0.08565926919744613,0.43330863,1.8867300456650022,0
0.33183505620519654,0.30332202,16.599238119457215,0
0.22769564467039127,1.4422294,3.3507508319658768,0
0.0372379832995202,0.07452833,1.5627491556042445,0
0.023802928331012947,0.035129815,0.7729688629000471,0
0.036261949896197763,0.021701751,1.7149074735817238,0
0.13788403847368547,0.098612554,7.021574911002254,0
0.09519858065905047,0.4122468,0.6313802130166782,0
0.3970960446145461,0.018285636,22.532504055508973,0
0.2527186989552042,0.9619828,0.8930923118972893,0
0.15693043331799522,0.060247473,8.606948861760085,0
0.1443134698675826,0.40336618,4.893304421695282,0
0.06146341039549895,0.039210152,3.2816047748857557,0
0.027114835977063965,0.027565451,1.312674763406684,0
0.04631596636178703,0.020261733,2.5105312092783514,0
0.03519856828149831,0.1278819,0.9633181896434136,0
2.6751396371318292,0.08475539,152.13092679498507,0
0.25580076165126453,2.000685,0.578152909371814,0
0.041460943488517574,0.053944923,1.4564221054108306,0
0.02424101800453112,0.045024056,0.9820806114531583,0
0.03672827142975091,0.04498363,1.7400290392297644,0
0.03539708988707259,0.054401703,1.567866661474526,0
0.02673189209705541,0.042569052,0.9182697661118414,0
0.047641818884810075,0.14188375,1.2398155917249183,0
0.03214070962410262,0.075061135,1.3122843613711537,0
0.07956384218739776,0.30964917,2.6504961572167356,0
0.01180466538190127,0.03052623,0.3444366982262657,0
0.019974797401085563,0.02863115,0.7137470520453905,0
0.13875451970011238,0.050603442,7.383313954407997,0
0.07484488655533539,0.30528668,1.7835327738670768,0
0.05430003768271273,0.011447273,3.11116298662077,0
0.07108818095782851,0.1585388,1.651583982071889,0
0.07600623217376125,0.08910658,2.8466465615267027,0
0.06363382891970099,0.24929902,1.93409503736445,0
0.01438726959620049,0.04128675,0.4401698120953494,0
0.04597011531605978,0.05454787,2.0085620785426124,0
0.057220029675203773,0.020494765,2.803222975574338,0
0.37022909253926717,0.11222883,19.976487085392918,0
0.21062818575106643,1.6419886,0.6962159285931244,0
0.03469006652233639,0.033133987,1.539875289220197,0
0.03430678348565374,0.05383513,1.5007092221749436,0
0.025976337495690827,0.18145671,0.3393171814052456,0
0.05950446079483194,0.14598495,2.316845324156198,0
0.04081267917407141,0.15647078,1.3764726863866557,0
0.02647565229925363,0.05338618,1.0559517382083685,0
0.04908582322293535,0.028516712,2.494486196230959,0
0.11829052300085607,0.100016005,5.834780448467085,0
0.03984022699002741,0.029179266,1.990018570001495,0
0.024817923774641266,0.017848339,1.202340517329905,0
0.03855549144491008,0.052843586,1.284471379255761,0
0.019885076059635354,0.041348234,0.5667891523986566,0
0.09234630823420627,0.035840355,4.9041752589803025,0
0.2747719814887482,0.11998735,14.663622490058202,0
0.08412664317615834,0.6476188,0.45806190309716033,0
0.04994345985646778,0.023005296,2.554068008001022,0
0.09169741887881877,0.06751097,4.777735883490499,0
0.03961069926424705,0.13303627,0.6216892865631384,0
0.05837732151697614,0.012496747,3.3447741422009813,0
0.06716594704570569,0.184604,1.0629126774843864,0
0.09187238094452646,0.046282668,4.946899770306065,0
0.03122369530460258,0.075438805,0.9164000001788072,0
0.05400835989167228,0.047036014,2.1870479625406833,0
0.9389933657039293,0.016914483,53.65596563270913,0
0.22390551058913494,1.694771,0.5276751939281085,0
0.046905801999883256,0.0038242487,2.6875044892696067,0
0.0348537319945207,0.05271049,1.5255273809769523,0
0.8335492866686671,0.07251812,46.11359740021798,0
0.13405892661177476,0.12029763,6.244956811167792,0
0.07671358124735081,0.14318205,1.2505543110799198,0
0.03513325235601282,0.045462534,1.1735255087523768,0
0.04478708083701473,0.24637182,0.5394514286173062,0
0.03633634497494184,0.07563162,1.2507854530475944,0
0.15380650673719148,0.12075683,6.880701785304337,0
0.07911379723506842,0.39318183,1.0887535485604973,0
0.18688281794249315,0.014254359,10.485393695824644,0
0.6980031567621757,0.28698483,38.08995258728519,0
0.41099950342278135,2.4593728,1.4785513517441264,0
0.06305035943939877,0.08969055,2.807049851353616,0
0.11324833810492374,0.3956248,3.973548627207289,0
0.0357413921664244,0.07747387,0.8865642968066079,0
0.03413679781210509,0.040050413,1.1455202433465344,0
0.042245176246197176,0.04162907,2.066431503490625,0
0.1510874181868342,0.18464899,7.256689446446907,0
0.18027350611887816,1.0008922,3.9838655296157395,0
0.03814518910444097,0.02760651,1.9898474112762305,0
0.016805216158514408,0.039154537,0.49866135646315346,0
0.034953059812326576,0.06570685,1.5157369148371407,0
0.031614700011083297,0.16100095,0.252913668990784,0
0.051438718900985586,0.15443361,1.7824304907231114,0
0.1677192597430769,0.23590137,7.902035595388493,0
0.04389841131893585,0.046704046,1.811059355805682,0
0.04698112494490728,0.021183625,2.454365688097151,0
0.08857914515817075,0.2410138,2.8315595552180266,0
0.13026692989174762,0.028098797,6.906167655867347,0
0.38662746425415523,1.831152,0.28562478010191983,0
0.09028435925624495,0.12045565,3.3701530387793817,0
0.0354472379646111,0.050844137,1.704948296021315,0
0.01917352871540947,0.06641689,0.6463201342545296,0
0.034909598957414446,0.056066077,1.6574947569773344,0
0.024679979126415747,0.047999214,0.9940439234087523,0
0.03745880174834661,0.027516587,1.954183215046711,0
0.08219908172723267,0.15341201,3.13654292584995,0
0.2793491760894467,0.036926247,15.712579318837655,0
0.07424755254761384,0.15151516,2.960475299540622,0
0.02375491227964615,0.024358328,0.8840554414873908,0
0.020774314049267863,0.038755663,0.8612889012400979,0
0.05426091799249404,0.12935339,0.5049950018951164,0
0.03127304312966424,0.020802818,1.5735759665726887,0
0.01704161139712574,0.028017268,0.8072982326487274,0
0.03328922439506775,0.023631284,1.6719378622890313,0
0.042219317006397646,0.104618825,1.1048823734741298,0
0.023557930087574695,0.057343815,0.574639920347014,0
0.09124594110044576,0.23543943,3.5873207520369035,0
0.04413272899982363,0.0914573,1.945705259827939,0
0.024110308231155165,0.10560684,0.685595410422081,0
0.010742391282376635,0.046032503,0.2763444811027343,0
0.21108267228308522,0.042109292,11.639045996650006,0
0.06367586506140466,0.09171403,1.7138348816170261,0
0.027941762139601367,0.09243701,0.864340356870657,0
0.05248614632335578,0.0829537,2.014185673121693,0
0.024204507935687528,0.055122524,0.5301370052143102,0
0.07667392672760164,0.032513082,3.894321998193237,0
0.06987864390064497,0.1128814,2.228784777908046,0
0.0400620260375084,0.14515649,1.1290418443403802,0
0.13070205326753473,0.034208667,6.875366926726185,0
0.05207322815912466,0.33779278,0.7433279391151675,0
0.29983328076675697,0.06586123,16.130489774979793,0
1.9943379425147196,0.21744569,111.21358801703836,0
0.38805716749022157,1.5982397,0.8160195001242196,0
0.03129305745057486,0.028811526,1.570243566018614,0
0.19672503823078955,0.020213742,10.954801985135528,0
0.5775995255075014,0.36464265,30.035077487951533,0
0.09497903498210555,0.25245023,0.5309371919475244,0
0.02590998447422335,0.01896784,1.1366942484017601,0
0.010760579902705455,0.013345449,0.3980667567882506,0
0.06298769189754339,0.03581113,2.9456063345739456,0
0.09364210750241919,0.434399,2.442796202533906,0
0.06418718320911476,0.04715324,3.0721578931850995,0
0.28075107865841714,0.4908075,6.650549180467985,0
0.0677865192091653,0.2711426,0.8847088951916785,0
0.02117516789215478,0.014997259,1.0658377542605388,0
0.06154738116631848,0.05674051,2.8255178487127557,0
0.11706642656281643,0.1697009,3.8556551473211598,0
1.1611085230583642,0.08021231,65.78460575991552,0
0.10585250220627868,0.30303398,2.8976368278085434,0
0.03476503391169448,0.20731366,0.5314964489209969,0
0.02155318792960665,0.028316382,0.9938949408184075,0
0.03060868296995521,0.052481413,1.0216446526867902,0
0.0708351252661827,0.39221972,1.215508181025885,0
0.03401134513006758,0.13276018,0.8367831108191219,0
0.02090906433161102,0.013788082,0.9901340307145139,0
0.052381759005659334,0.11500586,2.3049256402880975,0
0.1839246843314851,0.046899796,10.093787466250767,0
3.0825480166523507,0.15439646,173.8767625077189,0
0.0658921190418677,0.54001284,0.3303546970241581,0
0.04972151285691356,0.12568873,1.0757732521707133,0
0.03149573757380204,0.093477994,1.1673890769933233,0
0.01925505214535606,0.042061802,0.55306265852746,0
0.19282666632994186,0.032777876,10.805874194972453,0
0.014510251131191603,0.020051148,0.44099127135356025,0
0.022724595610211715,0.06467711,0.9123528832056498,0
0.05796474400074746,0.07442374,2.7866849487983436,0
0.04119453021087884,0.016304076,2.0510411881596315,0
0.050593150121973206,0.15226242,1.300377907171227,0
0.07177829518351553,0.03591815,3.5518242783527247,0
0.046351172941555246,0.11660244,1.0355294078854387,0
0.04271009019584951,0.25972238,0.5196648124476196,0
0.03322797850168508,0.040266905,1.4628188261292887,0
0.06453960662447016,0.4286951,0.8045904645435321,0
0.014373439598929807,0.034223985,0.503777050829717,0
0.024854877851072328,0.052581582,0.6994679270624484,0
0.02454152545753738,0.08707004,0.8473180133708379,0
0.03778860151642445,0.021335417,1.7147876622087197,0
0.040931022898090585,0.06603518,1.5431988636676188,0
0.060091355484620114,0.024479734,3.1910507008918874,0
0.07061087977710113,0.020648738,3.5906144835689493,0
0.1180765953937262,0.504407,1.8367409028085881,0
0.03715227426461694,0.08408306,1.251251741724639,0
0.016914192463096986,0.05927775,0.5329815851396509,0
0.36016457239856053,0.008679303,20.50284252897487,0
0.1501683104820149,0.40867016,3.0190582111244533,0
0.03891185409475176,0.19002357,0.8877674545775818,0
0.22357245933755368,0.17811926,10.91857222899636,0
0.027803949662287053,0.15394218,0.2906957125401816,0
0.04618100600616803,0.02930733,2.4253236080226372,0
0.03676919666468882,0.07712687,1.3317638003400283,0
0.06178730783276051,0.032949653,3.2833642542982706,0
0.05463581138219979,0.1346842,1.9019624250552838,0
0.020942272342998877,0.033671495,0.859501918029348,0
0.049436513253003,0.09010415,1.781323149266095,0
0.040359671739759344,0.038511664,2.0476348736994696,0
0.2498919668803032,0.04115797,13.600511162110024,0
0.05226652556638436,0.3911583,0.47230536640645343,0
0.04210384456306242,0.07092481,1.1176071443946123,0
0.02638595962084156,0.12261225,0.7600036019079409,0
0.0252779240803582,0.050381824,0.8627833225843696,0
0.027849715980371902,0.032899123,1.1848251158141847,0
0.08427807691076049,0.21098505,2.87955033915355,0
0.06256904741571792,0.09390657,2.9714754044740905,0
0.03237256986096772,0.15901503,0.6682140662986524,0
0.0283024796968514,0.060913652,0.6411622463608169,0
0.08142361844173551,0.14037104,3.3515717223636523,0
0.11987533442528264,0.42745405,2.1441842233910977,0
0.04728832310755694,0.27548584,0.9824396990228713,0
0.025559416036836202,0.02143893,1.0325730841382872,0
0.06296677477618791,0.044615984,2.8423578019681415,0
0.012375875407568532,0.046857353,0.38417183571203695,0
0.017497819773650725,0.028058473,0.5438380135693618,0
0.03560141363488792,0.04377525,1.181394225277818,0
0.2537603481614903,0.062562354,14.07422425595739,0
0.10377529271087987,0.1892961,2.452797988372813,0
0.025568472174644332,0.084838495,0.8617965545211478,0
0.0207944072880248,0.06434583,0.7624312218493967,0
0.03116195891045437,0.10245381,0.9964285290212781,0
0.04908250994182368,0.06245345,2.4232620183128164,0
0.044230116726104454,0.18598546,0.5346180206864066,0
0.02833022103318661,0.11138651,0.8540482522194232,0
0.049544540410355595,0.06455228,2.3741663484474635,0
0.018277511279264233,0.03381118,0.7517938953070853,0
0.04882801736146296,0.08403295,1.5035601937495158,0
0.07366001987860384,0.029799182,3.967877354577731,0
0.0914878309748641,0.2746817,1.873904153914077,0
0.02356736957505591,0.05316369,0.8774421937620532,0
0.1849320111273154,0.048107393,10.132515941442865,0
0.08597513279741616,0.26203102,1.6744637722739584,0
0.06269225232392,0.129298,1.9386620768961673,0
0.00911082738614076,0.008026435,0.5220119570980731,0
0.024859573948147116,0.08558608,0.7166833332660538,0
0.054143243164602756,0.13661696,1.6886919508722407,0
0.12133022323677609,0.23934838,1.8856119892685905,0
0.025932844610338047,0.02330138,1.2287427006374496,0
0.035625329868749334,0.0446724,1.3923744924311534,0
0.010704465210437775,0.05674113,0.13654615032208187,0
0.2554154572547751,1.1071737,1.2857465564312407,0
0.029511868342719204,0.07294138,1.2506709146743915,0
0.06033630201550137,0.06339939,2.6618563596862512,0
0.05906410260183129,0.027591022,3.116302077296481,0
0.08353770313626144,0.26669484,2.7496227301834386,0
0.09055777446572491,0.079613514,4.694203530607681,0
0.01999439791452585,0.095564544,0.5647045812185227,0
0.02030009574816953,0.06635826,0.506125493123132,0
0.1623478241260142,0.04005636,8.903859617569653,0
0.06267190488549271,0.08719901,3.048511260087346,0
0.024774626803728352,0.1296825,0.6033596465785379,0
1.540235464135871,0.090775214,87.6330241745528,0
0.10083930232722466,0.62350553,1.810068880801721,0
0.0376551653236966,0.020456603,1.865024928960315,0
0.03059846902817769,0.03200718,1.428784831350733,0
0.3595655093689282,0.08426744,19.060841890736704,0
0.08065978860060716,0.093413465,3.750649160980121,0
0.04374988067051111,0.16134438,1.182062989250322,0
0.016767311376238714,0.04328182,0.38356087886484264,0
0.03889359113901658,0.035772357,1.4582022450955483,0
0.042372144983857975,0.023316158,2.285020416398479,0
0.07356984085303653,0.11947486,3.143222059196891,0
0.033908005546018985,0.11788886,0.9333820475779222,0
0.058342692671280866,0.21852095,1.6846673992064323,0
0.029937549634320493,0.048757125,0.6304151025584283,0
0.03914746514882991,0.032556903,1.7030078118505023,0
0.07793267407064458,0.2582059,2.722678373889982,0
0.017726032941925256,0.037826926,0.7696856368917758,0
2.9532689512582966,0.022543525,168.77106379590137,0
0.05874467001635559,0.09518985,2.5538152083183037,0
0.051951900074993444,0.05408827,2.645688499760463,0
0.43976951803295905,0.089585766,24.21267026340357,0
0.06523712433239902,0.13224608,1.5279820927042667,0
0.020817869453596937,0.02576531,1.0117339300869397,0
0.05969816647205498,0.108767144,1.1707064916791283,0
0.03342543065608071,0.1033564,1.0122808260950231,0
0.01717713462852538,0.013498508,0.7224043686666853,0
0.04103202527910375,0.015624919,2.149046180276605,0
0.015050148304144174,0.024734471,0.6713479081800081,0
0.041154462409215505,0.020620994,2.01843893570683,0
0.04110846472729476,0.19941004,0.5239868146429786,0
0.03320175875989682,0.07925821,1.1304068736654593,0
0.03302977111862452,0.009976226,1.7493184849608718,0
0.05107183928640861,0.06888025,1.7946949498695235,0
0.056686640201803556,0.03365444,2.9119822342501633,0
0.09521138592196819,0.019765174,5.144920657135527,0
0.0683498306899886,0.37416595,1.4461119769624238,0
0.04650712814577723,0.10710827,1.0859740701790364,0
0.03663646676544266,0.05005461,1.0984567769179836,0
0.013836453864769754,0.05805941,0.31340937779389433,0
0.03892723683675129,0.01794095,2.081392002286979,0
0.114012273701403,0.056425147,5.72891992248095,0
0.08540100133981837,0.22844756,3.500341586402176,0
0.08083534166583028,0.3292841,2.1570486160486073,0
0.03534008966821068,0.15715271,0.7001138314550989,0
0.029654825518349793,0.017800666,1.5309690101628248,0
0.08022994250863863,0.017385717,4.59683709632223,0
0.03901304348643997,0.037829716,1.8371971681510642,0
1.0802134094307196,0.18514712,59.501414538250444,0
0.11759076624924064,0.774726,1.4791694502331088,0
2.893991024933715,0.16178554,162.60007748782382,0
0.1689959890091339,0.20962903,8.029289682825418,0
0.053882320284431184,0.0953601,2.002153354444975,0
0.04606626835381693,0.14960417,1.3236832443688278,0
0.04680787187250202,0.045152973,1.984538449101175,0
0.0477235546059306,0.1723189,1.4301616013549239,0
0.053768461048946725,0.10978086,2.2345021200793966,0
0.024636137178445722,0.05729279,0.976713869420095,0
0.009515949147698433,0.010319181,0.3684760509259702,0
0.016207651051206584,0.04300213,0.5920809407585672,0
0.14298651500558301,0.065370366,7.1361812942217355,0
0.08010807946986151,0.02346463,4.446083778763256,0
0.04342107814928862,0.053062167,2.1155037208500143,0
0.07915988655384698,0.18289311,2.694097947307222,0
0.01397034249550591,0.048619706,0.4622597342695261,0
0.031236626525223514,0.09062335,0.975009362122155,0
0.03193423715004738,0.13625394,1.001602581178577,0
0.012607868159992968,0.026969079,0.4440912614875982,0
0.043976886351587086,0.16725035,1.2314295418612078,0
0.020712269933829325,0.024894832,0.9365349415924894,0
0.07542008700870248,0.07803583,3.4906095188416093,0
0.04446668351883573,0.049442414,1.9172722993893925,0
0.04187577906694553,0.09167548,1.2627647012324876,0
0.037368993719397434,0.0993373,1.0904197161423888,0
0.04604251438165338,0.11227296,0.8082148636856773,0
0.009094931185245514,0.040641822,0.1455334451124265,0
0.03188702289975046,0.042266473,1.2899599923291116,0
0.04389751829623197,0.035538986,2.158335661706333,0
0.029638141482422616,0.0711486,1.0816270011407112,0
0.04347912062463228,0.046137195,2.198046003796065,0
0.016674023215904728,0.046718366,0.6107325491388983,0
0.05358525009183568,0.13824147,1.59526720935649,0
0.022209715131304313,0.06794435,0.8623717624191806,0
0.05421478674714524,0.12249661,1.95181171976733,0
0.46238177865361163,0.09455606,25.85649151548132,0
0.13735220764992218,0.55480546,1.6378555625588005,0
0.023902159975508014,0.06078634,0.9550919440048056,0
0.29134587330094613,0.092021406,15.784295320393666,0
0.03910132428744515,0.18446444,0.9402248052582276,0
0.04379749728330853,0.034765597,1.865137879047683,0
0.17972270231248338,0.21403007,8.618158428593382,0
0.021967189956830432,0.089105844,0.6473599194050847,0
0.8468390188511445,0.023746151,48.13015070964971,0
0.0883760175576261,0.5996931,1.3191102877423682,0
0.07381876985196317,0.0316201,3.5593133135638224,0
0.03672340782638227,0.09428551,0.8079394965674255,0
0.04691555694200418,0.0060950806,2.6880634062825304,0
0.11530591142381547,0.046277944,6.328543319753642,0
0.06715435775308243,0.14855237,2.849947582012584,0
0.022409192171172675,0.028443249,1.071419578561533,0
0.015967511206189708,0.0140620135,0.7466068499802327,0
0.04489178704219531,0.05839874,1.754095528022465,0
0.0403556311149653,0.054022457,1.0710092515220462,0
0.04695861014043151,0.073360674,1.2249690121179149,0
0.030004297536647455,0.018986698,1.5499076558331295,0
0.08359765818971325,0.14695358,3.8455305444726755,0
0.06745510018103176,0.07871872,3.3151681867513845,0
0.08086610835304128,0.3490727,2.294925561589526,0
0.05942835478645167,0.16319256,2.2979711527026736,0
0.023801864450010736,0.10182535,0.5975099831441109,0
1.9164720231880412,0.03483175,109.52482386506732,0
0.31909987114763183,1.6734818,5.330889952863194,0
0.16234781848935553,0.12181609,6.977193770563592,0
0.0552611441130055,0.026773628,2.556526342123955,0
0.014092170059691376,0.032542504,0.5826426642129183,0
0.05353506942423712,0.07450719,1.9926902462373506,0
0.05458508972382609,0.05800452,2.4057073943750944,0
0.05591584853940429,0.07885566,2.2428857376369127,0
0.1150626592834729,0.44980308,2.860835280809931,0
0.03380122496780097,0.042099766,1.1562554545468497,0
0.057999035917415426,0.0762021,2.437244342143051,0
0.25539701538490567,0.65225464,2.7850314663211972,0
0.04277212731669582,0.041103356,2.016916628927798,0
0.13300569820397515,0.15613413,6.624039706361706,0
0.040432803281101694,0.19963825,0.5305373954175557,0
0.046017733301644256,0.213937,0.9555858809813459,0
1.6539485723151854,0.031131664,94.56041164230396,0
0.044709267993857146,0.30772823,0.556660362150448,0
0.06905560178663267,0.007522667,3.956594534110119,0
0.05513608494552154,0.3793158,0.6956372868907827,0
0.024613374069714103,0.07443587,0.3880554457725835,0
0.09430183553728463,0.28869358,3.6426424917571647,0
0.08130111972202188,0.07425051,3.7808912134789607,0
0.02829455725085058,0.030802807,1.389966762059152,0
0.027218269795756058,0.038998857,1.1647176163673627,0
0.01917303506635316,0.021893514,0.9435361734179365,0
0.04816732260053515,0.052593693,1.643636189314128,0
0.023374306495464812,0.024329722,1.0536536089928565,0
0.02790880450448169,0.03387773,0.8450387229908846,0
0.028182598921025308,0.031578038,1.3302184101035064,0
0.0694643465243507,0.050803307,3.6400017295110203,0
0.08865315905450862,0.037245285,4.728440935678557,0
0.037023193101977735,0.082439,0.8397886680602803,0
2.143323012680777,0.15268241,119.7765386025292,0
0.08621771918919552,0.2889761,2.08726541956942,0
0.15107013748131276,0.4230794,1.9934208566088047,0
0.06407572270364903,0.19707426,1.8360525723610808,0
0.03932226507769628,0.035086125,1.8939089574943102,0
0.0615988908938855,0.015393234,3.5293564709064777,0
0.029263619450704815,0.063917816,1.2802978090557375,0
0.02433959745695886,0.078219354,0.754575968476509,0
0.06913785828391651,0.033042625,3.548239067622077,0
0.019725191863512067,0.010048789,0.9888488141204956,0
0.03201775740437094,0.010437278,1.8344823687441965,0
0.04534495924372795,0.107192494,1.9219308287826538,0
0.06576216862127802,0.30666864,1.0946711571617895,0
0.41618312797858925,0.0647358,22.54122300308791,0
0.07714320592107474,0.101480275,3.02783996841851,0
0.05111862059733841,0.008943044,2.92888121475801,0
0.06200266373029223,0.27751312,1.432076865174134,0
0.06478448780263521,0.106329225,2.7355681411686086,0
0.011206331142166999,0.026072968,0.4657736749204672,0
0.045249140167867644,0.031257316,1.9111361443922945,0
0.05960790447308435,0.13937718,0.6812738076035586,0
0.041049720060277614,0.117308274,1.4520739539493204,0
0.01122983132039607,0.016542751,0.4108788642210322,0
0.036763370738437884,0.018605554,1.9071329307552771,0
0.1302753976906972,0.22558834,5.1637303286078,0
0.04777552885215472,0.13942222,1.660441905304323,0
0.021634378979765025,0.02574206,0.9357656674666642,0
0.04358354675398382,0.25311032,0.4169984694760667,0
0.8350653358922023,0.042851686,47.564735333642396,0
0.23136228032757766,0.14735764,10.271277794609626,0
0.04427210896707941,0.15844347,1.51979569271249,0
0.06570921254535537,0.15753752,2.145333375699182,0
0.02431847533208553,0.020669807,0.978552534449317,0
0.5532724967474023,0.03203234,31.42840711791866,0
0.27935498873002956,0.8758002,0.6535124540288947,0
0.07069693367121964,0.036198504,3.3654901500014125,0
0.06743380286298237,0.027835459,3.5309782417259923,0
0.03135750291352676,0.032099687,1.2039287034797062,0
0.06023069749442368,0.17505446,1.495073713825512,0
0.0312581577259904,0.024659934,1.4494084192313996,0
0.21742987018031565,0.032975826,12.027973635117458,0
0.07004187923571502,0.4545766,1.115545937825063,0
0.1391284262859003,0.33011517,1.1728046432595747,0
0.18654063997642825,0.551672,2.906064012562512,0
0.025175978920923537,0.033213787,1.0914429131767585,0
0.07282749686173433,0.027180491,3.8503995798746566,0
0.06452907506049568,0.23990181,1.2469655857430586,0
0.03219119971824129,0.052662205,1.1961563285474328,0
0.1445127063387044,0.06412349,7.649458455898534,0
0.11828256946943719,0.35300368,3.987267530010981,0
0.21941254321552048,0.9541631,2.1917056979542533,0
0.08121657592254307,0.6297102,0.7601634688265015,0
0.03784138645936226,0.1600639,0.9567141656885897,0
0.013850981662665395,0.004659127,0.7936027913838228,0
0.12341046943087593,0.22707462,3.070193433184293,0
0.35690714111925953,0.06142953,19.991295927120454,0
0.0409900125019491,0.121996865,1.6103276492919398,0
0.06036814479445052,0.014778383,3.233473659945569,0
0.060138717871377284,0.22615534,1.5035923274541236,0
0.036367433947156726,0.14712393,1.1282325709757863,0
0.14179671905594438,0.46932593,2.049730151965681,0
0.06929389128099066,0.13828625,2.5808577992728434,0
0.0609433048480806,0.048807554,3.1851772271766623,0
0.5051518889729796,1.3749846,8.685169012609235,0
0.11235942934798422,0.50468534,1.923578204463789,0
0.09437511146223322,0.092935294,4.774561100500423,0
0.05844065460043579,0.09751955,1.618962784081281,0
0.06801084001326238,0.20166375,2.5920108680760525,0
0.08788034121051755,0.06898253,3.9718923460006295,0
0.049077069535197186,0.121365994,1.9061055959307611,0
0.04766515017017374,0.043006465,2.0658681562734102,0
0.062168337414704525,0.16383822,2.4422534531767393,0
3.134387573404878,0.3044423,177.30640455377312,0
0.17245701148574022,0.61032844,2.7858259523642737,0
0.2610257643146921,0.38828042,12.52137814374292,0
0.13947909821282617,0.52236766,4.810312551945701,0
0.053340492402494756,0.071104236,2.4200691905634906,0
0.04397189684415729,0.18534304,0.5682083847882496,0
0.560880490280572,0.050310217,31.13782159436971,0
0.1933282075945284,1.353183,2.3490219175539226,0
0.16098067500175525,0.047078356,8.902144269221317,0
0.047105450249773806,0.16221552,1.1683880647736251,0
0.22005852159946715,0.26140928,10.698533527203352,0
0.10689675548065394,0.4251165,2.1316737165260915,0
0.05297340873752667,0.090458706,2.367681475065506,0
0.03680081718169125,0.023349233,1.6443647111149136,0
0.07280705936514456,0.44027662,1.3883249932772899,0
0.10023165962004746,0.087759666,3.917498382060281,0
0.07018388157664082,0.09592229,3.1380272153135276,0
0.03787748230983779,0.08417186,1.6375587679709709,0
0.045572408424824,0.14203069,1.286014000791529,0
0.06184746636672644,0.13708396,0.8835553705896444,0
0.061842977573973924,0.024234353,3.2052994838702533,0
0.046181963563316504,0.093044594,2.077749190689345,0
0.07082802197106884,0.10326533,2.161610024355374,0
0.050331889373625815,0.05814752,2.3432529395818755,0
0.043584443735884604,0.07722398,1.76481662056093,0
0.1510931096905869,0.0837015,8.056792117502873,0
0.040073435143142586,0.27536032,0.48147408688365034,0
0.019829962469023802,0.02878322,0.7868684520022798,0
0.02025879063322789,0.021988252,0.6576474219549976,0
2.9292980532086337,0.22138992,166.30155021549672,0
0.1133385023286348,0.8166051,0.8263582391459798,0
0.013718495411933014,0.024835506,0.5995165746341223,0
0.025261681605068875,0.031277813,1.0242492226787994,0
0.022900572573193737,0.060402256,0.850949660003506,0
0.043598627540005944,0.081603006,1.6014148964413144,0
0.04840986091355817,0.04126185,2.0837064264300413,0
0.12715057533901114,0.080372594,6.751313968701434,0
0.5405436812450507,4.076381,1.8352380126345063,0
0.053388670516385704,0.16602115,1.9905181057236745,0
0.053228214494553866,0.148896,1.376715133606959,0
0.022164184404019488,0.0829856,0.4919726449867654,0
0.04412163250755804,0.038606014,1.9698178676984688,0
0.04419837623669464,0.03709496,2.27680994879511,0
0.08417591830101415,0.16641021,3.4130161826360665,0
0.08139177027575363,0.07340121,3.6748970450890583,0
0.010941388710445307,0.049594097,0.3252015372107757,0
0.01817421164816533,0.0434646,0.735346819298976,0
0.03273732984772034,0.09284952,0.9581295593241805,0
0.10234303595252875,0.2622227,2.361793722656189,0
0.09533092122991206,0.25662956,3.9090960872900684,0
0.05443002654087943,0.08426637,1.739037558352341,0
0.08749845792624161,0.17643018,1.061323554966116,0
0.030341215715260196,0.0340075,1.0047815144459755,0
0.02244012506010822,0.039256327,0.9732742257761205,0
0.020633497393241638,0.052015945,0.6397480745347938,0
0.030712581064062838,0.044612907,1.3333465108625882,0
0.038655080570586,0.15468328,1.1715694733578255,0
1.7736236287798377,0.16317426,99.92886527339387,0
0.12793736037454906,0.29846296,2.6074417210258667,0
0.07678804516893845,0.5589171,0.9849824169638944,0
0.059300356618056604,0.06969944,2.974236427381708,0
0.07261740874739196,0.58205664,0.546377403346733,0
0.03579222001423684,0.05239714,0.9627691435172852,0
0.04323420182781915,0.063542224,2.0414434235379746,0
0.03930633798709349,0.062493198,1.6099861001007676,0
0.06096880320272043,0.04539667,2.6036438301788967,0
0.10233432846495545,0.027217932,5.30537176952585,0
0.028336236921680986,0.10194206,0.8637596879131985,0
0.031055403592142122,0.028256433,1.1529688927946813,0
0.021286862140545138,0.07705588,0.6674090629747748,0
0.02392457298775797,0.033797693,1.0808583670292218,0
0.05805886865247382,0.053664587,2.3280459409371375,0
0.09217266413978262,0.07726198,4.50900634416894,0
0.7834212436104572,0.19872893,43.40597549634495,0
0.2905428923849126,2.0741208,1.9577025023259005,0
0.019865236545574275,0.07565256,0.5697162878098182,0
0.0929291934388305,0.14653438,4.268119347218436,0
0.04719725957015557,0.2275102,1.153351697180831,0
0.07419286408037368,0.048955914,3.5263130208236206,0
0.18430901202123992,0.3289719,8.332136602597298,0
0.10822020209189855,0.25503242,4.302058318251398,0
0.023517193318319866,0.14570704,0.4414729081550323,0
0.11090869692371351,0.069367744,5.748585147530074,0
0.04316977317178622,0.10671004,1.5351131364436184,0
0.04607142769567838,0.16685738,1.1647106875471984,0
0.05416956208160868,0.12401523,1.9513143104479205,0
0.2976492422348632,0.02427511,16.59306916477313,0
0.2501224439769555,0.64533716,9.869295993530184,0
0.13506001725493225,0.9361897,0.26452240907080243,0
0.0263755074342409,0.03831651,1.1770144810950935,0
0.04116643242930475,0.061242595,1.454353366941069,0
0.04808883621398241,0.14020993,1.6172525497503532,0
0.19123680380338243,1.1689427,2.705275421460059,0
0.033076367530254475,0.103383996,0.7550880423991512,0
0.052266440584203586,0.05720832,2.6286596001921665,0
0.027835187206442128,0.07141241,1.0950111616745513,0
0.046522919785930636,0.09680995,1.6589869286142025,0
0.0488164027124675,0.27979743,1.1063582727195285,0
0.017764640335234054,0.012794784,0.804404922404416,0
0.011517974515212887,0.018022314,0.4789279535218688,0
0.0877177873622392,0.07534906,4.548480594486562,0
0.08216295732937337,0.11779312,3.1888994059947025,0
0.09255939715112661,0.04282845,4.762593787516435,0
0.10262632594373862,0.44062677,3.227055336847244,0
0.036552113566792145,0.22745241,0.5502554657459205,0
0.13257219140959978,0.03944804,6.773723068509626,0
0.05256428107652173,0.37135646,0.18504962364534522,0
0.06574464373335231,0.08764254,2.7931510957917824,0
0.009307015928820989,0.02366635,0.3428457748416684,0
0.14905573767855312,0.041562025,7.715956150852941,0
0.025443109274586966,0.08684333,0.5410611489862113,0
0.036495469102947334,0.028454633,1.584802686626615,0
0.011944357956635523,0.01894483,0.6843612999087194,0
0.047797166571257585,0.08248674,1.767463889892662,0
0.04162947411418391,0.014360961,2.2475602025816777,0
0.039171217282710676,0.12915224,1.2767299246115664,0
0.05517442556998267,0.022554757,2.7349966597507844,0
0.3571760759111479,0.09176341,19.576444886301164,0
0.19033200858494595,0.13112783,9.457671593329378,0
0.10679340347406294,0.5328999,1.8367667789609796,0
0.038664158644127054,0.024071649,1.9771569091338055,0
0.040467681101387244,0.090382,1.049341690702431,0
0.03443539355020892,0.058472093,1.5352776636208496,0
0.06090548447686969,0.24887307,1.5751670202782762,0
0.03337422570129049,0.011743242,1.9122022772009852,0
0.020537720967618314,0.007552679,1.1767247322618666,0
0.08102716591829885,0.036494732,4.387316807642149,0
0.025238815950272678,0.031807736,1.1773773515795523,0
0.019553431021930807,0.07809293,0.5009953729852643,0
0.047324469757132615,0.25023353,0.9090315029080487,0
0.03833000986402635,0.06501189,0.8293578920403321,0
0.05383947518197759,0.04149012,2.4866266455349013,0
0.11121196371329956,0.22914729,4.468334768890104,0
0.07935322790444618,0.032891303,4.114610872545566,0
0.039564195200046746,0.040666495,2.009250788407054,0
0.09558766359945822,0.30542517,3.2907219770125877,0
0.03552813311468504,0.051659536,1.60873483659773,0
0.16930647447379954,0.053461622,9.146942043637985,0
0.18638378108690476,0.71825033,1.2119819070596431,0
0.011137675813714772,0.004485746,0.6381418177107914,0
0.05945580850542502,0.088075295,2.791336111306097,0
0.13131921720691023,0.17716394,6.244767562975165,0
0.10860283014587227,0.355551,2.7812404866210936,0
0.01676125079393387,0.07786632,0.08375544646191571,0
0.03869633990350877,0.035627764,1.5926943847257167,0
0.016763744253256024,0.07214076,0.4988080924481551,0
0.04454056942247134,0.107242525,1.7079943632654473,0
0.03579787796419116,0.106739365,1.029591294877668,0
0.12982047210153663,0.053212494,6.9080811546009375,0
0.051067912251080386,0.09580186,0.8770988088800478,0
0.07116166726882744,0.2450174,2.108967457134116,0
0.14694957636023762,0.09532343,7.7353146414250595,0
0.13239984987264972,0.24615128,5.601932062367928,0
0.03148340008067779,0.03636943,1.3031500106546214,0
0.01671910860733223,0.033825338,0.661936800237669,0
0.0657360539263303,0.08834068,1.918369962905216,0
0.03500069047085594,0.08952697,0.24627865099942925,0
0.04839971220249513,0.2041434,1.1371570882850883,0
0.07729698126742676,0.31515113,2.371272721000337,0
0.06547920585093084,0.090453796,2.82835337018395,0
0.02932778066326771,0.09079203,0.3107987243624052,0
0.02863117299286396,0.010052423,1.6404453750000507,0
0.021233651033752278,0.0486278,0.530614141486926,0
0.048736003088688515,0.026632005,2.53691573108026,0
0.029366504307101842,0.063492864,0.9082315395387326,0
0.026570843528967374,0.027600408,1.307022944968002,0
0.03354060645506196,0.01361803,1.9217351921842958,0
0.15034791826257826,0.23505051,7.001317851579246,0
0.06335877751215177,0.045426197,3.30184408988428,0
0.037731022601319435,0.034600478,1.8819271729007752,0
0.029421675689841574,0.047010217,1.398545944352142,0
0.03741387627703521,0.023897566,1.8005026589839188,0
0.17869148059950735,0.8517127,0.2951950296137974,0
0.0533612482087798,0.021804506,2.861574653018313,0
0.06531310690557376,0.23126246,1.9680004703334562,0
0.021793563715465383,0.050877906,0.8606506518489172,0
0.03070007141515457,0.086549245,1.1516294276064987,0
0.014723400850309295,0.025742881,0.5860675185236942,0
0.04004704327869991,0.057724264,1.7569970774695987,0
0.06187639480331199,0.16549008,2.451673618487197,0
0.08947910464243289,0.19633394,2.2076945661129184,0
0.04256328967747137,0.05767562,1.8552701059372967,0
0.031056370720761915,0.10332217,0.9698249179039069,0
0.03425364535292212,0.04266343,1.4516098931644363,0
0.06285640978451973,0.16950426,2.2058835555134144,0
0.0758138361474707,0.110811435,2.596456857082882,0
0.02881955369024609,0.10460499,0.9045442110634425,0
0.06506836301775093,0.241089,1.8591603521112328,0
0.08354394269648217,0.07780392,4.311804369994013,0
0.2476256676411986,0.78412503,2.1441921103314145,0
0.10652530586078471,0.11580434,5.149689224764943,0
0.04488943502849331,0.10672516,1.4892494224824404,0
0.04719207648862484,0.13674629,1.8373093227559136,0
0.077079772160602,0.1585361,3.3133147960701366,0
0.13605062106748034,0.05160527,7.175513930633218,0
0.06144938239889337,0.044743743,2.914427841856323,0
0.11368919961741963,0.5036347,2.712585326540338,0
0.03441792472603721,0.18685491,0.6225695696528185,0
0.02972414584897795,0.023496075,1.2717443554145076,0
0.10860741706264322,0.19970089,4.899114870739701,0
0.05382673175200976,0.21725489,1.330696574616624,0
0.036318731014480604,0.045027878,1.7004665466402111,0
1.5150404685083418,0.18868057,85.58420292843019,0
0.04256369122841311,0.17180088,1.34949999599062,0
0.04659130906507428,0.22521016,0.6640566671814123,0
0.03279718419381117,0.06832725,1.2126385288993675,0
0.026429480158593963,0.064603865,0.6114491123740482,0
0.03504511216163669,0.028460514,1.7001746184782722,0
0.04574964520124761,0.12543248,1.2882274377627907,0
0.029265000966183993,0.031011576,0.9814552024598729,0
0.02825411791308892,0.15755172,0.5923288446640536,0
0.03093907637626475,0.07313955,0.562160336531817,0
0.03451979470148439,0.033047345,1.5572577751198136,0
0.03876246218654167,0.021538584,2.0446395983469356,0
0.04057403854754991,0.03207707,2.1060861042123133,0
0.044451538626459786,0.0923755,1.6367054329769923,0
0.14397017750102853,0.39265475,5.475093565414361,0
0.030342190225491165,0.13931607,0.24381559137321884,0
0.3052611240275001,0.027812421,17.27949704466905,0
0.14353516220462004,0.5081979,1.426298611959851,0
0.09839076472450237,0.020822985,5.350139746918281,0
0.12092724830722934,0.028556278,6.754313714763038,0
0.01832623191533861,0.12396324,0.23613493730062968,0
0.07587910339508427,0.03655697,3.8244536957315303,0
1.7736261316227118,0.08180933,100.67872577735596,0
0.07903391311632088,0.36702982,1.9401405282471935,0
0.017395842035660136,0.027067147,0.5706835511722449,0
0.1680364782612148,0.018464688,9.422445938725819,0
0.07684290775707177,0.35289085,1.1646665649680643,0
0.15410553397626867,0.15549017,7.238292927039894,0
0.021753882411838336,0.025802203,0.8880701807838036,0
0.04104546838803501,0.2287986,0.8543218806649399,0
0.022510635738302236,0.020610252,0.9455938577267781,0
0.0556285776544139,0.36039612,0.6478527508921974,0
0.048978758498990686,0.08460662,2.0034068875589837,0
0.03792244865566084,0.16409107,0.9480356563865089,0
0.023407634663428496,0.093326636,0.4066175078030585,0
0.03928324483202175,0.13455057,0.6970346230501525,0
0.02779234787547953,0.04148806,1.293117736632103,0
0.009945312314718326,0.017443277,0.5698244215728435,0
0.03478549435028795,0.07049635,1.037973717738043,0
0.0276595388863289,0.04600261,0.9296386776460482,0
0.03268277551407034,0.096220344,1.0723164340325284,0
0.03975001995708162,0.11346676,1.1133239794140533,0
0.6497058443767455,0.0460172,36.842284450496436,0
0.04883733127994752,0.07370027,2.3259754139955104,0
0.24291374470456592,0.54852164,9.16472815491041,0
0.6415940596286076,0.05157309,36.324150752949826,0
0.18091814248888438,1.437437,1.126836088111811,0
0.03781623764113705,0.05881136,1.6649919046199273,0
0.06490302217745218,0.08654633,2.4028402417199115,0
0.02379369612969737,0.0919019,0.7181588359302241,0
0.03853219884287868,0.11549528,1.42638652901072,0
0.1694282206568957,0.113561496,8.296254520643275,0
0.07161213906424284,0.065569125,3.3979792952471435,0
0.05477077517616458,0.085987575,2.287571387881822,0
0.012697022931309473,0.06811532,0.30464797137555605,0
0.02693932393983846,0.017806478,1.347993625448511,0
0.02423261154092161,0.10689208,0.3427000733969483,0
0.016239365562796593,0.042875435,0.13486458252987554,0
0.13767621116836049,0.024708679,7.643902801693633,0
0.06553965294879029,0.30998954,1.4405504221343548,0
0.05619489158787109,0.13419801,2.1744757470853218,0
0.34132464109699545,0.04373249,18.883460054669868,0
0.20475147071167848,1.4357301,2.272871464840197,0
0.09087934149763323,0.30156285,3.2997865792416317,0
0.045234402918989274,0.03568751,1.8431715466170675,0
0.011931026465713448,0.026861344,0.48024338684381507,0
0.05735356065010961,0.042460565,2.7217558298187634,0
0.03520424226684833,0.035509977,1.772018664927491,0
0.060617770575597266,0.05440834,2.2902212080675812,0
0.08112745889136803,0.056543946,3.81797151556294,0
0.10260285159854374,0.15525803,4.27412368952678,0
1.7375751892852656,0.13089767,97.91433229116747,0
0.08693219620424723,0.31691408,2.4698531220169033,0
0.08958120828621588,0.3340916,2.9380040562176255,0
1.3158556671171466,0.17528412,73.25624860909765,0
0.09098838406941298,0.2528216,1.0049697805541902,0
0.017134589449838145,0.048467435,0.5836950440374138,0
0.01649445203591303,0.032290537,0.6086760706220534,0
0.12493392238385051,0.11432339,6.046572222694712,0
0.018015316407684445,0.03273523,0.7726250865039542,0
0.09385399033941655,0.111375056,4.28346374663068,0
0.024826364757040906,0.015120275,1.2176521171584762,0
0.017468271309231752,0.019364126,0.7715062053711018,0
0.032465899404828844,0.09075965,0.9968655247814204,0
0.0672888475184221,0.092535295,2.752461747990297,0
0.08129250380812811,0.163391,3.634021428060096,0
0.08923656324762104,0.0454657,4.225226534197534,0
0.05374994801052135,0.33486024,0.7190677598705936,0
0.05318008062627217,0.022509156,2.641419702250016,0
0.03408090636480413,0.027084615,1.7070539214574068,0
0.02995006839536274,0.044931505,1.2620463398750685,0
0.03220970953919409,0.01793217,1.7093027456285927,0
0.050457592438584976,0.35553408,0.3752608030476747,0
0.05649687663081304,0.041184165,2.814294623164187,0
0.07281977161902103,0.22819154,1.8254112993995883,0
0.060619797029419574,0.083400086,2.9060035234713455,0
0.07730955904746277,0.15790477,2.5583619164050115,0
0.04030002036687315,0.06421379,1.1174592557197527,0
0.07081229518991519,0.28957352,1.8291901334343312,0
0.04613966252643928,0.12712689,1.258327853202829,0
0.022983816305569248,0.05051794,0.7739393452554199,0
0.0419658796060408,0.16092113,1.1364298253541816,0
0.06889076139982958,0.28412488,1.8164042756192325,0
0.10477254566070161,0.09041031,4.785032685561267,0
0.13549967665634466,0.04764681,7.22479086097068,0
0.045045086620153066,0.161589,1.061219376377283,0
0.04000793444283747,0.22008674,0.5090735557603727,0
0.017895221787157863,0.025046565,0.6060701436231135,0
0.04083459964558156,0.07729294,1.761320491691797,0
0.0802591413129812,0.1781967,2.353278114336837,0
0.10734518671002202,0.20998743,1.8917549638141136,0
0.13782080609454972,0.1271738,6.822826211205784,0
0.19582094020057436,0.57142156,6.263785781736457,0
0.1739449949422774,0.03937296,9.207925623950166,0
0.03905487303788785,0.072385795,0.8980739656888217,0
0.04513796236912933,0.010595521,2.586214739571441,0
0.2028374728782038,0.21726625,7.567582268039633,0
0.06310212902429886,0.060983,3.103113374543387,0
0.030140663303612255,0.09400221,0.9523132545661511,0
0.03068525959262536,0.02319352,1.3216038838719764,0
0.026770510696371472,0.11454463,0.6712273949867312,0
0.01827922129297508,0.033847604,0.6875912970903626,0
0.043639766042644794,0.21357393,0.8615950660679605,0
0.03946063956824691,0.11182626,0.6176381641387211,0
0.06819993264177886,0.16274755,2.0176293468985116,0
0.03055209649140561,0.05679893,1.3173340129266229,0
0.05659729464980987,0.08447862,2.0333298344039235,0
0.03527201560679806,0.08618415,1.167278975575486,0
0.06256707262570285,0.18945418,2.128454428202494,0
0.07973037638056217,0.30617815,0.9395279392988584,0
0.0667249124035747,0.2916667,1.7558043479258545,0
0.06703453767521592,0.15956375,2.6053521136589093,0
0.045103224979804006,0.087436214,1.7271311555010185,0
0.044112403616761546,0.1162538,1.3616603615205403,0
0.0243766928906296,0.017269354,1.1048964733852191,0
0.03079155596551763,0.07428133,1.2518707666556332,0
0.05821524049103143,0.35566702,0.8288837170482128,0
0.07058073712682365,0.04091183,3.731595728576091,0
0.06253690574410516,0.099983074,1.7873699652844957,0
0.01872455259279891,0.07052975,0.6056674117612343,0
0.07478627036777104,0.044963762,3.617375512048888,0
0.088093509222723,0.5289652,1.541450606878099,0
0.045350416191684104,0.1748116,0.8059707851364236,0
0.06826251851119064,0.12873173,1.9281009916654723,0
0.07289403783899742,0.12316302,3.0611471998403967,0
0.3059718041143388,0.058599215,16.699553242554188,0
0.2577822230335493,0.4746797,8.765706531438084,0
0.5373961020259641,0.5996914,26.88731708014913,0
0.11929438751640344,0.9549897,0.5630464972115586,0
0.046329477234356535,0.057839148,2.044331935126536,0
0.044592076361350645,0.1300505,1.3874461766024984,0
0.04002243677691615,0.021634214,2.1259684838604715,0
0.037549085439620745,0.016860008,1.9685354768938952,0
0.027173770644054136,0.034929313,1.2647207051693063,0
0.00990879385154897,0.028117357,0.38777271144688574,0
0.24079089958003336,0.81168425,0.8601195172551799,0
0.26749863672483776,0.9481467,1.4774942543676457,0
0.14891561761920857,0.5014635,1.918280340103927,0
0.08901005044029879,0.053107604,4.284928669455533,0
0.028039267343763396,0.16426341,0.5119327134046808,0
0.016184097481942328,0.026118226,0.5191549068073571,0
0.12208083041142445,0.280848,0.901858472634967,0
0.029794857934836785,0.122326836,0.8261073302789737,0
0.12166520613611298,0.20833473,2.8967645678280034,0
0.1256075242124321,0.5260644,3.3199208164439926,0
0.07057343014669465,0.07989561,3.419223893884557,0
0.03175662857299867,0.050378982,0.8224448645604547,0
0.05575545149645103,0.101280466,1.7611169030685399,0
0.06305568686676774,0.061298825,2.855904501964795,0
0.08631096539967438,0.10363816,4.086629254991425,0
0.0815062703641328,0.22867136,0.9638474492338109,0
0.3899712552714176,0.09136959,21.39276052434113,0
0.13324510961719888,0.94877464,1.2027723559214398,0
0.19090669351765477,0.1479344,9.577284920869921,0
0.05463129354546902,0.3605179,0.8305143323744035,0
0.04237168572875189,0.025535103,2.038476981164163,0
0.17132074457967833,0.3301791,2.413545141608972,0
0.04128921382235916,0.08502957,1.7340725862037403,0
0.022180568985157082,0.089753665,0.6096146391756687,0
0.10286721438836342,0.024203422,5.445814861136081,0
0.0784759543417061,0.058128092,3.9297497314361345,0
0.8967000255303601,0.11759249,50.64378005306655,0
0.27451404890648284,1.8675158,0.9135121662136155,0
0.1210537517837628,0.033768717,6.341143209420556,0
0.08997026755038075,0.05348418,4.692777101794145,0
0.10390338970160626,0.5272587,2.056450813803793,0
0.12629383056639826,0.30201223,5.355560932750248,0
0.07545103770058638,0.53880537,0.3342314033317548,0
0.04410316096248965,0.094559506,1.8085471404977076,0
0.03259234640125991,0.116832465,1.012961261956305,0
0.06630789515078431,0.029325234,3.517758826772672,0
0.05236833490752804,0.21239087,1.6492596023671882,0
0.23480589219526884,0.06201661,13.03584734523289,0
0.10836456395516166,0.4244183,3.0673494070218847,0
0.04419305050001811,0.054128677,1.8667608511171827,0
0.06245726670008425,0.17752552,1.8896966699239908,0
0.04111271460254491,0.010156326,2.1726488461796416,0
0.0806761291754484,0.512529,0.7129845627372623,0
0.027770980961224555,0.0265536,1.2794605573026685,0
0.046264953509334676,0.032223377,2.1709640253523026,0
0.02337679211361913,0.05140131,0.9597265503874918,0
0.03164181676035848,0.034593772,1.3126673250888252,0
0.11875168077370898,0.108376145,5.603292871769118,0
0.16996011105169495,1.0488951,0.5691724513529398,0
0.0141590652686158,0.026113851,0.6464900950948012,0
0.030422448993796,0.041657507,1.3040533002266639,0
0.02601464416465186,0.11715563,0.3635548265845471,0
0.04641030028510489,0.063771896,1.3560986537404691,0
0.049382916560769076,0.09219673,2.1638803899542123,0
0.042372981476590965,0.03315604,1.888287673956183,0
0.041358614024505636,0.15474421,0.9695131046273444,0
0.04549938101679573,0.08796207,1.9215019204518706,0
1.399805647928735,0.033983495,79.67360287072464,0
0.1315682682169438,0.87744176,2.0999045369500133,0
0.12069849792332857,0.10191591,5.275677245191934,0
0.025598405510924016,0.020017346,1.3109251776508146,0
0.01883182385246536,0.022664133,0.8707631757917088,0
1.032505921653559,0.047275294,58.25424691829628,0
0.06553897539043828,0.12084772,1.2181718679435711,0
0.1329307704835418,0.04420971,7.14521787649716,0
0.14771804016034648,0.29425508,6.644156048209774,0
0.033327147642863195,0.10645312,1.1579631271522075,0
0.09800237463728764,0.14161603,4.024397858263588,0
0.03813597478653967,0.03124314,1.6394149883872966,0
0.5252002935890351,0.10211169,29.460018683071787,0
0.03889821586337327,0.040368024,1.3372256549036121,0
0.04161771832293253,0.10521664,1.3799376308986546,0
0.10114613909997401,0.2449186,3.956630396230049,0
0.10008962582417387,0.06210817,4.817515630544913,0
0.056798491153931055,0.12458733,1.1158654799611423,0
0.021412032475822997,0.052731864,0.248916468920363,0
0.0519848076039398,0.03709243,2.6495114414909033,0
0.06123394753088269,0.2563198,0.818581444067273,0
0.15890767837684927,0.033011924,8.798535706184722,0
0.06226073084197481,0.3387727,1.143615855847628,0
0.03142213028473624,0.027000234,1.3880688485417871,0
0.014629028671295197,0.073301174,0.27186383000718095,0
0.03949411675650634,0.14218965,1.3475496305442336,0
0.06059508662741932,0.013299585,3.279284669197992,0
0.12575555936871025,0.50122964,1.1089061683396129,0
0.026348319255373568,0.025903212,1.3274560498077166,0
0.08207027065139377,0.06333411,3.9322136021384817,0
0.054867339468937196,0.1714835,0.6088924299097841,0
0.042224479192949,0.03751255,2.1474474565999264,0
0.10565533242975622,0.035311896,5.6048576809906,0
0.044882423724221264,0.0969539,1.898041402667325,0
0.03042521829631747,0.042666703,1.2918972185410853,0
0.03205383898997556,0.0761177,1.2206986411707,0
0.0733273803790281,0.22922793,2.5336151919158234,0
0.030181503941796934,0.051371638,0.953541850922746,0
0.008324615989669541,0.023078578,0.1976194030819646,0
0.06573690779664451,0.028947182,3.2362149338826636,0
0.14397317348876346,0.024951318,7.992038920803063,0
0.31981166645342735,1.2715459,10.336014817973263,0
0.06344043209644878,0.11064336,2.8906267848516167,0
0.027011030621680178,0.050572455,1.1569873700134141,0
0.6650227668123813,0.07444938,37.32325584557239,0
0.43851645315954674,2.568991,1.6398678161741846,0
0.03500338813683031,0.03607703,1.7745255588675974,0
0.015829074985343517,0.003353883,0.906939190256289,0
0.09875590033035381,0.15954176,2.305088129016292,0
0.08596591010712959,0.19975631,3.1942946925980116,0
0.05886416405074932,0.23928139,1.6198591295314813,0
0.06476419707067826,0.06778241,2.258142240011367,0
3.0876213762894085,0.04054104,176.57224596714573,0
0.14073851748559457,0.9848468,0.4006401388810918,0
0.06241271697933103,0.039000735,3.199364611281264,0
0.1305932009361443,0.16846898,4.802749635569996,0
0.20455641071933153,0.18595608,9.54556062625067,0
0.4431508045193904,0.27434778,22.751526886073542,0
0.023152507030351238,0.08607031,0.702671139032011,0
0.07219006661448896,0.04686125,3.603769212077141,0
0.015990863127353226,0.06656669,0.4546941529680048,0
0.017815620634359035,0.031709116,0.7562768577629315,0
0.04007314908874213,0.1340866,0.6293969265536247,0
0.04085426347400966,0.04785973,1.716806061127626,0
0.026486582051507394,0.01703488,1.2507811090805754,0
0.0850495682451009,0.24768607,2.9072377122422584,0
0.060686366999615556,0.09377362,2.7509987814910186,0
0.04308426229404229,0.13246983,0.7765155826270422,0
0.03446609086645406,0.011276647,1.8217363572912335,0
0.050951456631749985,0.013892127,2.78220109119431,0
0.03324229004320765,0.03518329,1.6176368777977406,0
0.055369099372672974,0.05205763,2.748323180791294,0
0.029368103485164273,0.0831992,1.0317830504477585,0
0.0320107344881647,0.07590009,0.9992536573176968,0
0.024245745536107595,0.02541859,1.1187175665410583,0
0.034570801895315625,0.057685073,1.29901734364556,0
0.047131693406316316,0.15981151,1.5804168985753488,0
0.05115458663640833,0.13340054,1.1133858901798135,0
0.05796502609304264,0.19040185,1.278040069722294,0
0.015155643344329721,0.017386638,0.6799718323915803,0
1.5194543079786538,0.2708179,83.39120111693876,0
0.05575419667537025,0.32269025,0.8463663505925579,0
0.04408731469546237,0.026465645,2.2436522927108515,0
0.14533344199422574,0.14008713,6.198871535089896,0
0.023539442793438392,0.06028439,0.9426979996680541,0
0.02375260535887964,0.10362424,0.5165155430994711,0
0.03963558345876648,0.120588474,0.7762930303589156,0
0.056622217326180814,0.07326003,2.5485937836078545,0
0.056096367119729304,0.03821928,2.8337581909996565,0
0.02823263948474528,0.15643361,0.6459862618698461,0
0.03098635467014338,0.11803873,0.4984532775180837,0
0.03737705896023111,0.10897642,0.4735433898426574,0
0.017899398194938004,0.017616704,0.7704688687171721,0
0.07459105678699252,0.1496727,1.2270205055314927,0
0.02726780145685101,0.04575245,1.116643127983689,0
0.0759006713112157,0.09418979,2.5635057058433044,0
0.03859593635555405,0.047125444,1.164414977343676,0
0.09359893363933641,0.04906984,4.863626468920556,0
0.01747896383112836,0.066257365,0.5953116577586796,0
0.05635109129352801,0.0548012,2.020177619958409,0
0.023263268411995584,0.051681172,0.9175526590885587,0
0.01198997854716174,0.076181956,0.2078117837189841,0
0.03563791394352506,0.05195871,1.169285202103224,0
0.027657581265480482,0.06203723,0.9228523521973868,0
0.06639753818850103,0.1019938,1.8136409284332482,0
0.07956918712865613,0.48590782,1.0430845118680685,0
0.12619947093768102,0.057877503,6.300207797720894,0
0.06980934078675197,0.16641974,0.9732008330336553,0
0.020292976190836358,0.07563249,0.3035747623156804,0
0.20688682425649416,0.029193124,11.340226633814922,0
0.04734998220101043,0.10676581,1.2916884637232506,0
0.019110026482795778,0.054738563,0.6032817247480358,0
0.9546491533104184,0.019345267,54.57273245632759,0
0.11786479294124723,0.27352726,0.4710912609185139,0
0.03849148899545284,0.14878888,0.8769923195131011,0
0.02702416370180544,0.043208815,1.1138196159597276,0
0.09426217050038246,0.17937775,2.6076274275176456,0
0.06802389547337805,0.039896403,3.6467882407496544,0
0.03136304723224173,0.08956,1.0147205195446902,0
0.08487531766287133,0.026011348,4.556339228736609,0
0.06316509963078143,0.054925963,3.157951425202162,0
0.05549122386606329,0.019125063,2.9653110297132708,0
0.09878607898040236,0.0645293,5.036554313561787,0
0.11705015985497681,0.08135449,6.176857304299512,0
0.11011889772794078,0.054874204,5.93745143449085,0
0.05055798694623659,0.10753603,2.249881394554214,0
0.06747865361708444,0.2172336,2.4988212188963534,0
0.020029754983285,0.015676133,1.1476204252233593,0
0.07510561694962507,0.033427086,3.9965212221963475,0
0.01684560158060735,0.020877939,0.7797275370468922,0
0.032352235671917695,0.029936984,1.4656086007066655,0
0.021103516434999886,0.027056612,0.6351448527068154,0
2.750090070777871,0.04199652,156.7173354477081,0
0.6630780878255231,6.124213,0.483721866476618,0
0.05264083542244373,0.02362244,2.804786908032522,0
0.04193267536217605,0.028354151,2.2114177289061843,0
0.1008797043323422,0.15360768,3.2720837498263453,0
0.07147378654140057,0.16123872,1.543126812875505,0
0.01712078421157638,0.022232782,0.7573148102359688,0
0.0207125588924496,0.03848339,0.7310253159236626,0
0.06156931771897244,0.044889193,3.079823357588082,0
3.1318512671944703,0.34878585,177.16540714144807,0
0.06750075686397533,0.16665696,1.8305823606500373,0
0.04639521946516345,0.07916176,1.7264680676794084,0
0.187786663495075,0.3191874,6.617535210074314,0
0.268638808536537,1.2143135,1.0756184186223523,0
0.07023875023529715,0.056277376,3.316580087525791,0
0.019373568376996105,0.117048055,0.36229434561240065,0
0.028734670667578524,0.04408047,1.1546556291711148,0
0.01706554447366249,0.07259794,0.4372284686145471,0
0.039383542737817724,0.05133631,1.7409834705231289,0
0.061545811959344034,0.16230191,1.800593913308667,0
0.0973403019297351,0.096492894,3.943141063701695,0
0.06000656489880034,0.15199766,1.5058621821391103,0
0.07997196615953034,0.18431263,2.9376829749816844,0
0.09048664187223078,0.29787293,2.8427987916347397,0
0.046252270943700685,0.12702742,1.2921139371428296,0
0.10590434713640878,0.079144545,5.3757380517516875,0
0.08267909549526295,0.29831168,2.2101567305862027,0
0.06324745714996492,0.016128633,3.6238123596275122,0
0.014333949446555656,0.039573893,0.41002375434933797,0
0.07146005454706109,0.09744716,2.9140411555971024,0
0.03359988670180891,0.048884347,1.1455073879222484,0
0.044006706750374235,0.08871716,1.288298946035543,0
0.032960408937783,0.07193343,0.9702985738129098,0
0.0655842834942677,0.15022765,0.7490604528376704,0
0.024380994493503956,0.043603614,0.9822723695790274,0
0.050952088726229555,0.17042549,1.4471176588370775,0
0.01827230904190886,0.05697068,0.6564738638034093,0
0.020820706729348125,0.028627623,0.9029378078966767,0
0.03936278349328205,0.04679689,1.262850374698121,0
0.012413904986566505,0.038668096,0.17116272543711947,0
0.053927623340628235,0.040074542,2.3860514357735063,0
0.12358338530673943,0.7083692,2.714259629436918,0
0.047307669632454974,0.07570556,2.1442885567680174,0
0.020834515895560866,0.04070446,0.8324067387829602,0
0.025992284836043933,0.025637113,1.1900544524574423,0
0.029378814053339246,0.0809899,0.8556235810350667,0
0.05976969385084775,0.18416916,1.4122912398185774,0
0.042639820014867644,0.14461444,1.1837390241235306,0
0.03431272265664026,0.0277422,1.6212242621338457,0
0.018121856877565193,0.1070958,0.38876111581533257,0
0.02900385989466725,0.10589069,0.8894131692037878,0
0.026947654410775276,0.08673607,0.7147797021601702,0
0.25807610374059314,0.027773611,14.470690498008052,0
0.04052796062540581,0.17973447,1.2212607882376476,0
0.03338647760918029,0.058848426,1.3104698889921458,0
0.04855337307737955,0.051149618,2.227354323329107,0
0.041535024844770015,0.03561496,1.9806882028850727,0
0.04569186291858095,0.12949459,1.5487924709606333,0
0.058061618186380344,0.41024947,0.8659808920185298,0
0.03784323312483552,0.018622968,1.843267455478743,0
0.08005409654241724,0.14669137,2.062574956828629,0
0.07349259513234843,0.16904564,2.4618914816606665,0
0.04032144022481949,0.022795197,1.9939997312660325,0
0.09301570250863495,0.22639929,3.237554600280196,0
0.05603082302088197,0.18956922,0.7289789456662452,0
0.085080154955136,0.06560326,4.289576071766873,0
0.06978070643198324,0.15504335,2.8929696853958995,0
0.0276118261171534,0.11795412,0.7018222964654283,0
0.09220608986019603,0.018092716,5.0600495896192905,0
0.8965630089141022,0.04000663,51.12093485553122,0
0.1264032069130453,0.5890983,0.9219531255011637,0
0.04962903659446094,0.02366592,2.6238327791132185,0
0.07740227894231969,0.031534508,4.093204446190372,0
0.026367251173156445,0.06543429,0.6539895121159462,0
0.044048302560627285,0.051186565,2.115264401879796,0
0.028355037954106283,0.023312604,1.4377745329836957,0
0.050401421520669926,0.1471299,1.7884276326068902,0
0.04929819038978379,0.048222095,2.3836102684957137,0
0.05167282576534213,0.084337726,1.8125732004389656,0
0.11757692904593937,0.036663614,6.396335087245152,0
0.03309729501342033,0.044384554,1.5294521598683848,0
0.035383264669491224,0.030494705,1.4260073829159639,0
0.025335101280056505,0.06434589,0.7402252122675803,0
0.04976225082822245,0.18140054,0.652497894963339,0
0.022131900524455395,0.034823358,0.6423791440418313,0
0.027927656617611915,0.014841773,1.4030849645099732,0
0.026108681371604568,0.08421047,0.9426485030593232,0
0.04617196222062707,0.024740024,2.2267367281782664,0
0.04210515855953825,0.111601695,1.720559003056786,0
0.16620892013441033,0.075765766,8.65708921953066,0
0.09135747074291911,0.22178946,0.6012757077512358,0
0.2840335993576824,0.15728678,15.245491452841184,0
0.0917470917370497,0.11347219,4.5000991431398525,0
0.0602977155894374,0.14030956,2.3924000683409683,0
0.056030655727617486,0.036285467,2.6078676897528097,0
0.06144708522534323,0.02589104,3.124429714726031,0
0.4851494319848052,0.10995106,25.530515007242528,0
0.22262757173959924,1.6478943,0.8546636493752813,0
0.034500088809044795,0.058698196,1.4348430938884391,0
1.072720447187802,0.22124092,59.765735765024736,0
0.0358026038589558,0.21230017,0.7548944475298467,0
0.049574799693498095,0.019140348,2.4462638060380186,0
0.03451188626691977,0.045160305,1.5404813568540214,0
0.1165905853980452,0.24030028,4.945805816041917,0
0.04042244058991877,0.17588536,0.6643096996218064,0
0.0572786828400964,0.097108744,2.488376940417071,0
0.0809496910210937,0.18452679,3.401711303664394,0
0.03548907065038816,0.014942442,1.88582285789251,0
0.007501133659802859,0.011153775,0.4297833002702249,0
0.08642248797262414,0.07462305,3.502618756546453,0
0.053159870834876256,0.3108511,1.051661337936702,0
0.021622186888207565,0.0195706,0.9210119701472735,0
0.06954444357312453,0.0917281,3.169885974852158,0
0.04460002994952001,0.04806535,2.192628154901732,0
0.11309064392364548,0.2237302,4.497748205659874,0
0.040908348361054364,0.0663354,1.25939822848369,0
0.13547756738437758,0.028887944,7.485890762204384,0
0.06278624254770207,0.0102794105,3.363326692060581,0
0.052014243866606386,0.031264458,2.630540801652721,0
0.048351476860869096,0.20740469,0.6408059444341652,0
0.02516025414444174,0.021360409,1.2036861945663682,0
0.04101450521616411,0.00991038,2.2044520998959154,0
0.04462916922248203,0.034563754,1.87573213984244,0
0.03892132229889707,0.028764581,1.794187607008433,0
0.03014820679367659,0.022450373,1.2867797080505181,0
0.08180814312333791,0.13216315,3.767521504070462,0
0.04927665659413471,0.14053737,1.8176601408907458,0
0.036941750444899744,0.028837608,1.6928630263558557,0
0.09738944717419323,0.17782529,3.2664755728942527,0
0.025055409842305556,0.044954106,1.1196178403800996,0
0.05735460460710785,0.16643417,1.624996973358251,0
0.02481716016209843,0.035758633,1.0813484961029456,0
0.02961749420005382,0.038565874,1.2992957197689228,0
0.21183053288466955,0.18933322,10.739565695984009,0
0.048050851358270766,0.09467093,1.8078036256429122,0
0.029550983131696924,0.020334952,1.5294406532218694,0
0.027320623282043505,0.028313877,1.0154883466972222,0
0.07461292698866652,0.14603595,3.3846280096158905,0
0.07511177561027832,0.24988426,2.2291248139204636,0
0.12587343493522968,0.40520743,4.16973505883731,0
0.05060566601717541,0.09689494,1.2601691619666597,0
0.03721645504426903,0.023580555,1.9753318530297785,0
0.05265967897605588,0.25913677,0.9485124123913321,0
0.11644617610092986,0.2122778,2.3115952167792444,0
0.05672541040667554,0.037905253,2.9887588267301504,0
0.11761249971306852,0.7909632,1.4013249373773071,0
0.04347084108947394,0.038331803,2.189090020529887,0
0.02191730913362263,0.023850033,1.040338715235132,0
0.017344728256205307,0.012899307,0.9937797258818681,0
0.030833333123114735,0.06672416,0.8052237730455613,0
0.02602461652363601,0.029045975,1.0920549721619857,0
0.027853654056167874,0.076023705,0.8767264602096534,0
0.030507567370529468,0.116658516,0.990156730991112,0
0.07629423100225981,0.03784943,3.663265333387913,0
0.06638818077724357,0.019928869,3.4903080849223604,0
0.05073809225242594,0.027646828,2.5182386519249516,0
0.018314724721159234,0.016340222,0.8688232172020879,0
0.00852012597709633,0.01770073,0.22969860050553925,0
0.03414557110183557,0.06409557,1.3769846420266065,0
0.294786201513825,0.074495055,15.303314908644186,0
0.11734019035372381,0.7505152,1.0383286670075176,0
0.036439148705630614,0.07094611,1.6589768032557735,0
0.14648995140931348,0.091079794,7.409119399089007,0
0.07502567945262369,0.30609652,0.7735734530822153,0
0.02383696392283577,0.049466502,0.6271484563017334,0
0.10286558257378296,0.06304206,4.444666642175801,0
0.02038255696003011,0.112548776,0.41668288805784054,0
1.4267901171226682,0.028279334,81.35622443756473,0
0.27676312490835364,0.42729548,10.36382331850745,0
0.15043477462633537,0.5042927,5.255508122715604,0
0.015723507419160943,0.020546924,0.7409330800667085,0
0.41945026430993704,0.38024575,21.338182453552378,1
0.055786121976063426,0.07592893,1.8928722220834728,0
0.31461817729968433,1.4077456,0.1974201910350074,0
0.052502911232686425,0.19699585,1.7637817165571552,0
0.07911119579577185,0.14679655,2.5312926349272815,0
1.7059901135748685,0.08466304,97.02041517899868,0
0.12792294606460233,0.20440935,4.922726586150303,0
0.04575940795360706,0.07965567,2.1192482658318186,0
0.07245282032201353,0.44893765,1.163266990369552,0
0.020826245298220997,0.07194841,0.6727344457607061,0
0.033982117630844404,0.16004175,0.7791854708647867,0
0.025134693368668765,0.031230891,1.0801555173547905,0
0.012066354975104332,0.08026157,0.11423265391901029,0
0.029440510396541636,0.031603336,1.1766158953372152,0
1.4091265483688866,0.032454375,80.15720975329958,0
0.05519092462741259,0.13127935,2.1644240930376473,0
0.03581115886481168,0.15406078,1.083022064277146,0
0.05748013762430833,0.20170157,1.2466559359157212,0
0.057628738978303444,0.018509127,3.086548841845943,0
0.018679725145197265,0.025136353,0.7288760946798813,0
0.0438729316095503,0.1490296,1.5256253966281044,0
0.04961337652571239,0.13958193,1.1212960093413116,0
0.18243036119533002,0.032400046,10.074866521576164,0
0.04641701657618885,0.106204756,1.7434069618873196,0
0.08455613159586238,0.14507693,3.593496723294589,0
0.017657208764522165,0.02883325,0.6301018420751003,0
0.02844061416601857,0.09027441,0.9073881729177639,0
0.06191815987924442,0.08866153,1.931732666769204,0
0.04658613618509492,0.039878715,2.3407247364744617,0
0.03805050929960132,0.16345903,0.9248875086627318,0
0.038080800001599635,0.10369906,1.0848846042521487,0
0.14004103174798052,0.3185395,2.182008136844845,0
0.046916918350288175,0.03636951,2.394947935187063,0
0.03796291198699758,0.07031994,1.513960380713116,0
0.06103951815254469,0.15680493,2.5396803145147606,0
0.035787940390949506,0.09078341,1.358361149210757,0
2.148878819950162,0.040942654,122.30318515914959,0
0.029879272616967975,0.043700088,1.4328094260632689,0
0.4082241751793799,1.4758685,6.357757496001973,0
0.059008930350469765,0.2028702,1.2507831145570456,0
0.021343878367568674,0.044752005,0.6229025742450051,0
0.09326872801617997,0.15119535,4.361913344590855,0
0.042457787241665254,0.0875701,0.7742974538583487,0
0.08245691908321152,0.26662105,2.2517474543374085,0
0.5773084096947284,0.054298177,32.68470259548983,0
0.044222652903234946,0.08591795,1.568255188824082,0
0.13475834188425456,0.3807959,3.304829495225256,0
0.026671438956740064,0.014027349,1.3851928868396135,0
0.049629211189087974,0.07535317,2.0395678971378595,0
0.03399213053303578,0.04355138,1.6484373274582225,0
0.06604553076801051,0.02734587,3.471229437794061,0
0.056135740965582645,0.062228058,2.2750614618689617,0
0.0267842244840487,0.06774337,1.0237385309283416,0
0.0726416329647061,0.321875,2.1978005274618173,0
0.0476757648132683,0.17313357,1.347036923877279,0
0.0200356383685679,0.13892522,0.29103894353090426,0
0.039540720255735406,0.04695406,1.2887839703236281,0
0.019984876534121968,0.052610062,0.6915649127720167,0
0.014258090874432066,0.05679495,0.27158595728274,0
0.049167111077059705,0.02892623,2.329718536999545,0
0.023704767402175454,0.0638083,0.20457687555178034,0
0.06432029599955633,0.080672786,2.556694336526067,0
0.03396293041356829,0.022683961,1.673895849627585,0
0.1980320330604612,0.24074535,8.793367838892877,0
0.05148632504821399,0.10501051,1.3455667201693333,0
0.059140543129598405,0.21512227,0.9672567405114804,0
0.02950000035672971,0.03753575,1.3765530271453137,0
0.06326854727461736,0.110254966,2.791032919233819,0
0.056544376306073965,0.31011736,1.2320304697394886,0
0.06984325302296598,0.23789889,2.381981936773896,0
0.0706994281923208,0.050932735,3.5869776819436967,0
0.048875490546265596,0.11112918,1.897783021565886,0
0.04259942266826561,0.06608256,1.9017502637944146,0
0.03797494121305517,0.11648434,0.6967270343294455,0
0.27405356516002155,0.21048415,12.633917817592607,0
0.09795394510738659,0.041185502,5.299753255051473,0
0.08427995875571898,0.17161295,1.2994631605936546,0
0.052017584324016715,0.3549219,0.8091022812664752,0
0.0348633542668353,0.01715918,1.794178282387237,0
0.05886672355843925,0.17421864,0.8020349166803012,0
0.21275911753544988,0.017180908,12.190199487709103,0
0.02035796701261202,0.02543504,0.9146039317494032,0
0.08134456276316042,0.23203017,0.7119193253506951,0
0.07916493527543214,0.022502916,4.2477902674517996,0
0.039493348365452596,0.02843762,1.8184907440690292,0
0.04907719961414497,0.12467173,1.7611423904936576,0
0.052282023647579855,0.16143684,1.8634321361069988,0
0.016065252451370568,0.051401645,0.5126742376324459,0
0.027321932173748047,0.057494998,1.1402602900756567,0
0.023449304283205692,0.092923835,0.48699311494961733,0
0.03999912185183168,0.08060185,0.9393588010039197,0
0.11203888191724713,0.027417306,6.116541946743221,0
0.025030380283624757,0.028284885,1.0258892736800835,0
0.08138981631772911,0.6168563,0.733521860156061,0
0.0518589064976033,0.41435215,0.4610785822046618,0
0.08011091918482433,0.051632103,4.084856130859674,0
0.03483818467924728,0.061469693,1.0438881178081254,0
0.06829636584429807,0.09331507,3.2319795844066324,0
0.6813414695826718,0.040772434,38.76865573810671,0
0.13600439493614666,0.22024557,6.339158070882544,0
0.4660139287712646,2.0409532,0.8445438135647415,0
0.08007525848276335,0.26275143,1.6302181372417608,0
0.04016637658260427,0.039840225,1.9364868000807687,0
0.1970064029140489,0.52145624,1.1210260567381156,0
0.013437825533628229,0.043478657,0.3625071301544199,0
0.025337177183562685,0.066835165,1.0025180292211913,0
0.019320065486692167,0.022527155,0.7571347060359903,0
0.05497168027777763,0.23487645,1.330110411967898,0
0.036705770634236114,0.026126787,1.7991430701033373,0
0.06113248011591788,0.13981926,2.508538234980186,0
0.021855913455421025,0.08069043,0.37907274438497757,0
0.018353542896380207,0.07527371,0.5384464707001178,0
0.03245870949702247,0.075237535,0.848319203390174,0
0.028251582462546762,0.026514338,1.0612819267406517,0
0.030998930692194594,0.015510005,1.7761078980813019,0
0.019515503372374603,0.01102492,0.9656313307797392,0
0.06232813014841757,0.030418111,3.3717504127513256,0
0.013992398787755711,0.019192401,0.6541293403873142,0
0.11065987442113609,0.2876611,4.433202337471964,0
0.11350363471155647,0.09498084,5.5980080902074025,0
0.02355029622459845,0.037863616,1.077456099627217,0
0.033056086078214406,0.1241381,1.0676495026999433,0
0.04436630762685386,0.057014886,1.5914759155452152,0
0.19976668230225977,0.12909235,9.842358933959375,0
0.0368508304420879,0.13780773,1.133331255654361,0
0.017729495688248963,0.084404506,0.42959195363886027,0
0.054982997085862566,0.10912656,2.490868795712917,0
0.07763148319336957,0.10272672,2.6142800038398653,0
0.21462909115138332,0.105641425,11.320538441583047,0
0.008260421022633468,0.019261247,0.30669577277067916,0
0.1338002371817712,0.3851786,4.885111095376583,0
0.051184664970758464,0.102357164,1.4858391133364577,0
0.027102585823787488,0.054225188,0.9711978282432511,0
0.011281653501517656,0.007831185,0.6463911315659487,0
0.06410768095900415,0.037067816,3.426004279966253,0
0.05353637199235393,0.028824702,2.564751172529462,0
0.0671695295592615,0.13284722,1.5616049962559886,0
0.007731901328906516,0.02138973,0.2332077557883698,0
0.023497495674073318,0.06609238,0.6278035537994092,0
0.2518731489631447,0.117162034,13.169161614152499,0
0.07178994784539035,0.22850636,0.7652226739490359,0
0.03288889604871881,0.22803052,0.3786081236421871,0
0.025355360621388597,0.06359229,0.3200160891153464,0
0.04831889777345106,0.10217135,1.7205620807724193,0
0.01717014771716831,0.012341863,0.9837769978099293,0
0.04310220937864761,0.05323944,1.9522025296917815,0
0.020844832545018867,0.03177486,0.9608571929296865,0
0.10130217930378205,0.6247113,1.6965068669835044,0
0.015556329006574644,0.009537534,0.8913119967936678,0
0.03919473980328236,0.025959723,1.904637625435975,0
0.0328868306143856,0.020311227,1.8842765957659229,0
0.017598730786203207,0.012844694,0.864053083325035,0
1.657283520303859,0.09845391,93.64327652619039,0
0.0239484227927431,0.048822504,1.0113639687552982,0
0.07209512980628126,0.156642,1.4002773684580623,0
0.026317270364595288,0.08490203,0.989999948787664,0
0.05918991660192955,0.038820177,3.034130619583571,0
0.01739520131169448,0.0503044,0.5954863707746652,0
0.03031639449668049,0.044233233,1.4274846556459826,0
0.036171300642529186,0.030516207,1.4931225390164342,0
0.12203883093830542,0.32493111,4.545038655707922,0
0.030455695479160737,0.058084704,1.3359351100565258,0
0.10330010185112351,0.873959,0.6302556939774944,0
0.08629368028463029,0.17953044,3.863673537638042,0
0.10200401648680583,0.11611295,4.871055632997947,0
0.044458139151693006,0.20594181,0.8762327716311514,0
1.9377159088954288,0.03080646,110.75613182013265,0
0.05943959234750806,0.03584017,3.074808173530641,0
0.08809056798050476,0.38326505,1.8003204254797867,0
0.04533959087824557,0.06379976,2.158677632445484,0
0.03091171337223613,0.0142405005,1.535134374710337,0
0.04023249433905653,0.028004486,1.9377636399350553,0
0.0366888580190495,0.08083426,1.6086071107782305,0
0.09086343937165586,0.23487878,3.270199332194368,0
0.051810103314690145,0.28691715,1.2017488838396442,0
3.1085753003827326,0.2500798,172.8943189354364,0
0.01684081228310108,0.03563645,0.5917016089151873,0
0.6485443997932163,5.665815,1.3481614562412396,0
0.012862273540854525,0.015965106,0.5844747113682732,0
0.0431150413784878,0.033535257,1.9915886690605287,0
0.02366233697445858,0.026841821,1.047125515455018,0
0.026221491587551368,0.0457622,0.6856524461246017,0
0.03722131785143783,0.02962959,1.4988352128218392,0
0.013542866715192788,0.023253892,0.4055288167331946,0
0.08001208871544459,0.020474756,4.44234687620112,0
0.028283616202338067,0.051074337,1.0968773490745,0
0.04941426108695898,0.13816561,1.4731670476061351,0
0.9257449907913948,0.12571956,50.75892578212706,0
0.19683758315237315,0.06193033,10.526539342564869,0
0.2773511590546058,1.8521394,0.9496039436847163,0
0.126896010665136,0.56999165,3.674900997817177,0
0.026486265385469273,0.0756888,0.6265800983750841,0
0.02418460973505044,0.12778583,0.17657794414546005,0
0.049206549170616135,0.015856855,2.5522869121669105,0
0.03772736607939546,0.026951853,1.916930469768997,0
0.05240042522459457,0.047855917,2.4688158533299625,0
0.045773513520727886,0.055640887,1.9061361577902975,0
0.0414815152997214,0.19158646,0.8111291414001555,0
0.026425454647553775,0.0365005,1.1851127061930864,0
0.05279223064718695,0.11956334,1.7700691381197247,0
0.09646788382554267,0.2330719,2.074003458593114,0
0.07426126916141133,0.072307035,3.7406880806738756,0
0.06416687555085199,0.0072909007,3.676491153605008,0
0.01698520867780802,0.030956475,0.3292606319596091,0
0.057464690911210245,0.21962233,1.2866171432318205,0
0.06202755698755252,0.049049925,3.2270565251310144,0
0.039604146202038115,0.03917331,1.837075303063064,0
0.02086862782413184,0.04535567,0.7142703677347316,0
0.11306596140402148,0.097127765,5.501055788861897,0
0.06377956200846231,0.122225404,2.8627847977756247,0
0.04783209510953508,0.10282088,1.056400335282068,0
0.04852123712032773,0.10401123,2.0173887202335257,0
0.02952451084273002,0.08423497,0.880432841746583,0
0.0670750186592941,0.22364557,2.013617294239148,0
0.030765937236438924,0.02440945,1.2125118602129068,0
0.04386609291534668,0.036330897,1.9762242357413342,0
0.031659384967545036,0.03583423,1.2480926205987324,0
0.023718076599088,0.018201474,1.207278922197017,0
0.11505981803981381,0.026441596,6.181567800236328,0
0.03348911231938745,0.16567603,0.7567354702988187,0
0.477341852641439,0.09579695,25.77772695489455,0
0.08802497925486505,0.2267969,3.4989506201192913,0
0.1564380364946476,0.52004296,4.9795130569135235,0
0.04367863772703217,0.21337043,0.9913546879347537,0
0.037561059999059926,0.08550209,1.4413473970588784,0
0.05116785533253168,0.11964383,1.0300511338588336,0
0.038161014649669554,0.018014599,2.0117320337253846,0
0.11047693432158719,0.021746939,6.128139543368257,0
0.031644229297327034,0.092382066,0.9328820436651954,0
0.13642785632633686,0.42912754,2.96227520359668,0
0.022212955890425625,0.0722992,0.4438371528028349,0
0.12497978991242438,0.17736012,5.7497563142705745,0
0.17099733783359533,0.047230326,8.905504232411143,0
0.17086028416085852,0.18920998,8.62264804900945,0
0.047920253555208736,0.103410214,0.45734009980189766,0
0.14168756710306346,0.31885836,5.966958846143345,0
0.030594320225618327,0.07010039,1.1689427578596916,0
0.019609276649280392,0.052732956,0.8012732892322877,0
0.07200444912855833,0.0922179,3.489549972537159,0
0.07870886523629583,0.3565445,2.3040612512859235,0
0.19684068352319545,0.125444,10.313657927388384,0
0.15616784962271724,0.01836666,8.684048170090678,0
0.10528565311701359,0.64863014,1.6509455798924861,0
0.055319462699353346,0.04664199,2.8268997862430427,0
2.9906283317826663,0.031133933,170.71960958484306,0
0.046402255165347336,0.13436368,1.7278864271929635,0
0.028144766228674976,0.23967202,0.1694670585752561,0
0.020871617292181482,0.11623238,0.3363421227006291,0
0.04792866595978773,0.047563314,2.1369041473301666,0
0.2563431589820806,0.13118848,13.527435703190422,0
0.024890476214745865,0.051561527,1.0051438093744158,0
0.030011007850495177,0.21160519,0.39292692564261233,0
0.1650193970779358,0.049743958,8.967476085641998,0
0.04827987203568786,0.05901549,1.648198490785273,0
0.061219544004788934,0.08263873,2.2577970887592227,0
0.04797602861595772,0.02430548,2.387548892029939,0
0.024370937501070732,0.043485157,1.0789332006619696,0
0.009426229012715892,0.012198498,0.5400831391523894,0
0.022979217831293065,0.03898599,0.49654148012245647,0
0.11574142129255408,0.026058147,6.39996165392714,0
0.046318213187893205,0.17691557,0.913785220438252,0
0.11784245540564868,0.65485394,1.7595188962238895,0
0.06417746199153397,0.043930233,3.340783172628264,0
0.07052829545586284,0.2756783,2.0349872340012714,0
0.062280137184696445,0.0335881,3.05847099040783,0
3.1036438269833617,0.018338244,177.58978452091506,0
0.059303141953997385,0.079771735,2.704369048892109,0
0.06345258364518344,0.12704882,2.4385996696259675,0
0.052832121553486676,0.06801337,2.527121677994442,0
0.0536057285173689,0.03986609,2.5473773591653446,0
0.058188648245513376,0.16556655,1.8385383307728465,0
0.0972563985915846,0.12192413,4.0780071763622585,0
0.03795772079851905,0.10170343,0.9976050699354164,0
0.07146176269187121,0.10737578,2.9303813216535164,0
0.1830334013163096,0.09909295,9.35549773265282,0
0.15019886464317,0.33773482,3.754767303436434,0
0.10073304556112571,0.09598358,3.7449453416362726,0
0.04891425806181634,0.028091466,2.3715668468283257,0
0.03218228745618766,0.03141393,1.650958550037832,0
0.054242543815759395,0.034442443,2.8066210161559444,0
0.027193366620709605,0.031370223,1.3083031828199272,0
0.026850738015481084,0.03287473,1.1147968445942165,0
0.10428138533696005,0.006201957,5.974883261585239,0
0.04277497778102221,0.10238428,1.8104130717728852,0
0.07650782558257778,0.51089275,0.8282799753830352,0
0.05729012294688414,0.087780036,2.7313471381594354,0
0.056594663605669275,0.10802986,1.3052289441615141,0
0.028173249727882606,0.05823195,1.1519787743114462,0
0.03599624001959922,0.015370135,1.81664000324784,0
0.08593731436658648,0.08963258,4.109494714397601,0
0.01846951845470972,0.081513,0.491693068509618,0
0.06460638962923357,0.085796446,3.0596389283636825,0
0.010834754133337388,0.018138777,0.2768677833062959,0
0.043115986017213025,0.019555412,2.3423563848471276,0
0.15351600605129692,0.05000097,8.253600611757838,0
0.07331176472300646,0.21417207,0.7366899017997509,0
0.03148482360019213,0.04140412,1.3523550398775195,0
0.059359697246475406,0.07068022,2.965114203595893,0
0.17162198500002598,0.13706537,9.005756403706213,0
0.0951371264257241,0.10166867,3.256275166219797,0
0.10228470902364899,0.58847255,2.022582619449331,0
0.06897321444429388,0.10586625,3.063561508245781,0
0.03734271648372657,0.08886035,1.541639837001397,0
0.06554073969221105,0.025015822,3.3390332453429687,0
0.056825269595872786,0.24858549,1.4249990484851565,0
0.04025886694902568,0.08831809,1.488660926136948,0
0.016614765986813138,0.055582304,0.26933619082025273,0
0.09635042529808555,0.18432547,4.163230572693658,0
1.7217602164840526,0.01496893,98.43972224863592,0
0.03867889395622061,0.15140061,1.1317962908098536,0
0.21728367181820935,0.42670387,5.335966086450031,0
0.04484006600272442,0.1693059,1.0558452335027835,0
2.1468222059024717,0.07843349,122.43337606092503,0
0.08160972523496415,0.03536354,4.311015233141649,0
0.11669677053698035,0.121035375,5.845363950513057,0
0.0382758267223835,0.13368107,0.1322596224654075,0
0.08128404986672873,0.18708296,0.8519792256767562,0
0.030771828434586604,0.04582004,1.346742186272186,0
0.03262426912896521,0.1157302,0.9267344868883548,0
0.16935915959589307,0.61034536,1.9995624754380477,0
0.02503845168547504,0.07241493,0.5931336159391511,0
0.023419910289968145,0.08903599,0.7502212652475992,0
0.0574550221591852,0.09998502,2.2983571771421656,0
0.11013129548546481,0.094203554,5.3939877958927935,0
0.024277155765491828,0.011149485,1.390978563944375,0
0.03599934008470921,0.17550494,0.21694714307901083,0
0.033998965449344255,0.058244973,1.1920642807592257,0
0.04022768731329622,0.022865167,2.1662020779043876,0
0.023587120931602413,0.0056823506,1.3514424802455007,0
0.20166733902712106,0.04414029,11.279746744626829,0
0.04497466044092453,0.095631406,1.440966606587749,0
0.036909445474798436,0.10680288,0.7745039278659606,0
0.06322907385638375,0.019385124,3.404830069593589,0
0.020949704744803677,0.04422846,0.6241419491727518,0
0.018017571145704445,0.053858552,0.6378158022535931,0
0.038939525406684515,0.015715288,2.0872454344647857,0
0.04972674936433721,0.07810497,2.3072959883366693,0
0.6474827178855658,0.18476723,35.789084253876126,0
0.0593002621503168,0.06918598,2.5999689582586436,0
0.25349563863297525,0.43247506,5.692613768029805,0
0.056777279738064436,0.20106284,0.8129824709430044,0
0.06790376942928825,0.25370374,1.498985825002677,0
0.059044080332958285,0.29390383,1.5343585886892672,0
0.03856314601036265,0.03941413,1.9444439054206206,0
0.03960608641475193,0.016230933,2.1309615764037666,0
0.12127904227794652,0.23662306,4.30444690374295,0
0.07985433926881456,0.05680956,3.5164350569244385,0
1.2332725601149221,0.26440817,68.79879416208048,0
0.12380478044473205,0.24693489,4.811354873483246,0
0.6361036656587883,5.5846744,1.091934136647433,0
0.042044102951039455,0.11006051,1.4161126077030963,0
0.1521184801146821,0.013816071,8.572597790858913,0
0.042124338706571514,0.059347212,1.9328098809894443,0
0.11214969518202941,0.25714466,4.685738275983941,0
0.3047312265042984,0.1364881,15.762766540835196,0
0.06335718730820519,0.14817913,2.166747626604029,0
0.09125503631366595,0.10908337,3.9145349400117797,0
0.03444705444001418,0.11813073,0.8451306323400368,0
0.04673154379262313,0.14717221,1.5476839973229164,0
0.026828713131299226,0.052888084,0.954786987986234,0
0.2906306814668865,0.088672094,15.926113612547496,0
0.06285218957836752,0.040038757,3.0035236969813335,0
0.04101579206467082,0.17437227,0.8443531817075828,0
0.05696529436390653,0.121468805,2.2001842419849775,0
0.038623369352202605,0.11412563,0.987675826086272,0
0.05056472901003554,0.28883246,1.115610141088697,0
0.03176476970560744,0.094776504,1.1901234711378765,0
0.027091851609845508,0.09560958,0.4888944907651198,0
0.016151851257190958,0.030291647,0.6494374504394758,0
0.0335838369726074,0.14806627,0.8874166164128546,0
0.01815587129544837,0.049344726,0.6211010036066105,0
0.038443588315643984,0.01836044,1.87923608422781,0
0.029482811242569414,0.11944048,0.754747403630454,0
0.08973626421218434,0.12978278,3.9520325117232336,0
0.03907144735367567,0.05277777,1.6541591267454883,0
0.0360038838069153,0.13209575,1.2031561181291768,0
0.09518592049313813,0.01646813,5.285099295059695,0
0.018182521425840127,0.07380385,0.35516891480251295,0
0.03197673250501126,0.06122857,1.147685495339836,0
0.023490628197025555,0.045651637,0.805119538999648,0
0.04951506940480216,0.11460253,1.610952886333255,0
0.012471815308205653,0.029440442,0.4948745910975515,0
0.03619410605220965,0.01482979,1.841229299764665,0
0.05370429938886421,0.0072617778,3.0770296966889252,0
0.030542767184742657,0.02134578,1.6151489361437397,0
0.095882456865655,0.018542185,5.493660107747195,0
0.07797816911515468,0.16509694,1.5436463132610971,0
0.06057475819998808,0.29775974,1.25389719263143,0
0.04086740486291429,0.08686151,1.6125370047144802,0
0.22932209432716438,0.26185933,11.31573767397105,0
0.16142899895424373,0.04485881,8.77558519565433,0
0.030486449591248833,0.08434187,0.7563120756997425,0
0.07938627554262465,0.19916528,2.6860421300891213,0
0.17591331411134853,0.2808677,3.6082823640774664,0
0.020153545902580422,0.07606607,0.29540760993110904,0
0.06578602112818804,0.022827735,3.5712066730656815,0
0.10517430348300585,0.079446495,5.288041762984432,0
0.10827418063604073,0.081870236,5.008249026628826,0
0.14886757383659166,0.25542107,6.82982995893209,0
0.019178678344795405,0.03831825,0.6886816010109948,0
0.0929369830828598,0.2199239,3.654472530736075,0
0.1435771217216874,0.019740092,7.975628012115953,0
3.04185685901133,0.075505435,173.27955478835406,0
0.09114636721693095,0.652729,0.5098891274839299,0
0.08814258414842913,0.5905702,1.2712021021544466,0
0.6334599778922747,0.04304699,36.025768562411066,0
0.05521886674246735,0.018293984,2.8800476180075187,0
1.9718849008381791,0.38268355,107.93284272344681,0
0.06832398973518784,0.41933703,1.3431958330630702,0
0.07323958087832305,0.6354012,0.33186785468073615,0
0.08168377330498698,0.07051651,3.682233408117752,0
0.046260978015761886,0.0700573,1.930739673974984,0
2.6737659891883143,0.18933313,150.40748910748366,0
0.05716340273907633,0.1337084,2.345298187525872,0
0.7553023591117403,6.8613605,0.7789039270423732,0
3.0817470329027357,0.02685014,176.2152984837775,0
0.0590964120610291,0.012346207,3.250689171768275,0
0.06763602134458832,0.08259309,3.361866810168272,0
0.30452323808596427,1.0035195,4.167530908357073,0
0.04371226885137204,0.06910327,2.0564826227239386,0
0.046921033054745806,0.028437315,2.058766751561844,0
0.029605474214351495,0.09042199,0.9719634468658408,0
0.17354935619858597,0.15434586,8.95634799272516,0
0.0417682748676875,0.028855031,1.7610670882589026,0
0.04872754626422103,0.050438046,2.4880503194767716,0
0.058540276723304654,0.07167542,2.5672761970389932,0
0.04020672893293553,0.029380977,1.9410174303092476,0
0.035001264364911966,0.031506885,1.5747192932507381,0
0.056906233367053694,0.070207514,2.804133513413868,0
0.029941882962473042,0.07714573,1.1413540135328764,0
0.15147665610879935,0.48208392,3.645783638517917,0
0.04922160501060754,0.030861327,2.6215592155381957,0
0.05590395354105618,0.10323373,1.387992892467247,0
0.0435616027216101,0.021370968,2.3659264094711627,0
0.05796465985581435,0.18593997,2.181637318255044,0
0.2379921194865163,0.6571476,1.8315841935114185,0
0.03196506463587054,0.058555514,1.4076487501580761,0
0.030107725851858017,0.100138314,0.6374397025094646,0
0.03823333992757462,0.074290544,1.6304334509988263,0
0.03600431293894876,0.05838392,1.5613889093878093,0
1.476934360234677,0.078995705,83.82013618322252,0
0.052111417007382504,0.074306205,2.3941485876275514,0
0.09948322962266412,0.4185909,1.3892737337480223,0
0.03127685617453219,0.1411892,0.45252162219851694,0
0.11274390239549077,0.22173415,3.685122666892468,0
0.048897949832064164,0.08931256,0.765107216973813,0
0.2774176577842537,0.06567432,15.040846436300784,0
0.04582087537402665,0.14738464,0.3862951316922271,0
0.15813520017004593,0.6441433,1.6220082588579892,0
0.0323533772756284,0.026374416,1.6167776978199757,0
0.024837446367553556,0.066331565,0.8449546962907004,0
0.1332922754701155,0.68301517,1.2372261752479705,0
0.057540939455601396,0.22784169,1.6155390567404129,0
0.23419297012716203,0.045714024,12.915115210747945,0
0.030419446153012723,0.067954056,1.1292772023475088,0
0.05307771826737526,0.39562628,0.640176450107098,0
0.06441521627638283,0.27481696,1.4734734982817497,0
0.044141533463578526,0.056343414,1.3581679969443077,0
0.05943526956668258,0.017039392,3.1403189697610983,0
0.03571562449373896,0.03713243,1.7734381695390247,0
0.04475215353333322,0.10884321,0.3177977611213209,0
0.031046139336826425,0.05286723,1.1882416748897027,0
0.014132408700416637,0.02909531,0.4432210762113933,0
0.04836319854169395,0.025210096,2.398131845516972,0
0.03025072390153559,0.16715999,0.3874122495769705,0
0.05072307477470271,0.24128498,1.2685586989835123,0
0.08643757515219809,0.07235648,4.30852658307467,0
3.009155899931192,0.09249351,171.44119061961302,0
0.08778286133041716,0.21071206,3.5756012365733714,0
0.05465650086229472,0.15226427,1.7921341123221812,0
0.16274147359244634,0.10769127,8.647488354807512,0
0.05117747806421341,0.05205891,2.533196548654463,0
0.12062457641342575,0.3369412,2.6066744992734696,0
0.039178823726886844,0.05633304,1.6340346415175193,0
0.04673197085603223,0.17902224,1.5304347043994686,0
0.016578548705245402,0.02430611,0.5164085718381841,0
0.038029681159655826,0.05391102,1.755560358843922,0
0.05880783681696739,0.025275411,3.064552573218585,0
0.7364796173349499,1.3801756,33.45108751019723,0
0.06487457045165874,0.03968342,2.840955639284929,0
0.4788892483603879,0.17107983,24.123144657886375,0
0.0663772525811687,0.16136381,2.2512155299188974,0
0.10248564268186491,0.57287544,1.7997455031885663,0
0.007310070549091057,0.012344125,0.2921547908995069,0
0.010620829397740372,0.018158626,0.6085286994189952,0
0.030517882745165516,0.077184826,0.6463486496546249,0
0.032914168069934864,0.1230245,0.5158064337167528,0
0.05837461033307513,0.17226678,1.7700219962707266,0
0.039462517664087024,0.14733581,0.9114989738146123,0
0.10792339530938289,0.12514094,4.138739431533554,0
0.9149032142375674,0.055504996,51.173851613606985,0
0.22909203569345823,0.11023434,12.401123270993757,0
0.12697051907416446,0.34096423,4.744317739132129,0
0.14773676699246646,1.0066059,0.6963237873222613,0
0.05225503625132624,0.0191155,2.8463870179701565,0
0.16363986766504443,0.08662177,8.51561107779728,0
0.028417864751590027,0.06289447,1.1740818738046095,0
0.0351462127186508,0.15502688,1.0274348638505262,0
0.04766940587268567,0.121765524,1.2391826948000555,0
0.015841527598342085,0.03126346,0.639627591698533,0
1.2695836269256162,0.016421564,72.56755645503857,0
0.07737090002602749,0.13205206,2.3162221253427058,0
0.04036430154600075,0.23161197,0.6314202938169133,0
0.017712151281617378,0.12596118,0.18470088825943037,0
0.03193221020031016,0.0772103,0.7155309175963919,0
0.04549153128108964,0.02727347,2.289682755955643,0
0.09437822920585473,0.029998368,5.01680374599048,0
0.036892643511138336,0.039209906,1.7902168518882329,0
0.023623377440218467,0.04480098,1.0570997537525761,0
0.07243229965061064,0.033753056,3.8303014134392726,0
0.10033805174676994,0.060796637,4.959318644828638,0
0.171782836691857,0.1560161,8.492211245404903,0
0.100206523444833,0.36004147,2.54336945460054,0
0.046010893864388384,0.254253,0.6918277853904664,0
0.23026965851544962,0.05003814,12.159237290970115,0
0.09551710168218752,0.61587036,1.1465353500703337,0
0.5647322815902824,2.2750103,8.78083816195989,0
0.04594313002117222,0.07343138,2.030551379534328,0
1.298359974185796,0.33423668,68.60458086552153,0
0.10713751345264476,0.13211483,3.6705006038112824,0
0.07747551425474018,0.39686555,1.4223109083322758,0
0.044419411636519905,0.22320071,0.8044647001851085,0
0.029096752035825915,0.0921245,0.8538448084676861,0
0.1029844374436866,0.070705846,5.101098111072443,0
0.027700672992690727,0.044441298,1.17456917645995,0
0.1493247518908232,0.17194712,7.237625400028586,0
0.04186092949962647,0.12473547,1.1188564253052393,0
0.3490562659295184,0.1342667,18.517920707348985,0
0.024449071862434477,0.039746065,1.0275028170536715,0
0.2812547039854262,1.7258568,1.0975547765999918,0
0.028277265763677957,0.089168794,0.8873003725129386,0
0.04434256683527704,0.117711306,0.6309665039492476,0
0.42708640575459056,0.03718121,23.85559602511983,0
0.021408262234341027,0.07438312,0.43663155754386807,0
0.14095109344965323,0.883441,1.273492835534531,0
0.012087012724835165,0.024349593,0.4436170828088974,0
0.028563921112703623,0.05437534,1.1773732151583165,0
0.20471848958233707,0.03838611,11.33896074746777,0
0.03065049556272828,0.10322172,0.9465357800326714,0
1.7367268041873376,0.32623115,97.44330843544427,0
0.04439991462590199,0.026399447,2.281861551242889,0
0.04534841155936337,0.13293251,0.418353256453936,0
0.052451653255538126,0.09421464,1.3603431551598477,0
0.03963206309077514,0.03980363,1.5963633767510363,0
0.020835574161294543,0.049869426,0.8507962389416853,0
0.0681542774928713,0.013959998,3.904952456104983,0
0.035015358237284806,0.036590826,1.2598201546519292,0
0.0161827341178606,0.03228126,0.7313069243100432,0
0.0699102584749375,0.03344359,3.4413594078445002,0
0.021839241686734335,0.022141473,0.923674373364911,0
0.028145260233416708,0.11114446,0.9266349058668883,0
0.043145008110128634,0.023750331,2.1270923935637973,0
0.07690986553538603,0.06777897,3.692810039496469,0
0.013787179426399423,0.06543948,0.3681166837338556,0
0.1448357860670835,0.031012764,8.048946973915756,0
0.027408084860191136,0.0329252,1.0752194264476336,0
0.15002058323292206,0.59437674,0.6229507478058351,0
0.01918247305832929,0.01365891,1.099074746865677,0
0.09044939686384997,0.058413118,4.653601227551986,0
0.041875353754241895,0.103671536,0.9202106146016883,0
0.037296667480478544,0.22919416,0.6786833354101243,0
0.03898515832304897,0.065951385,1.7707229675072138,0
0.026252286036660664,0.07031541,0.958018741083998,0
0.10006924026676858,0.11297642,5.05126168200055,0
0.051233817870199864,0.11061873,1.147275575397168,0
0.05807300376655847,0.38887432,0.9078835248721014,0
0.07181844628700125,0.16693008,2.236033473714014,0
0.11287032161030014,0.13327561,5.4166080434541,0
0.20973841234528695,0.089445576,10.983582564448527,0
0.025777779845866083,0.080472894,0.9732185724098275,0
0.10042634907321091,0.39364982,2.2391327637494363,0
0.020238755691045465,0.044715397,0.6688212189487119,0
0.6603258731233472,0.01350621,37.66908210652932,0
0.034057509903777344,0.0564877,1.0933596498171327,0
0.170043931589976,0.27120143,6.745797768036537,0
0.02037755742782524,0.018087346,0.9687571024941326,0
0.7162531039261573,0.58311707,32.310577111759734,0
0.03188094500789054,0.049582064,1.0643727666002494,0
0.10247016262008467,0.21034262,2.7189469407720273,0
0.026356177104987777,0.025359208,1.0779562591421963,0
0.059690146264238464,0.14511754,2.1396812230080156,0
0.3536016221745346,0.046941,19.351485270205956,0
0.04459794898016708,0.06697428,1.9899138806920045,0
2.709831896311949,0.122044295,153.4685457940401,0
0.07117316686343711,0.28802276,2.3338992253067263,0
0.09856843919853561,0.2993378,2.1925222968635785,0
0.0518630091024129,0.23773785,1.0719600901444932,0
0.057521845752958344,0.1156199,0.8827588121702508,0
0.026633266354265477,0.06202255,0.9677047764807586,0
0.14291889509164038,0.018252313,7.982440794316636,0
0.021577831581748943,0.016143642,0.9897208105126575,0
0.08427166131202445,0.3792383,2.1119347963506994,0
0.05409087885712503,0.08764549,1.6129898828705567,0
0.2331326791257045,0.15124556,10.639011937035312,0
0.01026113671074002,0.016765801,0.25002908763115483,0
0.05502699434916328,0.12168829,0.5201840739300442,0
0.025320700328286774,0.023143781,0.9189326347001935,0
0.02872033975951889,0.10561092,0.583695373269883,0
0.08184564773225828,0.014180833,4.689410186572876,0
0.04105630578642908,0.05540311,1.8262941686032188,0
0.017870986431601385,0.028389411,0.5189048694669613,0
0.05911482747357767,0.22440755,0.8984707604665487,0
0.07475590635923417,0.017312212,3.9343400397853845,0
0.021913676776080894,0.03558133,0.8869280926931733,0
0.7296044228183048,0.09467578,40.53764933011131,0
0.022572415436467486,0.021262221,1.0483151775158173,0
0.09536241585844757,0.2416727,2.6337336622438507,0
0.052637870726549886,0.09622067,2.2301878889884375,0
0.4652429205619165,0.15907101,25.32732553004589,0
0.05312582934145419,0.029507086,2.738813110602305,0
0.05336822579574467,0.15874135,1.5617468786754962,0
0.0431507763388764,0.08968287,1.9284444838041765,0
0.022494047822875694,0.005891357,1.2888140044162153,0
0.04588949335497547,0.018468315,2.6292742932337307,0
0.1423736044871092,0.09664758,7.457947842368672,0
0.30469975964109974,0.09849855,16.768101215676545,0
0.11680073329608481,0.16243319,3.81526727971254,0
0.11074083763329941,0.4520665,3.0867271037152606,0
0.014573156808334476,0.056795266,0.385381896523348,0
0.05543345123447943,0.37881562,0.8850618377926663,1
0.04728225374345314,0.20388396,1.0526570889900304,0
0.02936840100828413,0.08455559,0.8326478960468351,0
0.024462379867384035,0.014304805,1.1843384137982647,0
0.017938363599439098,0.06254986,0.3465931603404101,0
0.047320573741245174,0.012498094,2.5693833720460137,0
0.058066137612760985,0.060041472,2.2972511252187267,0
0.0857065955790732,0.095463686,2.7688165503999533,0
0.10979554995017649,0.27642867,1.8903292415964672,0
0.1811400711748553,0.04976449,9.728396939142092,0
0.025716191426842214,0.09064231,0.5593769270757915,0
0.14306865596695856,0.19572796,6.7929549068271955,0
0.051078229551748844,0.105957724,2.102913399086712,0
0.041635271826566365,0.06839622,1.9730180006099787,0
0.10600264084341837,0.0808627,5.062347044749516,0
0.017633726424360154,0.01879919,0.7949738189991075,0
0.039694132014688674,0.16285121,0.9853098407825105,0
0.021208607985983507,0.023613798,0.9571591740604679,0
0.053122962107714694,0.05305722,2.2292210919554574,0
0.0694078371715336,0.04778238,3.683439093641072,0
0.03196288341846083,0.04625511,1.1362267141022626,0
0.08778988196749994,0.12119717,4.133876798989953,0
0.05749326770564843,0.14673272,1.019136055023353,0
0.018865885698947628,0.02113408,0.9094277096370449,0
0.07457669011328236,0.21699104,2.7212271542219084,0
0.038288505042096056,0.033192,1.7405928278452127,0
0.04119714207273313,0.10797266,0.5502779509688495,0
0.039379614540291,0.052604258,1.1232387573670797,0
0.031013675439473944,0.038605075,1.0064999543344055,0
0.071907056624017,0.1622286,1.5698403341910419,0
0.05661016958242712,0.10928448,2.4769821761304325,0
0.02833594268015429,0.05358976,0.7247129945386294,0
0.04316276058921347,0.096838236,1.849937115055231,0
0.049977253990227094,0.060365334,2.397640783802285,0
0.053327485805847515,0.031927586,2.7754804464803873,0
0.026684096740811642,0.023197789,1.2724666812990078,0
0.3064098740188406,0.11347232,16.487520370618636,0
0.0849263217275673,0.16576436,3.6662551334549938,0
0.02002527714368409,0.05153328,0.7331100359459876,0
0.10511911416330907,0.24718177,4.3829778207054595,0
0.037310697648196556,0.15342978,0.8683002071701189,0
0.1009251745372083,0.024956161,5.5457513923194846,0
0.23134319276357046,1.4456764,1.2096007696952313,0
0.19594034884239947,0.0936201,9.562827451437819,0
0.1142812531552077,0.49753082,3.1714590272145387,0
0.039405408754254995,0.006559486,2.257763611606678,0
0.0648779450786029,0.3319238,0.8805707774750442,0
0.018056410510026523,0.07679817,0.37126641323990034,0
0.01972987259840349,0.020105854,0.9976617538894648,0
0.08161853410377369,0.13190843,3.75938103197995,0
0.016012291871842138,0.03672942,0.4354825351353675,0
0.09179151185786201,0.13257192,4.221339579248005,0
0.05436632193288968,0.023105871,2.592832319387763,0
0.06839820101379865,0.023526447,3.42623105449534,0
0.22423706363437607,0.30142182,10.509238214564977,0
0.04321747826655741,0.07615547,1.9785451299624588,0
0.05665977832858676,0.38941416,0.8588931787907337,0
0.037640133551222706,0.1530884,1.0441112564891006,0
0.017188602608174314,0.013647694,0.8335631707394865,0
0.1528606591325079,0.089748085,7.95984077117401,0
0.01747494924637604,0.049823545,0.6590809650861431,0
0.06971125532527056,0.2451343,1.6453559893251755,0
0.06988325389909314,0.26456404,1.36602484109737,0
0.10078827629259143,0.05443115,5.107757114348183,0
0.03216946956347269,0.01841317,1.5696546538043736,0
0.09472318703961066,0.022982236,5.097825966082562,0
0.056411449575973875,0.19661893,1.087625917169022,0
0.015256769984254574,0.04341005,0.4390787925026465,0
0.04872593548086514,0.24363172,1.1618602591663973,0
0.061458673334459056,0.03850744,3.2367927105274426,0
0.03626984658920984,0.09794228,0.8204840103556942,0
0.02875956352747098,0.05572054,0.9931552462125662,0
0.035574693514882426,0.026759923,1.8716684834899762,0
3.0906145271512027,0.0067669437,177.07916850758448,0
0.03903215343725646,0.035023995,1.4574704615547007,0
0.04424954581055976,0.1255358,1.5813556004743479,0
0.0738718713092559,0.40786633,1.3927330863283294,0
0.10481985694477884,0.26145273,1.5022514635134414,0
0.6696446257291317,0.09282362,37.61619648114371,0
0.07006963366139621,0.12733205,2.8108469726280267,0
0.06157794469728167,0.18207878,2.1475011563659097,0
0.030903354097129836,0.2587947,0.18908972085977183,0
0.44272459918852514,0.040380888,24.986691511571628,0
0.12113324220083752,0.47866726,0.4296998166724786,0
0.05747593034673634,0.1321642,1.256850765389151,0
0.0903374997902921,0.30191585,1.8714229433929055,0
0.09813704789910728,0.021642443,5.179120941910445,0
0.04184810558099103,0.061185975,1.0211347969454265,0
0.06151061812962605,0.23752755,1.2126466892436187,0
0.04134215559524654,0.037412703,1.7230282127796435,0
0.03608173842495809,0.030978438,1.7634247034876098,0
0.017525497055083453,0.01972764,0.6361558511553173,0
0.11569046828771391,0.37546977,3.6978532342732864,0
0.03144452845503234,0.042228956,0.9958525380054107,0
0.02494201424176743,0.04743634,1.1007718490758098,0
0.27525300792918006,0.1807956,11.877653438925119,0
0.05985041442366773,0.14619403,0.4821559215035476,0
0.08073511194475864,0.03279669,4.211786278522659,0
0.11990982083197636,0.63960993,0.6627173395256739,0
0.04309256644449354,0.124812916,1.3287945677611483,0
0.040967931312320675,0.20954452,0.6395051314443926,0
0.03330475488849574,0.018936142,1.6686497793587052,0
0.0596280816504852,0.049756385,3.1093448035136504,0
0.04083759222114641,0.10846195,1.4437351183098537,0
0.11637844965386597,0.054664176,6.179594271207913,0
0.12003235249280393,0.20845678,5.5008296175191,0
0.017307888298170312,0.072711,0.432699076699874,0
0.07887153785415105,0.22912796,2.957270575699349,0
0.10271659085653431,0.48433465,2.910251804470741,0
0.030223464963679263,0.00715955,1.7316769846803357,0
0.1933449390659532,0.253226,8.592766844897504,0
0.031603360523303876,0.024649482,1.4812999695193396,0
0.0832309272200273,0.30495617,2.7955940584081738,0
0.116398462805691,0.05880342,6.25768358163139,0
0.10690284392485691,0.060082912,4.882838664944751,0
0.05390622459295502,0.16945104,2.026182336450498,0
0.07331447752977821,0.19309148,2.592775818357477,0
0.041811690334650084,0.07546201,1.3369947301013128,0
0.0372326699636228,0.08018634,1.192821192901573,0
0.054772728195406524,0.12285837,1.977522743244975,0
0.03445163144342732,0.036794517,1.542492787582638,0
0.05809666182360729,0.040454794,2.667278177469868,0
1.8403390758650116,0.3799664,99.51983373027744,0
0.05991229410466423,0.09263432,2.045750296552202,0
0.2317535436026589,0.4580048,9.839811956243151,0
0.6336957524372765,5.5109787,1.5387375174117008,0
0.0486099392141302,0.33747756,0.5703018417241783,0
0.08471673494409515,0.48204646,1.886904511728253,0
0.03833328407951174,0.18390302,0.8198866427871112,0
0.021083086899572327,0.04002048,0.7794992174597675,0
0.05679483582213966,0.06638765,1.8253207037690338,0
0.05968433799312508,0.05328189,2.9037955318517956,0
0.019942526216308022,0.037083585,0.8771671495287705,0
1.5022792974030923,0.026963167,85.8500168080409,0
0.24114141430362068,0.30392525,11.786697690234949,0
0.06005563124479358,0.1419316,1.8986666061178017,0
0.09047133447929079,0.3034098,2.4464527224631336,0
0.044087661097249556,0.06958987,1.4403081180195767,0
0.1554149200881516,0.12922423,6.541959657197784,0
0.07038146964059498,0.021437397,3.783102487442969,0
0.0452715932978984,0.31492764,0.6218316898795605,0
0.07176339626312256,0.27385238,0.16112951058839484,0
0.06195406689128819,0.20445295,2.25212845564243,0
0.03536421964424355,0.106359124,1.0932262957185717,0
0.03817216329188003,0.09229275,1.4689543367593734,0
0.02648961291683619,0.07141074,0.9042958239850368,0
0.047539445079537876,0.09873953,1.3418032807779774,0
0.06397731043335521,0.17931229,0.8950562700544874,0
0.04189227565330583,0.03239119,1.7527047931947926,0
0.02924944600299969,0.056991015,1.124825995004357,0
0.022187636112587023,0.03243574,1.0193231240753424,0
0.07612118138492888,0.123396985,2.1046316601554036,0
0.09503467306227457,0.04109777,4.753035432520917,0
2.717180718123034,0.03977368,155.0187184489852,0
0.03537643328309059,0.16830239,0.11899260342555036,0
0.07005279245723067,0.44685155,0.8412772361635322,0
0.5532161509289389,2.8034477,0.6016913724225231,0
0.031384184896576295,0.08431,0.7835298429567924,0
0.010613305785966268,0.05157951,0.17993153200464498,0
0.026517132245488153,0.024102096,1.1315538349779644,0
0.08893338557033728,0.13427894,2.779650477513941,0
0.02916638931716917,0.04832206,1.1623951070321097,0
0.03348805950371685,0.014952961,1.722318315297192,0
0.12723904379539103,0.07145517,6.68233451592411,0
0.019350301973247643,0.02605808,0.7100123867954087,0
0.06237579902879804,0.04281818,2.7882417128124994,0
0.29231553581108743,1.2256991,1.3346066164037764,0
0.01408756265614917,0.020225706,0.5380915994549413,0
0.044804613131825044,0.05623309,1.840564160854502,0
0.05379833551417396,0.15909663,2.042077092917034,0
0.07626563070484746,0.20394684,2.8953197196218685,0
0.04982799446696963,0.090063296,1.0703508161192261,0
0.021533094061668062,0.044729505,0.4426504565223611,0
0.05313409992324806,0.03170817,2.5903876288273167,0
0.07728916123055143,0.095857814,3.0600793321618283,0
0.04337698761035682,0.027589574,2.047910709100417,0
0.050386727154242396,0.09166549,2.2051401442700067,0
0.017173742004241162,0.051822677,0.607148965701235,0
0.018083019182536183,0.034626126,0.4126074589180331,0
0.028774399517246956,0.021670569,1.1454176130235592,0
0.37617191921926035,0.62526,16.31298532693511,0
0.07957602012086551,0.06639057,4.110922080585478,0
0.3968897678288501,0.03749814,22.417118827747686,0
0.036296713062930794,0.09983011,0.7955874188928868,0
1.0664607301274622,0.1581185,59.91224823116795,0
0.29549664625826905,2.2015817,0.9379508153311482,0
0.02216844031583614,0.039065246,0.6655340884256467,0
0.04573504458174327,0.18813235,0.6740588928833994,0
0.017740212863899034,0.10686944,0.2791410011514451,0
0.04661893188253439,0.13130914,1.5539335074089156,0
0.04428141394330817,0.04506486,2.0363704311059587,0
0.03629990612025691,0.018729057,1.9259824468939215,0
0.07411080012264917,0.49232,1.205096256407948,0
0.040396069272218525,0.07890722,0.9009671106106111,0
0.027304109678778436,0.07394073,1.1045461509397771,0
0.15087551402931404,0.076865606,8.127667626497722,0
0.11082725270934185,0.14439857,4.519906950245015,0
0.03843488258322406,0.13424455,0.8975211642401263,0
0.07891266936527949,0.36522764,2.133908486734532,0
0.03408124681756532,0.1280462,0.8051758963262556,0
0.034619501220401444,0.078024186,1.0647500994803647,0
0.08086665334301267,0.05771365,4.155090986023713,0
0.012740137524368356,0.0070817205,0.7299561105625558,0
0.09327555269637322,0.0108052045,5.344295501252291,0
0.06218963572660938,0.21146458,1.7444034681220122,0
0.0777852695393729,0.09739284,3.0238303571265845,0
0.03195848471031615,0.12361674,0.6940844459180338,0
0.056199798150266086,0.09103339,2.3706532611833437,0
0.08436045002496266,0.11224903,2.543335528992797,0
0.04949250838801028,0.057576332,1.6252115088126176,0
0.022079772638764004,0.06247992,0.8278098211973344,0
0.055376606407178626,0.096758015,2.079247487569899,0
0.04715347490872429,0.18177584,1.2443635718148105,0
0.02755835809183642,0.016847616,1.4078804364486825,0
0.05517077890728477,0.06545185,2.6981623260485743,0
0.037301600456498385,0.04521296,1.7958660947579301,0
0.04803473707162269,0.066085085,1.9763755980676523,0
0.019871388127785092,0.04199723,0.8591611465228168,0
0.019087709983089233,0.064354524,0.3924452491633911,0
0.018378150164913964,0.07263327,0.35242796837936363,0
0.06621112794197029,0.072287224,3.1181226708842544,0
