speed_score,E_T,E_R,rejected
0.04702537654080642,0.005101855,2.6943556058017184,0
0.23252670218840704,0.068618976,12.87035065380935,0
0.10307944034237142,0.1992423,4.669542511377444,0
0.17697690180090125,0.499178,6.293339147814787,0
0.08448773571891152,0.17136428,2.5603849603910005,0
0.1416971897673153,0.42396033,4.809342967720498,0
0.054483514081709684,0.07066062,2.3861567774755046,0
0.05562577773391464,0.21863529,0.5442975639391995,0
0.04095646565042948,0.01760323,2.149387060956777,0
0.5912163497971213,0.1104692,31.437195035843132,0
0.08105373273960456,0.115273274,3.0298684384953267,0
0.08917599822696529,0.12122959,2.456646955342427,0
0.12185953749215153,0.38734004,2.7129866797850593,0
0.07414517605498855,0.10236269,2.870975279587209,0
0.1692390386660076,0.17134148,6.511355409643027,0
0.055128914176115734,0.079915896,1.5368137401797903,0
0.03183701055267932,0.046714924,0.8461900969033188,0
0.03238152282671694,0.07834501,0.5144753218951092,0
0.02210521852106733,0.03343048,0.752403321900064,0
0.04713505008566237,0.018247968,2.4713064174724897,0
0.04830876839174362,0.05378609,2.249389245632371,0
0.03562964086385175,0.038769178,1.7480504780787507,0
0.07496237356364024,0.21951298,1.1418424091695187,0
1.5981803798391208,0.38084516,86.32391593946708,0
0.07533949780059093,0.05996365,3.6594637477786187,0
2.6547408619893402,0.8096081,140.70750061356085,0
0.032376387620383563,0.10031281,0.7465862868828953,0
0.030320131004225374,0.07738663,1.118026929413331,0
0.13749714016057074,0.16100073,6.897462481690233,0
0.17196876381488396,0.40656638,6.4034516574699065,0
0.06116778206354968,0.15567416,1.2912287934899396,0
0.10581247670859738,0.33082995,3.7304485674211514,0
0.0521234940779433,0.022237325,2.6371458091544264,0
0.08541631592037525,0.2783872,2.398492796419062,0
0.06756121352957387,0.08592511,3.119082758633521,0
0.11215016153758195,0.14545129,5.459488932089604,0
0.07697384555588134,0.2721784,2.6394575199208163,0
0.04221638326613481,0.1066105,0.6921342511250287,0
0.08874504276196656,0.17680523,4.018389510902129,0
0.07989624454520552,0.3755939,0.8785435059671489,0
0.029211588968712655,0.04430709,0.9051319101534651,0
0.09841928236213444,0.1650201,2.7575731782724118,0
0.03307642062816506,0.035517033,1.4258041885972088,0
2.787100155991026,1.6021965,147.6701244709829,0
1.6667269417972534,0.077279754,93.76730991306844,0
0.07684654394586016,0.11845751,3.021302817288869,0
0.0520675612466734,0.16023855,0.9715774505140211,0
0.10505522862464765,0.33343476,3.7820444066421883,0
0.09344332573380983,0.15819761,2.5055545260044556,0
0.07308182722995782,0.053725597,3.0734218674367395,0
0.08591710734709904,0.34149966,2.1292879712667983,0
0.9979833881856748,0.16683288,55.09297453963556,0
0.0552554148125829,0.25124338,1.4868410359313553,0
0.21541768943508496,0.19338079,9.651339404098744,0
0.1087598217808863,0.03005721,5.882287428396151,0
0.07398301953001728,0.19631344,1.9776017843923224,0
0.5519435408438833,0.44510657,27.82917036417095,0
0.10445870934850804,0.18988994,4.704032449037502,0
0.15541492332465545,0.3892218,5.6488413185571655,0
0.17975606338475633,0.07456389,9.568328945369618,0
0.16689739554539632,0.33331722,6.619492236946475,0
0.11317436214522503,0.3294894,2.598700325052895,0
0.257145894211551,0.6909038,6.77773489052229,0
0.22292078968635826,0.5304472,8.142022586762218,0
0.21083163578641556,0.111366406,11.34676025016669,0
0.07990091058160317,0.13329881,3.6293215188998706,0
0.07090258871013247,0.36844903,1.6092763945096826,0
0.11199896296592549,0.527414,3.098632645813303,0
0.091185229797736,0.18825132,3.001160520076397,0
0.06655082772643343,0.14145847,2.683133261910616,0
0.05981324677008133,0.2073271,1.9085735634966208,0
0.033256684214366394,0.060421575,1.5405194329496539,0
0.14944550021582487,0.26626164,3.574911406115271,0
0.03391480361610055,0.05377115,1.0618716394643137,0
0.12537025937338347,0.08338071,5.898416949896816,0
0.11527744772130731,0.0627243,6.030809388460702,0
0.09269038720568981,0.08380375,3.7091171226468838,0
0.2110894752178633,0.28051478,9.920555545578416,0
0.10835536106112884,0.056305125,5.714907538785334,0
0.08332485603123921,0.37418923,2.158605456048884,0
0.106334681672949,0.21106203,2.0098563238855376,0
0.0775966428151311,0.10543554,2.2727392987563713,0
0.2047537172478486,0.70568204,5.165590844910369,0
0.058461108728946616,0.07933042,2.4404688266108385,0
0.09214071704887042,0.10631875,4.553896965935777,0
0.0636600433691592,0.03636406,2.980461798188615,0
0.02887637261825438,0.09897707,1.0318078099927332,0
1.7410893184389387,0.06876979,99.26097091768823,0
0.1860817546754149,0.15396559,8.450442092084522,0
0.02542194332200965,0.023885347,1.0049501607661753,0
0.47382807695190376,1.0143061,17.896617029193568,0
0.09339326443668769,0.075792365,4.665051065180836,0
1.7376538207958048,0.3988958,93.9926275245418,0
0.0426984388492526,0.15970004,1.4530240076356296,0
0.022246436493066606,0.039955538,1.005752468156161,0
1.5454020193872098,0.5498846,83.06214389245112,0
0.021677906881940878,0.067939,0.49889512103004635,0
3.1511473309987106,1.0875413,173.0633295014429,0
0.30957261617995363,0.4104698,10.488696839109917,0
0.1803124174845327,0.27516553,4.273178082742226,0
0.11534222907336647,0.051494036,6.124439353009297,0
0.037162102575471825,0.058043428,1.7654069617119348,0
0.02978884092965326,0.07397014,0.9616146703422328,0
0.051487368864669945,0.14563084,0.998245453137525,0
0.08227893905185606,0.14488883,2.369656977775893,0
0.05796379384932103,0.052946344,2.6652713877938066,0
1.0698913803436585,0.15474106,59.79629673178012,0
0.12194046252823411,0.25520685,4.635604494772584,0
0.06735765070430959,0.09106519,3.1600468758478604,0
0.07964331268130796,0.16718912,1.134771674943597,0
0.012038325595622658,0.032120485,0.37122097791553327,0
0.14405371344491313,0.38389128,4.897499047100398,0
0.06445563653256531,0.094548784,1.8850223269232729,0
0.08089504578911955,0.108762465,3.5066431332380605,0
0.19747379903781825,0.35074595,3.989249100307157,0
0.0904173967375772,0.21271414,0.8950030423376049,0
0.14017695087597837,0.38571692,5.208552365951325,0
0.029827023859929552,0.06271763,0.7066099103523841,0
0.05630252354479692,0.21434493,0.648005570484755,0
0.029484399206441546,0.022517627,1.5366903283126911,0
0.11931313123484058,0.37467128,4.488767834270637,0
0.184469467029698,0.10338188,9.841289805041905,0
0.11083228834186545,0.23548722,4.478268354515673,0
0.2924399294625242,0.76936305,10.13566643704421,0
0.21351562899032298,0.55166656,7.865961153441762,0
2.9308752343953235,0.105186455,167.18832548975507,0
0.055417277334168805,0.023519915,2.7368607729210552,0
0.09903575183551182,0.16318226,4.18655819877843,0
0.015380648613527182,0.024481235,0.5485357844264801,0
0.09445643878300063,0.076866165,4.33162362875061,0
0.2011048253408032,0.25495997,8.495486511889075,0
0.08845295284207276,0.16237071,3.874036709088972,0
0.04193150379416388,0.066342406,1.642292965417239,0
0.13183316898183825,0.3903202,5.189082079822657,0
0.10124590928991467,0.25691402,3.6734545645790693,0
0.2750805088042414,0.45160308,12.300075051224756,0
0.023634136940783458,0.023865335,1.1474046423352462,0
0.29812250584096944,0.066499576,16.66412983538765,0
0.03888405421179527,0.02707115,1.613593787283542,0
0.1442993780369774,0.11606045,5.722887512904047,0
0.05182127883453715,0.045571513,2.6191305904213382,0
0.06388347234943817,0.06141166,2.759780202552649,0
1.8823032198561478,0.07870123,107.1967421090087,0
0.021393991118855413,0.024754275,0.8526103554647445,0
0.08268426449257382,0.07767553,3.9664960753914427,0
0.18505513564575582,0.5885189,4.375748252758421,0
0.08064007380682346,0.039729305,3.813634465519548,0
0.060170942184888665,0.1413283,2.475362219024632,0
0.046726730900472316,0.21057849,0.9517394372706778,0
0.035005628063441194,0.09685315,0.5035983279909069,0
0.10756524800418445,0.3010713,3.2764537825846345,0
0.10533276395347513,0.3461215,3.888905559817542,0
0.15389188808580445,0.3245718,4.099727807189107,0
0.12089407433921559,0.09928863,6.171353439127744,0
0.23451013380144722,0.073852114,12.956085828457763,0
0.05489738427903027,0.11248242,2.4274747657164877,0
0.11008097474533186,0.23478101,4.8396301403542,0
0.04058042904333891,0.048673168,1.7863699646895714,0
0.17061231637483382,0.51042694,6.308576576045694,0
0.0539742763481072,0.2403212,0.30155060723694493,0
0.2474512745963161,0.32898238,10.801885632113699,0
0.10750684687611678,0.08838774,5.486657548760089,0
0.05243992268904059,0.09130199,2.0853237875653243,0
0.12910579281228401,0.08357133,6.787936363864819,0
0.17063216126141592,0.034889635,9.465681511038861,0
0.10062748842857869,0.16415383,3.953879275117269,0
0.3047590341785455,1.0868785,9.765812652266632,0
0.15716238410927677,0.07368012,8.281903881916906,0
0.045665300519479306,0.07632848,1.8871043785965302,0
2.063869832807915,0.030083276,117.57830671652874,0
1.25896258126203,0.2846855,69.40601111487399,0
0.5594364086509862,0.09587944,31.42008237185165,0
0.03526869823833607,0.10147017,1.3248720371629306,0
2.7838518927307754,0.34009746,157.26994168276659,0
0.13270555986950333,0.60639364,3.043046812274075,0
0.04539508320691474,0.077836655,1.3099180885856485,0
0.14563257329308527,0.3748492,5.270186603782371,0
0.18646607920194483,0.39294878,3.0077572571982554,0
0.05606018705807732,0.3165998,1.2852210883664414,0
0.05021241197823002,0.028429827,2.6479930417733524,0
0.05596081102105473,0.068956815,2.226404923235641,0
0.083195963214755,0.14333282,3.371517940303424,0
0.050960517338300385,0.15609843,1.4239461435362541,0
3.169726083932336,0.6058967,174.67094856840805,0
0.13396038359837756,0.16463242,5.116958019727268,0
0.13030624435145305,0.14872882,6.50471467387356,0
0.07946813982993059,0.15097944,1.6007323872364703,0
0.04303210734572658,0.13026933,1.3626028588693966,0
0.04762680920817447,0.07830671,1.7809502144276887,0
0.12223349386946764,0.10320137,4.844446920520034,0
0.08305631524914223,0.061943058,4.138198464466362,0
0.023996512141436444,0.031389765,0.9827135954235652,0
0.012450841054655324,0.019427244,0.399115422536333,0
0.19813333164970398,0.34916884,7.608464302188561,0
0.06340854839104809,0.23112224,1.4939810659532566,0
0.031200283971218146,0.030742846,1.188680490045459,0
0.03159386823717032,0.028562544,1.625072235776214,0
0.03661571183815234,0.2007327,0.39131056706844236,0
0.05200331178559047,0.11557127,2.2222606820742326,0
0.045822383005247665,0.2051281,1.1361854856953844,0
0.09706508146324169,0.24827549,3.913962510204562,0
0.14801390114676008,0.5772828,3.9288018740510853,0
0.03830780968541822,0.11936456,0.7042646176896622,0
0.1964648965378454,0.23069902,6.408959470304533,0
0.0859228616333313,0.26023823,3.269111040141643,0
0.056659009011803464,0.07478012,2.5981395367742057,0
0.08999415730315885,0.14914604,2.381834378917931,0
0.045843287951574996,0.097810306,0.7006585007610395,0
0.044592382630234864,0.22034024,0.6903740842169301,0
0.07769256415109034,0.030323787,4.201658611821467,0
0.13959853224686744,0.3562528,3.285450691931633,0
0.1611503014998807,0.14036264,8.037675724163165,0
0.14741852712745046,0.22254464,7.027830416486567,0
0.06674377527067996,0.27077252,1.8904940694931178,0
0.5095628599703056,0.151436,26.63488459598099,0
0.05773759094436306,0.04869225,2.986954193461466,0
0.04786523090965085,0.15927924,0.6520487231789469,0
0.0888650583737223,0.06809492,4.022820371043432,0
0.044694969350377284,0.15645984,1.4306354107005383,0
0.09680548561229366,0.33054477,3.278921460750726,0
1.3006413869094846,0.03984391,74.21102266485728,0
0.07199777742777898,0.19919117,2.8611828310330196,0
0.09881834147793216,0.1283831,2.9548725019363293,0
0.22696350491197184,0.5182289,9.622091305157364,0
0.04261824419620476,0.10464236,1.7180706534782955,0
0.17230430543189246,0.18430196,8.185323631399992,0
0.08130239701301223,0.063421726,4.152530369609461,0
0.053636948495676164,0.0837868,2.403808180676745,0
0.15994346635601187,0.28116393,5.987956905386314,0
0.04038984564521693,0.14585543,1.318418530665125,0
0.03111707981586874,0.059066642,0.8047513529494494,0
0.04891531814274832,0.023023518,2.560351821576779,0
0.14494115941151844,0.06830192,7.718193636865119,0
0.09414092380531622,0.24826322,3.5836695895710395,0
0.09358332595993483,0.0753558,4.585324721953019,0
0.04600437563553492,0.07526374,1.297773839547291,0
0.020010161711096566,0.024324346,0.9635650303024313,0
0.1648629426050085,0.3107454,6.846292872582095,0
0.16140095717710623,0.050299767,8.82886672075732,0
0.026450315679179597,0.038033858,0.9312043100391328,0
0.13371502940097402,0.06072726,6.404849041368371,0
1.4267948949849663,1.3145968,73.3544085064791,0
0.03446642337545492,0.110990025,1.256994893870061,0
2.1153635203564822,0.13670339,119.88586195477151,0
0.04668412946043442,0.090578504,1.8293156018671075,0
0.15596158188585166,0.25362602,7.3390225435004455,0
0.10192656333034615,0.15110317,4.794442217846258,0
0.04541316089014974,0.109510325,1.8672193572221834,0
0.07606664819830783,0.1104289,3.2611394307677335,0
0.0654890859941492,0.11883826,2.017832895926746,0
0.037016958446360056,0.047731496,1.7253349984050912,0
0.1330157603900687,0.34144983,3.1278288444181115,0
0.042551751489461234,0.111564666,1.532151196711437,0
0.10595766949212361,0.075695395,5.486138211591908,0
0.6447717849220133,0.14141282,34.10684824945052,0
0.16181252500307147,0.17440395,6.459733996417748,0
0.05193953843990321,0.09396675,0.9993750695479237,0
1.5418111735430629,0.47465223,81.85900557035444,0
0.17692511895806193,1.0301839,3.940169856638278,0
0.07504861357743994,0.17689143,2.3118563491518334,0
0.040028427528721294,0.03992808,1.522656034632146,0
0.044574049220338266,0.025754962,2.171800581827142,0
0.07138377827086839,0.40902004,1.3402905973376409,0
0.08717960525366275,0.11335296,2.448946416907043,0
2.861790526549468,0.16437668,162.35927810841835,0
0.10361595337031357,0.17024958,2.5101945591638897,0
0.045663116585969554,0.0676831,1.3122969500557433,0
2.8904878657886774,0.78268534,160.1248239500887,0
0.020505086231350847,0.08487516,0.5951604696891044,0
1.8630140416522416,0.6257157,101.16568707888925,0
0.14622510008105716,0.40460485,4.303236765356759,0
0.030622706560299574,0.030530376,1.3095144326578727,0
0.2438369329861468,0.48971996,10.510834742891866,0
0.05759816447676051,0.07947163,2.496299095156938,0
3.2044121730516784,0.39719453,176.44142071811996,0
3.126258561694981,1.745613,168.12337807944704,0
0.7344130379998027,0.60436106,37.40912041360143,0
0.13674118249819078,0.23321481,5.435010265162176,0
0.01723936321537138,0.016220778,0.6704549602990865,0
1.7457239154547084,0.42281693,94.50386537812751,0
0.06904099558518655,0.11510105,2.118900799655846,0
0.056043852915022424,0.1981687,1.3809804124307148,0
0.07271945126868852,0.02461554,3.8068611488101176,0
0.041577709070655965,0.038321424,2.0729591407588392,0
0.07097655435514863,0.15282837,2.4216722215126185,0
0.15862748980470032,0.7095438,4.7364157168981205,0
0.06093221692524174,0.24296373,1.9034701878433828,0
0.04532569546273096,0.07346959,2.0627540507969897,0
0.18397492817607392,0.29289877,4.108883373641883,0
0.04837254668263288,0.051389646,1.584384708088443,0
0.046985498507161466,0.062401086,2.0150417615968492,0
0.08935941423145374,0.18671398,3.809141774743647,0
0.14777005794477763,0.14125818,7.609567411328101,0
0.05616289292349033,0.1023982,1.7285105885466392,0
0.07896576066824226,0.22588462,2.6986073085004647,0
0.0808569988173933,0.32363847,2.08009768725455,0
0.12197274398349148,0.42481926,2.885545141639774,0
0.03237317226434883,0.030568885,1.5339929079743626,0
0.037468798622793606,0.09472487,1.5113302677662603,0
0.05635036907073808,0.23299883,1.2073723298263097,0
3.1028872687352105,0.18328674,176.6533747246418,0
0.06269184671022456,0.295913,1.5968628943433316,0
0.0399006384313079,0.07413618,1.1232793726114307,0
0.042664742683293656,0.0047712396,2.4445096897643857,0
2.0416847720690083,0.30931884,114.22025986805497,0
0.11671514470354108,0.059254777,6.319958343579816,0
0.17176169603176952,0.26825327,3.8794657419216088,0
0.033601307234121996,0.05526697,1.4318605761204901,0
0.029021717353853213,0.05462823,0.9762022646038804,0
0.07514057019628752,0.2577713,2.4818491744101125,0
0.12328225202814344,0.36946523,3.9683069392827885,0
0.1317917274121858,0.2664104,4.100273430854028,0
0.12431580990210069,0.14300025,4.915774682873698,0
0.3782338320972231,0.11847391,19.58448938367212,0
0.1295749548677919,0.15905185,4.461607865857822,0
0.03818160012923723,0.06814378,1.7279355654442758,0
0.1410134716114777,0.27739167,5.9691769221853646,0
0.09431961580431261,0.10907149,4.556860933141773,0
0.04818378533312344,0.27354062,1.0564310979289515,0
0.05823256418132288,0.19606121,1.9434085417987361,0
0.06379714615756978,0.1718989,0.968485610479059,0
0.06711881210614826,0.20982806,1.7514468251792954,0
0.18970232419255598,0.18596503,9.409338908632112,0
0.06602078575733665,0.1841728,2.518408296726892,0
0.09508843450779837,0.04884651,5.106706198256388,0
0.7775751760958316,0.18909557,43.120231373648075,0
0.12089206714113254,0.27625895,4.402088759386906,0
0.13446470797522894,0.36831337,3.9133443347503243,0
0.06368863199558189,0.2506971,2.0501276972916114,0
0.17955930910941711,0.18569916,9.105977256399191,0
0.14878544260252174,0.2254293,4.523841355405979,0
0.28603911352958594,1.054616,9.497909488135704,0
0.09024324756124148,0.16066587,3.7203315363183265,0
0.0629982403225855,0.14320225,0.7679993554688332,0
0.07146852265978054,0.17554064,2.53168623560922,0
0.09667024915886416,0.18008742,3.3957859421583727,0
0.08162838183599964,0.22770344,3.2822616851608557,0
1.9084623750171903,0.33540285,102.31324553695534,0
0.17650280433661772,0.22668648,8.054979069214788,0
0.0474579918085179,0.07662539,1.6157590849945642,0
1.9392368296553595,0.43628493,108.44036230417997,0
0.04115533256555072,0.096535824,0.9708045544197913,0
0.06455910727079367,0.2290258,1.0362776667389408,0
0.04190279970267447,0.10039146,1.758243228812572,0
2.80753777954567,0.42646727,155.54155822114083,0
0.21068650881741582,0.46361136,9.180926426429734,0
0.026821839583132154,0.117100045,0.6030989245907711,0
0.021523262670759727,0.07094248,0.4997069553199152,0
0.02518026368804802,0.009051513,1.2545930930286198,0
0.06918626602514301,0.27867293,1.4462496267480343,0
0.08592197972771341,0.29544315,3.0769434042969244,0
0.03492389667106669,0.13072622,0.5485892955535072,0
0.15403667882800645,0.40656328,1.5439459317713196,0
0.03830119433233754,0.027860602,1.8234602858685953,0
0.11285998197597939,0.24061657,4.965081627843104,0
0.15556563023081063,0.28215942,7.166393788978025,0
0.288509472187607,0.47836635,12.77754132681172,0
0.3879439792119308,1.4813803,10.772026014753601,0
1.254951500500202,0.44034204,68.87930250851784,0
0.40858970224398045,0.033012245,22.940370411024087,0
0.04395455754151761,0.1313309,1.0943578170114787,0
0.09263516886616613,0.10340113,4.028388432866775,0
0.026557008925452145,0.03508927,1.1541308256607383,0
0.09937803957807878,0.14422435,4.637613788490948,0
0.05961277076586926,0.07471767,1.8101735109817387,0
0.038864856602592424,0.06977384,1.6912838126352767,0
0.04016121875511685,0.04870777,1.630584629164538,0
0.11184219552857125,0.31184173,4.00234309886724,0
0.04797147412898414,0.1386899,1.5337665830093794,0
1.7158376444519463,1.4155205,89.55502432673495,0
2.603346006635734,1.2064023,141.8141736608203,0
0.5390540576755747,0.49414638,27.681352628512172,0
0.12269804983412658,0.3622957,4.379920908239458,0
0.03476152965613184,0.12081646,1.2254840805952845,0
0.148116605142956,0.07399593,7.838608478770582,0
0.07807588561876122,0.072283596,3.745593396218649,0
0.06977598749519257,0.2726512,2.180920814515334,0
2.2688461484334987,0.14234282,127.35136079817325,0
0.050458157193121106,0.12455064,1.9096535366771654,0
0.031042675746465576,0.10347957,1.1150122818533488,0
0.05074763189085717,0.21285322,0.5495582388565446,0
0.24913887925064307,0.19646151,12.811275189716254,0
0.34625078155201056,0.1488383,17.268900773794496,0
0.11205544244882175,0.09333835,5.659787332586809,0
0.07781674882357964,0.13199088,2.9859655292147593,0
0.1249775797023621,0.2554714,4.788029756874288,0
0.09792103521861292,0.20074107,3.8628942181288894,0
0.07210157367063838,0.35391724,1.368042880129836,0
0.0235678456106241,0.076157734,0.7977618546680474,0
0.1695615565127758,0.3808528,7.17562635922767,0
0.1019197315431488,0.09391242,4.8395003581144636,0
0.1650439088491289,0.03339583,9.141487818020732,0
0.12836501971131858,0.5094295,3.9550819984744137,0
0.045908419215813685,0.041050673,1.9787598990246655,0
1.428307847463814,0.27363923,80.17450737155743,0
0.054910335134714834,0.13938329,1.393915966348829,0
0.017351075350598412,0.040035762,0.5049326891261876,0
0.0864261786750921,0.1223074,3.953135625576961,0
0.4573435406968577,0.17414258,25.077306639851212,0
0.014437428953859271,0.05686813,0.4579136403847843,0
0.02317510698499641,0.0137196295,1.0831644633911344,0
0.13031152743355,0.3386514,4.977173637400855,0
0.07156573189781543,0.26632562,1.7439203712363291,0
0.08412690904701611,0.11362952,3.5402861237600254,0
0.06906493737487313,0.081411116,2.8111239995908637,0
0.08688815008891704,0.18091634,2.6013428996620647,0
0.031841988554437164,0.028644998,1.5595989581732195,0
0.05406965875379926,0.08517842,1.8378406221535926,0
3.0182910567542054,0.44730327,169.8816462666623,0
0.054074803302701605,0.27419057,1.4445490405440897,0
0.034164152714198856,0.038281895,1.4290303555650752,0
0.06634899894038837,0.15156673,1.4153615724674742,0
0.09205652866601845,0.1784243,4.110478012086395,0
1.7621155198235579,1.1948637,93.46221751624408,0
0.06712854308244717,0.2678563,1.1970335697416576,0
2.183538433669461,0.41404286,120.82846497376225,0
0.021140581912922115,0.042527974,0.8336718650407275,0
0.02100414717656448,0.04275014,0.7540233918755763,0
0.4438302651472166,0.29253018,19.962687719351962,0
0.11912138927573558,0.28381637,5.038673442083507,0
0.037617061510137204,0.09274935,0.7332923237191264,0
0.09317788508668322,0.04579187,5.009938088718159,0
0.0836493011508264,0.25866476,1.4553389925760563,0
0.02488693254951261,0.03578193,1.0030977951754032,0
0.039915531130055554,0.10172985,1.3817574717694745,0
0.03398769203601633,0.04187822,1.3350814658274097,0
0.15329158114096023,0.113169156,8.083647127059121,0
0.049830556329669054,0.06761818,1.6047787958583817,0
0.04059126109604663,0.103813,1.568609224064634,0
0.0787275130677742,0.13764587,2.4785277057858184,0
0.12510548534276317,0.36633697,3.271424545321925,0
0.06445104951948549,0.11086664,1.5348615124147567,0
0.0348989223075406,0.03382455,1.7173155832811449,0
0.03090707796279872,0.15276884,0.8296160284184315,0
0.15806606648554983,0.5241373,5.5768244065667405,0
0.05221567903912619,0.24923557,1.4917923129585886,0
0.0728579071863532,0.23412251,2.394586210993978,0
0.13148306092372058,0.07686032,6.898373382961007,0
0.11489764559957852,0.4115572,3.6522169582502877,0
0.0935601401275726,0.088680364,3.3789549609721012,0
0.08792443605835934,0.09058399,3.726937242110284,0
1.3045900269018462,0.13791417,72.77651527443057,0
0.10004289723689302,0.07290958,5.071458892194805,0
0.05903955100008612,0.28504148,1.092420198597753,0
0.09119907479433655,0.21076196,2.769702802176219,0
0.0796811602162028,0.25473437,2.140161992787515,0
0.07294271145658948,0.32190058,1.8065284754671505,0
0.13704051650763413,0.36122194,5.3580314422951245,0
0.06476636981320083,0.18662351,2.2999939554530733,0
0.15414573717541916,0.17522104,7.527187616431585,0
0.10735891758137021,0.11397379,4.182943383561039,0
0.16437906966633736,0.048221942,8.502133679433921,0
0.05181162334014526,0.19903949,1.0849372872382061,0
0.03964482923863741,0.03518196,1.7626974553261976,0
0.1091067163967005,0.03748448,5.936065416815415,0
0.0508414472631004,0.058400556,2.5383814186081968,0
0.4804996647138177,0.7407557,22.158957457227217,0
0.39410555315306595,1.4858075,12.129183943415871,0
0.08858377512280298,0.08863258,4.2421899006755925,0
0.06278733752540386,0.18213059,2.2333908738218917,0
0.09134415902597008,0.025414016,5.039340219341539,0
2.8779179494369402,0.2870004,163.16944272931897,0
0.035314203514586355,0.055341337,1.5537284065598223,0
0.15879555942190168,0.30749094,7.014905105642379,0
0.08216742925299556,0.18594769,3.157638040584652,0
0.08145430837737748,0.35531694,2.1649139228340357,0
0.11683409987700841,0.038776614,6.24484748138245,0
0.11678874087064325,0.15945809,5.685445710921563,0
0.04299798279832293,0.03153224,2.04354347983903,0
0.05122904308904806,0.14697933,1.3311905379980415,0
0.06337124818867851,0.17936248,1.066893243842986,0
0.07110723563338388,0.09876139,3.2047656803990785,0
0.2999617463578526,0.44639567,14.34149017560307,0
0.02171952780603661,0.05740644,0.23093453366871478,0
0.06410052554905601,0.12031939,2.872219742418804,0
0.07746723583834594,0.2643338,2.6656884229000863,0
0.10157639215462644,0.2701007,1.8167656772164082,0
0.06032704290093516,0.041200906,2.518352383089758,0
0.10800972262419467,0.069616616,5.004421259057214,0
0.04420881464756481,0.17617214,1.188945397650713,0
0.04501195210628536,0.053519383,1.6338053449018681,0
0.027022950980224166,0.1515592,0.3858603674190017,0
0.04147089109313268,0.11997716,1.1751626612043595,0
0.04387979774394909,0.10135261,1.8423183475899625,0
0.05383995633407101,0.32060823,0.9185394699496684,0
0.18944513840499083,1.3145846,1.5871831621159698,0
0.04467124281476802,0.17431974,1.0695925624043823,0
0.10605060017473561,0.14351454,4.964124332243671,0
0.039943544458569326,0.08381296,0.9763432203293161,0
0.06775802653434954,0.07161191,2.4593306865254307,0
0.14093061216952363,0.10958731,7.043229524020068,0
0.047225935564264104,0.2531155,0.916768597980537,0
0.16272859746701082,0.3320069,7.283543673128585,0
0.1355720529796014,0.45970163,3.8811986174368482,0
0.039139886530685244,0.12736765,0.5953181757305759,0
0.019245282651999963,0.027689656,0.7752710216740215,0
0.09122924116065295,0.14156777,3.8791195908954452,0
0.08427840722749616,0.13864654,2.7989292768028857,0
0.031622752336558556,0.13426018,0.9049099798344716,0
0.04992808145101384,0.054088376,2.366497062884647,0
0.10830098460259129,0.25945994,4.471895857703655,0
0.24022592791182698,0.24235322,11.859383494661897,0
0.013919267153846466,0.015688859,0.599029217497965,0
0.029470897597220803,0.11208963,0.7985453951468662,0
0.06494628437206082,0.12945266,1.7119686577106,0
0.037363385859821574,0.15946473,0.7965478712651375,0
0.06993210106765693,0.15687108,2.5197744858678566,0
0.08150280334220428,0.34265313,2.108073892815321,0
0.13873237135226793,0.58322847,3.777217419079219,0
0.04840476188081524,0.16160491,1.2069807274992208,0
0.41115141368608044,0.17791265,21.362546218251282,0
0.13701985095593852,0.19868283,3.9359806427236523,0
0.05593209166696263,0.08278851,2.1617732351989627,0
0.04562508670542796,0.10519075,1.5669769738188792,0
0.07447294377599423,0.13754913,2.7490703786755306,0
0.03228900252389064,0.029776856,1.5851555834409932,0
0.07847507981257301,0.19538014,2.5561700869418984,0
0.03782504647683674,0.12938792,1.2495306227547622,0
0.2206452457489047,0.056051284,12.212342250883411,0
0.10465215672986236,0.18517818,4.456108884196026,0
1.1567026807014105,0.29213488,62.196923382508615,0
0.026594125816227977,0.11511084,0.5661179434630593,0
0.07254885799574999,0.088259734,3.4994198931109883,0
0.022613673353587053,0.016937587,1.0097118475203706,0
0.09643063376092129,0.2635537,2.8948382533117325,0
0.031593903265452056,0.05046037,1.3514527824929634,0
0.029874645271251016,0.08506331,1.125690046092583,0
0.08437021223848784,0.132743,2.3705403926233406,0
0.10079031464922028,0.17364201,3.298324405929442,0
0.09078464545587275,0.40212703,1.9951816490607504,0
0.027404395840174914,0.084063694,1.0442052420347294,0
0.10154370891772042,0.099300504,5.1579271805920515,0
0.0176058579236269,0.12304185,0.1301461687970887,0
0.06316446518323458,0.28954956,1.5490766615610374,0
0.06706163072612749,0.17235236,0.9846486990007989,0
0.07664797554439544,0.19191079,3.1397616056467,0
0.02104269222875754,0.09603702,0.3778043759491473,0
0.065071921991637,0.24763103,1.8761754962758195,0
0.24720201670221445,0.26338115,12.313850104172078,0
0.04261505816660106,0.11161664,1.4303621162502156,0
0.11733917934838967,0.11965481,5.489679512755068,0
3.0847272785797344,0.19507323,175.0386142204805,0
0.1381880741082016,0.18893763,3.8135530267810704,0
0.03211331472627724,0.13891238,0.6857670611630928,0
0.05256651592018644,0.14644477,1.3048800365861906,0
0.19275785095700848,0.089792535,10.074951242284586,0
1.051273392735094,0.9046859,49.76560450182049,0
0.21891976861700932,0.6948639,7.97230947945685,0
0.0731100846131229,0.22078897,1.5904701451042331,0
0.05465128260273605,0.0713677,1.6168371438008768,0
0.14614556355329658,0.23194517,6.390416126692074,0
0.030722876028752965,0.042964514,0.7976788471622682,0
0.03347447540138697,0.040327676,1.3583397452306825,0
0.07109316193977605,0.25260618,2.137162636137771,0
0.09322904962195717,0.24094796,3.8760398151037982,0
0.06536867381672123,0.030811295,3.345717448451082,0
0.11320097006851541,0.2560471,4.802055960744833,0
0.11470333929583201,0.26650724,4.421757787215769,0
0.07129094938099831,0.09020542,2.1368247897898853,0
0.03189130807883142,0.0917941,1.0567541314855153,0
1.677781805949497,0.1853967,92.9565246236207,0
0.06290281160568102,0.12418867,1.6376528818049152,0
0.2160515991558293,0.070872314,11.894731812563872,0
0.08501610667548043,0.19317068,3.4627365125600935,0
0.026432889101452476,0.05071153,0.9585605706105267,0
0.06939642387798334,0.09399733,2.070903044567043,0
0.1152943249108939,0.115959555,5.79463749493565,0
0.05722129771680694,0.08265287,2.1414293276170246,0
0.06961417270780698,0.060525436,3.281603221669153,0
0.03626470778105681,0.10336143,1.073705923203573,0
0.12150016095810634,0.2102574,5.1698688173017,0
0.13843244502573515,0.08293387,7.370147108017427,0
0.017118128507798123,0.034904268,0.5399892343965983,0
0.10565203964127724,0.2903254,3.6089038576077725,0
0.06332889385133443,0.1038605,2.943982393504162,0
0.06196624879062898,0.08768956,2.084400899039472,0
0.009044450381825058,0.040906522,0.20707835027434843,0
0.071912564842294,0.21602803,2.2655091032762105,0
0.08648778867532501,0.39900804,1.922071152799549,0
0.05965061926201264,0.19224183,1.9904503517371555,0
0.058779252050649856,0.07571286,1.9857404337037625,0
0.05649360984528571,0.014099723,3.065441909753609,0
0.05184614363897152,0.12308431,1.5173634945596166,0
0.05860755070563936,0.14517316,0.6630561093956293,0
0.13746062694683314,0.21015355,4.884579065415839,0
0.027148461310067065,0.026074389,1.3513502921074514,0
0.16376069918635128,0.26090324,4.472564527657107,0
0.07375259539968121,0.05114701,3.7192626154002797,0
0.04173572921086366,0.027081652,2.004727623143113,0
0.0562303551086357,0.05897567,2.2578605462519494,0
0.09068067656826367,0.15494342,3.9210589403037965,0
0.1598010185839527,0.10419491,8.487213829175204,0
0.19114694916912767,0.052840475,10.054386363169938,0
0.2079728254235817,0.1372088,11.016820264821602,0
0.05413194118499579,0.08824349,1.8437606486641562,0
0.08215181419337131,0.21824548,0.7858490593718627,0
0.09005035799093442,0.112774186,2.611838065918783,0
0.0967975280519467,0.42745647,2.378433356505062,0
0.06307402126358358,0.14421163,2.6703266298365675,0
0.07699881286210053,0.2546099,1.6704799502401393,0
0.051647416300057106,0.027821869,2.6532065656125616,0
0.13842129978657478,0.2569996,6.282211572651191,0
0.04402571202122702,0.2125714,0.965748425367848,0
0.04813786557558674,0.03637341,2.2597836995690956,0
0.11203059097225068,0.43766138,2.0979559479359873,0
0.16759162401982625,0.11859746,8.765270877819159,0
0.048817602023841326,0.1051444,1.1393833979968224,0
0.2091749674533308,0.38358966,8.860273527853503,0
0.05481201372858932,0.037377838,2.753699571901638,0
0.12694541185416533,0.07931074,6.6128677089857115,0
2.142354682855551,6.930213,80.09026976566575,0
0.03770252274572562,0.05849944,1.406399585185033,0
0.21609303727593657,0.5481362,8.605638574618917,0
0.024391450128412717,0.01673637,1.2687123287961635,0
0.533144967144351,0.10368248,28.75350675809146,0
0.09345710790977564,0.067159265,4.738970115513096,0
0.033247714113974064,0.074620515,0.9826864870529483,0
0.20668796228713615,0.5075647,8.308360654210063,0
0.17270571031500587,0.16386108,6.761672789500589,0
2.1311276378251844,0.5718501,117.61166788106728,0
0.1373116886767407,0.13036518,4.919269529520342,0
0.4332601717807767,0.26772663,20.512254594059517,0
0.09482622155843065,0.10476112,4.138853237821443,0
0.03980292916542171,0.025957821,1.9944939322350823,0
1.2930583669999907,0.93588954,68.2310460710119,0
0.04591735671677096,0.15508634,1.170519845936574,0
0.04601991824805576,0.06922607,1.5318288812215952,0
0.052784127936813745,0.10143908,0.8900768385568324,0
0.035542315165447244,0.10162124,0.8294401536430149,0
0.03444161449518448,0.043325093,1.109542457816513,0
0.11427088230866318,0.08162294,5.7539971155731315,0
0.12612474444340643,0.3084909,3.6572382993937538,0
0.2540539626561291,0.21862444,12.770031338989297,0
0.07140709502698422,0.087567054,3.2251753833907064,0
0.08728408185194514,0.080969736,4.00729980059771,0
0.129789104869617,0.1784183,6.086969403120848,0
0.057208184722143264,0.14858834,2.0799241160289896,0
1.4497839408770745,1.2166485,71.52557818885408,0
0.07702233485775337,0.17088665,0.7192388935782539,0
0.03462891603317867,0.06316345,0.7060881725191426,0
0.12154363104035018,0.24970554,3.623527417223873,0
0.055853941681569756,0.07747303,2.2561054629902837,0
0.047365997733851896,0.03229373,2.3099975543112037,0
0.05278202278160263,0.10791313,0.9091832045616014,0
0.01686416342619028,0.03166397,0.5334243858050902,0
0.2151254082956251,0.08725485,11.694307869414933,0
0.06151694554204164,0.18070097,1.3466284274466418,0
0.08309059510873387,0.09067831,3.8497572129428974,0
0.024225775047384775,0.021646969,1.1308572593453086,0
1.7022984005653476,0.1450966,96.25480317806891,0
0.10664248565513265,0.26793787,4.40991980520355,0
0.2389985502023369,0.8689657,7.83358980820587,0
3.061720145355046,0.3001008,173.5797544788481,0
0.024856870718694746,0.07445407,0.744430092551997,0
0.08713855001497206,0.18923385,2.8291308223007765,0
0.08852224522913388,0.21480328,2.2499877392914622,0
0.5920935394891084,0.39128253,31.108484458579387,0
0.035164157855984424,0.1375305,0.971344627052942,0
0.04614818943058642,0.16564289,1.2339110845096732,0
0.07005758948668528,0.25887606,2.359498662934404,0
0.09836005590540801,0.14429712,4.067465794153193,0
0.10635050645215666,0.061614912,5.672797862030466,0
0.04972591871084674,0.101326995,1.350067072494016,0
0.0642153046465174,0.035325833,3.4403172110863705,0
0.034571378272298794,0.14914142,0.7657473829505101,0
0.095071129006339,0.28971398,3.197006189586739,0
0.03566026658993322,0.042913545,1.0688889436542,0
0.11703273442918852,0.5639285,3.2446545638566504,0
0.08349156109471517,0.23043564,2.2178241672631454,0
0.0550178089446244,0.15698612,1.4434019208384605,0
0.020665903326442768,0.022010013,0.7948744027960462,0
0.8642230247987422,3.9931345,22.176179169251263,0
0.034065474259129674,0.17461975,0.420985137684809,0
0.040544816477495825,0.042200755,2.016185462347944,0
0.058036852992228403,0.22300501,1.4288290645721193,0
0.03988833218132454,0.10081897,1.0841114534969991,0
0.060034742130164034,0.19597656,1.5332793657116293,0
0.08696786729161687,0.061439637,4.315082756209328,0
0.02344414712846972,0.051994275,0.9247758532319451,0
0.062419073529951304,0.169733,0.935138374227481,0
0.07427365975439662,0.13948905,3.2433973376668903,0
0.2962465368776071,0.4998791,7.817451652441008,0
0.030484161057826628,0.10727664,0.43447509378266086,0
0.06074576496577119,0.2161588,1.6228115640994456,0
0.025728937038934238,0.07901932,0.5280687004501499,0
0.09442151481438299,0.1412299,2.233379519860114,0
0.16337709386242522,0.24065931,7.492017572585298,0
0.04514747467266988,0.14241819,1.349346975647834,0
0.02330424221232416,0.04958729,0.545627662948852,0
0.040172567062373446,0.02151575,2.0561033948618697,0
0.14024974743295288,0.45243102,4.589251681159238,0
0.08790441839741925,0.27660266,2.6863412841571814,0
0.04160119276475516,0.06323834,1.5077892108046576,0
0.15759598169586816,0.16279659,6.907401942145534,0
0.04132894048349604,0.07394508,1.3525149099504976,0
0.04149166705006117,0.036270443,2.121009739488447,0
0.033606852346278526,0.059137993,1.032709978280736,0
0.03469259064597154,0.009510523,1.8434812402915866,0
0.18163735218178448,0.39552253,7.399526516556235,0
0.10304033861187999,0.29164907,4.024993185413038,0
1.069473209523509,0.27882326,57.31325042796859,0
0.11265561347500543,0.37476227,3.7832133877730127,0
0.08477595870738192,0.20460789,2.4571420128199946,0
0.019833790742407383,0.016722875,0.8920183913033005,0
0.1277734987699993,0.38531452,1.9035402979469875,0
1.088807910741336,0.027710436,62.1779161460175,0
0.04484166676108795,0.054554123,2.0075128222299807,0
0.12208241743182824,0.3065722,4.059654925086308,0
0.06027111891864945,0.33990666,1.060176902345169,0
0.07230861055097301,0.318313,1.6197204184117062,0
0.03490255454911749,0.1123314,0.8559361793294522,0
0.03809985169529855,0.11481954,1.4219757094465197,0
0.0387525417790751,0.09271312,1.5970482196769031,0
0.0677228043305915,0.24305782,2.045874493742954,0
0.08289197278768468,0.04204572,3.9013614215784003,0
0.06292437210167096,0.21637774,2.100146356527646,0
0.18639663873843446,0.19895828,9.405359644206083,0
0.0323206025441707,0.015750777,1.7150278826246494,0
0.17485354309792717,0.16589297,8.631213486947255,0
0.022541653596568338,0.05518556,0.6698265266149039,0
0.026851341091262103,0.07975203,0.9007258585852024,0
0.6676071039445196,1.0855453,28.983160130972937,0
0.06162152926279497,0.10100844,2.4610939546436557,0
0.17173973241872792,0.2645736,6.819660942499428,0
0.31973301434987056,0.3685708,13.711199537606896,0
0.05053875294559468,0.078937575,1.6897647226695554,0
0.08546888288447554,0.08579303,3.2827858275205863,0
0.19509621987209963,0.039599575,10.510120337007123,0
0.14389072350760623,0.33092985,5.894126040474721,0
0.07318872099661933,0.19460188,2.9849922784608056,0
0.05136794377361985,0.061825074,2.366254879135429,0
0.049648414281147565,0.2027129,1.3591661785911773,0
1.334979584967977,0.19709381,74.9759245265192,0
0.08317388214959648,0.15700501,3.23934773070775,0
0.21222147628446913,0.053003944,11.456187771216937,0
0.27512382936208446,0.23091225,14.055576093092748,0
3.0418633051851325,0.7205818,168.57891132096614,0
0.15756196885688556,0.30991253,5.589714750058699,0
0.09078857568688714,0.35982156,1.8464596188194495,0
0.03070926476760898,0.03571112,1.3470567097655106,0
0.03481246114395693,0.04936787,1.489063549599974,0
0.17623610167144463,0.12675905,9.141718845732594,0
0.08029898850927258,0.1939999,2.4885693061988285,0
0.06074565231067307,0.0793322,2.7612517555071046,0
0.21667138817622078,0.53767145,8.97066499078088,0
0.04248127502492748,0.08098817,1.8209078210880523,0
0.164625885467999,0.03479666,9.0334753298709,0
0.06884561741441175,0.06755425,2.906009573742445,0
0.02846533169162697,0.016529785,1.6309433683702135,0
0.23008937597017196,0.23628439,9.151651913743981,0
0.05973615153598731,0.30933782,0.9766464180306417,0
0.039094073286531306,0.051107734,1.909353398851033,0
2.526991360287225,0.6293307,140.10979764429874,0
0.049543530264639736,0.054051943,2.113431900449335,0
0.0222529460044218,0.025235372,1.0939835596997685,0
0.042636533270574116,0.045918707,1.99444522660222,0
0.13414708786515017,0.4983038,3.535341068988168,0
0.037472134373140384,0.1725121,0.47189648434600096,0
0.07270562511292203,0.09755958,3.5156561284376084,0
0.048544727825968664,0.12441436,1.0090190757025295,0
1.1921050320305147,0.50124186,65.1718966544908,0
0.043169706252720506,0.22431861,0.4287048878597902,0
0.2115221783953599,0.3312492,8.60556651870173,0
0.09292656634292014,0.17727262,4.100579138565072,0
0.22984520454666033,0.20840319,10.742788820050617,0
1.5551249087515129,0.74311215,84.2946622516077,0
0.0412819624814994,0.19486898,0.586858268130328,0
3.1497492005802408,0.044909302,179.98060389789725,0
0.0459940684021833,0.010152817,2.6352660020811207,0
0.03265418445487396,0.079582065,1.3219270624319506,0
0.11084929783959552,0.1049159,4.979534326691696,0
0.18539512184476006,0.13168566,9.817102573175143,0
0.04624448182045422,0.10546457,0.3812905218039178,0
0.06935821846526904,0.17591341,2.5802362941163213,0
0.06671016715670627,0.2002881,2.4166550008117333,0
0.06705329330762859,0.038165882,3.209803722526477,0
0.45009374357945425,1.443775,15.541967241012957,0
0.04179625762628125,0.033412814,2.1458247047148533,0
0.064810188080544,0.21422651,2.1160480768588816,0
2.721599208602176,0.5871211,151.93219609182657,0
0.07026038574894092,0.15322122,2.832441389123213,0
0.05235606500924129,0.22523402,1.0708272791905953,0
0.059501326804679594,0.088216014,2.382075386499178,0
0.08504586921467847,0.4264748,2.1819109064508173,0
0.17703619887530309,0.15797381,7.070448709706893,0
0.054335042753430096,0.15046285,1.9130004453217608,0
0.07384298972759813,0.08983621,2.706958633426238,0
0.02913454928367112,0.0147863235,1.5238303630754249,0
0.20646409680799718,0.22443676,7.686429789726036,0
0.08693244056296429,0.041543726,4.049240472660981,0
1.0374934656137702,0.32524356,56.56029183826449,0
0.05621693381836966,0.3403743,1.0305603427590455,0
0.17501736656705666,0.045536276,9.725321032103935,0
0.09590393544900874,0.488008,2.004318936050271,0
2.9090198839714168,0.37682638,162.80351245861934,0
0.19574780336867073,0.089922376,9.297128603573716,0
0.04545313901380754,0.090324335,0.9443547821260239,0
0.07546540232819078,0.23643641,1.5674670892784195,0
0.14288347310754157,0.7130103,3.5514538174292527,0
0.055326659867091066,0.08576319,2.250073203346794,0
0.058397177597955166,0.028615369,2.9967517677353306,0
0.012515904366091488,0.031561464,0.37407150401048844,0
0.05098214615862105,0.09648377,1.7235127853987058,0
0.052214633698009605,0.03565524,2.7176210414585595,0
0.024672246512039562,0.02963192,1.1680950016591631,0
0.11709570963673435,0.15001401,5.066403532511669,0
0.08023230725626031,0.23337245,2.4659919851506684,0
0.1677925384255566,0.26438487,7.963278613910337,0
0.2506899354689776,0.5240053,10.22468927092477,0
0.10687872534971975,0.13160522,5.243553061370814,0
3.011973998232553,0.07266214,171.91068725826122,0
0.11746533968060899,0.17100015,5.343530093105043,0
0.48624298549991973,0.9455389,12.530878823307184,0
0.05625900798724584,0.02929111,2.858545577248766,0
0.16262978404944112,0.4263914,6.652593630753542,0
0.04713963120368977,0.04824173,2.3453657033180138,0
0.09701417450090977,0.26335654,0.3535570948396023,0
0.03099293633330841,0.093359634,0.9117314293444606,0
0.10306427445117865,0.10802149,4.4492429638406,0
2.3321922109796525,0.8037174,124.43976197169583,0
0.03428001810619115,0.058138855,1.4898917442653314,0
0.03102142211189233,0.056411028,0.8035589685371053,0
0.1875924365132662,0.13278972,9.846068960419055,0
0.053664181087939515,0.12646174,2.1921074157500646,0
0.10921138950040009,0.21183719,3.8308335022709827,0
0.23346128197674523,0.09843718,12.331394215200415,0
2.718091772336657,6.408242,113.27719079566717,0
0.03042930411456498,0.05666614,1.2823088129649594,0
0.1846483170013464,0.12985246,9.537489644579555,0
0.044665029685665256,0.07529728,1.0756908916514747,0
0.4243235833078791,0.19980381,19.824613943793377,0
0.133094336987385,0.10459607,6.7635124983951656,0
0.036855620695061125,0.13764165,0.6496613077494416,0
0.08191476278258775,0.23156196,3.1359415948097022,0
0.08148346141308253,0.08315407,4.013013052649013,0
0.08180571455380731,0.27459213,1.81214038896652,0
0.02068336654593556,0.051842473,0.5720114660977061,0
0.10591339561308337,0.21743299,4.146874360783731,0
0.24080330807246803,0.22039956,10.934450655224179,0
0.05454352392795071,0.107699074,1.7742318631646905,0
0.04991047662038289,0.10220933,0.5501569141639073,0
0.14290207855865686,0.052477337,7.525926778900303,0
0.09293911866590761,0.39385018,0.7754874479108415,0
0.04510529137293971,0.1926618,1.3008138939919036,0
0.02788022615451068,0.041299965,1.1804972865101435,0
1.4464731536801463,0.17180957,80.99316899125134,0
0.1213993249596889,0.43776914,4.176331153630128,0
0.08464041738550951,0.24839854,2.6759699407197814,0
0.028105274033760737,0.04925591,0.7669530949397324,0
0.039061814815081364,0.047728002,1.7797566547616481,0
0.04830568316099913,0.038236603,2.3555567594008413,0
0.020090545154290047,0.032709613,0.740210177284276,0
0.07401047074221338,0.21060099,2.80809257052536,0
0.1307123789828536,0.115480796,6.520559845095697,0
0.04122924447344471,0.16388409,0.4681247392709211,0
0.2147154175871353,0.2763061,8.482668282229175,0
0.03870395027124607,0.08760697,1.1239383723281025,0
0.2639650916156378,0.13066544,13.498853808021554,0
0.0644105842298674,0.10254137,2.732632232153259,0
0.08519038380794956,0.17856687,3.776155998801796,0
0.10557755720892276,0.111940235,4.65725012178988,0
0.09308812050410484,0.19784592,4.059468948172117,0
0.1513486918703302,0.03480224,8.454655267089986,0
0.037648431809283914,0.08189194,1.3013388052785335,0
0.060676179089353015,0.032494124,3.1274792255386146,0
0.1218447681890335,0.20068978,5.193958104587585,0
3.301079732380039,1.6945139,173.59491726210226,0
0.08454679170833282,0.15135758,2.4296651120626027,0
0.0988890063997991,0.46092048,2.8509588513860624,0
0.06419508411128652,0.05954335,2.6580675110638903,0
0.06992103152604234,0.11496582,2.58902034013742,0
0.14119321276403912,0.19575483,5.913917895317698,0
1.3036230892888818,0.39300534,70.35324946190461,0
0.04237650287068366,0.2694855,0.537264787179023,0
0.14486949585235095,0.36993074,6.034991477864437,0
0.06447141084290267,0.06009567,2.778784251446856,0
0.10159816923219489,0.011939687,5.8211463032606625,0
0.017328162945947113,0.011188092,0.8162559794654106,0
0.05221868700947487,0.17356622,1.8797827980377924,0
0.05079839647895976,0.11807652,2.0968970443523673,0
0.03442457593606796,0.07216993,0.7920545070998207,0
0.025460830451427337,0.034945674,1.1279858927628925,0
0.10112982661034788,0.20625016,3.6998368731124427,0
0.0776256267941812,0.256151,2.4322343176476195,0
0.0308608706548932,0.10314627,0.8444277888718056,0
0.048018125755648025,0.22374518,1.288272711681866,0
0.1402763343927381,0.38286638,5.292029670056578,0
0.05205723243672027,0.19955005,1.674970049398355,0
0.08820637218663681,0.041681353,4.230246657662891,0
0.08030113696143559,0.114776045,2.0460963586668397,0
0.0862745404210226,0.23731257,2.4409872207198973,0
0.06244061481269736,0.10712805,2.0368051867275097,0
0.04789189820839702,0.039208017,2.170487863448401,0
0.07495985142390803,0.20073278,1.1118015228801397,0
0.06146658564662637,0.05177322,3.159283471989517,0
0.04621988556918685,0.11346785,1.4214914054220398,0
0.06820368533999407,0.035234276,3.2511508083646055,0
0.4096625958556086,0.56784254,13.404973175636885,0
0.29785573635493334,0.17839336,14.889155286014624,0
0.09244868113571898,0.22242698,3.9350818762427098,0
0.17692444583389724,0.60480106,6.042201834371902,0
0.050477348068766296,0.07470056,2.2259442850206397,0
0.2001454328595193,0.14237608,10.451997837099922,0
0.03582267916402586,0.15091068,0.9121458764990895,0
0.028857613149468615,0.18141046,0.5226932558560983,0
0.1483714605708363,0.23871593,3.4178596751874153,0
0.06563374140278372,0.08393034,3.1216326370241902,0
0.2192737463419924,0.4880461,3.4838498493257912,0
0.059512018534311956,0.21677022,1.3838364175050881,0
0.11806277551449616,0.44096833,4.077815243139441,0
0.052167229723126506,0.13891889,1.6655531761793627,0
0.028754908469536006,0.1385643,0.7160955951724127,0
0.03962734175960642,0.079674944,0.794665948031328,0
0.06633235405310811,0.17305423,2.041426940445832,0
0.05440088186779306,0.05137392,2.5629274272050613,0
0.03411334638599988,0.07130312,0.7810482877229458,0
0.061027242971988194,0.29506496,0.6511946741546281,0
0.04964095403124079,0.21090747,1.2513659228489844,0
0.07864350915324961,0.044633932,3.9729519377310645,0
0.05065501165195149,0.25422373,0.7339535909645133,0
0.09513609403102499,0.44962516,2.6971742088619,0
0.10866295122867267,0.6624552,1.5930897279946534,0
0.10640328836500829,0.20771153,3.837850473897912,0
1.1699260401985938,0.26850393,61.81630608287554,0
0.016573419413494876,0.03051879,0.45499206923848423,0
0.15584471909726585,0.19953114,7.669326625033486,0
0.047628949331046465,0.08719407,1.4082626466814976,0
0.11665364492957253,0.18251166,5.354533388985828,0
0.03471905308754887,0.051045094,1.059380770562088,0
0.03708267594103097,0.033342954,1.7780337830554365,0
0.0321694790034229,0.063587286,1.163805007345978,0
0.0734163770850193,0.14026234,1.9555680374279247,0
0.03598241754757797,0.08752786,1.0638089347964204,0
0.07059116698734244,0.057552885,3.599116577818844,0
0.08755020857318249,0.28259587,3.233413828654908,0
0.03882062095773217,0.06399285,1.1996482549568586,0
0.0866402641706443,0.12552515,3.269625391216679,0
0.0808862579066606,0.12178457,3.446323602675684,0
0.17569786812828111,0.18017393,8.94036935844264,0
0.12088839853587785,0.10204055,5.960137664551392,0
0.17109246073357234,0.31165087,6.001933690037305,0
0.052813046342207404,0.16599545,1.3846452282040975,0
0.30288803210248355,0.17658776,15.298748625908937,0
0.1325674472693576,0.09290894,5.787410776324029,0
0.13354106533036236,0.057223484,6.9800599057452475,0
0.040166923481619196,0.10513144,1.5786117135854065,0
0.057992307503225295,0.1387656,0.47336700942638565,0
3.066308225017561,6.4962506,132.86206033666662,0
0.05567868378106486,0.092456564,1.4290741557668332,0
0.1298636048353986,0.44324735,4.410572454534986,0
0.062375404401140186,0.05730874,2.4557078844355504,0
0.02994670714671568,0.048933655,1.3872993033268264,0
0.08187089264796248,0.2584727,1.9763552358696446,0
0.05207549095190507,0.05668601,2.4776240482808296,0
0.03893736886525952,0.10300971,1.3823464830379217,0
0.1471262697155183,0.43883225,5.6846638440954305,0
0.16256662961576382,0.06978638,8.64671423341658,0
0.07411176760486449,0.13911174,3.054379196337989,0
0.30871884237428965,0.46126458,10.869687958333254,0
0.11905803728428155,0.33548012,4.347495133989685,0
0.04906845028034702,0.1660729,1.6601865102623445,0
0.10459351890812382,0.08894099,4.416818334031481,0
0.03558413115889106,0.05345747,1.4411699093233172,0
0.09042778536957066,0.46429172,2.2546795534386366,0
0.07625766555644278,0.3290602,1.8155667827083082,0
0.11930000983333389,0.27540588,3.797301841024655,0
0.024517486623134837,0.08541861,0.3679512982538251,0
0.10566984618106796,0.08083219,5.376165339660735,0
0.1540490492167523,0.036277644,8.517389227137222,0
0.09905418442325575,0.18363142,1.6926974291130967,0
0.10648210535186105,0.07738593,5.566751183983693,0
0.19302571587502765,1.0105038,4.259755064300978,0
0.18215327907414464,0.17617078,7.981285119419677,0
0.07096913734169141,0.17892896,1.705873841567008,0
0.028478733006689988,0.07265994,0.8734682151814507,0
0.040391548045610515,0.123082034,0.9166426812979781,0
0.06970112490748678,0.14157304,2.572133608085952,0
0.03924806669575998,0.10144962,0.674772035733772,0
0.04491113527135768,0.11777096,1.0156157419182015,0
0.03369492697097287,0.038068045,1.1782091977205953,0
0.614104497681858,0.08503765,33.75493252078999,0
0.07218629831924311,0.13660625,3.0375162648767446,0
0.03818291883589019,0.19447103,0.6633605075360464,0
0.09924999821881914,0.18721531,1.6946703645804104,0
0.038806095249149644,0.044035234,1.553498325249296,0
0.07241048011032625,0.060565818,3.2876870104798392,0
0.04338068638029664,0.06199437,1.0616290730331615,0
0.07090638845074097,0.13186586,2.635294174957799,0
0.05160259900411368,0.041686844,2.0980436029272553,0
0.05040808783716462,0.08511427,2.09669439514957,0
0.06329164189483136,0.0976876,1.742600624382742,0
0.08769169464320863,0.13214058,4.053452931053628,0
0.1504946285109884,0.5894354,3.120517966683999,0
0.026883027805946022,0.052975632,0.983915286879406,0
0.049998796557630155,0.16035755,1.825121796075243,0
0.08172410826132417,0.34823748,1.9493356192929185,0
0.21544982099079124,0.0840869,11.62130736673616,0
0.04977427378122512,0.14534713,1.573617502449894,0
0.026600778338665997,0.0530185,0.7022512491099929,0
0.06008681204627658,0.06787283,3.020150724479265,0
0.12383170265384538,0.03219725,6.4641066266268865,0
1.7557252196031583,1.1938261,89.68972407205668,0
0.027430821614609267,0.07666606,0.7974494749304768,0
0.03490517162795086,0.04791505,1.4219692739883705,0
0.11569315460850406,0.08199237,5.23114460066854,0
0.13613377820759331,0.47719553,3.527615298584958,0
0.044158955554527105,0.10661878,1.6587919872407213,0
0.06314979621550773,0.14167982,2.1428469542741038,0
0.08626778197706508,0.06747459,4.253234172239679,0
0.12318787041734336,0.20451179,5.743979633375902,0
0.06410828831412986,0.03481365,3.323085342975345,0
1.2033229124042883,0.41520265,63.69460140667007,0
0.1174265702672412,0.034934167,6.41487734279852,0
0.02531952842443653,0.018466668,1.2007155134924032,0
0.03289250973982468,0.11579712,0.3202484351922736,0
0.06131273822380741,0.093491904,2.924638784391589,0
0.0854887200278196,0.03828236,4.336299336489702,0
0.03294136349270729,0.09430062,0.9242161470763091,0
0.051410492273316406,0.06121013,2.2260962012476546,0
0.8556942098216301,0.15245941,45.76880636551664,0
0.08523938641921167,0.2558364,2.1069792231265994,0
0.06283859632030162,0.18505023,2.2448085335040893,0
0.10265131162645741,0.15523499,4.325782841274043,0
0.06708612443475785,0.18679424,1.7378463113181912,0
0.1324603166033178,0.35085455,4.981512771338625,0
0.08715779068477032,0.29176927,1.1482916778401768,0
0.03926626150852201,0.07234279,0.9610182485746467,0
1.4618773423561828,0.46460852,79.8213538640022,0
0.04053788445356014,0.055249892,1.7757690892572033,0
0.042218201123141105,0.049060743,1.294222251800199,0
0.09641620937517043,0.018957417,5.390996609187419,0
0.08158807029579644,0.35811803,2.253925682677279,0
0.12270915332223625,0.04547277,6.752401298668225,0
0.10567251514233107,0.12834182,3.766604035723932,0
0.0273742073346297,0.058434203,0.7871431399431237,0
0.04382186150754924,0.028041799,2.2487454425691613,0
2.921691562194349,0.4312336,164.00343853857842,0
0.5852678081029212,0.58227074,25.098201801004567,0
3.1553748322426496,0.43378642,177.65896769081752,0
0.04473179720261133,0.17264734,1.4876978848911235,0
0.026785339837593757,0.027675537,1.2034488175487708,0
0.07974535730917803,0.05646491,4.137220092287089,0
0.040500821276254095,0.097125456,1.598014201387073,0
0.15674968085907462,0.3483303,6.614418597582274,0
0.02967277451929943,0.058428053,0.3959253107078171,0
1.4232968927849223,0.13035832,80.65649367132566,0
0.165480250607963,0.4861427,3.3582039183014714,0
0.031044132121030875,0.12557696,0.8990175155732468,0
0.08175409792493606,0.037640456,4.116249320467768,0
0.03680271153006904,0.08197451,1.0983540016101474,0
0.13434199142864717,0.17409968,6.582886745364345,0
0.1379019211450157,0.032514483,7.474356975480415,0
0.11092668599554226,0.28388304,3.9321799338803705,0
0.6156267711850147,0.09055034,33.81384667648276,0
0.019781994217772454,0.024852036,0.883511252229261,0
0.27729811966565093,0.052402202,14.709057987039724,0
0.11962118563736866,0.52807784,3.4804630201311215,0
0.04485279965595258,0.24534698,0.7317977222308472,0
0.04962171132063728,0.10143459,1.637959341465216,0
0.05558149433073044,0.14019868,1.4573945545118447,0
0.12215844284719049,0.36964375,4.703204722487829,0
0.05999083680681899,0.043423187,3.129453194364192,0
0.10025725779759871,0.048391387,4.8441296473227595,0
0.07266033859680066,0.1392667,2.8873090323509363,0
0.021785899787899632,0.036230665,0.6673706214809837,0
0.2460822868673529,0.94965446,6.589274500421352,0
0.04481631529583286,0.2825017,0.7569284009846028,0
0.8412293102130408,2.8633206,28.63065153036877,0
2.9044955225649938,0.1483738,165.47236052818891,0
0.19308129203926663,0.0917494,9.909359720772384,0
0.11531369175625346,0.33824047,3.951801123291451,0
0.04001348308138522,0.081468865,1.1800209567866036,0
2.108186945713431,0.41006738,112.23999407318378,0
0.07396262853357857,0.20616408,2.515941037550634,0
0.033273576458409754,0.050945718,1.0935818376038016,0
0.034788980294770996,0.049882527,1.4981455470273188,0
0.22344943890095423,0.591794,7.297450527174288,0
0.08378636094638284,0.29470697,2.933390799577846,0
0.045810174989847005,0.13564937,1.3103445169394285,0
0.09262206353730558,0.041906934,5.000587221209967,0
3.16248265058963,0.3200182,177.73668957859988,0
0.2885532554450877,0.24155268,14.972087932776867,0
0.07634012858003508,0.09463392,2.7108546387597263,0
0.12386462255678035,0.3056996,2.7229822184505283,0
0.02511660835528979,0.054769557,0.8155249000264766,0
0.09920001832851175,0.20125723,2.3116487428614554,0
0.10401306290516056,0.08626466,4.915258865242411,0
0.040307346024758564,0.041999087,1.694672505511306,0
0.10527594516190658,0.13005249,3.7816442310509077,0
0.203484377973923,0.4891265,7.677163745074697,0
2.3043955141460137,0.233886,129.379354568176,0
0.0459979546370005,0.11262921,1.783628327423999,0
0.08045865191041551,0.15883188,3.0500572410462055,0
0.6609605957035086,0.6427682,33.46956850621373,0
0.11898349373779842,0.21187164,4.651253041792557,0
0.07158357246994276,0.1760829,1.8939561575152577,0
0.09099593513977787,0.16047715,2.453758766113506,0
0.024821944300439516,0.016716925,1.2059215111642827,0
1.2759567946654449,0.49506378,67.9015457140849,0
0.07849082991452955,0.059250392,3.669960205980073,0
0.04374969224355352,0.16938013,0.9762108888859369,0
0.050725059000446895,0.112303644,1.952018619217162,0
0.03779260237584406,0.18537912,0.7437303238939015,0
0.07623866044336534,0.1002282,2.403205812005639,0
0.0350974061350419,0.019072143,1.7336207062223492,0
0.12962417335477378,0.3404402,2.028578580951313,0
0.038987910552627514,0.048880596,1.4979900553119763,0
0.03734027722249178,0.04856699,1.8461304633131965,0
0.09401601294996524,0.33521056,2.929525403492129,0
0.06782842157770219,0.17766532,2.622857907151262,0
0.043309260977419384,0.20207444,0.883900910478678,0
0.11926526054026043,0.51605415,1.9645584740044892,0
0.7952131284382206,0.05775668,44.29059245852978,0
0.18746577948042825,0.059487354,10.25045740970641,0
0.07409880894485114,0.27350345,2.000260293297677,0
0.3009855571443092,0.21251039,15.944098573034223,0
0.2881245851384589,0.15205589,15.512576744051978,0
0.057158693043347225,0.17553355,1.6855696287699582,0
0.2627078257752368,0.38370216,12.14494143186925,0
0.05639874997203007,0.035090514,2.485320072031545,0
0.050592444925902195,0.041003164,2.4639930960479988,0
0.15970033611965148,0.17043667,5.79560132383919,0
0.04642781943025238,0.060573835,2.2296212604425265,0
0.04094158840975742,0.16237403,0.8877097515188815,0
0.10200497775506306,0.29641458,3.6696853438052885,0
0.11319016502667488,0.41212577,3.8351272201641864,0
0.09577150576316716,0.1500727,4.211255867640743,0
0.050545484201655014,0.18203118,1.5849494737585712,0
0.043161365066939704,0.045358792,2.123182038154318,0
0.03077645366324582,0.13211827,0.47434753943843405,0
0.7010537421085181,0.23560987,35.05804426519,0
0.10693883963504151,0.2327172,4.006625931588889,0
0.07219343875723105,0.20908694,2.391530579495897,0
0.09358428177804631,0.11459699,3.0654103192998954,0
0.04342581873046456,0.0831928,0.7221133089712708,0
0.10208249715024813,0.2831822,3.9505292657645827,0
2.1809013184404122,1.2139452,116.65892151797216,0
1.2246040299968983,0.74398375,64.0029657724994,0
0.06323066187925289,0.11558782,1.7150969043755657,0
0.0420247344058535,0.026867235,2.0431658448624646,0
0.09288606584384591,0.1171478,3.591287733034043,0
0.027500997791029814,0.036064167,1.0081806661677393,0
0.1654929069517308,0.33394647,3.8656689187563185,0
0.12009187051013456,0.03473518,6.494643565310735,0
2.1290058400571663,0.2469005,119.455305465185,1
0.13614385300539478,0.337961,4.340728921116071,0
0.1360008362354957,0.08406626,6.263684527205801,0
0.2509021987433847,0.34210783,11.926847114907703,0
0.06051290674985848,0.18203151,2.047679553768498,0
0.03615516217932369,0.17427783,0.7890041248421733,0
0.07808146374130118,0.20209783,3.014870755237896,0
0.18526122520467403,0.07130763,9.940820648549828,0
0.0313509903435502,0.073180795,0.7462554526711357,0
0.04682970655638403,0.07614924,2.1754992158313367,0
0.08071568989436376,0.092703916,2.55911714047121,0
0.05944550929623842,0.1455514,2.228302236773341,0
0.07661795454583542,0.23661289,1.800261254943293,0
0.1236168005677757,0.012930372,7.082720949443946,0
0.2052036266322362,0.074071586,11.131411705960948,0
0.11744793226942615,0.07080065,6.188263500250804,0
0.08470125329050841,0.18122049,3.5290489383552126,0
0.07060168949962888,0.34383297,1.2532412544966274,0
0.15659846783627163,0.1873278,5.474548190740845,0
0.6018615717958262,0.31089237,31.52144264906788,0
0.1200903082540938,0.93764156,0.879185505369544,0
0.046786521470526504,0.010688563,2.6806702183593787,0
0.04552756750069611,0.074416794,2.0682490153713378,0
0.06228869558665578,0.3304421,0.7310900879367952,0
0.15408045598490433,0.19947912,7.039147487270159,0
0.10405081263096813,0.1674996,4.097831614927694,0
0.1292784859857403,0.14141893,4.6320926405164045,0
0.0531780339536214,0.23265396,0.6013259684755389,0
0.05852284995337778,0.037605662,2.658406189682826,0
0.11299222308501632,0.55219316,2.9842654467608676,0
0.06366431630573331,0.10169077,2.9595778027489743,0
0.07187236795604818,0.06435763,2.907194859551053,0
0.08312107143906174,0.46273184,1.8110218228231507,0
0.039310709233491115,0.072533645,1.4549012970366657,0
0.045087024792966376,0.16987786,1.0022133065128611,0
0.08615426846787005,0.19596875,2.0169841767605985,0
0.02694628608713396,0.11311732,0.7514779763287722,0
0.1063228281591168,0.052872505,5.403282954783449,0
0.08318088615231169,0.44328982,1.5023039722902864,0
0.10273596542161163,0.13553312,4.377407135666038,0
0.08927452653057485,0.4830157,2.0044992090685563,0
0.15541827688151133,0.25880945,6.1140811935602555,0
0.10298659168659055,0.29327226,2.8421029081407,0
0.0715580096249928,0.10125942,1.7648158554492874,0
0.05151956919810259,0.069120176,1.9299726270717639,0
0.08558196929299168,0.21635875,3.0655107655601745,0
0.08857649319710043,0.20272456,3.8346459647351288,0
0.08126630843843433,0.30091864,2.1711509849210886,0
0.0527302117946578,0.039314497,2.6475755980793845,0
0.03137641108665114,0.037043028,1.42086479611023,0
0.05005984086051981,0.09010607,1.1320937609091632,0
0.14459687550828035,0.08728934,7.630265301906652,0
0.1920804605238247,0.082559705,9.888566668895026,0
0.08074188691696808,0.41002125,1.5305596384501508,0
0.0654700222056239,0.18735075,1.318702331759995,0
0.13559111897032186,0.18600114,5.287543956472722,0
0.12818077925735186,0.13644566,4.461305808055939,0
0.17804429657099372,0.20121163,8.014569785562202,0
0.06527827949090975,0.09137898,2.057600617996078,0
0.5660025435913509,0.2722531,29.769967296345705,0
0.11643160732496556,0.3427588,1.10130602078428,0
0.08299105515279741,0.23707896,1.3035125179876272,0
0.0747046002334991,0.36603248,1.5919874134980645,0
0.12649749243695946,0.049374484,6.6725839028465135,0
0.11845623498864088,0.1108684,5.628971368365503,0
0.11417263843518201,0.020301726,6.398211403719138,0
0.08789758764984706,0.23946925,1.9036309292311053,0
0.0505603970915397,0.34354097,0.45592307761112116,0
0.06564497124973981,0.08059678,2.496082235679321,0
0.10927897144002638,0.496185,1.814645625526695,0
0.09740971965737176,0.12197932,4.238874739392519,0
0.10558512077827409,0.2667218,2.329261428885546,0
0.0491569323534065,0.16510402,1.5134984275985293,0
0.07858620041581144,0.26331055,0.5239140452514228,0
0.07368946813583659,0.19288407,1.8731941035100481,0
0.11418126821256763,0.023872474,6.099046218065546,0
0.07584756589075223,0.54701245,0.8570111423376549,0
0.028556747110291505,0.07020307,0.6160557279556256,0
0.07574580204835778,0.20059127,2.615409081487309,0
0.05104449608056647,0.053378902,2.2860708426607537,0
0.10296504385434092,0.12926622,3.9814362617102805,0
0.1129394460977728,0.23024611,4.950605999782042,0
0.1258982545496365,0.28217483,4.879046461308546,0
0.06103468107659271,0.29874521,1.4062088331582394,0
0.0820376526163297,0.11039512,3.765994740232897,0
0.051124876864041546,0.20547386,1.4941745592987339,0
0.05130774633477448,0.09027198,1.363155554728305,0
0.05814380741204,0.077189974,2.149750698778003,0
0.07234360719921713,0.04731595,3.770306296713749,0
0.02985668713742176,0.06000086,1.0576440517320107,0
0.0695152383573095,0.48053855,0.9570323836688244,0
0.04063666245262835,0.22044976,0.5767393626170153,0
0.17277289268644608,0.12468978,8.655129961662373,0
0.21414028657963716,0.40566617,9.747177156907577,0
0.09823352283855558,0.3391029,3.377948920869657,0
0.021625126214489948,0.066276565,0.6958246927756423,0
0.025481847508063794,0.03025536,1.0291749810592175,0
0.11656648828930741,0.048249852,6.067765342028731,0
1.784946223505463,0.56669015,98.26477033774874,0
0.06470655671233569,0.13369228,1.7831314587420024,0
0.08051495804667956,0.05727593,3.70948768638657,0
0.06057737989850656,0.22643816,0.8258193033676366,0
0.07956945816891589,0.069392934,3.6037533290944443,0
0.09307000100089854,0.29306227,2.719478698592893,0
2.030254641694334,0.2742789,114.20038524289225,0
0.09565673589362869,0.34639347,1.2729542057966459,0
0.05457979304731244,0.09220546,1.5865185036682772,0
0.06503517483513237,0.27048576,1.473205169693891,0
0.06880138031979491,0.085369185,3.141106967822949,0
0.1004894346769781,0.07377046,5.212770166056426,0
0.08224932173585724,0.40391797,2.0328745784258264,0
0.06971441829085863,0.1236987,2.935999111462182,0
0.05813208308197051,0.19136591,1.4418128555925827,0
0.0927261922106761,0.2819335,2.9833450277436597,0
0.08389981738882292,0.0598804,4.064611635242502,0
0.06734279618684583,0.16884173,2.002243744921216,0
0.03449793398849851,0.157647,0.6231078361259246,0
0.029170192085564185,0.030969046,1.18266167589886,0
0.03737625198425322,0.08936893,1.117301499901955,0
0.058575278293478056,0.10396225,2.5484528706906007,0
0.17306765897106585,0.047390435,9.442465444751747,0
0.3871517089167034,0.11161511,21.368015077373492,0
0.03929412063643878,0.05860683,1.0870601855377076,0
0.9809670444128461,0.14187701,53.08726238252414,0
0.22145408580898018,1.0580522,1.4747523557321494,0
0.043657232046781916,0.019502023,2.1845944362541347,0
0.07561531298962462,0.2528442,2.688950712258369,0
0.05034752154026716,0.09457951,2.1144354611457894,0
0.09822778667198644,0.021104261,5.235128173766461,0
0.040539311582246856,0.1162913,0.7486128714569237,0
0.09672658767345711,0.1567039,4.301033549217916,0
0.0936172769512033,0.23693532,3.7380581435250213,0
0.1272295479350434,0.20257486,5.676454152217229,0
1.7515037269733837,0.35678095,96.43320819558895,0
0.13004972613465277,0.31659785,4.537482397151951,0
0.14442604531709907,0.13838477,6.303671729195161,0
0.2162927323942125,0.47436062,9.326618455756401,0
0.04432315719429546,0.12155163,1.7232269336282542,0
0.030620097357290477,0.1071485,0.41901263887278467,0
0.10950441482465617,0.040330406,5.688373485637702,0
0.23156820570518594,0.5437574,8.737361311454784,0
0.11683251702685488,0.29956573,1.7943961325352684,0
0.016773682080609458,0.056841657,0.33294701555927625,0
0.05260925294269662,0.14646281,0.4939455784536673,0
0.03379845346907083,0.17935677,0.6994716194814773,0
0.06977602110613854,0.096376225,2.237111718374616,0
1.542886158088995,0.056255423,87.98115787388225,0
0.05472101422823913,0.19183293,1.9191263627674047,0
0.11610987957138237,0.2597733,3.4977845837093002,0
0.02878319865145297,0.09107479,0.43907509402583383,0
0.03041134546390054,0.04615549,1.2328303380854746,0
0.07607736801567139,0.085653365,3.4627584143704753,0
0.04683805074996515,0.12542531,1.6855728687903806,0
0.05410269285922375,0.061180186,2.7253369454187286,0
0.0912251165197488,0.2153515,3.379056319498738,0
0.036601769985018684,0.011946044,1.9258734363676835,0
0.09704849159971245,0.15830241,3.9571331888109222,0
0.07352836857488845,0.36433738,0.6322164282894961,0
0.047656778748851575,0.14288886,1.4106298200178942,0
0.3426795053416701,0.08207174,18.44266661449774,0
0.032674172045588146,0.08335812,0.5152422083881225,0
0.06003480658027991,0.09399813,2.0942725350606164,0
0.0702535498750316,0.06825935,3.514180074477864,0
0.15269771677263783,0.68138295,2.7017136056772317,0
0.0256737437228669,0.022919128,1.227707368849643,0
0.04577747570111012,0.023214037,2.4538459515495266,0
0.21578946416717082,0.2037672,7.853253155882956,0
0.054037581279202926,0.116872564,0.9705886153754906,0
0.02836161014212777,0.10249443,0.7112555062975192,0
0.0645007516231105,0.09845208,3.022905106704956,0
0.06994135361643763,0.12499409,2.9138286349356597,0
0.0549626426835124,0.07526458,1.6452016569623802,0
0.07574832162226867,0.26188573,1.7287232814297062,0
0.10622805657873916,0.26291537,4.374069111688496,0
0.0705981559867711,0.14799905,2.222104331017139,0
0.051565009956058006,0.12018923,0.8822755904894101,0
0.04311145804153854,0.06323284,1.5652863831954544,0
0.05071945041027062,0.25681168,0.5229990677793842,0
0.04421242578130068,0.03862621,1.9853765869471,0
0.03801566642359382,0.03401629,1.5531139942989505,0
0.04567334045603362,0.11084118,1.9040174646353252,0
1.385664986165059,0.16624193,78.3324960833837,0
0.14346222322135352,0.25047493,6.123291977669349,0
0.06682441717180014,0.32994086,1.649254593828614,0
0.09367592335416806,0.14615758,4.14870368904515,0
0.05195444877651633,0.05471788,2.4459551266777693,0
3.1868130137721296,0.24208036,179.06363464037454,0
0.13849432477781654,0.6564509,3.7401559288243407,0
0.063495035450205,0.27718267,1.4750902980422278,0
0.16924844593528093,0.2155369,8.211513877058344,0
0.2172699017018558,0.17416474,11.335779941337329,0
0.14909582747359978,0.13018477,7.428585124375536,0
0.13338212251979592,0.33119506,5.623681691144728,0
0.07964580140146495,0.07966426,3.2763085599416204,0
0.09598206730131761,0.2578018,3.920100310204177,0
0.07230354219440623,0.18360159,2.9925663445122597,0
0.08646191730542958,0.06247329,3.66449941180842,0
0.04848038662402114,0.04430404,2.199624790096188,0
0.1320660097047852,0.5214672,0.5840220563904465,0
0.046394078502119046,0.11500758,1.4481236063314338,0
0.06991628180054019,0.37530193,0.7570244407602844,0
0.045718159707749575,0.023207258,2.382073039733988,0
0.13385157686888044,0.025665835,7.07941739898671,0
0.044392972356050484,0.087137714,1.189945051000891,0
0.08150382275001855,0.06285574,3.435936336435087,0
0.048060414858671505,0.05830166,2.054316130736367,0
0.04923668053530718,0.15365082,0.9256308203384196,0
0.24350668539707124,0.058293615,12.761901667783167,0
0.04622466094595264,0.093487374,1.8364908991083053,0
0.23799424676618153,0.3004289,7.775219299526817,0
0.504676247633054,0.17893668,27.774366013352008,0
1.6214918349315441,1.9366326,79.06304856760592,0
2.0760038617718997,0.5381911,114.72115872644684,0
1.1889973499746518,0.027403334,67.88017534583541,0
3.1011754300420304,0.15001872,176.40017754166516,0
0.967941587433225,0.35468093,50.46618828429684,0
0.1077038606855511,0.21014607,3.213636225073073,0
0.08393570957944717,0.19145694,0.6453172280792021,0
0.8932157671670947,0.03955169,50.70137434630361,0
0.4545976033910353,2.2032104,4.8271138848872575,0
0.08118120232198309,0.44418758,1.750816341097199,0
0.0746538853250033,0.28066316,2.1675596258386274,0
0.047734609924840764,0.11132559,1.8778785568886134,0
0.0814851492911485,0.30464798,1.9278757924178167,0
0.08571979247799069,0.11991158,3.857900142002296,0
0.1990943442341347,0.20742962,9.970116368211613,0
0.030825658809958807,0.1637471,0.6933445150621352,0
0.03520144127363083,0.08907914,1.052689873004308,0
0.19245512295016742,0.21781835,9.265328914144742,0
0.09768888328978075,0.12979311,4.105410050522702,0
0.05509004152252123,0.097993925,1.301420278068806,0
0.05868910024008108,0.06503519,2.7912972789429187,0
0.15769387785367162,0.3907131,6.591543429776514,0
0.10134924808632424,0.67488956,1.5572249941797596,0
0.14304331664107195,0.25751385,5.956601343545044,0
0.061232361344710905,0.14003223,1.9655305468346582,0
0.02860020668411424,0.09492262,0.8007584165023851,0
0.04283343270511236,0.06259663,1.657291569592449,0
0.09141096472740173,0.35587087,0.13494742884028463,0
0.06356128150702861,0.02174236,3.322004327505479,0
0.12028801172768808,0.23609559,1.8442264810756168,0
0.07282034544396943,0.060011316,3.222229815245965,0
0.037045828877941916,0.04706868,1.7722481201620734,0
0.08420927666354366,0.038444363,4.515273459269616,0
0.05824078243341933,0.11650703,2.206908076905324,0
0.06154943361078054,0.22888456,0.5759907657864148,0
0.1181339442002571,0.11596632,5.579322771368004,0
0.13624176190270076,0.30218524,5.486199289657704,0
0.10949850278194129,0.47750148,1.9157349856829884,0
0.11626215732721051,0.1279855,4.380120533354226,0
0.035336915898465535,0.067554384,1.550559371487007,0
0.06867649179645002,0.1589268,2.2816721603201304,0
0.016945203228325583,0.03202394,0.4228297666610474,0
0.06107643751310655,0.06526035,2.7054901928616237,0
0.04497871252333098,0.09181858,1.0486210581001125,0
0.06821148284110996,0.037103433,3.6663061947853848,0
0.03582147676146264,0.13672525,0.8510849954443145,0
0.11355458157692319,0.26417384,2.8626381248566406,0
0.10531506113620573,0.42516667,2.226364718009814,0
0.11911467388057044,0.2009975,5.060442930464247,0
0.14101739942406816,1.1640167,0.9859548647331693,0
0.07035580607647954,0.14915757,1.9358068542298548,0
0.13320783582814436,0.105575204,6.2225556172105385,0
0.09102809373364736,0.2882243,2.241005311831965,0
0.02482202080574911,0.14079975,0.21141953554923185,0
0.027649598968748197,0.036045797,0.9480239511229565,0
0.20545482070345972,0.08279037,10.553334354288523,0
0.04194624862597612,0.15222076,1.1986369149106555,0
0.07154232380921562,0.17411725,2.755152916738484,0
0.1230972707067503,0.19730535,3.927020677224165,0
0.04613424984978774,0.028591927,2.043747003702344,0
0.2670008411250055,0.13753372,14.340013973999678,0
0.12571666368199622,0.43879166,3.003698191710386,0
0.22229227595815237,0.2995443,10.300207325759057,0
0.11740793369522652,0.27383175,0.8329915618913134,0
0.07988578240160425,0.21570244,2.020659690316422,0
0.07325084594081417,0.09101235,3.4304344390967745,0
0.06647664177692617,0.2731842,1.3697375871239847,0
0.1279139016363488,0.28488582,4.750551210588862,0
0.018496067130561317,0.07020063,0.5929136131286054,0
0.05258411617400067,0.32125708,0.8701144903950635,0
0.04416297103043126,0.06617938,2.0127612894374285,0
0.28399738267788244,0.14960217,14.975675855962225,0
0.14959182754283648,0.31886545,2.2076704861041576,0
0.11720384776675974,0.19946972,4.112724839096048,0
0.13955780005378338,0.36441985,4.849191560619374,0
0.1018933736440915,0.6805305,1.6168074220362851,0
0.17907515367184942,0.051547587,9.755064010108383,0
0.07250544851851093,0.15129887,3.176946301426304,0
0.039132413863016594,0.14617507,1.1059126108373531,0
0.8337655537396673,0.14343114,46.32003703971836,0
0.10124339439165624,0.3784253,3.3263744277267433,0
0.10957244924584479,0.044416316,5.806084827242346,0
0.03215222693957114,0.0640166,1.42726446613063,0
0.07696837540194117,0.093399614,2.507854847291007,0
0.16951112179561256,0.1911488,8.057645086046143,0
0.11575017046268536,0.2749946,4.949199637489949,0
0.04023834306717998,0.074814536,1.3558795220179836,0
0.0884101105201961,0.1008404,3.1630384774878735,0
0.048818228836916874,0.051790882,2.412599283233794,0
0.05840255859741165,0.1498308,2.4072180930216858,0
0.060895674357623684,0.08014341,2.4750475631519584,0
0.04893622666176034,0.024489678,2.5265337861553347,0
0.07259822871461769,0.013169008,4.159572105473057,0
0.1163408231516631,0.5845065,2.4811041906064397,0
0.1842426136256981,0.6415592,6.273801960916367,0
0.13887512831208787,0.51267856,4.540043474313396,0
0.042200279876413074,0.047487006,1.734649562520623,0
0.10297261845403252,0.14317405,4.412861487512556,0
0.04617254336072614,0.28436744,0.6384106808251205,0
0.749710610761305,0.080111615,41.60748677482525,0
0.08396219350801506,0.30391163,1.302990214963272,0
0.2362517413409827,0.014049535,13.369371429415512,0
0.036419633391575765,0.20932652,0.42655169494665174,0
0.05214825096891982,0.07534066,2.420453842723246,0
0.03939062360177904,0.15412036,0.8969920969617831,0
0.049896955376556834,0.05775663,2.268091519669776,0
0.055322266759259366,0.15633976,2.171676128576212,0
0.07267427432055826,0.024175286,3.8902116079115268,0
0.04953383425073923,0.09766732,2.2336116393814938,0
3.027468404073994,0.16394706,172.39386719798708,0
0.06514433159679167,0.4078618,0.7140515310211419,0
0.04015296303962039,0.14775074,0.7577507793707102,0
0.08384911614037606,0.03005614,4.54300939449033,0
0.06612802667200501,0.4361234,1.0238748105120858,0
0.05053597244234732,0.049855437,2.5131055516649674,0
0.27876015629141176,0.07291705,15.466781611079476,0
0.19763114309280255,0.5320369,6.745172955037485,0
0.12434114214589309,0.70721406,0.93301946286584,0
0.3136054129656461,0.1322591,15.926117940400195,0
0.13141464388457014,0.25242752,5.421321536916287,0
0.060067212043679714,0.044220295,2.7275753109158036,0
0.06453748671452039,0.06653944,2.8348068198210754,0
0.07184708231761311,0.21959102,0.7956889287052206,0
0.024625563940090474,0.111419976,0.6251458672984563,0
0.11878414691235822,0.09916043,5.429173754133957,0
0.08000920782367554,0.05655047,3.5869050451448476,0
0.07846173562957742,0.21873774,2.6420289688370646,0
0.03557602922291692,0.035222627,1.7820776501688524,0
0.07296480501764455,0.10221339,3.4717930966771475,0
0.11403683321328612,0.18649605,5.162897694337426,0
0.03904681768871829,0.043066714,1.8243113638684871,0
0.13455622666382908,0.24550499,5.611032219498092,0
0.11090745790219948,0.14954472,3.4318808497452586,0
0.04670073809256034,0.13107026,0.7884819310646354,0
0.18917678853319167,0.12847716,9.883999403598365,0
0.07651855147596473,0.20812024,2.227956962775411,0
0.0850188921746226,0.30620062,1.6424509130631568,0
0.07066522937556421,0.046357553,3.4761476333909913,0
0.09210949764060242,0.067673035,4.477958571395555,0
0.05691306762141811,0.3494894,1.1507836238848608,0
0.01902331863863649,0.04217444,0.4790193013700271,0
0.03928176838249264,0.10921947,1.5868560160146665,0
0.1617418571797916,0.4220241,3.2811266540694586,0
0.07017478312216407,0.29168516,1.9257101315100937,0
2.130539651592522,0.034563232,121.71641440869887,0
0.17547726372470568,0.5344918,1.0219950808727507,0
0.04827894957732626,0.042578768,2.3618362930159607,0
0.03800885802962513,0.11596567,1.0605162446409508,0
0.039772275917881704,0.06044146,1.6012284658940417,0
0.06291674146440997,0.23878552,1.919047981628115,0
0.158042825726834,0.436115,6.111972365415822,0
0.2612807948775431,0.2967663,9.110883956971984,0
0.09087095756223643,0.06480362,4.55218067454867,0
0.10459077047195703,0.11121854,4.46313901688033,0
0.14865203597952742,0.7713492,3.035317084242167,0
0.08919908737277338,0.17540534,1.2159691210483203,0
0.0483107278221622,0.12279232,1.8268767276418962,0
0.04726378604498308,0.06361444,2.0928007955716414,0
0.12146356545911915,0.113414265,5.631823532885982,0
2.132885354499357,0.6349723,111.18455495620533,0
0.08854148209056165,0.460013,0.9477107576016178,0
0.13403458924013567,0.21280842,3.2277322683872627,0
0.07677451138886542,0.07605591,3.9103182989696705,0
0.08499264528741635,0.08631398,3.0191893920331876,0
0.054884975116788054,0.37494522,0.6080055796152347,0
0.0898675651222355,0.12372128,4.356191041481232,0
0.08616994588640645,0.46725374,1.3392529734339103,0
0.8427273662302465,0.27207544,45.146072283516325,0
0.06784899503180752,0.31336984,1.5004853950915098,0
2.920302898569067,0.15554887,165.2996181468298,0
0.13957395126317546,0.4578036,2.5446747545427444,0
0.18298672779606845,0.5308571,6.973874518706361,0
0.03801538967637374,0.04916213,1.5968879747240805,0
0.02696149035140156,0.029333603,1.114599911840743,0
0.07837382079239762,0.4308201,1.4232727537275163,0
0.07204869906869821,0.10263073,2.9393541697583037,0
0.02819457224189362,0.060723554,1.1154968596590635,0
0.08571813946491186,0.18748215,0.9030483074655461,0
0.09138747158768053,0.2643641,0.8674971202412212,0
0.12763170980055563,0.041801687,6.7882367544244175,0
0.03494954436305904,0.19131587,0.8383451833909973,0
0.09604667558228888,0.14795732,3.7690017241809053,0
2.686198156207701,0.08017902,153.29870944735774,0
0.053431189952438785,0.10281249,1.0290465113813874,0
0.1129675761628774,0.049978074,6.0775213083076105,0
0.029740805881840093,0.08424597,1.1636847902819965,0
0.060125614829231885,0.14927784,0.9171330068745416,0
0.07099720704954222,0.031525165,3.654335145954379,0
0.07894584066069388,0.05662161,4.1676846588724015,0
0.5091149511609026,0.7720589,24.519320456241786,0
0.04167903482114885,0.11097338,0.8970672736922507,0
0.11095682910211734,0.29193553,1.2841415214644356,0
0.0740770000620471,0.13628611,2.802133407271181,0
0.8920790376492065,0.057950042,50.15774256676647,0
0.27441894774532843,0.7297845,2.451915688586398,0
0.06175701931408327,0.029275652,3.032669015052352,0
0.10299818730609855,0.13785109,4.2787894815936705,0
0.06540407031171902,0.11062392,2.8060879048645955,0
2.739045933943071,0.04926541,156.00509075798772,0
1.5999457720561432,1.1579795,82.57565622383315,0
0.08898471119896874,0.59222406,1.3417175639979386,0
0.0802690107088967,0.16718748,2.9047366587230417,0
0.024963595796304854,0.121294126,0.3463354612029656,0
0.021954170078345346,0.043800153,0.9461881667489911,0
0.060829737362964105,0.011986548,3.2840131242518984,0
0.10630102817705053,0.36890966,3.637666751856743,0
0.08771989191232064,0.06428432,3.6585714452149527,0
0.13652228404126115,0.36682087,5.477929870385508,0
0.11068669425595543,0.32525435,2.008157844146645,0
0.03665138181775615,0.07343334,0.44455607241611816,0
0.07789818607595973,0.04566935,3.839739686872079,0
0.13827152034670348,0.032031346,7.489694438520962,0
0.0823609442019562,0.2609268,2.001161034158052,0
0.04096943683924844,0.19323441,1.0130144822939957,0
0.060725169437770066,0.16649362,1.6304868675270587,0
0.02431181154258997,0.009376519,1.2328534071444917,0
0.10817196512637049,0.105998024,5.501918821159649,0
0.07364541354008156,0.17310226,3.1758930713983564,0
0.09648552645540927,0.05795604,4.759249782417579,0
0.05274849117582103,0.21181786,1.688083554735471,0
0.0590996945412807,0.031063413,3.135473567403698,0
0.03388564075376418,0.0830616,0.47466889011282354,0
2.326909290202898,0.05436653,132.1955102367062,0
0.07044150135984097,0.041080315,3.7495262415921906,0
0.06872328168018603,0.15902774,0.6372441536536622,0
3.0964051140437694,0.21066678,175.49666251979167,0
0.045282202021063464,0.12395447,1.337395019121021,0
0.026824570479077874,0.03335995,1.1197654775377952,0
0.16761922044158073,0.15421462,8.459503021896595,0
0.04264428313432865,0.10275586,1.5826066097064628,0
0.03972424296661278,0.08836639,1.6935140338587122,0
0.12361684615930794,0.07888038,5.289875957589552,0
0.06932690912519306,0.12928623,2.8009986723684985,0
0.040280712946447084,0.16957307,0.7499713229311098,0
0.3979453653593732,0.11763147,21.441875321331807,0
0.07480144674736772,0.087527044,2.8546600542225233,0
0.2122017116222836,0.017162818,11.893578003516927,0
0.12148378105884933,0.75576276,1.7756981015152014,0
0.09299711793816659,0.3917852,2.5301415009431962,0
0.0966132476671358,0.23536603,3.9402702193967345,0
0.0948201830679396,0.07312384,3.800512892124362,0
0.055339377174186355,0.30550447,0.901995410704754,0
0.2183277704808761,0.048606586,11.936174911179316,0
0.04865302731191053,0.20309226,1.2567009282428865,0
1.049038194549059,0.024085265,59.730246174414496,0
0.27693694870804886,1.0586239,6.972194802686238,0
0.08003878955152013,0.32098562,1.352286522568741,0
0.058845869181499026,0.049648438,2.9958500717384475,0
0.027622753702049682,0.05131849,1.2154419782093757,0
0.058197621066274005,0.09046985,2.5563196285797694,0
0.07070634535684474,0.12431275,2.962345156237394,0
0.039921236003865906,0.12499528,1.2119498742651449,0
0.04852304926825764,0.05027543,2.163669162348908,0
0.10593690885901913,0.24216038,2.377139858375857,0
0.19779493093959682,0.13902624,10.079356044521198,0
0.055288566747138564,0.11504843,0.9581766365010815,0
0.0425223806461641,0.13974997,1.5658827421137285,0
1.6155220567314972,0.21152812,90.2154998770338,0
0.08789019490834436,0.41874987,2.3148974354533114,0
0.12547836332223317,0.049910236,6.248695503175746,0
0.1389815916861224,0.654283,3.3517430735162907,0
0.04036103994499601,0.22947969,0.36309801355505117,0
0.14149104839542698,0.1946374,3.8971731990860077,0
0.12884125977000271,0.2592348,5.207639167288425,0
0.19812003214081586,1.6279621,1.3834618964010668,0
0.1269920288629344,0.077180296,5.803508682197995,0
0.05845572071912421,0.3696408,0.6756354925503111,0
0.13670163359531212,0.15311818,6.644013976056032,0
0.06132567664601731,0.10244736,1.2114610427917583,0
0.08120043366454334,0.15449962,1.6942820914359424,0
0.11624558340090653,0.057903655,5.554275508836945,0
0.08164207335645274,0.40237346,1.3276154992025289,0
0.07709447088032992,0.037549667,3.970545220226025,0
0.044712691083694814,0.18051873,1.1069852195481376,0
0.15801365880073137,0.076777056,7.930874593259035,0
0.019482479328411923,0.09405433,0.4591795781329602,0
0.0712782595860375,0.07966927,2.9798484886271677,0
1.5624385368759284,0.16621971,87.86232642211334,0
0.16696557869850567,1.1181546,1.1876130700229868,0
0.0526362100260994,0.077045254,1.79131861081562,0
0.10788992759101429,0.17177789,4.906519305184423,0
0.048107339306423094,0.1261096,1.2937081719937,0
0.03720182036396615,0.014287923,2.0017434011638713,0
0.01975010813116061,0.02434266,0.9687401442940509,0
0.05624557826201291,0.06407275,2.736766983169105,0
0.027381341809952407,0.03166872,1.348464298805299,0
0.05330735275306195,0.0553092,2.478379399823756,0
0.10200432942728394,0.35656282,3.033163786060648,0
0.1607745866472695,0.019595046,8.909698501897726,0
0.11492145940345408,0.3018467,4.035192381928173,0
0.05441326560131776,0.07253135,2.1176883624318084,0
0.045725092887739294,0.16505076,0.987973237206979,0
0.05350291597863797,0.13716748,1.9408905985360672,0
0.11579250453504392,0.25244957,3.5869574604219676,0
0.0852550288097074,0.02327778,4.462115581291514,0
0.0424003046373485,0.09823016,1.1702451488089254,0
0.07937309304598093,0.2567123,2.3322853634453957,0
0.05629111426571776,0.074647754,2.608378044997465,0
0.2690871154701848,0.024713513,14.962587158696993,0
0.07177374996185423,0.1861329,2.7833917970119937,0
0.13985659849810333,0.4968488,3.9744934370320077,0
0.08280522904613745,0.021762965,4.367749369337335,0
0.12196009927838593,0.067531705,6.440372475802173,0
0.4143742786767499,0.081551425,23.16680813208436,0
0.09645486517959911,0.12957369,4.174873242122882,0
0.11631496570822179,0.120838076,5.868406350695536,0
0.04751993617492832,0.07468489,2.1843566590198367,0
0.6726676520283652,0.11617228,37.710452972830666,0
0.28201357000680405,0.6961543,9.23648770918129,0
0.11242723695204036,0.14629166,5.495421781494592,0
0.06633789014648528,0.08111394,2.4331129074560063,0
0.035532589507883156,0.08723576,1.3030444117299673,0
0.1307316478989957,0.07854453,6.900855484818029,0
0.1768180323923692,0.75721633,2.8108109200334064,0
0.03712810623555515,0.03729764,1.8086824377407065,0
0.03933475913199132,0.043418974,1.8375474845015654,0
0.06359140065835214,0.105947025,1.271850941204339,0
0.055181723404371,0.13164619,1.7330153784961033,0
0.4653488680885777,0.26312184,24.781614775205718,0
0.1020736864738659,0.14162996,3.8589366215351126,0
0.06904874363524068,0.25698078,1.4717683051555597,0
0.0348266083937963,0.093146026,0.6210070970114872,0
0.02028227070818807,0.017593186,0.881905186143783,0
0.0994134227740322,0.059127968,4.89627248766074,0
0.09474616899699972,0.23935404,2.604695218159366,0
0.03993262337487473,0.18661825,1.063647209266535,0
0.03322028064277713,0.05565366,0.9123784158933119,0
0.059395559220903005,0.2012196,1.552830706285791,0
2.5866266718506346,0.15892577,146.96014580884238,0
0.45413070122272164,0.36829972,21.581968104736752,0
0.11992914534422028,0.2630606,1.911185288371039,0
0.04449793287652467,0.09445124,1.9570859385592483,0
0.04070151028251882,0.2235446,0.8745894956675159,0
0.15598644281108312,0.09373404,7.4039912076473895,0
0.06867453519030449,0.42616585,1.0551056744689444,0
0.0705124728606763,0.022067342,3.7392809881866342,0
0.028149229314105323,0.10940144,0.8149846726077301,0
0.07109703173363559,0.096823394,2.725598756211125,0
0.11268303540014062,0.08833159,5.635411497359644,0
0.08242643834815952,0.46491766,0.9106846104403042,0
0.031432095016858876,0.036906034,1.0145913592906672,0
1.2640835627986335,0.034103405,71.79836785077383,0
0.15571886206825009,0.9416735,2.6884759552303836,0
0.02685619203127574,0.08538376,0.39589754075216604,0
0.19102457386678873,0.09406668,9.970622658465377,0
0.07251451215115845,0.31538898,1.917369452155407,0
0.05540428826691124,0.041912045,2.425377311341067,0
0.13035900796705138,0.08736339,6.534156337738571,0
0.03596276001706003,0.15492614,0.6952217722882859,0
0.16316112246190573,0.1389458,6.6172627844605465,0
0.02362855045091565,0.06326318,0.5651018833503278,0
0.12039105569326267,0.06453397,6.345257570823553,0
0.06369588971005294,0.15337276,2.580094076466326,0
0.1001999233559103,0.1502506,3.9069984307457997,0
0.1652764071788166,1.0021697,2.8690990229010707,0
0.10720695494750146,0.122886166,5.299641819619497,0
0.5453936669700119,0.83703756,25.766613236261232,0
0.3958339063588635,1.5843108,3.1295344404553416,0
0.08053028739251619,0.17963223,3.235871791069567,0
0.0452504860984679,0.038425777,2.233150224999791,0
0.06365785576401639,0.22729835,1.4936258829569704,0
0.13878606363426013,0.20719162,6.30881356926924,0
1.5138287539991337,0.19660178,85.31731197674792,0
0.059170489299318244,0.37557727,1.0218606053831223,0
0.05250775919083233,0.17445399,1.2576116293123043,0
0.06487937662031955,0.1345194,2.769445457483723,0
0.056418560731259254,0.12838534,2.0922406384149914,0
0.20045421649052575,0.07811658,10.4731617064718,0
0.1153197476411175,0.77894384,1.6982115004839695,0
0.08036325616069964,0.18385327,2.9211526599855335,0
0.11767778676105747,0.07530616,6.002050098892948,0
0.09685068416156307,0.4304009,2.083193303686145,0
0.08644855722989217,0.21676353,2.841391112627662,0
0.056752038326617946,0.28815737,0.6698226259250968,0
0.10464278019269696,0.21048687,4.307155586228738,0
0.03284058111400791,0.08141027,1.3228774132863932,0
0.2815891627517344,0.1434302,14.189988285784032,0
0.02451830523351299,0.065475315,0.9747206501337652,0
0.06179374872256123,0.12262926,1.9950759765455806,0
0.08083452412461786,0.026233207,4.459640357364868,0
0.08709239027208365,0.42512444,2.3199171866496373,0
0.1283322052678312,0.041355636,6.79056410300357,0
0.0719232986520491,0.08464888,3.182052899858808,0
0.5581843932199071,2.0539103,10.377923067401627,1
0.11355545524897194,0.5336555,1.9336782950711355,0
0.049732228241303154,0.055561416,2.4216897520932523,0
0.08087161103718349,0.10353432,3.039516417461109,0
0.1627627401872319,0.42493352,6.440608067888711,0
0.02337313065430497,0.061324358,0.8280006179796897,0
0.17432486855880852,0.90446186,2.3828582521746973,0
0.11738494716453196,0.21421467,5.01298411238521,0
0.019848994229334227,0.034003925,0.7274319695955138,0
0.10384636352347054,0.23479521,3.427325734814449,0
0.06761849863920953,0.17266141,2.348130567825086,0
0.04620858135023454,0.29877627,0.33700123607913673,0
0.09121038413858022,0.12832864,3.6679715725508735,0
2.0330219287089335,0.3887036,109.4877374128231,0
0.5892692540563369,0.08991682,32.72949275312908,0
0.14877043283008484,0.5084076,4.935765975717731,0
0.13182110878373343,0.5043312,4.059356329256409,0
0.0792083487767537,0.14849937,2.25342160807476,0
0.09392124902601941,0.10074328,4.647933764603836,0
0.06922268542950677,0.0716096,2.843469250673382,0
0.04577802876779053,0.303053,0.5493529744941843,0
0.12208325185200676,0.08869702,6.396103782318995,0
0.16786289297509732,0.120585814,7.996884351774719,0
0.030158116181240632,0.12435615,0.7141375084205169,0
2.3943877725178764,0.2606697,135.39051524557317,0
0.09690231090488532,0.1478138,3.2331123086667874,0
0.270228333343,1.3804364,3.501916083218469,0
0.21396203712706757,0.14584678,10.788091268695469,0
0.05369772821817704,0.058741488,2.4122562031434733,0
0.07790483269593132,0.13442303,3.630763205891687,0
0.11226113034285831,0.207807,5.149779118673562,0
0.09431232640964245,0.41186133,2.6070448602724463,0
0.1725331377527749,0.6156151,4.517666304450378,0
0.07340795319341892,0.17273907,2.2551853265457007,0
0.061358215649413496,0.46487674,0.2644530992995361,0
0.06384469423416207,0.15784618,2.4667548587252184,0
0.09701634419248203,0.075486384,5.044555652901096,0
0.08371391107600404,0.50465375,1.540478067851099,0
0.09235715035226327,0.23474307,2.2884714808365287,0
0.019693550038090684,0.021016743,0.9025775804325779,0
0.09963562078501169,0.044196986,5.221335400128614,0
0.029053867454665656,0.032653123,0.9759670450491704,0
0.05369370271163971,0.10433648,2.3211702221864137,0
0.06382463130731503,0.20783457,1.9198539063794382,0
0.08032109367974534,0.14849934,3.492373460146039,0
0.08747853272612507,0.0572645,4.440776477550185,0
1.564021770701891,0.21485938,88.13874313067612,0
0.09812733148603753,0.37552065,2.4378452001736295,0
0.0612172467385996,0.17316045,1.3621874308304047,0
0.06344007094404688,0.04637913,3.24408735167459,0
0.06377984823402234,0.18909542,2.4104805106054243,0
0.06708384638437674,0.22379357,1.3135629621787472,0
0.0689505044450559,0.103302754,2.80496341320347,0
0.1297027500921194,0.057063535,6.952413989105326,0
0.2197952972508466,0.32624725,10.590348507168812,0
0.17261025957498957,0.90978855,4.049134586709628,0
0.1481944114603819,0.1951625,7.22879845865447,0
0.03672629753674665,0.06922667,1.375908508875412,0
0.0429268783106459,0.039968815,1.9841054734824535,0
0.15207838517090075,0.20716573,5.279209379877382,0
0.03979959582909715,0.032218877,1.76696927767481,0
0.3052794391121983,0.054149106,16.602498054828963,0
0.05495469523813729,0.09845347,1.7635806011070023,0
0.10362034940567963,0.1956058,2.8951512889092226,0
0.0743465168632925,0.25893143,2.182921021558583,0
0.042174406850038704,0.197144,1.1347761951120283,0
0.052370277898282185,0.39474514,0.5518928233265056,0
0.34185723379784805,0.02574999,19.212672507720104,0
0.0689530121738679,0.17527255,2.3707088785367483,0
0.18102941791657418,0.29732823,8.439674443631333,0
0.03462560434033571,0.053535454,1.1617892210456302,0
0.13930872964935584,0.030985147,7.320282322143778,0
0.06869428305185103,0.0841796,2.2640542857994097,0
0.09526111732614409,0.2665525,3.410851429985516,0
0.02123199174063839,0.039232023,0.8859458937027098,0
0.04640066208698605,0.1104568,1.0199255507254141,0
0.13348890094377633,0.41753703,1.7298884134910502,0
0.14592245342909532,0.16824783,7.2648229915311715,0
0.07602369165251621,0.09423871,3.621928899672142,0
0.1929578647887554,0.40055034,8.307950419622431,0
0.13980766144196655,0.085255854,7.4462165460751395,0
0.13799253783427537,0.18668796,6.431836170380009,0
0.05801532979511858,0.17575796,0.9985899869003049,0
0.17592591428084167,0.08041881,9.551192038893504,0
0.025878806740412656,0.06370428,0.8862940526517591,0
0.07115114496765601,0.07091328,2.9139910425396383,0
1.4844339604159051,0.03913485,84.62363824328328,0
0.05910147000219345,0.20170948,1.499888208131794,0
0.046857524263117886,0.29257488,0.7851289415089114,0
0.08139894108674735,0.19174637,3.130913864357753,0
0.030845894222746636,0.110038504,1.0496489962165045,0
0.055346531901481075,0.20661557,1.1416660192342094,0
2.566180168097181,0.06300966,146.18556584561813,0
0.03225717159565869,0.10949542,0.7028417410030874,0
1.7016573502643193,1.2021464,86.1766996944873,0
0.09322424179455838,0.19459374,3.3764476364796687,0
0.2566921046732336,0.5928919,3.0848229583158164,0
0.04280099296221703,0.2087098,0.5359927052753234,0
0.02477362659738758,0.06555706,0.6507792507015925,0
0.027147648198461778,0.092454344,0.33575733432575366,0
0.06082709743192334,0.22605522,0.9649707558562093,0
0.06023185026013574,0.03873521,2.886813003940481,0
0.17202923356638566,0.17542224,7.9504020407718174,0
0.04274863949029303,0.08036732,1.0503236595807408,0
0.04050722146203303,0.11446718,0.5014578604015472,0
0.015234144088392852,0.015310827,0.623674266675736,0
0.08623142167172042,0.10768227,3.7765171394351764,0
0.03693815037754105,0.11970851,0.6206371430743027,0
0.0346562936790772,0.07691467,1.493762210761676,0
0.026703309847707548,0.040422015,1.2165091247653952,0
0.016140187749683663,0.0222009,0.6918950217848756,0
0.031751251860833316,0.11165046,0.5796695684219133,0
0.06298615182327442,0.26267666,0.8925896937720326,0
0.28783625177622085,0.4312048,8.065371571614635,0
0.08399258417031116,0.20929155,1.9633077029321837,0
0.039942350889809734,0.12251069,1.3152976766327626,0
0.10115522735292369,0.15538396,4.6493041291229105,0
0.9867257566830575,0.09413432,54.91083816545755,0
0.06445467445771674,0.06889913,3.176688898028836,0
0.08996717107582972,0.50526017,2.009257151789677,0
0.09034915905978194,0.09877289,4.399432251569377,0
0.07421228347737865,0.27213615,2.15539087685802,0
0.7613251233153245,0.25572127,38.19604825639257,0
0.10092175277105475,0.28362945,3.9795951471480846,0
0.3395896316447943,0.07802372,18.947564623630512,0
0.030966606691438962,0.031237721,1.399020324021041,0
0.20554924508179426,0.4654513,3.1746465977433176,0
0.09569203685583236,0.09349981,4.672378955843888,0
0.07461438430595739,0.45066956,0.47955660501702385,0
0.07571269673457579,0.38407978,0.8531897233338553,0
0.06678186925036889,0.067594014,2.666072887296446,0
0.018305398065414986,0.089174435,0.29499995277456537,0
0.09218526412676414,0.36402363,1.3282151091564134,0
0.02674048635253359,0.05400316,0.6597694114798485,0
0.03634857544908092,0.08355836,1.454378737800582,0
0.05721645391496322,0.19939119,1.7210148028143444,0
0.12356441211620399,0.6159764,2.186084286124517,0
0.08417135049970242,0.18167111,3.2794898989511916,0
0.0507938882738629,0.15849008,1.310433703835247,0
1.043209127313996,0.046640076,59.32312070084531,0
0.04709572427759864,0.15017976,0.9878848848989915,0
0.2313448163446311,0.807112,1.1956543401987436,0
0.04288055033814718,0.055855416,2.01585468567338,0
0.104299124246761,0.24512528,3.2419780996216994,0
0.05637719584814859,0.14976329,1.837993399005021,0
1.7962499142432875,0.73272485,98.04948008096122,0
0.045014168891012236,0.02391867,2.0644077511543584,0
0.09527023296288178,0.6475477,1.5208761795381844,0
0.12865992218511899,0.41949025,4.629397179809565,0
0.06477464918108305,0.040708054,2.8866847350925906,0
0.08048468900019513,0.06846298,3.9031021441207807,0
0.05637049795450447,0.10812439,1.0307268411937156,0
0.37983915814765246,0.06289451,20.6910587749722,0
0.10676596196423471,0.21362285,4.353855354123707,0
0.14117541743208625,0.11869143,7.3447436171752125,0
0.1246520572600956,0.46279022,4.189216877166042,0
0.2808842196754106,0.52624875,11.110521786659227,0
0.07778948874154834,0.014532215,4.25655771064092,0
0.3106093127821361,1.1804733,10.714003035311075,0
0.11391996414811026,0.1758948,5.228349411958583,0
0.047899081128558715,0.14402632,1.8692193503288912,0
0.08690082727991935,0.4875881,1.851191762466992,0
0.06726360781083962,0.14100641,1.772712896853352,0
0.0905345501666123,0.06032158,4.3408106154355135,0
0.15898915329166405,0.124960355,7.67967182737727,0
0.038503261317066884,0.07676987,1.3943091628655908,0
0.07430601466950476,0.24632484,0.5544591607999569,0
0.14336523651448926,0.15143727,7.175309480229176,0
0.039545285136778616,0.11974659,0.35848603206685953,0
0.09497261755767676,0.20557214,2.2495727279010023,0
0.0821262146647879,0.0793232,3.4912878815664654,0
0.2730482177730251,0.08022476,15.056022983900622,0
0.03163638647804126,0.15245219,0.7157035771409924,0
0.03470825897081957,0.10242871,1.2981885114474945,0
0.0604506818318976,0.08855037,2.271570940451029,0
0.052111245427526785,0.13507836,1.3412879880743938,0
0.08916371671066481,0.081330806,4.510175763222349,0
0.13043399884334522,0.13186699,6.4621345991005885,0
0.04771418799347351,0.08871217,1.1439365838662647,0
0.06700052878767637,0.13073716,2.9770420028499247,0
0.07847128304775097,0.19813868,2.626992492125448,0
0.14877834945230178,0.14869909,5.33292911802756,0
0.03828757136336197,0.19553544,0.5271766631482208,0
0.06755186750414045,0.22259015,2.5086729563630614,0
0.017128362299569842,0.029253466,0.6686302952300335,0
0.060136840258323276,0.12725209,2.567924693737218,0
0.03847493816055384,0.023278,1.8618639057324224,0
0.07177574962367601,0.06436698,3.0977534477884845,0
0.03820350031008404,0.109663844,1.0601597705179886,0
0.20981863757967453,0.6225707,0.2937343462656967,0
0.10326490889886658,0.023116903,5.445107842060381,0
0.05497503916681922,0.03649079,2.7080691181170744,0
0.06265886334241783,0.23263642,1.5525785292824328,0
0.12014818617164959,0.25104728,5.18453473431911,0
0.02703851441922052,0.038918167,1.2177528684907684,0
0.0575470363467861,0.08649197,2.64898651134961,0
0.039152007183682586,0.007913095,2.2432447710908927,0
0.06525260213020348,0.17682627,1.304221422071961,0
0.0908326133028914,0.1726272,1.3993900685518643,0
0.15186588826453795,0.08752715,7.708478919501918,0
0.19706931151908214,0.34774005,3.406685448462047,0
0.7965760420667575,0.30909407,42.572332193897225,0
0.47144917588477164,0.27717257,24.423943788193725,0
0.3286034976804515,1.382948,2.436418495218289,0
0.10515441082595481,0.31036448,2.219896904678029,0
0.06914424335812427,0.30661035,1.956207692098838,0
0.12540238631336192,0.103296354,6.300280736756153,0
0.20252239495555951,0.15282077,9.784540631889316,0
0.0887467046303651,0.29541874,2.9542775434011332,0
0.05664795520615516,0.08301722,2.6275251485694704,0
0.06862138576191569,0.1184054,2.748218922209454,0
0.03835958809801565,0.10393502,0.5690921136200491,0
0.07673576953359074,0.048462316,3.5250022616100485,0
2.4699576387166537,0.056304116,140.92448285277902,0
0.06782545679204334,0.34603915,0.9789683291279018,0
0.05730433159336215,0.25899765,1.5482871061178476,0
0.04260759702638752,0.17208816,1.298118590170137,0
0.06166993523690621,0.09681573,2.7100162245716017,0
0.053923584675824573,0.12192803,1.5704015851622655,0
0.21707535473259928,0.44750512,7.996811484917037,0
0.056712862008817255,0.3278065,0.3430684437149549,0
0.13430166463346807,0.69953775,3.3804776041315256,0
0.07284933806500236,0.0547988,3.6812205332941006,0
1.42112699655381,0.2433665,78.51898136354967,0
0.07853221675846044,0.22010423,1.2780441688838817,0
0.06897951400355909,0.5207948,0.5791612581389198,0
1.4433073875900326,0.19440013,80.78630969763557,0
1.9088762363575096,0.5083631,105.18621201157828,0
0.7629072051667537,6.2122617,1.7065260734873315,0
0.23392400226337953,1.3456997,4.004533980262098,0
0.0845524964338657,0.13237043,2.0586495246241334,0
0.08389023240854176,0.16713081,2.950210094157953,0
0.07260266897479964,0.18457337,1.9720567314442778,0
0.06195004385842029,0.06430361,2.752938699039854,0
0.11308765218311385,0.19622901,4.749119958802594,0
0.11778324745014648,0.104048826,4.994750691619535,0
0.02726054897904815,0.06832765,0.5538261868177266,0
0.08481122248016613,0.52084494,1.2164151082151198,0
0.1004583576452654,0.03336995,5.253274697481661,0
2.952522549624306,0.22933452,167.47749882323913,0
0.12192546646852996,0.07765163,6.027891711773718,0
0.11922920879872821,0.56189585,2.4645770790504717,0
0.07185832080330215,0.12792516,2.2203188591979055,0
0.08488027812914872,0.18129608,2.496541325451466,0
0.029659710730941886,0.05967543,1.0816593807328896,0
0.10165433144372758,0.12860203,4.804248194373228,0
0.1972151494507553,0.34657645,3.64003802298381,0
0.1422907026379396,0.6403601,3.391786489155689,1
0.11668371442612611,0.819799,1.5418050874867593,0
0.11638571157313211,0.06266319,6.08725371156161,0
0.06880296130015726,0.1146757,3.0312640558082626,0
0.18444921279238508,0.08564903,9.97253542127337,0
0.07823349953571385,0.15514757,2.559176072025749,0
0.04093859193772577,0.1594794,1.1602196018307518,0
0.10201484163255538,0.36334848,1.709926873293158,0
0.23643191435440808,0.015876899,13.546550834706128,0
0.041507908590358876,0.11457599,1.120736044538199,0
0.0651943634582041,0.29418796,1.8780507313102488,0
0.2409240226251835,1.0937481,6.81027700741329,0
2.0077545467951188,0.06955596,114.21304505522778,0
0.054349492224932724,0.036550745,2.853193620436592,0
0.034287549248486496,0.123060875,0.7339441495434412,0
0.10338047198658164,0.6810554,1.2218290915624637,0
0.03902229400640756,0.11786672,1.1782373614584283,0
0.051184247959521416,0.077242784,1.9378319102604262,0
0.03466730330133673,0.030332394,1.6992360184298423,0
0.0683128502369876,0.022506742,3.5594095941418478,0
0.07926584278381613,0.17038722,2.5536093676517893,0
0.050440755995588664,0.09266548,2.0111726983826554,0
0.08014532403841722,0.03881689,4.229174902690298,0
0.11238282289790844,0.03134027,5.834758960895582,0
0.04893428004457909,0.31227016,0.6525244228072038,0
0.20410633424579305,0.096065015,10.707328316451969,0
0.1385865320459484,0.42295974,4.84952970395118,0
0.1688987732810478,0.10830027,8.708154639219082,0
0.14265633163792907,0.17340513,5.073326510342493,0
0.08395349306603364,0.29235214,3.0311644637987576,0
0.17737845321954915,0.0675524,9.751382205257558,0
0.07872086344025184,0.1300254,2.9648353613190026,0
2.334988036594665,0.17942046,132.45271690537166,0
1.8211763608988252,0.24533997,102.21863653084878,0
0.018704346639463604,0.05538778,0.6324042151648417,0
0.10019266491098058,0.44226384,1.9415699985582107,0
0.18965426351843798,0.27618852,8.939613845748994,0
0.1063502539851601,0.14751051,3.4222269938729033,0
0.039024904971797864,0.02893441,1.9160008317729773,0
0.04774739032553378,0.299409,0.7794555307310728,0
0.0431901108408588,0.0707036,1.88106053201589,0
0.12441574399220696,0.22891463,5.4453437638511,0
0.0493728434833276,0.06159899,1.6913404818551054,0
0.03513130177052707,0.045663044,1.3747198071225437,0
0.18526160095241273,0.061606176,10.121815456527457,0
3.129280019460564,0.38828763,175.34287829765583,0
0.19291670475556402,0.09436363,10.140012847814766,0
0.19783061938970137,1.2108309,3.2622453090724277,0
0.04440397723725391,0.06405235,2.086403505632046,0
0.07547486137075346,0.38120967,0.6588009506098434,0
0.16327638897159352,0.3202896,6.824682101102639,0
0.07773210914644497,0.21496277,2.969306422417229,0
0.06834761568452935,0.12942101,2.6211429121390935,0
0.12464842382203359,0.41897246,1.0456956628614495,0
0.11105900832197156,0.5881585,2.464706107601352,0
0.1732059576233195,0.04740404,9.600110882385037,0
0.054399835137273915,0.050817084,2.524443691179591,0
0.04351888739906929,0.027592853,1.965138994299945,0
0.09057510950477105,0.21511707,3.6652286676154207,0
0.08404528638290633,0.24395142,3.310074295322573,0
0.02038292567618529,0.039358944,0.5705798516447071,0
0.05846511064237349,0.14270927,0.7873431485574552,0
0.036440771986288256,0.059460357,1.0034216491843564,0
0.057969511566964026,0.09073223,2.0777748729436234,0
0.04851521343696085,0.12431748,0.6589481440237445,0
0.06271158718013792,0.08967792,2.967060802771864,0
0.05144575437627738,0.020775815,2.6130469560410843,0
0.6154550940273742,0.029172547,35.002785872485084,0
0.03626815915259611,0.029091537,1.733218124228361,0
0.5243393478127454,0.2094019,28.68377619558562,0
0.4762770579840727,3.230881,7.4567141500008125,0
0.07230298254204709,0.20202643,2.6087050749177556,0
0.14929787665748845,0.31908938,1.7686009875382018,0
0.06679546017794052,0.2361441,2.303388196045618,0
3.1597728260019204,0.3088327,178.92699945210137,0
0.12286668587958594,0.1684661,4.840622694609487,0
0.21234539593623558,0.07876102,11.524292052359826,0
0.06452480332871917,0.14129716,2.8208908599748757,0
0.05419664305565104,0.14557946,2.1022242438672585,0
0.05078063311790551,0.16061865,1.6279821855624401,0
0.14427650545610773,0.43058455,1.7045124542280685,0
0.041385829990834636,0.0828837,1.7132018130634883,0
0.07343402145431474,0.10537937,3.111989900297653,0
0.02783805966844921,0.07847589,1.013272968935189,0
0.05309985477293755,0.29093125,1.022005630085759,0
0.023420821798152445,0.06272639,0.9529072208864054,0
1.1090425272639193,0.18066593,60.74784559819373,0
0.074885269337571,0.035588186,3.7591577706230264,0
0.027912233587746818,0.0354888,0.782974552249471,0
0.2746224585235918,2.0331037,1.243141574669154,0
0.06247109317708818,0.03020403,3.3719822460827396,0
0.03994905788964146,0.07314434,1.1102226121063388,0
0.17858162192013496,0.1454004,8.727096224372579,0
0.042152283599587705,0.20214936,0.5836540654971303,0
0.08288835766121973,0.033505093,4.162771292672815,0
0.028179777953601597,0.106125265,0.7818696397721686,0
0.07832582322677883,0.19074474,1.4634154300046922,0
0.049508549944440775,0.031892456,2.5873983193106893,0
2.056189125699245,0.06378804,116.89347996262116,0
0.03587246879437031,0.08476626,1.4968757144270997,0
0.15919597844329988,0.3417821,1.949098867747999,0
0.17948154629481677,0.7464738,3.810649350344795,0
0.06821776705326577,0.07538284,2.7643885259051393,0
0.030878525502995507,0.032938544,1.1534110193671534,0
0.046577934458127954,0.07440489,1.9823931603893739,0
0.05835509033261744,0.14337565,1.6304109317575264,0
0.05677558443574084,0.08257082,2.2351152443008147,0
0.051153871428524365,0.12166752,1.7040906411436352,0
0.0873729182304111,0.09347464,4.202103643794283,0
0.06193587842335619,0.09420467,2.82084187737551,0
0.1914509077935696,0.11047791,9.775463373463776,0
0.026773724056768113,0.051241066,0.9620606555127384,0
0.14007381160824722,0.17857105,5.516190225577101,0
0.11189356690930563,0.7135993,0.5139215025806998,0
0.11991632855591516,0.25231445,5.292222419922302,0
0.05767691651103071,0.048924193,2.8292443690441913,0
0.07465806164137155,0.16777526,1.6929274477743637,0
0.0754668578548866,0.18920048,1.835096251680452,0
0.25243204975992667,0.23864564,12.927003508939073,0
0.0667289211534238,0.02779845,3.439099979220064,0
0.21632458398929041,0.30035818,7.464263879297678,0
0.05392357464227934,0.2722105,1.265992499023107,0
0.10390095539334485,0.19830695,3.993857993941755,0
0.3000469536246621,2.0454285,2.091305060636309,0
0.6601445236251786,0.047986064,37.322448830027554,0
0.04819523734591526,0.16867597,0.7881879316690337,0
0.0454311599281811,0.16043441,1.501391400779212,0
0.09798598095897225,0.580868,1.746494627777549,0
0.05778267450802466,0.1292618,2.247803106750645,0
0.08699004681034586,0.19161741,3.4163311444376463,0
0.08858174454455567,0.10137967,3.4117448019907903,0
0.012044162514468212,0.057068285,0.29603832930699703,0
0.02272310190643293,0.033677634,1.070168067082887,0
0.24246161496629967,0.06933769,12.776339629513773,0
0.031841496328251034,0.048500616,1.033176267248224,0
0.12413480809582647,0.026366698,6.835115404822252,0
0.04097771364410354,0.2706171,0.588670151812294,0
0.11184350144553261,0.123015076,5.172069248185398,0
0.06159309595249444,0.3342419,1.1700660033190735,0
0.11098005532123086,0.06477821,5.120636844969068,0
0.11286024059987039,0.039998844,6.130072160356,0
0.08657607682327413,0.07195227,4.519763845506176,0
0.2752368474194139,0.34960008,12.778194446155828,0
0.09710376307386033,0.25676686,1.3635168368032802,0
0.034030914893198594,0.017930798,1.7656527192153473,0
0.7915484571141903,0.454605,40.68589945960535,0
0.12698921522563425,0.20043457,4.4390842071767995,0
0.15226868807702776,0.029217402,8.39379598200202,0
0.28322392350111114,0.23878661,13.36612078230036,0
0.0291238838395293,0.04757275,1.0400460400023575,0
0.15493487656216276,0.60183567,4.157212191971603,0
0.08463333202699215,0.6124806,0.29099062074238913,0
1.1299684339413112,0.045863997,64.18064847339915,0
0.0789864843801761,0.084630586,3.6905463924041424,0
0.3586453667536676,0.21791486,18.372470260668315,0
0.3116448289921182,1.66617,0.9319779847457504,0
0.04447267010230608,0.174576,0.9821477941542396,0
0.1167582583042132,0.30676955,0.848718945473263,0
0.2211235246880595,0.14050432,11.52575931451995,0
0.20014476740584933,0.15042986,10.453757223103649,0
0.07607525023149743,0.112124756,3.526197640752763,0
0.12637959974559745,0.3263562,1.2499057255544381,0
0.11100781014877101,0.76793224,1.0039520329494678,0
0.07073021895585305,0.35383058,0.7243175658287887,0
0.2705572419586888,0.08022686,14.78472638053017,0
0.10311964968238856,0.105433956,4.815106246325571,0
2.909412824377657,0.029673286,166.40575708427875,0
0.04917564287493714,0.14617546,1.594957732620954,0
0.054557682080653445,0.19852749,1.1721130257758492,0
0.11831519342305669,0.59736496,2.12060317428449,0
0.18684771838095796,0.51330733,1.063492147161844,0
0.058571521966423006,0.11647383,1.135566805164769,0
0.039318817654875764,0.125608,1.2345644290708135,0
0.0875670930817974,0.058759782,4.530925580834214,0
0.1320965358552924,0.23114787,3.5693509578103626,0
0.041734812955511506,0.11836115,0.6480095117363759,0
0.13312800581318768,0.1477978,6.300812465556856,0
0.17127739975879397,0.35118508,6.612594264190534,0
0.03802199816360013,0.06290445,1.5330028039934966,0
0.06290173157022806,0.0873196,1.7965152016093582,0
0.030467956709397837,0.036852404,1.296692332656988,0
0.08083581162579187,0.08288897,3.3646932221122805,0
0.06382738048391531,0.16360927,0.3102002951340565,0
0.09199304973056222,0.20466733,3.212470460587617,0
0.07634763362333899,0.027315905,4.184486467279288,0
0.2297464515790745,0.27540588,10.930854920335806,0
0.08523890090422147,0.068269685,4.241942234573965,0
0.05500295588515223,0.2558481,1.0611246452688925,0
0.0735464728059019,0.14917286,3.142694040241142,0
0.02580516719788773,0.042900216,0.9486792472686275,0
0.10460847633387177,0.20682766,1.843585460712804,0
0.07507784757713801,0.2947906,1.8545411276240813,0
0.09663317957372136,0.112193234,3.6335339861640064,0
0.019021982503905632,0.024046993,0.7386801397097018,0
0.0614414691918108,0.059403837,2.8495250502841034,0
0.04309227212471002,0.114697464,1.7414940195118616,0
3.117917862834867,0.15237124,176.87300540843898,0
0.23286640594271457,0.52627176,6.106469980986556,0
0.410548155481779,0.4343641,16.166506510822263,0
0.18265310178409877,0.52872515,1.4264492920796479,0
0.158742645682788,0.4897506,5.172445585063941,0
0.22419781367414748,1.2460586,3.333580193484169,0
0.06026598933247272,0.065074146,2.515388306708378,0
0.18622906628462335,0.50368106,6.244926978750942,0
0.06416190893200777,0.107575975,1.5084010211667633,0
0.14849358247843666,0.13120025,7.001014447790272,0
0.06586879878580904,0.4204114,0.9493576695365469,0
0.07235427644649227,0.15252219,1.4745525053079023,0
0.06157383077673963,0.03625691,2.73324690504915,0
0.11872952625936267,0.5706265,2.935033143082687,0
0.05248705826252856,0.2935161,0.9931200534372114,0
0.09773617331995442,0.06610983,4.119415635334843,0
0.093923165851538,0.08815973,4.759436345377059,0
1.3277462615788878,0.13637966,74.52508221029882,0
0.017191765673466003,0.06252923,0.5836846921732317,0
0.2134476010219666,0.45980674,7.685797172942397,0
0.08102362287154907,0.092095815,4.0729212888952,0
0.024788077061885162,0.031454597,0.7586339177458803,0
0.1817797688414847,0.42868048,5.290934567004529,0
0.061689770318183436,0.15459873,1.5298609086125081,0
0.05635921317555602,0.046155382,2.515893849739859,0
0.07812620465070488,0.2629708,2.598489626736764,0
0.10458334052976592,0.2357056,3.7431284442192863,0
0.11287086646040054,0.043580215,5.681984319635793,0
0.038369856916903686,0.2093069,0.7799149769163797,0
0.04424855139086011,0.05085638,2.1394325216898307,0
0.0271685102789848,0.047688577,1.0367096861059166,0
0.06492465028381868,0.01949364,3.5332159788752113,0
0.18188803176893445,0.11666595,9.410366073022608,0
0.07851787346021707,0.21151714,2.5495899109381774,0
0.13530698483078046,0.0414398,7.369440272520538,0
0.2008548165311557,0.046611823,10.44362204642359,0
0.10398048203571646,0.097757004,3.904433052919823,0
0.06102856384928382,0.19346389,1.787588436496433,0
0.10138597142063654,0.4979203,2.703234654287252,0
0.08411799677591561,0.43147817,1.0954109735729045,0
0.06334827438270649,0.06968816,2.8200886149576325,0
0.027829615850972243,0.039464623,1.0910847528645469,0
0.0655335175870032,0.17684452,1.7241014676218611,0
0.189208038080919,0.1441785,8.1527069555842,0
0.04377466630608013,0.013755741,2.3002474188317987,0
0.14051815800120784,0.059655193,7.6511273102782615,0
0.22093041436414512,0.68198025,4.278841273087287,0
0.11881991673134033,0.032682385,6.534976207460511,0
0.05644006151687672,0.04698628,2.346637773141842,0
0.12772265891266799,0.37990478,4.9181648366411155,0
0.19018754763890391,0.4527769,1.9188889430079135,0
0.16253288024924784,0.81996876,4.201790613549987,0
0.08534867182327767,0.32752046,2.7217929547869395,0
0.045488521254622945,0.22779405,0.8940089984124505,0
0.05041453233334976,0.103454284,1.6860588719064005,0
0.04634219085182795,0.16013253,1.6339056087168495,0
0.04091624889166824,0.11517107,1.1702539681154325,0
0.057373381643091435,0.06870425,2.7187432697195084,0
0.030611439492316858,0.12287194,0.5631588554733277,0
0.08293780367469293,0.20502795,1.753034036312683,0
0.12393238624038758,0.2413351,5.206255476751846,0
0.036693302447396395,0.15792519,0.5341647356747006,0
0.10409352771422774,0.103622176,5.152545049445618,0
0.05549538071836681,0.1614894,1.8266450511245274,0
0.045458364879256453,0.09534006,1.0531124835384746,0
0.13743045756059719,0.25479162,3.4331863780347707,0
0.3009460918764056,0.0103796255,17.078754316905282,0
2.2416746899993636,0.13000622,125.56651308841023,0
0.05752638181698216,0.118836105,2.578075880522325,0
0.08140292694951645,0.097584136,3.2564467535510793,0
0.054492729736930326,0.1575272,1.3674200413740292,0
0.05666699891228445,0.09428673,2.56631608942487,0
0.05031135859868978,0.039895225,2.4195002221645874,0
0.02178476216795711,0.06551592,0.6910521941347233,0
0.024410029077577205,0.071493655,0.9120932242517978,0
0.7478006459840034,0.04616194,42.05783710861699,0
0.031661570247581594,0.051876187,0.8798023332898596,0
0.02453916046872557,0.031379696,0.7715175137853655,0
0.1591652590043421,0.64972526,1.0980696370527383,0
0.06879653533395892,0.05378385,2.841078728172215,0
0.8542455220871478,0.07674465,48.48300627531287,0
0.09387134060214701,0.12654829,2.6869787292650296,0
0.052166936262400626,0.17175955,1.489902103036259,0
0.10411329915432002,0.16600206,2.352717769381566,0
0.17644229633306746,0.428825,7.212733609725531,0
0.09800880524996342,0.23950598,4.045992932344406,0
0.059800703907957393,0.105246104,2.377955913551549,0
0.14166944106326093,0.58787197,2.889735860191622,0
0.06430760466269736,0.16942461,2.3948422669151284,0
0.1427640291145534,0.032741826,7.915815429819803,0
0.1105443427268355,0.29285213,3.6445927933664923,0
0.05262075108290788,0.017966961,2.772773550171711,0
0.07798688863230827,0.26107714,2.207527387600643,0
0.05522517000690828,0.047393177,2.827324431506094,0
0.05917418659970754,0.23132162,0.7577108270393237,0
0.06281777847466605,0.051660903,2.876639345273837,0
0.08979707583160661,0.35600847,1.304646599280842,0
0.05210064455061451,0.08045612,2.149836571675197,0
0.10394254528749614,0.6753937,0.5845981411924391,0
0.04826590685721748,0.1519834,1.1478155773807093,0
0.04587996037939938,0.35087684,0.4889721937575372,0
0.0884473856419677,0.06154726,3.765818245492794,0
0.22267853884137345,0.07110156,12.053747277201365,0
0.09070642304860566,0.16625057,3.5294926834453237,0
0.020722148910723104,0.047570113,0.8999657336851533,0
0.07341895125440831,0.09137131,3.545067035716018,0
0.05378054847630502,0.10496787,1.4127939055274708,0
0.05549809892084055,0.15651344,1.451923405458752,0
0.04340542440043129,0.029483045,2.2598190767802095,0
0.05110135447700473,0.025365785,2.7706637723451952,0
1.6824406041575046,0.11444642,95.22150726569303,0
0.14134195445695025,0.18202268,5.627559128861707,0
0.08149379101766398,0.1553404,3.545354286573616,0
1.6776142798875244,0.45052606,93.21192931625806,0
0.08541349501046253,0.13115855,1.9442345809548405,0
0.041452928636724104,0.17538162,0.7438705239742672,0
0.1596078684572821,0.51394355,3.124261491047742,0
0.018709445611768835,0.04790857,0.43897408388666737,0
3.056962214205283,0.3675827,170.24209493994525,0
0.059139044957071826,0.23531854,0.9456965733547935,0
0.05685092142972981,0.11464424,1.3838044405382732,0
0.1454508255609124,1.0451578,1.416582233847292,0
0.06981013520138375,0.025380211,3.647050098657818,0
0.06560973161013117,0.015178515,3.517256306618638,0
0.08929600967664804,0.022821462,4.734677330591036,0
1.7976633017247359,0.26289973,101.19334706707916,0
2.8475815058846914,0.09455851,162.19836462703935,0
0.06171740896534767,0.2947823,0.6089597774747825,0
0.27322095826639264,0.7413114,3.3912240388340082,0
0.11596965426496589,0.64640296,2.6549301807224874,0
0.02383297976641898,0.11285283,0.2573387516864473,0
0.06928453586237601,0.39434472,1.3133431332961425,0
0.05326454327026933,0.33478633,0.6204234266674801,0
0.0774810910798483,0.07214041,3.0158788892070154,0
0.26459417700454696,0.12781423,12.302038462010044,0
0.03371889840492519,0.029548561,1.6204743855274506,0
0.07282095286554566,0.13597697,2.7334431335230773,0
0.06934109208550279,0.24777496,0.7270697254792958,0
0.15791932583787716,0.10654922,7.7510725715498845,0
0.05760149076509635,0.15218848,2.272852582066853,0
0.06828125292027365,0.03609348,3.294721361754408,0
0.08411072793117827,0.29012206,2.3007241650918737,0
0.037510294171137396,0.028274715,1.5472494591866977,0
3.023808660902185,0.19067496,171.59620839513386,0
0.028574424287062698,0.04282285,0.9650582094148615,0
0.04234901227186773,0.040056404,2.1723147012907384,0
3.0930669796748442,0.9553011,162.49871869494214,0
0.09689586556571818,0.23058398,3.022985987533184,0
0.03597027701883032,0.051712453,1.228196444656392,0
0.06792908713631016,0.4159486,1.1053355924861312,0
0.30644139865265463,0.1814324,15.941189830928188,0
0.07366066618701592,0.30217546,1.2686631390445333,0
0.2674690627865508,0.14391519,13.383193860362672,0
0.23886050076542242,0.28489324,8.208111414358813,0
0.0757313540710701,0.19634454,2.3054468048097414,0
0.0880168056818754,0.29682004,2.0742826393338833,0
0.5464791817358298,0.3133052,27.792470108073825,0
0.17120145862368727,0.3905706,2.3060164959365874,0
0.011139114374196018,0.015710877,0.3967292960316531,0
0.07038211065772454,0.1900073,2.8048939088804747,0
1.270086732029014,0.044049658,72.38111811689036,0
0.04157440548321237,0.1717816,1.0306769318169546,0
0.029522680140309215,0.16130237,0.5196828629902518,0
0.10709818507559574,0.19105095,2.330734210753401,0
0.2761566269535214,0.1758334,14.299404880219537,0
0.06830818517207526,0.13853404,1.7318356234593626,0
0.1471653274973688,0.44657582,5.672135888384098,0
3.1092697802984772,0.6286433,174.0535644750387,0
0.02718323630315431,0.08749318,0.977452189394515,0
0.04129553661166315,0.024981624,2.1321347060027813,0
0.16456345867059846,0.37275413,5.323835999892134,0
0.03086994841755966,0.075840265,0.7863908803364976,0
0.16215192573374426,0.23531215,7.2784212148803435,0
0.09092038767332106,0.053088486,4.104314614700899,0
1.6865583138466862,0.12047004,95.01212286012283,0
0.08520996480284673,0.48080647,1.7105975605583201,0
0.03380469869192042,0.1484347,0.9205600274699447,0
0.5823201782464251,0.93372554,26.205397158859952,0
0.08770005839490624,0.13264267,2.0363995922286375,0
0.02637829725396745,0.032180246,1.0169943570819013,0
0.07379000808834615,0.3393979,2.1270757542139918,0
0.044223128529472334,0.094314516,1.3393507209205615,0
0.020255332869985727,0.0721202,0.6860045667263441,0
0.04212639338906726,0.13024911,1.5260676441973111,0
0.09082762063939828,0.17844874,3.15578917750132,0
0.018772770568122866,0.10421403,0.2804930260369342,0
0.0568951595922048,0.09780376,2.337111251404211,0
0.08930866657024475,0.47281379,1.9267907375393722,0
0.08745953324909443,0.11994911,2.519392688993865,0
0.08737644333132377,0.20522143,3.754271941433398,0
0.024225084111094475,0.07091453,0.16161496796514052,0
0.04281075623470707,0.11420513,1.391312494726488,0
0.06378586689781983,0.31433856,0.7939435940044766,0
0.03771469437616555,0.058100525,1.7300133444780013,0
0.043239626965124366,0.07165497,1.9417559159699185,0
0.0443682497484,0.07028503,1.5820354915239647,0
0.03902112088453298,0.06937911,1.121364316972811,0
0.10662524120140426,0.33545735,3.90513915203888,0
0.08357870959672539,0.19627258,1.95507420659813,0
0.05109842480143926,0.23254766,1.1244179631091378,0
0.10519683672537578,0.55012906,2.3649036597126813,0
0.06654478846367293,0.28494343,0.6285824449957573,0
0.02366213450761418,0.01022224,1.2048589347695724,0
2.816987727012188,0.045546837,160.46708445863862,0
0.5605895140789782,0.12517914,30.256270565681017,0
0.11994633931639166,0.14962031,5.554508504031692,0
0.14224782306101763,0.5941407,1.6080440824749318,0
0.08550327189510841,0.047064804,3.9264746433289806,0
0.29259471500835166,0.05429449,16.419748030167106,0
0.027147054950761446,0.090462424,0.6917480748011439,0
0.11751616457060624,0.14909485,5.703646630957489,0
0.2508548393378407,0.7775799,8.85674881200654,0
0.036033552524143544,0.019974716,1.8679874842811701,0
0.07763069576169397,0.41713363,0.9180905956443474,0
0.21488474691528048,0.806106,7.297291939002548,0
0.09978786415038156,0.20350249,3.7706530631270208,0
0.03849713241493157,0.05257974,1.477593562305289,0
0.13806707372878635,0.28292924,6.160688562343654,0
0.6637002254190363,0.10259214,36.02836243547626,0
0.011251403467440205,0.02358644,0.48577816725580664,0
0.08312290664840027,0.047415625,4.3525271843655355,0
0.24147806629349883,0.83937055,1.0437721857859763,0
0.053687447133128986,0.08347089,2.0402218698631005,0
0.10496003999733519,0.34784845,3.6664125050946534,0
0.1893159635387332,0.006911347,10.720715640870585,0
0.09232730045275064,0.31992796,1.914425611246779,0
0.593725436352956,0.12839709,32.54048516012973,0
0.07950358166014286,0.053139243,4.097271509706393,0
0.036521416001247774,0.053961445,1.4298719726210165,0
0.6435925847181453,4.736678,3.3987971041456704,0
1.304454956392004,0.5729308,70.92345811980205,0
0.05045079355887506,0.065534584,1.8917771898107272,0
0.055854640956209206,0.24710454,1.0566949411128475,0
0.15034071904503207,0.51734114,4.25316209861059,0
0.39361868366835046,0.12662376,21.048887629346854,0
0.07669954370766469,0.12614065,2.897828028639808,0
0.05353160469881605,0.23398484,1.2114669643002924,0
0.03689673906619073,0.13885619,1.149952841686654,0
0.04777862959141147,0.06678536,2.3223725541954137,0
0.08517441052567372,0.04108178,4.491367028432921,0
0.22310698654280958,1.4165782,0.9222620169300922,1
0.051057592906092894,0.038665168,2.463951839607257,0
0.06070579163880506,0.0846592,2.4887528170701136,0
0.2101998434221744,0.102080666,9.814394189210624,0
0.18401806976696033,0.29595354,8.221869342053786,0
0.03466351004874266,0.05849926,1.2940556712780347,0
0.055527364104802565,0.041580673,2.6475146825837395,0
0.058490950614213943,0.44686705,0.08353299952918994,0
0.6830017477522965,0.41923755,36.33598752806715,0
0.06470516138049975,0.085445076,1.8836941360935093,0
0.042909773875973105,0.15715674,1.4785228784326918,0
0.01687665268325624,0.00719763,0.9669609710587186,0
0.2925178562737647,1.6180389,3.286653760677649,0
0.08279766588542237,0.22273684,1.8345604652871006,0
0.1513045489965607,0.348783,6.267443823519807,0
0.04170348890061593,0.14563133,0.3334238079536565,0
0.0919905786093249,0.43482557,1.4085282096055194,0
0.02102520911816811,0.073466204,0.7035355453394565,0
0.021323902569343772,0.062706724,0.6584146567335668,0
0.040782084807066604,0.06467967,1.861351099849951,0
0.033744660539509086,0.05197841,1.5725999557990602,0
0.05505136738774574,0.042203788,2.6048387223954523,0
0.10129388023325452,0.2685479,3.673606131183218,0
0.058948778629963464,0.38903958,0.5928109591800753,0
0.018384810350031523,0.03937199,0.7059479313680622,0
0.1233936704918528,0.04743669,6.775855672783224,0
0.07315772720217105,0.23872255,1.5119972394433672,0
0.2137327847196394,0.14006267,11.340957948291416,0
0.0665547796037238,0.17760403,1.8718796401066906,0
0.10786250777780677,0.21216631,3.951287158174385,0
0.045491639628398424,0.04943334,1.9507386384423067,0
0.17754615107535635,0.7446176,0.5613890480229607,0
0.039917398619542604,0.06766888,1.7819932810356987,0
0.0684237003749761,0.025739834,3.7042732736141213,0
0.15239667051004097,0.26844004,7.0213990866588585,0
0.029494846657674684,0.1069643,0.2656604451600443,0
0.08167484945176838,0.081959076,3.7624918706910835,0
0.13758318204821088,0.055962294,7.239212852348775,0
0.20672973346450485,0.09862751,11.230708181491751,0
0.07662109366827087,0.10246862,3.233774666870789,0
0.06962863713958865,0.19650024,1.5127201935769155,0
0.11323641678401239,0.500811,2.837724431156694,0
0.023690935751375448,0.04960907,0.9975955557414552,0
0.13909106511301728,0.34341353,1.3569271063833745,0
0.4239192221226839,0.16951874,22.48934866813471,0
0.09684996140159663,0.4176779,2.4025321785104974,0
0.07678541170607828,0.03828971,3.9158905127822026,0
0.059865518984897816,0.1247049,1.6772599685311766,0
0.06607597653526086,0.08690611,1.8712107682153687,0
0.06548780274248708,0.17478316,0.9301512103277115,0
1.787553681898836,0.7260379,91.90276081363011,0
0.06418461048609908,0.061340984,3.022018304766712,0
0.024867303979647398,0.023626322,1.1489027763269617,0
0.08011968230509331,0.22325777,2.282242921296445,0
0.34927315321970975,0.034388907,19.713576001626077,0
0.017826813362920663,0.055900805,0.4017458090699993,0
0.06215391731951483,0.12504217,2.604483708307672,0
0.10447436178334568,0.63397026,1.8679672936022829,0
0.22225100380245297,0.27795377,8.575585006441383,0
0.08730352699019978,0.085558966,4.0757459297897345,0
0.05973311782746971,0.09213927,2.304563182970739,0
0.033218239875732386,0.10602907,1.0659124636279336,0
0.05732322667818855,0.0719676,1.722860041466557,0
1.5960419183026042,0.1436177,90.35792632368187,0
0.059782768060864355,0.07467939,2.8149297804680904,0
0.05374142745424071,0.15634814,1.6310210173623216,0
0.10115142090411602,0.20979549,3.5345302173799173,0
0.7071676221725619,4.8293023,7.060608830278051,0
0.07876612187549499,0.09864279,3.8427943805762155,0
0.053000721245593005,0.1527301,1.8182874495592531,0
0.09047773955653805,0.12997836,2.231585504570946,0
0.07723342279308998,0.1102772,1.9537762664791354,0
1.2319028201248516,0.088655315,69.32144892903402,0
0.15052086278638857,0.19378424,7.00995247899474,0
0.013605422734561884,0.03887179,0.5347583177921074,0
0.22927975899967204,0.10296032,11.920680740631001,0
0.06809798226094836,0.2936882,1.5755564312297408,0
0.05913433815863255,0.3864695,0.4965297859430412,0
0.023388546383621162,0.019334696,1.1831425077841116,0
0.1182533366248246,0.582969,0.716464718477015,0
0.02405873871533563,0.017208746,1.1854777941076124,0
0.08449366739878697,0.040755443,4.491042521516995,0
0.08668255367921338,0.29784796,2.868393613137725,0
0.06198330575765268,0.28311303,1.6159971327707803,0
0.13609191340916701,0.10866125,5.836235033660874,0
0.07231757941810753,0.17210528,2.491331650509801,0
0.5311191876044504,0.10215299,29.77518175706369,0
0.04310818862050397,0.13450491,1.162891310339768,0
0.6915363382435138,0.6226534,35.82209299343166,0
0.10620210736289687,0.41357997,2.6011458760263957,0
3.0097866120590955,0.27273226,169.1125724111118,0
0.041078388775002674,0.080197535,1.0212010109750087,0
0.06173131890651966,0.15101998,1.4541141351042979,0
0.4729414182966102,0.12426526,26.01033073329249,0
0.08215716062103949,0.42077366,1.0685401668367904,0
0.052152485460354024,0.17883514,0.6888120307561035,0
0.20479761852682726,0.14426611,10.276968173770134,0
0.04430708346738128,0.17509599,0.3832206029858752,0
0.08485146828809413,0.1304649,3.7799188050587977,0
0.07232512827873154,0.02029756,3.9412751049147143,0
0.17124130055206724,0.08934424,9.09779662781747,0
0.10393636971511376,0.124623485,4.577173109191717,0
0.07846657131268299,0.42009658,1.2688862586786231,0
0.04746761921937711,0.29111576,0.861128054657625,0
0.1467625712726087,0.6346078,4.409152151168446,0
0.036909815014570774,0.05205488,1.563827150868093,0
0.09510546376768411,0.091168314,4.883649190239568,0
0.03504692797996032,0.061540853,1.435463045016487,0
0.011781518319252107,0.057821766,0.20475556939920025,0
0.3178146182431998,0.08324124,17.68524963642362,0
0.043634794107702324,0.11281465,0.9824616360781968,0
0.09434342375671938,0.01160103,5.25638468713615,0
0.0314142504146241,0.104782015,0.7560775306535081,0
0.04598525332061384,0.19092023,1.3907548893580213,0
0.12480835658131022,0.1180091,4.932731052760356,0
0.07915250912290192,0.083834596,3.247770719529709,0
0.060215517892393905,0.08752075,2.70639143611656,0
0.04817970783485895,0.06613355,2.334548726275542,0
0.13602317275277612,0.6643109,3.4248375092995205,0
0.11046699581887595,0.113081515,5.07669271807804,0
0.05781105298538178,0.09873278,2.4201988507430494,0
0.019839965559290167,0.07737198,0.4915548304843431,0
0.2757539343102296,0.6775389,10.054577424294258,0
0.06448638053382227,0.31864953,1.7283206649319953,0
2.7329151335409607,0.07594374,155.21302515981748,0
0.15611229617247185,0.15895987,7.847653723377252,0
0.14092914913895588,0.52282387,2.3993302840943045,0
0.4078943257486045,0.19595999,21.733589759278683,0
0.06699896102688253,0.22099715,2.4583909814942664,0
0.050622112166785076,0.03502594,2.56469500165584,0
0.0513087595193252,0.06237288,2.494758986170188,0
0.04866117922343127,0.19314554,1.0700705474245342,0
0.04899919856910465,0.19983745,1.5025792303550678,0
0.11130006131801036,0.26143166,1.1570188296016386,0
0.12897027874998382,0.20962347,6.098599942555203,0
0.13342308909533948,0.1367658,6.19582505481492,0
0.0848885548143461,0.11473138,4.02409808679483,0
0.08721781252559196,0.14026082,2.986806138041651,0
0.10263967062542183,0.087932825,4.969225751666047,0
0.12974912525157536,0.32085606,2.8311099110335975,0
0.10069520413985916,0.29087806,3.9328175966090075,0
0.040925142509874765,0.07709572,1.5148859142874047,0
0.06999182962367471,0.16897295,1.5850089392837166,0
0.06429421549306072,0.4501569,0.5741294914669055,0
0.04250521955757844,0.1399879,1.3281255871412858,0
0.04269871670092083,0.02691146,1.9516381872457804,0
0.029118749848752255,0.014162379,1.3992250601816623,0
1.8518919335301434,0.024428973,105.7784464416444,0
0.08690165909071927,0.15279913,3.7720962967622165,0
0.11922027569749616,0.041334808,6.266518058940546,0
0.09138183701331042,0.09028024,3.843706903621961,0
0.09697715533095841,0.177823,3.6785097763693217,0
0.07729530174154317,0.16520084,3.239409968145252,0
2.1427668225704113,0.092325486,122.20251061392004,0
0.014296799468084128,0.029549723,0.6321903587849382,0
0.10020364788794617,0.4884709,2.2354000879464357,0
0.04456328976990355,0.116927624,1.333181104465054,0
1.545248103335283,2.825762,70.51547303441686,0
0.0858256250964645,0.08116027,3.8978501803953893,0
0.08341388712017297,0.1183897,4.036729754349828,0
0.014414296613539868,0.040558286,0.31414698097070703,0
0.12671015373005406,0.10035642,5.187966424939919,0
0.09818162295222767,0.49305928,0.8966315311332125,0
0.025649104354036723,0.05778256,1.0179222001586155,0
1.3062981641685933,0.13233599,73.25977956883115,0
0.05704715742637746,0.30527583,0.9880911769202043,0
0.04496701011611048,0.046697933,2.1450108482886283,0
0.05557915072580581,0.07284294,1.661844184998269,0
0.11831652135269564,0.47892582,3.885859047437813,0
0.07802063561560504,0.038888212,4.073824367241356,0
0.17985801532186124,0.3177631,5.439915766851786,0
0.07897811184831888,0.2097237,2.3573009402652882,0
0.09820615645021295,0.15340605,4.415203729813094,0
0.09025624195819414,0.13487875,4.040135540893483,0
0.04527548152428562,0.16520374,0.9732656774494514,0
0.033156975215385985,0.05282935,1.51928873854073,0
0.1547128145249903,0.6352317,4.863429136958387,0
0.15691590953992035,0.26735723,6.905399313755943,0
0.03461601872532618,0.10643527,0.5995068922863038,0
0.09860627582219794,0.10841873,3.2656830474754948,0
0.06386077134925273,0.27737024,1.6488218121684612,0
0.07936263302639505,0.09370215,3.979232637074212,0
0.0295497277223285,0.13735798,0.4134318063373853,0
0.028001450668059927,0.042416077,1.1479418744665955,0
0.055639283501550764,0.054572698,2.7038616908288198,0
0.08004551998608324,0.077335455,4.110282958528365,0
0.07733464294122971,0.24984968,2.1220887925688716,0
0.03063987720325635,0.038808648,0.9890952022602625,0
0.4810728438047055,0.1259491,25.305973860122887,0
0.21022429060318806,0.45271844,7.457025365019762,0
0.07881268610397775,0.050599527,4.1570849194300585,0
0.15037498332980057,0.042087346,7.879181195885723,0
0.06714815903463546,0.17778148,2.0196849504194945,0
0.22481546983499476,0.5462115,3.7304954663279783,0
0.1673289662152254,0.20088115,7.282170822756142,0
0.07950969026682489,0.23367211,2.771390976063615,0
0.05474967544130047,0.058524583,2.2305817479167978,0
0.04777793803466228,0.11993651,0.6527260852685814,0
0.11259733319824126,0.21120526,3.677356662981677,0
0.36432117513517204,2.1522346,4.482199110729887,0
0.07380420636177616,0.03838262,3.8402197346729365,0
0.054015788212567646,0.09619663,2.2933237903088943,0
0.4711521341089108,0.018772997,26.84154851931749,0
0.08058973078680506,0.26908684,2.8553068231023495,0
0.07321171442632898,0.29854354,2.1840110323159663,0
0.07461277950199774,0.08509568,3.313419853075023,0
0.20516955594775826,1.5739836,2.269649515410465,0
0.22970324541043188,0.4183288,9.338480397626643,0
0.027865731027252406,0.04708761,0.7994097085934725,0
0.050898133808937304,0.17579304,0.8451810032966298,0
0.1956180537453563,0.110917404,10.188074081772923,0
3.0786542296771437,0.07714105,175.89222246911717,0
0.08817885281240746,0.29671657,3.2083339936527144,0
0.13990032977345485,0.232633,5.3245746737749675,0
0.14812615742710508,0.24508476,6.970271785289816,0
0.10474278886861789,0.45888358,0.4837652859052492,0
0.08550565091407583,0.24677978,3.2743013116342388,0
2.8926081500229004,0.08831929,164.66202672092516,0
0.06989983960555977,0.30214283,1.5421961647154232,0
0.05729513507371174,0.09239748,1.841180095179246,0
0.08539964826494503,0.43593493,2.2490341296268226,0
0.13113913633109925,1.1172261,0.40702631078809043,0
0.11761724200182869,0.22629716,4.814143788397869,0
0.15452973438030843,0.14710018,6.3677906382299065,0
0.11206041491458668,0.074815646,5.878619664391662,0
0.043596338613529614,0.0721551,1.9666172291053647,0
0.06549925495518419,0.15772527,2.493151994884346,0
2.3216646617601793,0.027714297,132.63358336701492,0
0.08787283062327404,0.5340211,1.3924269866827017,0
0.1354516938196741,0.15265608,6.2324642031950805,0
0.12188799306298093,0.46679366,3.2824422792252905,0
2.8720451706009245,0.19423358,161.6478581020235,0
0.17218257191987862,0.18997106,7.634115713331682,0
0.13268109365245823,0.2910012,4.348868503243134,0
0.030662720434613877,0.058647815,1.0350410701416684,0
0.04562318682292579,0.13308202,1.7918416365037544,0
0.2684777867704145,0.49014753,12.28358853270705,0
2.888874862737249,0.056085877,164.9746001523969,0
0.07483970526345587,0.17237782,1.9776956622484496,0
0.08599048819544151,0.2857218,2.615817931801998,0
2.5505460754652356,0.1022278,144.79422583521117,0
1.7365354264903154,0.2246906,97.13252168876708,0
0.03890955563038548,0.10515274,1.1798245314957136,0
0.060190018733224125,0.0727892,2.951283359085459,0
0.11068649139834372,0.30763155,2.5541489821915326,0
0.12080835690813665,0.6154843,2.929603965122097,0
0.05079563098046506,0.044664554,2.2188911901807598,0
0.04298444926757178,0.11609624,1.1919622966704138,0
0.0615835969688005,0.065688066,2.750804299520228,0
2.0076640255121214,0.24867028,113.51435936580349,0
0.04384624730811955,0.034844756,1.7210050362153697,0
0.030026316908653383,0.079648174,0.7666575868303412,0
0.10793758439524151,0.27302036,2.395785901257106,0
0.6677768860648521,4.2836566,12.482746347380266,0
0.045293360385702336,0.09237696,0.983524796674103,0
0.12592025659680023,0.39414257,3.3509538791654205,0
0.06523309265058208,0.3452503,1.6515907482971985,0
0.10139254331523559,0.56769145,1.9040995608339306,0
0.044585883991572865,0.04179757,2.174723715434059,0
0.05783990733785859,0.10720501,1.5138804591580854,0
0.0942668351960895,0.08245747,4.048574436972408,0
0.04980384491395293,0.20332693,0.48920564414304396,0
0.10796794870964752,0.23558693,2.0757174435938195,0
0.06148181031220742,0.038861748,3.130212391833032,0
0.04594465905434801,0.16513976,1.2571321760916985,0
0.04720332788570408,0.10742408,0.9077312539902497,0
1.7260206780315979,0.111764036,97.05076596850516,0
0.07151528521179873,0.23135212,2.2648246033241466,0
0.030022865750408585,0.038892373,1.3927410792855492,0
0.047285308473277166,0.072075,1.7242853844188273,0
0.16713032632595576,0.58070433,5.674667020866685,0
0.03636411231865685,0.093507126,0.9179432889345136,0
0.06125872331359494,0.2540931,1.57127932531332,0
0.060535872908660596,0.2092672,1.5841797003789628,0
0.09004619755166819,0.064909525,4.653265322856133,0
1.8815419426544404,0.09263501,107.16162372176403,0
0.03215607302866977,0.16096883,0.774935254287632,0
0.08331322287056112,0.16678534,3.0105451425516816,0
0.2149624393400679,0.28228858,10.1045680754618,0
0.06105564287185854,0.040818796,3.1434272441516407,0
0.8620463735231652,0.05872312,48.06495235152129,0
0.12126864590225118,0.40388387,3.236623078421482,0
0.04738821441156051,0.23174648,0.6325845749002342,0
0.053558425733936335,0.08268191,2.4664859893111206,0
0.13847591875073398,1.1133671,1.1138835558278337,0
0.2896745604899223,0.06728259,15.706630174960864,0
0.07651875557308133,0.15728922,1.9362476486895626,0
0.05604947245388733,0.1402162,1.8831599290672796,0
0.12172169177312574,0.07520948,6.476853043921879,0
0.0563431663774916,0.07387379,2.2554036086177542,0
0.08331392569252344,0.02032939,4.598779190125693,0
0.11056267871824542,0.05267823,5.923763026227674,0
0.1407534576824851,0.26581225,5.237116402220715,0
0.16158119838452661,0.55612105,3.13271293636415,0
0.13136852417742037,0.028872237,7.338441036050798,0
0.07332643252597609,0.15806544,1.8091588112493144,0
0.08187293230841344,0.43423626,1.9869935793347067,0
0.1054655779759382,0.71103656,0.9573326577559007,0
0.11298345446209979,0.5116141,3.356315923397366,0
0.1337626809329976,0.016351294,7.394546037058287,0
0.07251410203745008,0.10760238,3.221347528019648,0
0.05056786734986855,0.12019945,1.7316201941299605,0
0.043606348379449086,0.05119078,1.7424888352538574,0
0.03242831299036191,0.02923188,1.384617012534463,0
0.20958072459508345,0.24019639,10.49298203279803,0
1.553459089947566,0.039629743,88.26771475934,0
0.09193394827405056,0.21925361,2.6103602726502726,0
0.14876560142670475,0.13778268,7.542963604662187,0
0.021728382433299546,0.050727624,0.7773427615017546,0
0.30213383917322867,0.5461416,14.00384782621512,0
0.14281331915852008,0.030093197,7.586614414122841,0
0.108613962242222,0.19168828,2.4548161944568863,0
0.09468223197921402,0.31219247,1.3447293761923478,0
0.03179381515057214,0.13163672,0.7618490688849628,0
0.23218624078254466,0.77117354,7.899254951157318,0
0.08482169223319647,0.054360062,4.377443774883783,0
0.18553629076033498,0.07599976,10.010677549752415,0
0.08596477614603043,0.084390394,4.205604219790423,0
0.10811410743997268,0.40137777,3.75319892327821,0
0.07767953976152386,0.15493464,1.9422779870503721,0
0.18940106174397528,0.53641623,4.946046136140492,0
0.11471985619635014,0.25027788,2.34571084397986,0
0.06601870300534482,0.10053696,3.084623543730557,0
0.13467829746259022,0.06403624,6.554946461407995,0
0.0385225966217268,0.08109426,1.3309293362827053,0
0.1504453565462783,0.13163331,7.2982801525289975,0
0.03451760231794572,0.0783388,0.9565351909020788,0
0.14600956157280204,0.06700832,7.699134211987811,0
0.08286112566840828,0.23243213,3.2626952535118745,0
0.06339377291143575,0.052496355,3.3067470464035633,0
0.05737455063877366,0.012310167,3.131543932228121,0
0.1845310428578796,0.25924116,7.07708015362941,0
0.10570637982613616,0.08971705,5.147805632859615,0
0.016288898174544816,0.018196633,0.5546564631661681,0
0.26738261917063866,0.17953137,14.142829243725798,0
0.1155694770238867,0.44158995,1.9636070855368288,0
0.057849886970561995,0.17510357,1.6781175630500442,0
0.17266794407533625,0.15305646,8.971497722579803,0
0.06421897759562968,0.11566877,2.5515690368598962,0
0.5437114859924976,0.103599206,30.455243705855942,0
0.21471243981099902,0.08164409,11.358766420292824,0
0.20269720921751544,0.27939412,5.491769160291597,0
0.13148240447501525,0.12056548,6.656751286586286,0
0.03521520620958539,0.09031199,1.2716995145445356,0
0.027346209840812014,0.09306995,0.6094188920627985,0
0.3205961899741747,0.20031156,16.746547545279803,0
0.21526096154566465,1.1068468,5.283337951842707,0
0.10135079084474272,0.21396363,3.081529011395883,0
0.09819435470713296,0.017851248,5.382195764344034,0
0.051113634651647456,0.19385023,1.3682385050585066,0
0.04634486005991719,0.036864106,2.267345492027669,0
0.20355993158458505,0.2767734,9.681107794128826,0
0.12584388922617018,0.42509422,4.095923100732961,0
0.0418042791365975,0.2156085,0.8978947969853481,0
0.2971392489794458,0.10382331,15.893823901387131,0
0.08057981676537604,0.14847903,3.634644902389722,0
0.011040071956813335,0.05045838,0.16290915436190487,0
0.011698117947111014,0.012031182,0.48461560877245624,0
0.08790492463883082,0.5125462,1.2403752730189976,0
0.03966414775334941,0.18014376,0.9214520887476467,0
0.1144939091839767,0.08862384,5.326785926971766,0
0.0888132646763593,0.09593673,4.243124811196848,0
0.12299690788147775,0.17407018,5.334281703718293,0
0.058146011748257814,0.052655175,2.7477763899571954,0
1.2734313283547833,0.0636206,72.50116181099547,0
0.09808010523448556,0.07963034,4.758070877186359,0
