image_idx,pred_E_R,true_E_R,pred_E_T,true_E_T
1,4.583883155876547,1.4752263072896374,0.08632513426999998,0.042440843
2,2.629144302337886,0.9266748354804926,0.12291145251499999,0.050461385
5,1.6876588861300699,1.999764003380327,0.1190670391299999,0.103292696
6,3.4611621232138554,0.3894152791788743,0.18818263606499994,0.06946409
7,2.973417540087402,5.94874309679262,0.1254080347949999,0.23485295
8,3.625437460414523,1.5232491869857712,0.12276620897499985,0.1802727
9,3.1393023300741536,0.474118547631405,0.12227169006250001,0.2557964
10,5.107413997394471,0.8376752182619823,0.08160698223500004,0.1009307
11,4.425391850725261,2.315492275645964,0.1028071988999999,0.09948075
12,5.547317210697655,12.387246426395375,0.27270743348000004,0.10449
13,4.483697600882248,0.8739164478886473,0.09840915519000011,0.09182709
14,1.3014308088654045,0.6198288984655915,0.07615616435000001,0.045138657
15,1.8589282695523754,0.895798059112456,0.076146119925,0.019970346
16,2.580769585160765,0.2594284260001965,0.0770247410050001,0.06603806
17,2.6239616254546485,5.421643701035158,0.07257172816700001,0.07583952
18,37.18919251691676,56.20619350873525,0.3205538769399998,0.14439063
20,19.65977607971523,0.8471602243993626,0.06418724404000002,0.05198689
21,2.613806987131751,3.7731274281440217,0.1418145325950001,0.09004421
22,10.093499425451586,5.010379574445829,0.1415887669199999,0.09545553
24,10.325501667936788,3.755110863767248,0.13978118956999994,0.054719873
25,2.0032098184205016,0.6075161013345246,0.027824321592500003,0.024948074
26,3.363487564013962,3.026055227301152,0.09470217698750001,0.23367614
29,1.969000343735313,0.7353355911932412,0.05118048373000003,0.05892447
30,3.010999564324955,1.233138409160132,0.14623560536500005,0.112455234
33,1.7786556446268316,0.5137634451791698,0.09529694568750001,0.019267108
34,2.8029687620562713,1.3292819411513075,0.0838367896375,0.053659413
35,2.303623146404746,0.3713146106086443,0.09194372038499996,0.09974528
36,26.55509693417327,4.349843318164207,0.5341975115900005,0.5730221
37,36.63521659349149,13.51960453455441,1.0354792763799991,1.1371491
38,2.1988896383772154,1.1009888395153125,0.05323190725499998,0.044418756
40,2.13533412188111,1.1953760292497029,0.06114747724299995,0.03949959
42,6.374778678095081,1.0149677087741775,0.05679141633900001,0.011146187
44,24.06080927642142,2.6370556261212914,0.09199715093500005,0.08544685
48,29.94957564003404,4.980155447485332,0.5129410475400007,0.42065784
49,5.719012541576408,1.5049935599004385,0.19406410748499997,0.11060697
50,2.3456968177996544,1.3496841761566083,0.13063616531250002,0.07640655
51,8.387138733065113,1.7584294930555084,0.3991806778300003,0.21478587
54,3.125450429547803,2.1393826596043035,0.061609244415,0.07713751
59,2.6779718741762535,1.0926544913974288,0.08101126047000001,0.02692125
60,1.9550170009558128,0.8622088985517912,0.07851281244300003,0.01876594
61,2.9076573119167266,0.8216902893044152,0.0444357964905,0.03323001
62,4.042239136592322,1.261089529166405,0.05996975009000003,0.13960852
63,4.12088922632446,1.3880986218665676,0.10111915651500006,0.06143619
64,2.4441819661102686,1.5428498071248873,0.08921222776500004,0.033572875
65,3.295164348444414,4.5549118956452,0.12567587732499994,0.072169304
66,4.940200543777982,0.8031259999183421,0.13620348468999993,0.06553995
67,2.376982540920132,1.2114156680743855,0.11225279281499999,0.092966825
68,23.615721853339757,2.7250895217787336,0.17253068655000012,0.20917794
69,3.7007404527258045,1.007633203985273,0.09156906969500002,0.04431962
71,2.445156075284815,8.626452341709365,0.10469792786149998,0.05435874
72,3.3691158311518525,2.178876947603189,0.08230578521650003,0.12660232
74,34.17034187317637,31.757288970329885,1.301296905669998,0.07559838
78,2.394369808591469,1.0538763660998334,0.05469334240799997,0.030812584
79,2.2624080054719475,6.380195162873186,0.07213490146400002,0.09097766
80,4.192668514803386,2.005166722109077,0.08277160787000003,0.06673327
82,2.569977293643626,0.7893339854674923,0.07513845410000007,0.04747898
83,1.2944088837179317,0.4205748637399038,0.03504541824149999,0.021210805
84,4.150001380080799,4.51284583121717,0.09066336431499997,0.12469879
88,4.301510681904141,0.4718670608001194,0.17289411649750008,0.07402639
89,6.587719415399294,2.9065627714371773,0.22180049693999992,0.038111508
92,2.6072092154887208,3.016016029426288,0.04698422572700002,0.15569365
93,24.901014394601717,0.7946164478010646,0.027224159991500012,0.02204292
94,5.608982662703761,1.7826461031561798,0.059171282770000014,0.09307346
95,2.4737021268296515,2.2803308266192426,0.06531076019600005,0.047629055
99,5.9031753117251204,1.1741698788819903,0.171291622365,0.05692809
101,1.5695984288245028,2.614361482750249,0.08750060449999998,0.03327549
102,2.777230919240637,2.5716450839798863,0.1177330445525001,0.09132407
104,1.8900469604954884,0.6630823541389885,0.05906573856500005,0.13678777
105,3.394353631650701,1.2838303385131522,0.064706416484,0.083674766
106,4.97493959013649,1.0498143302740783,0.0420736171375,0.032336175
108,1.4873618671624302,1.9308244496447748,0.032847470594,0.07757561
109,3.358705121036104,6.6308051206688114,0.1657239199174999,0.076911174
110,3.8939063469792345,1.7099200068993643,0.080511599725,0.07652974
111,2.2456897232854116,1.0900780286030018,0.06442851896099996,0.10196231
112,1.4799934376353718,1.4055286822934143,0.09259945203000004,0.1651352
115,29.460290556435297,8.720043859110595,0.16968448825000007,0.15968646
117,20.29347769712213,1.101075072993244,0.22883588601500002,0.2657438
118,5.726602212722792,0.8053851636772931,0.17665051938149998,0.027601155
121,3.6094534054999046,1.8535555112205933,0.07034609617000007,0.19540271
122,2.6557480086584517,2.060868522531356,0.11511922491000004,0.21475677
124,19.575760887254237,8.71366819368043,0.06463118352999993,0.11290105
125,3.1755312338108648,1.0150469415301338,0.11267346753249999,0.054063253
126,3.2196614741247567,1.4000487673648292,0.031715747102500004,0.03188541
128,1.7024260131457405,0.7405522554213132,0.047219454004500026,0.03679371
129,1.9606022227933595,0.8122846267827715,0.0399583696755,0.035007514
131,3.7361407574404883,2.2906573995129937,0.10174214479499998,0.15348548
132,8.094889194962574,8.831698884812198,0.09054568161499993,0.17241368
134,7.195182899889456,1.169546062092932,0.08166197041,0.083660215
135,3.948959874660675,1.838758736187092,0.13579535944149992,0.18849273
136,1.7336817929397046,1.913317699643467,0.08584182623250002,0.06040562
138,2.1888269459101983,2.048383425735875,0.13334191534000003,0.030972412
139,6.1004629354510636,2.731255199820357,0.071972484995,0.12372568
140,1.9349167274876942,2.554464724985773,0.09732990618749994,0.15138477
142,3.8447532345131576,19.094660874799768,0.05542277388499995,0.06503874
144,3.9704897991947807,0.8577098355771894,0.10012429793,0.035740614
145,4.834407561671456,2.018392422269588,0.08065864947500004,0.07994211
146,3.8687695553435133,2.2462274765918315,0.2406295389475002,0.17995955
147,2.1122049229953572,9.813921599369746,0.06864402506499999,0.27237818
148,8.017319570630484,1.149342652265605,0.028070972774999984,0.012463129
149,2.956149639636825,3.90540162113242,0.09643430554499999,0.111310445
150,2.9279534758697903,1.7181891854757003,0.07383966924400003,0.07898342
152,3.4626772296721,0.9703719048608002,0.16957868250250013,0.10109502
153,2.105144013075569,0.7064470775661449,0.05917574319749999,0.08765521
156,9.417632811785406,1.8865476845344156,0.20830418685749982,0.046585694
157,3.138187978943925,1.3364023165216596,0.06614592190999997,0.038065694
158,1.6145371863288913,1.059395912629466,0.14980139379499996,0.040582187
159,6.236814695572857,2.375572996697771,0.15318839416299995,0.13464627
160,13.605661497943709,5.752736196836287,0.135307750815,0.2291828
161,3.3563458180363894,8.879678806027185,0.15411656168500004,0.30271927
162,3.265980782333885,1.2131026190710548,0.1704009167199999,0.07318571
164,4.066530103422383,0.7399809083653136,0.06157300324000001,0.06706132
165,2.1158963961983015,1.6077035259003958,0.09683094544000008,0.09817286
166,24.9958814755373,2.6971572740945127,0.28564796882999993,0.5656013
167,3.1985791109590895,2.852582496563573,0.139378081115,0.29666004
168,2.559593133107267,3.276060252062936,0.11738602707649998,0.04151802
170,2.448514518168522,2.27646476078738,0.048885873741000035,0.04545332
172,30.255498637275206,2.6929246150400816,0.5055530101000002,0.18455999
173,17.695908855239324,0.5542850276443975,0.03304887456499997,0.025153529
174,3.6195499898627386,0.7227046946630347,0.027166019130500006,0.012780739
175,2.7970932128381696,1.944518898844788,0.14691426080749997,0.13112375
176,2.5546942278317513,1.6589897682795087,0.10485521598499999,0.06088961
177,4.535625860207423,0.3991213592854151,0.11503742975500009,0.12736258
178,2.2811207675694054,3.652500511438452,0.049799738478999996,0.17778923
179,4.0216502638154035,2.024987798988235,0.18208352565249986,0.32263702
181,1.9341523467604693,0.6518205838909606,0.03805602902499997,0.0470016
182,18.493003573594184,1.8156721256150543,0.16202883587999994,0.22313158
183,7.022195898694048,2.32508021947514,0.06719164515999995,0.023910422
184,3.777724930754938,1.6054247683478795,0.07097242552250002,0.07336459
186,27.595923060945843,0.847984541593264,0.06078334953999998,0.19180377
188,6.326332665344856,0.7451700384996586,0.1627941041050001,0.058566913
189,3.5134770139939606,6.586441510245312,0.3023561174850001,0.82313067
190,2.5871555901615877,4.46989256105781,0.03400876442999998,0.09590216
191,29.542012647475953,9.892436611097986,0.12608459816500006,0.32846266
193,23.420019730876497,2.3109783795916314,0.08729125094250008,0.12242002
194,2.7063751170668926,2.3585590176303968,0.09943172315,0.11793715
198,1.7063679465331787,0.2471449397436507,0.06344495582000007,0.05582519
201,4.946966744253023,3.2954105310569632,0.09419470722499998,0.028469855
202,1.790891753797381,0.933723768699328,0.07247199761999998,0.0983453
203,2.840877699936223,3.847220584827498,0.13180548636999997,0.025843734
204,3.82007251008476,1.4852231975952763,0.25083683492750003,0.1139613
206,8.268936224977182,1.3331292032475277,0.06076567743499999,0.04063723
207,2.0219977075542115,1.3652480799364388,0.05719215229549997,0.06034912
208,1.0601762497329268,0.483122052366157,0.036987179409999994,0.014626978
209,3.3815415763926944,1.4533352093297005,0.04022337906999998,0.0466929
210,2.750593884200039,0.8485899106687722,0.06938590696749998,0.02407305
211,4.391467125826606,1.2568588682696973,0.09630717789250004,0.16400865
213,2.270782299300715,2.3804830581177936,0.0660115738615,0.063297845
216,12.838884349284548,2.6902517248490607,0.3360722909400002,0.5388157
218,28.850449730853512,20.01893080858853,1.3126816476700003,1.5173705
219,2.5398975911384625,1.969685067117644,0.02571821225500001,0.086230785
220,5.799625342078701,0.8845379716773325,0.11386218823750001,0.24462847
221,2.4800560903668143,0.727835706917399,0.054101008600000035,0.017697236
222,3.785319576094724,4.846524400672903,0.09402839080250008,0.15967302
224,39.4503350644276,174.93285480479847,0.7407479802399999,0.2536795
225,4.087698518263639,0.2506235867158734,0.09836075417499998,0.11819409
226,7.324152458809815,1.4611393110249264,0.07849659963000002,0.09252808
227,2.2535617756084885,1.9807997236897328,0.03677199502999997,0.09915002
228,1.7059903091616844,0.6470407107374224,0.08663184244250005,0.07672265
229,2.192505667609494,3.4110866518399474,0.10342182349749997,0.09790884
231,7.917479910177762,3.9185671911448168,0.23695980751499993,0.7524026
232,6.770546431112665,0.4896989297639481,0.057913624255000025,0.024704602
233,2.5815226380974394,1.322831889439918,0.06223911707249997,0.035474565
234,3.8202063177535264,0.50419949941407,0.079553466448,0.051160805
235,4.791184264751273,2.6372739577956525,0.27570671726000007,0.15127283
236,2.197253958272715,1.9474729774483783,0.1087311061150001,0.30437946
237,1.8243274545564299,1.5601779301633196,0.07553799958950005,0.058499884
238,3.9250024757246886,1.7537752322204725,0.14014554944499993,0.06936776
239,1.4017669511721937,2.124558949022223,0.045732229768,0.054379024
240,2.438954052000976,3.80754327256681,0.058092367360000015,0.09782713
241,73.00013605688221,148.8860990255043,1.1370757229499986,0.12869288
242,1.4778833892725378,0.6166851046908635,0.04117839623000004,0.04265556
243,4.51726432991487,11.555731299853475,0.3015573759474999,0.3825254
244,3.5617883752982227,3.2043014727714887,0.104562942615,0.11246193
245,3.195332890282693,0.5519624487462775,0.079905697576,0.03386885
246,1.4856521775692508,1.852220588826172,0.04525191442799996,0.03001106
247,3.714281718193393,1.5938911267017748,0.06592183815000005,0.14591722
250,2.1903028191956464,2.174914633652804,0.058985964134999944,0.094465934
251,1.3059590090115987,0.7169007097884866,0.04258857918899997,0.020488247
252,1.8079916894505061,1.577785465547875,0.07856798611300002,0.11485375
253,1.8597545864200797,1.9940221792635493,0.07865352032,0.027239768
255,2.7076348210521393,3.661292641417442,0.030994231752499997,0.03404635
256,2.1360230335162584,0.4886460676722495,0.06739592801800005,0.0854672
257,23.369910659210063,3.844201331809164,0.086390779,0.31592458
258,3.0990857392491735,4.865333442339395,0.03682664269150002,0.069502495
259,4.1901372451706385,2.601472511394589,0.41229728552749983,0.34906182
260,3.9654822788772486,2.4879681750347693,0.13183613657900004,0.32892334
262,11.196892181009435,12.996860145555187,0.32921864993499983,0.36285344
263,7.313515098033879,2.438068048914261,0.11314712963500001,0.12519614
264,2.061710319221829,1.6360210864112636,0.10746287733249997,0.17735094
265,2.8554137546403044,0.7899187756249505,0.029383188127500005,0.022930047
267,5.095536825611218,2.323021816898017,0.06592514480500002,0.020732528
269,2.2539280797508665,0.6397588359716848,0.060655637470000044,0.041152295
270,1.8812807411093453,2.666901200718387,0.080588378319,0.03736094
271,2.6167489083494666,2.480491663248727,0.10993985445649994,0.16277133
272,4.2796688275041035,1.5607746373883893,0.19069426602,0.060322482
274,6.025336665567793,3.86856646294804,0.23459690456749996,0.08747152
275,4.4437347990306755,0.980325087487488,0.039533988339000015,0.06247059
276,2.061763873090935,1.7274169548506002,0.10857430926749999,0.16586162
277,2.5151063815851007,1.3597862142653725,0.09408344335499999,0.061555352
278,9.111861195354283,3.448500972402751,0.09040180666000003,0.10542918
280,3.6468362629925832,0.5615421451491038,0.12493001442499992,0.16841765
281,2.0001011686415104,1.0056497265316042,0.08057787403000002,0.0837112
282,1.773288710836431,1.0715692184739458,0.059963864215000016,0.040844645
284,4.369243194071945,0.4516837359393962,0.09729598605749994,0.11102872
285,2.42327019371199,1.1088448386822485,0.038477281815499996,0.02102833
286,3.3127498693721757,0.5410235654116734,0.114620540635,0.057145543
287,2.0345204152923677,0.567244922367128,0.05465440299650003,0.020291751
290,3.3745346922489348,0.6159232259570977,0.06206850092999993,0.05966161
292,2.3506016265582224,0.262637524797093,0.03326190211750001,0.02586076
293,5.921718240777154,0.8597833512259627,0.227597911855,0.116379805
294,1.8098644992026363,2.027478835883764,0.058804110314999936,0.043824945
297,3.8573039016706043,5.194741257154935,0.05676971677,0.089022845
298,9.57515717535943,33.51760545512511,0.38829845568999993,0.57623094
299,30.51226949066847,21.865526601331247,0.5245707078450006,1.4242923
300,1.613635210783863,0.6056797002953014,0.05762972305500002,0.0507052
301,1.791262250870989,0.7210675733520427,0.05561516326299997,0.086078666
302,10.28488534082451,4.71355759759106,0.16408137579999998,0.07602237
303,3.8725693179888583,1.2391278425013272,0.04845923312799999,0.0303243
304,7.160798826874915,4.806276672044223,0.05074637244999998,0.021827139
306,2.6771456452639764,0.4465454871889989,0.036004744324000006,0.049126722
307,4.631247635353748,5.146799712798524,0.26651870802000005,0.09449664
308,11.35948761490531,5.617468925775389,0.3010290830675002,0.10184662
310,4.624698838168492,0.9202711483262768,0.058713592769000005,0.029495776
311,30.29138238219688,1.2873714593031254,0.12138451789000003,0.082305975
312,2.725115208320627,3.167684293128326,0.03032276224499999,0.043693274
313,4.182179676657149,0.872990784804362,0.03765359271750004,0.018567214
315,35.72860798645021,17.790427995559487,0.42184636587500046,0.64626426
316,2.341690393155341,1.1976622706999387,0.07174171715500004,0.1592914
317,1.4567169178501604,0.890806591572319,0.038854417516500026,0.036480725
318,4.12041303479297,10.43712886295522,0.25884905963999993,0.7459958
319,1.090889856123031,1.558484972456606,0.05973157944499998,0.03135709
322,2.5492569907912195,1.6365895752958088,0.12271374499000011,0.24257968
325,10.524576353513291,1.0487466404968848,0.29376887780000044,0.25975224
326,7.093387301546966,1.6078552724270598,0.3738521545000002,0.36757803
329,2.2059018845789398,2.005001686710037,0.08737810136899996,0.27017948
331,3.8414648342127187,2.283719647844009,0.12098167527999999,0.0343806
332,13.509208904950599,1.5008466604483115,0.5000715405000005,0.13882005
333,2.8540824391909423,8.05968630628256,0.12200034677500003,0.1502911
334,1.659585235107399,1.2937753999590889,0.06435267451850003,0.02960827
336,6.1115236402283575,2.088708821038938,0.10042664407499992,0.09572171
337,4.899087799688343,5.672570287232388,0.11681445714300004,0.029046772
339,2.060104254799368,1.8097058859288275,0.06326517082999998,0.13336566
340,3.8404149916796495,11.772616662878615,0.25402149874499996,0.5722751
343,5.146003075335172,3.382090216702384,0.31917544426499994,0.50709146
344,25.666531779018147,2.347234174959965,0.11910465798499999,0.090805136
345,2.861684070192962,1.3350911332609396,0.10530614007999997,0.07610502
346,2.7906420673902606,0.2295752681498516,0.06579184069500002,0.05388035
348,2.2737573959228725,3.4680635564691067,0.07568740840500007,0.09784549
350,11.072617248752142,3.6524511088750016,0.06467078583499995,0.026906898
351,11.088574428829176,3.5832126359064262,0.30493260165999975,0.28652182
352,4.466600187931333,1.196822458408271,0.1294196795849999,0.074775115
353,2.4841478214875683,1.8970027207207651,0.10020588234,0.15505631
354,4.435118167049968,2.9044101519234924,0.16072342901999992,0.08384135
355,5.110502212438443,0.5905704757020112,0.04512789607749998,0.022924399
356,4.349971704956584,3.526800376625469,0.0652988866315,0.043734312
357,1.6503267967841688,1.1202866050543223,0.04241167650200001,0.016568765
359,2.27251103521779,1.497039661034669,0.07901918733999996,0.05885507
361,1.5809847815186908,2.045870053555823,0.10493952147300002,0.15496315
365,2.9014590314720055,2.261707029431589,0.05327894311150003,0.031224854
366,12.104561666350671,4.238484249184018,0.06388474722499997,0.017318351
368,4.3079839771781625,2.306490425771808,0.05560942652950003,0.044716645
369,3.760947494063147,1.716348927252134,0.032732606965500025,0.0459257
370,2.8191141945927263,3.081730025685624,0.08899418093449996,0.09577141
371,5.752874627640312,3.891543760688701,0.071604700285,0.0936366
372,22.628816770743697,1.954186391968676,0.4443209112900005,0.733334
373,1.9888214424880841,0.3759124642286245,0.06372901412350002,0.04034626
374,2.568653794904161,0.1866077447444872,0.04596718600500002,0.052070044
376,23.299513369384613,5.535225542493287,0.38635541479499963,0.15939872
377,1.7352961677008591,0.4304148085999775,0.04287023465050001,0.025510436
379,1.8596122332899485,0.5625418112397798,0.07989357164500005,0.033905033
380,2.5297081764316327,0.9128055375085976,0.11637706459749991,0.028591374
381,1.6382558014751938,0.7658840900552815,0.08451213405300004,0.03177016
382,16.68028952668086,1.86751157436154,0.8273539158000005,1.285647
383,1.946699040100387,0.8983103237353287,0.07965106088499999,0.020600174
385,9.150733420850848,3.9323716882191855,0.168311093965,0.05810038
386,2.6278493377537844,0.6320133318597041,0.07149734148250005,0.035475954
387,2.6153877885433277,0.5412436564035602,0.04637018358500001,0.03573616
389,12.788476518241398,5.282443597519915,0.3332359354750001,0.56942934
390,22.29352685862024,12.13684965590183,0.8744421021650003,0.38757688
391,2.5404274938406677,0.5129185091495464,0.05918963264999997,0.024369096
392,1.6808665021700806,0.8243204541636305,0.07004570066500002,0.09724672
394,9.320736427974728,7.405728528859973,0.1971596189100001,0.09288442
395,2.394206067141987,2.6013445687850703,0.09376638997999999,0.30593106
396,2.6758322990224257,3.400824330963793,0.12347755482750006,0.10123499
398,2.835899437619831,1.1283135263598478,0.10467747349499996,0.027054425
399,12.850855654361972,6.263352756279393,0.46810835697500025,0.8406219
400,5.753392538993117,1.5404955539856096,0.09229837006499995,0.19835015
401,1.9348399150326545,1.3191123094412165,0.055025749477500004,0.050511185
402,2.9565782348554728,11.111126896554085,0.1299091079275,0.1510839
403,1.6417530623453351,0.4926868330892681,0.04814873855450002,0.022962369
405,6.862816960957885,9.071101655071525,0.28025562478750005,0.121484
406,8.509655466844443,0.9568388171991388,0.023725000877500006,0.015899468
408,4.5731547665256205,2.443856109980765,0.04790808778000002,0.029254029
409,5.679097788703254,2.021122351768199,0.1245975315025,0.083530486
410,5.346571448654081,7.396933977364184,0.15812753740500005,0.091711596
411,1.815746574537076,2.7493929763584424,0.066236935445,0.056466516
412,3.757780461601169,9.751664544033195,0.12794407250800005,0.18738009
414,2.34996154503945,2.0061176805353504,0.052301744064999996,0.061820682
415,1.1668932192754673,1.0211660248503645,0.036131696964499985,0.032831218
416,3.5962208565051905,4.808248232552603,0.1336287766549999,0.043753598
417,3.789091980897339,1.874887643007316,0.13209956445750007,0.13890493
418,2.080992495427193,1.0318589492804968,0.15348474114749994,0.20674655
419,5.892676258104172,3.3536032172216244,0.17225673559500002,0.09577597
420,3.1891595613485793,0.6768007225175003,0.16855016219250005,0.20087917
421,1.1689215476902475,0.6258065798572469,0.043998220390999966,0.034212366
422,1.9534501150864465,1.543450090326286,0.07278402399000007,0.05558159
423,3.514685323250813,1.9641775456269428,0.10373433291000002,0.05039265
424,3.3991515584309435,0.9570027270455824,0.0849793536825,0.022908326
426,27.031649110764334,4.720172352170808,0.07415423047000003,0.060193174
429,2.5283334297271343,1.825030159622533,0.06310969496500007,0.11026453
430,43.84240870433891,98.5217170241826,0.6144150820000003,3.1351695
432,11.602822645352012,3.5494247766742864,0.14063315113499994,0.10548704
433,13.097659492092557,3.74705145590916,0.11346438264500003,0.016385855
434,15.343564262254938,1.8969291332895264,0.30909749227000005,0.22712602
435,6.741732541436879,1.2686120638222649,0.03890264666800001,0.050656002
436,7.92405461862827,1.5443798548706862,0.07574172500000001,0.06099115
437,2.377428173144355,0.6228311038051947,0.08598125916150001,0.10973583
439,2.146269794681195,0.3467983923521521,0.030017149543000006,0.014389981
440,8.669661846103558,2.5547112428625014,0.16525171810000003,0.10217748
441,4.12697989229893,3.994464800933346,0.14006506561000004,0.059640545
442,4.994717813040546,2.10573283582115,0.09234832956,0.13288431
444,2.9827065308061806,3.4392640674275228,0.137055484585,0.040346395
445,29.689271085243654,11.981284067724577,0.9579981780499993,0.1814983
446,3.3261231520651986,1.1688379862082952,0.08480073144300002,0.04867792
447,2.2973336688879966,2.068574797498851,0.10710821751000008,0.2140992
448,1.8903442625346765,1.5367022486925628,0.06264095129,0.020142466
449,2.0048781178262143,1.226551982801264,0.04490427378749999,0.06471748
452,5.823429680726556,0.9711549079351656,0.1820904869875,0.2852372
455,2.3024822541128698,1.3785982307453089,0.1142099917024999,0.19403237
456,4.873048298760603,0.4550729260614545,0.04524086595999996,0.062473044
457,2.337744054500326,2.024407357767335,0.06198988693,0.02051252
458,1.7907386049836833,1.0611783080655712,0.05846625080499999,0.059391253
459,1.442851707269706,0.6659300325596178,0.05226993142649999,0.03737532
460,5.002415534008463,5.476837932653647,0.082273526645,0.44722205
461,21.97936501520526,12.183778161608876,0.26885018129500027,0.38297567
463,8.837729709519394,2.548615805254547,0.2936428876249999,0.23510975
465,2.3666505114455947,2.1448786817874,0.08045551303749994,0.17565602
467,16.790247105684386,2.195921921268034,0.7412227578499991,0.6921379
468,2.350807931835287,0.8536977613849812,0.10322003472750003,0.08691062
469,2.312088323543886,1.0862534441536624,0.0307340341525,0.02784604
470,3.727510927143795,0.8836924446181212,0.09937631326749997,0.085071445
472,11.289864686690235,4.460523957694189,0.08408944688749999,0.11951306
473,8.090188179680796,4.939540884071809,0.06682449287299995,0.07913486
475,2.708326505730292,4.484331210165776,0.022161060396499996,0.014549606
476,4.213265706262255,3.714274210716493,0.11817418078000008,0.022266354
477,15.572034617821528,4.599827006484666,0.14378601051000003,0.20055541
478,2.421860262334245,0.5888363728190632,0.09017351897250003,0.114838645
479,2.7327030203309137,3.080628708679272,0.07838982368749998,0.035666026
480,2.3165223283371286,3.567921662500973,0.06655258292750003,0.030912565
481,3.4718093632453026,1.4195450881262843,0.10909685792149991,0.10291995
483,4.3101274791497,1.0939548037150355,0.04578173227950003,0.015852084
486,4.6168662940384175,2.713047536683022,0.14151878771,0.042341705
487,4.270270470903055,1.792002919318018,0.08076847973500005,0.0549876
489,7.6533968554990475,4.9705806202356175,0.07654399836500003,0.42910385
491,2.955565276741109,0.5486551036500893,0.12381046359249984,0.026168156
493,13.785331203312696,6.218181578000803,0.21908211597749996,0.05351411
494,2.0114868523595484,1.9646923913676717,0.10654217718650008,0.08117167
495,6.161724448506943,2.2204174040462985,0.07767027161599997,0.068843246
497,21.647598730918272,27.138986531035,0.4116512805899998,0.8802422
499,1.9704479379829802,1.4046220957872086,0.078760525998,0.07152938
500,56.92095008837912,154.58756861287785,0.8673911265200007,0.6465876
501,13.142417395226124,1.047815517951315,0.1780643612375,0.2347955
502,1.5260928132628069,0.7413128852671604,0.06726874908000002,0.13169444
504,36.796483028610076,91.70234283259056,0.3640184906850002,0.064441994
505,27.55558061641717,2.1488055830968147,0.26856609342500004,0.2031177
506,1.8809741966484408,0.4596024167278948,0.045755897625000014,0.073658064
508,5.022327776298036,1.5960358722747832,0.2916766547199999,0.12982082
509,10.212014352368474,2.687790500190841,0.096285698385,0.05062917
510,3.0048624561837958,0.7908165920629754,0.13780034298750013,0.13818939
512,5.397862217920373,3.1329769062114963,0.14441321911249994,0.056237914
513,38.26045692971382,33.757811297253404,0.36955383412500015,2.2534673
514,2.7444833071890726,2.5988272998519646,0.0605817551575,0.021501912
515,2.5860738114810804,6.4088054857081085,0.102734795645,0.10679494
516,5.457377084773028,1.1291799286601822,0.09131499065250007,0.09235592
517,30.530280381579047,2.229493092300889,0.10082591077500004,0.072187975
518,14.773204281858728,3.507616506429688,0.47490066252000035,0.2959754
519,2.4861113989516705,1.9905208710544864,0.17083973045750026,0.109507926
521,1.5864404774678533,1.0774788341197767,0.09902291141500003,0.14579308
522,2.0607151860277453,2.585602557609672,0.11589601418250003,0.049223375
525,1.9654307091567957,0.537979677003761,0.093309952325,0.07642856
526,21.25288390476464,1.2797397259498915,0.22028907311000018,0.23609096
527,1.76507669458793,0.3030788103093415,0.06663512752500003,0.01604903
529,2.050679774293828,2.1644356133485294,0.095550803485,0.16770603
530,5.9135436394869885,2.626056822486279,0.11252299098749996,0.085116066
532,5.075736677894764,3.173636159025855,0.28312808885500007,0.21861891
533,4.197816066269004,2.858928926174863,0.18783150864500026,0.123584725
534,3.7389091644282524,1.1470907221378202,0.14476015797,0.050002303
535,9.307393409822698,3.39385445699182,0.29137189868499985,0.5523444
536,7.652435529386378,2.307134266608026,0.38796200386999985,0.5748184
537,5.81714926348561,1.7651542707727097,0.054115585709999935,0.013155293
538,21.30809131312112,8.199024573435759,0.08542192915000017,0.10693624
539,13.602217763960642,5.215237148806746,0.2994715743800002,0.22098586
540,69.0844432223685,41.50823295101939,1.3015498920999977,0.06983487
542,3.0853970543817497,3.7607377579478656,0.0885373111765,0.06665872
544,4.268133189790061,1.6979405187722143,0.06208119040999997,0.12689067
545,5.782265774242225,1.8250829068860204,0.11394275232500004,0.15234387
546,1.627483638740539,0.5648866958460823,0.06885666160049998,0.038128227
547,1.9356553977408972,0.6284190138835031,0.05276754907,0.055766743
549,22.69609182800389,1.0486893302593254,0.05707728827150004,0.0954749
550,2.6797160124837127,0.5697691883888824,0.06061329554650005,0.051533967
551,7.99143364760313,1.0758026297189158,0.07191584342999997,0.11126452
555,2.847749238455023,4.012213201229562,0.054572306616000044,0.10398837
556,12.556073324137133,2.4548056279014685,0.14992190405499994,0.09791201
557,1.8462088555315808,4.317604384481496,0.09473485378249999,0.18566827
558,2.8290199735036685,3.0795478386797512,0.10494201088000006,0.043526586
560,2.5345398877644123,0.5952899145680902,0.05683517336900002,0.22173479
561,33.71376113019457,3.069527621238267,0.5233465716949994,0.320808
563,30.9991112542623,22.215337890774556,0.263381098505,0.048902184
564,1.607922490378914,0.7220713983061496,0.0686617490405,0.087676175
565,2.5524062944149795,2.183942166480992,0.11844427284999998,0.20516321
566,1.6016806987907217,1.8775539100581915,0.13136718861750005,0.14542955
567,3.5127982043988824,0.6416306023512989,0.1439432658500001,0.057094764
570,3.1641136496115685,0.9160939595289624,0.021065889493000013,0.016976848
571,5.741787580632012,2.529807285667764,0.09317759060749996,0.1082142
573,15.518973219612057,40.65590223180336,0.26170604218000015,0.2789056
574,4.809649363556906,5.673759155846325,0.27432930381499987,1.1616727
576,2.5616290562938,0.9222536025774504,0.09867973565500002,0.038428452
577,7.377951210534961,0.3391171081188958,0.10130625228000006,0.05016353
578,1.629471648107357,1.4231499644715595,0.09047671985499997,0.09383796
579,3.205163369534233,2.796610769798934,0.08834176047999996,0.08443177
580,1.93713676834808,1.849660629155816,0.051362990469999995,0.03386557
581,1.8029456753865352,2.0675751169171126,0.098735514995,0.03820574
582,2.226884720279886,0.9991936364932668,0.08323153360999992,0.13024396
583,4.513401168209966,2.527780225471365,0.06946118137499999,0.03893331
584,2.3110260340727637,3.182826216998012,0.056564078552500015,0.03791382
585,3.3428108285966345,0.5382803109305041,0.10898473968000001,0.044544976
586,34.72384214510116,153.93565760852505,0.5332272119750008,0.40646636
587,14.798690260036903,1.1994872029370611,0.04914362041499996,0.07176639
588,5.240474790181029,1.4009030866861023,0.10489428475250001,0.18103677
590,2.4965513968131137,0.3193494625700646,0.049425739312499994,0.02641071
592,7.965416780983767,1.5837024331215366,0.11195277010000006,0.09234136
593,2.787673710748473,1.7038705540585986,0.10852161657800004,0.0672532
594,6.642795980770026,3.69717814361015,0.4023558569499999,0.20320739
595,2.1154374477894753,0.7833433674731534,0.05305158704500001,0.13053998
596,2.5358062080050656,1.5222804698514645,0.03730906862900003,0.031668622
597,2.6071951293607,3.166411617384946,0.08033545763299997,0.070939615
601,13.332097723972195,1.9373805816014649,0.20047111836999978,0.0602874
602,4.8512354303023555,1.3940864228402612,0.07924936136000003,0.04629874
605,2.898206694252637,1.9796553471100156,0.09263136049250009,0.07205324
606,5.146764677877203,4.782338028631872,0.10578541155250001,0.25911498
607,9.110380586709338,13.010523398882547,0.39285888791999973,0.57926553
608,2.679877234551491,4.262150102604491,0.08850209679999997,0.28989652
609,2.5510939263923533,1.02354603428416,0.07013708120500003,0.091522574
610,36.67386787180508,18.28884351624332,1.080527158089999,2.1709473
611,7.788266996028511,175.34340868997043,0.2675469759899999,0.5378396
612,4.936096651919535,4.8730674616962295,0.2144047162974999,0.08848137
613,7.606607904627382,0.8959657776663248,0.17263861349999995,0.17831509
614,3.6762264230824355,3.548729497216464,0.1494962778649999,0.1529892
615,1.4769331336412703,2.1552539946018667,0.05530268619750003,0.12385642
617,2.5239196151427454,1.6252509946963365,0.048909654967000026,0.042742528
618,5.8037893568648435,2.310438936099173,0.09034882581499995,0.09188461
619,24.035665376538283,6.9718806236743145,0.19914435297499997,0.041337796
622,2.166319383844963,2.2414256670482944,0.09019520681650008,0.07643593
626,1.8654633898452235,1.201014010638329,0.058352193306000034,0.018632852
627,2.6124099289116134,1.6245339699255048,0.28177139838000015,0.17298885
628,2.042123760394564,3.767549478790353,0.028726165787499983,0.056231536
629,1.6366869902269576,0.2388519209003718,0.057848920125999966,0.021261461
631,4.0445621686370306,1.4259787722850636,0.06160798611249995,0.025488412
632,1.6172287512247812,0.800356578586928,0.07820284400500004,0.07940043
634,14.26610082405272,2.97285106869574,0.5075193622200004,0.60656875
635,22.32829748515873,65.45237192207756,1.170583781159998,0.61953986
637,12.090401335574704,0.5835575633527516,0.226793961835,0.18459389
638,3.505636685492716,0.4658889633386201,0.032638246274999984,0.024670208
639,4.0866366665551865,0.3964979981358129,0.026765642147999986,0.02597188
640,3.873396344498094,1.862902703645168,0.046835454579500044,0.016483128
641,2.3549166806840964,7.7730628782538895,0.20135927563000017,0.10545196
642,1.6546659255886706,1.8637312020405623,0.11231505179999987,0.054216184
643,4.154571725219878,1.18506339577456,0.15391286250000027,0.04040811
644,6.698648448355069,3.32901372017817,0.07923387415999998,0.058547873
645,21.172764134101204,151.75873997721163,0.3610320584500004,0.9578781
647,5.414916480230538,3.624701619945819,0.14796575330499995,0.23723108
648,4.08770979549202,0.9284317006987184,0.16610505020500013,0.10268704
649,68.3899460147532,44.75542031770232,0.8257204515799998,0.6944874
650,2.4855331224750348,0.9578549722656464,0.05128216907950004,0.013257147
651,2.857734533071702,1.4034396123110693,0.077779736615,0.04501694
652,2.4602163087960345,1.549291672749226,0.06293178159499999,0.018766494
653,2.017104284288015,0.730671863289411,0.029530261369499985,0.021033961
656,4.026330197762478,1.3120631440361827,0.1579745839650001,0.14119834
657,1.8392005705898458,5.269814808664423,0.07175480770299998,0.06677911
658,3.805222924635158,1.6079353955097335,0.051866265909000016,0.07149631
660,12.05766778788057,4.043326199893848,0.23985024730500004,0.12210958
661,3.075300504132238,1.533569011921865,0.112708079585,0.112572566
662,3.9786251173989258,1.8287392388348331,0.06995886928200006,0.040002774
663,2.938512261985244,1.8590922033149688,0.035697290175000014,0.023730235
664,3.7190862393034534,1.2549118920890865,0.08970135575250003,0.11169907
665,2.0497196396152346,0.1558431054749743,0.037849077964000014,0.028578898
666,2.285205558728271,0.5629989779603973,0.06097674225999999,0.055606328
667,10.605719564817688,4.711823255230794,0.07880052871000003,0.31945977
668,5.846990100191107,1.0968040297242272,0.05569428466500003,0.09769674
670,1.5531858056354217,1.5603557156191414,0.04079891553599997,0.023293272
671,1.8765135502848103,0.7818949282847693,0.09872482524500008,0.037979223
672,6.864893108444709,1.2843196907457637,0.11794656040500003,0.04139698
674,2.8239121761942356,4.4433879648847086,0.22887189112000006,0.1121228
675,51.73009305671703,54.82680172475399,1.8454560723999958,1.3458848
676,7.084524082343661,0.3720621379669345,0.048986139087500005,0.017696848
678,10.94978939842499,0.9754970428139188,0.06326385604499996,0.051009532
680,4.398900137077172,2.38267066794871,0.05566670208200006,0.26457924
681,4.086243166635447,2.8271416326251275,0.3870352305200002,0.21904714
683,2.1834160465934294,1.3739221118330218,0.05434015330000005,0.08255147
684,1.7195575027862793,2.0851073532372477,0.07049126828500005,0.026044711
687,2.7042637903926328,0.7758033049614101,0.1420891849850001,0.1461845
689,7.976742300366104,0.8045251115355765,0.06704544936000001,0.08115487
691,1.9374786741870917,2.350523916599231,0.087037491015,0.0904022
692,4.85961592832211,2.3304107848363818,0.15932807631499998,0.4207161
693,5.7035342945025365,7.496531723287993,0.2564794036250001,0.05168289
695,9.274794434848268,0.4958990269467044,0.08675621662299994,0.16483784
697,13.377885635193842,2.299224124045444,0.18674573375999987,0.06275358
698,33.255124686318865,179.89282431183904,3.7869694820000053,2.2254477
699,1.9950147310503943,0.6527803482582565,0.02760918706550004,0.030388758
701,8.040087644788038,4.443361810438677,0.20177962050999976,0.37828767
702,4.910382063636134,3.75215227985682,0.156933853695,0.22471759
705,4.557441104000147,1.4997331168254089,0.1276692006500001,0.048867747
706,3.670143182131608,2.327882502395004,0.12976442381250008,0.14477558
708,1.8164997683122937,2.188117807159969,0.20773684563500006,0.10529403
709,4.860840331289144,0.7366738674377503,0.05088690588999998,0.04006401
710,3.587948268679042,1.4444980919657784,0.04285858299999998,0.06981239
711,2.090831833778486,4.830743505783296,0.03788299759,0.04760015
712,41.17533555284036,0.905988714602755,0.040781698844500024,0.021338008
713,2.0596636948203026,1.657333286130255,0.06252784348499997,0.06095867
714,1.5088566911774808,0.9761281067643306,0.07565340575500001,0.07838329
715,3.0555860904906194,3.442501953094887,0.058673678485000005,0.10285237
716,2.121434471281242,0.9362657472785212,0.0669429999915,0.01959417
717,1.9991080024098165,1.086445830707816,0.03888908670499998,0.047771085
718,3.024041410398155,1.8378804679606453,0.246193790695,0.347928
719,8.610885088492111,31.24684871871588,0.4562567429599999,0.5805666
721,6.65083974387392,2.7354434069811497,0.20538521213750008,0.22613414
722,15.886959968617557,0.6116964155203307,0.04837953299299995,0.05837075
723,3.087319149258951,3.9318879410832985,0.08741880084999996,0.28158396
724,3.7484857184486167,1.429122934943651,0.18668057164500002,0.1080393
725,2.3105694266335397,1.1313225143054075,0.08417508900500005,0.09213375
726,1.9974826186758423,1.0925993114103014,0.11720162936000003,0.04883928
728,2.261501969572234,1.2093068247841852,0.06125921567449998,0.039274562
729,2.0678712512886936,1.8400150163401416,0.10064007014000001,0.05933344
731,1.7385644785179297,0.5936891430181273,0.04912794993500003,0.043668523
732,3.6078039285038153,1.917908550190877,0.1384553972375,0.07041404
734,4.6734579718362355,1.2724089746585014,0.08380590722500009,0.121927604
735,6.43892376597805,28.13656532664645,0.5158205210500004,0.13534309
736,17.639476719486453,1.1707339704355295,0.07141313615499997,0.018019952
738,2.0730945774063256,0.9644876765888668,0.05746089434500002,0.025019003
740,4.767507271812053,0.5242321377159909,0.020249464215,0.0422147
742,17.278935642424223,5.648437381400583,0.25291297159,0.28442648
743,5.1206474053166415,0.5285539082914693,0.02845633633249997,0.024543533
744,2.0017102889248024,1.1282411259916434,0.047981188705,0.045789093
745,3.4777619691047215,0.934307307965674,0.09332286416499995,0.22494549
746,4.665559274483813,7.277254275510854,0.0210171979815,0.060272917
747,1.9195318799730787,0.5815079682853165,0.038232891147499996,0.028417537
748,2.0333238476566025,1.126817404091308,0.11095356427250001,0.2498128
751,1.6658776965893214,0.971995538072856,0.055733873509999976,0.06143284
752,21.567122619833707,2.2725865815530764,0.4830044473950004,0.50192815
753,10.359942441422291,2.137893118127481,0.2659633876850001,0.3927503
754,61.4362493838545,45.04734306630647,1.2325789551999988,3.4103773
755,2.7506473787825083,1.5024993069155492,0.11003410175300005,0.054654516
756,4.203957031506891,2.294756261476166,0.1945647507325,0.055564586
757,51.12294032449323,1.613424255384739,0.5762122398250008,0.51692915
758,40.3730485319978,2.158694970832878,0.2993469704150004,0.2406981
759,2.706569650733381,0.9464074896249308,0.06800435496499996,0.06136449
760,8.852011514331286,1.8337741952551003,0.216642323825,0.18326986
761,11.588402939820941,1.9287533526609264,0.04690741558999997,0.07150243
763,2.397223269665174,0.3921384779274117,0.04942119291449999,0.040022902
764,1.6111443416145323,1.278172407729646,0.04285514851349996,0.093578935
765,3.501313453070884,0.5791845811743763,0.2035211965799999,0.1269094
766,2.77379104192382,1.3087501382894409,0.069370526648,0.07385634
767,3.4013326077889614,1.6832502785249566,0.07758597987799998,0.14135626
769,9.227265399398679,1.821793409164701,0.12285798545749994,0.06462688
770,2.316201133781106,2.091172450117165,0.050707635093999996,0.10511738
772,4.079351470614137,3.701315571382009,0.17192460222500014,0.06795758
773,7.036209107924071,25.75646441021549,0.1899775401100001,0.39744055
775,1.508008027293685,2.6860239165667963,0.05601531455000004,0.020328471
777,6.281535597883733,1.396447393823698,0.40673604532499985,0.24265705
778,3.2109653555209197,1.0930442889451664,0.057579754909,0.048534468
779,2.2392420714795453,1.1830626433958271,0.07279356907000001,0.15609536
780,4.702742678736314,1.7991585808682615,0.144118592685,0.32652795
781,7.393027486876007,3.241668850165673,0.05533380554650003,0.13427928
782,21.799826585575342,4.3578660678785,0.25380383377,0.15929078
783,20.844645214245233,1.57743712775419,0.28578408891000023,0.24612093
785,8.07039603670939,5.6647110697388925,0.06430474346000002,0.06088691
786,1.3646967837071562,2.026471991979603,0.035742989490000064,0.045705587
787,2.478076424605253,4.326996886284641,0.12184299147250004,0.19406071
790,1.8095697142888283,0.6333135985666211,0.07754887885750002,0.11702841
791,3.0610520220036364,2.0991924989858326,0.06737662664999998,0.0375565
792,2.390866162581685,1.1425890238006615,0.05139960974999999,0.040795814
794,5.667601959667344,4.4383532346127055,0.2006939954849999,0.8401654
795,2.5799716514690982,5.104485486873547,0.07662970376749999,0.21667118
796,42.3283822162032,16.59278687454861,0.41680710608500016,0.3832589
797,2.77939412903972,1.903392218386248,0.035378934715,0.0647127
801,2.180509023528367,3.44794170077084,0.16212171504000003,0.11885297
803,5.693820013205754,0.8851888254889568,0.4191597491099999,0.047515087
804,58.02398560733159,22.98593231629676,0.131758106655,0.09352489
805,5.613922029699556,2.085367514335492,0.2717277259300001,0.13237387
807,1.9871251631418858,2.4168171864338577,0.15144773600000028,0.07222017
810,2.450674892184355,1.1519188543269467,0.10105908237000007,0.0702743
811,2.8633885282886484,2.1162560693634576,0.08347760682750001,0.031781495
812,4.049909962793924,1.119451166943482,0.062294393299999966,0.014501955
813,2.203080934282543,0.9173037269256472,0.09839314752,0.09195573
814,4.657237187552846,1.3190329495402342,0.11360220516250003,0.11432806
815,5.664489031588491,3.5694453109829087,0.19588509158999998,0.009197019
816,2.198139686183506,4.332432953717551,0.08022394070000004,0.08111877
818,3.3528479643830185,2.9599200071511653,0.14892615479750004,0.10107797
819,3.024128114433332,0.2624569842396935,0.05626998493499996,0.045544308
821,7.681188275320454,1.7159684142106553,0.05819583938999995,0.055548657
822,2.9601594310790618,2.581361551134897,0.16068434644500004,0.085324876
825,7.816862825240835,4.607553754000704,0.15833353230499977,0.08176009
826,4.104958520411596,1.1084897678769514,0.035877053960500005,0.03854415
827,2.4477244507205076,2.2020688404668123,0.07804098187099998,0.038491193
828,2.291574200039859,5.743346164920662,0.06583872500500002,0.051717173
831,2.3199847982936648,1.4048297979323685,0.027648993177500004,0.017207699
833,2.9791918811545326,1.7485933767670958,0.10755952803999995,0.22109318
834,31.65120571607541,26.99346036249714,0.6876199405099999,1.0542964
836,4.320193471459635,5.6040903615437285,0.2772684978399997,0.6715939
837,4.309145170975035,1.892935422231446,0.09913669893000002,0.05089014
838,2.0666400918634813,1.0448088955708603,0.04131056589000001,0.042498484
841,5.100110224903025,3.9732188467546954,0.37534760548750007,0.07741249
842,14.622842840496789,0.7268085284644078,0.08110816315000005,0.08852634
843,5.356611116764429,9.483901584479185,0.19735112592499987,0.10598751
844,5.27949731214581,0.946880031156532,0.06532971861999996,0.08880756
845,3.364170624337679,0.7872608708647931,0.06011631033,0.06367682
846,1.9293106798978916,1.3000895449493852,0.06232473381949995,0.021187723
847,22.782874798457552,3.0632526903793207,0.07679695195750003,0.026241032
850,2.2907665241969712,1.3419547435835677,0.11989327358749993,0.21228622
852,1.904540894807184,3.1179985238942813,0.09502925531250005,0.17148691
855,4.882284241178576,0.91892272704618,0.060878927390000045,0.041821092
856,2.1086921434978385,2.2152857132458257,0.1580430598025,0.17990766
857,7.716478125981809,3.4947947809923,0.32307250059499976,0.48669812
858,4.328997972190277,1.086329041761656,0.03011035305250001,0.041966602
859,15.894190328929685,4.311364007981479,0.35481203115500004,0.2806686
862,2.4443573131903524,1.1269797748089685,0.073019177095,0.054423593
863,2.37091313925617,1.344454786060307,0.040293033739500016,0.035924375
864,4.594731219290635,0.4118743926537788,0.04464765412500005,0.050288297
865,2.0557251531532628,1.008889570667395,0.06135629821500005,0.040994175
867,5.122978396138695,3.663588608655908,0.29417746309000015,0.5690504
868,5.0728242363582225,1.10405152839247,0.05523900742500002,0.049320858
869,2.9587623664596983,2.0279622958797834,0.13991848998000006,0.024265746
872,54.748022076664235,136.3124108411006,0.6233222391000008,0.08761527
873,2.8744142857931996,2.123457788071159,0.07131798661000001,0.053764742
875,2.8465732779946165,5.281273055681421,0.20051153607000016,0.15433918
876,11.117317579424572,2.6340764762142075,0.3919025079299999,0.3676294
877,10.704349806387631,14.965340537878928,0.1492610257100001,0.26100892
878,13.177695819032033,3.1273009250598656,0.15521967362499997,0.18013489
879,6.325484631351835,1.595770793180089,0.08247617364499997,0.06001926
880,2.1501627947893582,3.549325718461581,0.05573063015949998,0.068572626
882,3.7220736016213958,1.1525750280703888,0.11100476956499998,0.12983759
883,3.3694037614726953,1.110777582246404,0.03528901556800002,0.016275775
885,69.77796466742996,60.68244253634271,1.225616322205001,4.537341
886,15.396761815313333,1.0228144897173077,0.06858703847499997,0.11314965
888,3.7029185250173686,3.26169900058607,0.10972630370500007,0.20963842
889,2.0419468846654634,1.3631171802752162,0.063552341625,0.040012427
890,4.943392788789632,6.388764896841447,0.2858140660399998,0.19169152
891,3.0889469956362383,1.9474231059966371,0.13934887639000004,0.0511406
893,5.007360358038909,9.07625920667966,0.13722401594749997,0.076004155
894,4.040781306731127,5.296516715394177,0.08077970961500008,0.12220954
895,7.5451540107707356,5.628229863752034,0.08112890093499994,0.026628386
896,44.71211981465918,78.21161803098126,0.26385686989499996,0.2788898
898,2.6525380451334,2.046660586735578,0.09503047130000004,0.06281721
900,8.417354685909716,3.603097859596097,0.22634817918999978,0.047509436
901,1.1106311574561287,1.3068373166625495,0.038777449981500005,0.079552256
902,7.490471003848407,1.9149294010513984,0.029811795681499983,0.09052449
903,2.0853590652167595,12.4383153521883,0.09450937739250005,0.21574363
905,46.18131964332486,3.643425592058597,0.4626652685650006,0.40810293
906,3.1965576105432696,2.1932759934944657,0.03996524441750005,0.09045989
907,2.386310046228869,1.2689147289813767,0.08619186850000003,0.10560833
909,2.720649630340642,1.0150775846455058,0.08079757046,0.061551623
910,3.4065429043861695,0.8825261759374466,0.15791850718749995,0.27249095
911,27.604299895712575,46.34980306707365,0.5572067413499999,0.49899852
913,12.933399265933618,4.806965375152225,0.37758853017999994,0.83389515
914,6.922770678377027,1.0839711093761348,0.08743689772500005,0.084382765
915,3.352210758820759,2.5257450584627765,0.36027317568999995,0.47705916
916,2.878464073617314,1.6130064576969003,0.09649368690999995,0.18390337
919,4.224858578245151,1.895457731685057,0.05491768941449993,0.117217086
920,2.054327488493634,0.6151884693982131,0.029898490479999994,0.02463151
921,4.182884226114913,1.1510277700092433,0.05306182721750004,0.21162634
922,3.392407727180195,0.7741389643935954,0.06205206475499996,0.10623468
923,5.0841871826288125,0.6789800280189731,0.1449817802199999,0.052504156
924,4.02262805287881,0.5039902741011837,0.05300788002750001,0.02628325
925,1.7016115449352869,2.4715095243345915,0.0896919306425,0.08854274
926,6.128044950671768,1.6514888038268822,0.13152311663499983,0.12161314
927,39.10087316571923,3.865709889715641,0.33009983530249976,0.3984944
928,2.5159976387157044,7.603019595066368,0.12686409990149994,0.247008
929,2.1767966606687867,3.8658416899439993,0.08968751482150011,0.05951217
930,4.746273033770386,2.4643215622776133,0.11323117713000004,0.10725446
931,1.9084305686556597,1.1961855898407645,0.03113107676499998,0.024259832
935,5.5951773630521355,3.378234506521662,0.17142288397999994,0.0787268
936,4.150864692481608,0.3817698284067635,0.07186934246500004,0.090422526
937,2.535329760359432,3.148026510891286,0.1525029817799999,0.25591323
938,3.2046393250939604,1.0175911396909765,0.16168552054999996,0.077470966
939,2.9872873716379593,2.3770282538717846,0.06904526951499998,0.19379413
940,2.1740956484885756,1.6544945255200298,0.04053441855500001,0.036077663
941,1.797745457787142,0.8008043001253017,0.08920483326000006,0.12104589
942,2.672919986900311,0.810616788467393,0.07781265759450001,0.0104469275
943,6.357890888351976,1.053524104390921,0.178120527725,0.031112602
944,4.227402005037224,2.760149503956222,0.10348086668999994,0.18681416
945,2.091587325948852,2.500623178366428,0.07988526090500005,0.086800836
946,39.52853330184689,7.324858558534726,1.3021591774699988,1.9954381
947,6.148124780734653,6.079221431813542,0.3428990710549997,0.314588
949,3.4281423646347498,24.10448274657045,0.1464889564399999,0.16709131
952,3.0171673409230184,1.381445281054286,0.06177068554599998,0.10594393
953,1.715823318707734,1.2228192935148268,0.02961757041550001,0.015862415
954,29.83386730096619,14.423495213077304,0.24780616449000004,0.2376081
955,4.365289852274637,6.283554005749053,0.24296395239999988,1.4951191
956,7.105065365621459,2.659335377653212,0.16104926592500005,0.02175461
958,3.293256183501867,2.4367059796875674,0.20958014069499994,0.11412985
959,23.622182569266258,1.9692823864876832,0.13120335012000003,0.07825851
960,2.7316531025206747,1.172689243293525,0.04305854605800003,0.055498235
961,2.538449458132084,2.2095468159497083,0.08667033891000003,0.057829596
962,6.427726432066662,0.9149736779079606,0.13285573054000005,0.06793438
963,3.9496416176664697,3.881409614159152,0.160697506505,0.01688677
964,4.136140220937652,3.81103269242573,0.07941606832249994,0.025247782
965,2.362335700986235,1.7849307274596102,0.14906728685000004,0.04739324
968,5.449708058149428,3.2999752742862576,0.4671576804099994,0.048369985
969,5.025297819577165,1.886365104851628,0.02068357729749998,0.010433613
970,1.3006597035210223,0.582804604197054,0.06297896902500001,0.04098119
971,7.730737557268538,8.429481744049728,0.179778252935,0.34607354
974,5.348753611349154,6.530655940283492,0.06383858630499999,0.13648795
975,2.7977371593334164,0.9968022836053416,0.028951732725000002,0.034268808
976,2.5282441375697813,1.9107004923376207,0.1939747489375,0.17178828
979,2.819189258971355,1.991119078688885,0.17893847612500002,0.20218521
980,2.8650744764716816,0.401398005407823,0.031791586447499964,0.014094759
983,19.856683083731056,6.541522357850479,0.5983650107199994,0.5585135
985,29.799597457432352,98.80778922091136,0.8892400801099987,3.3066113
986,4.428564611886725,0.4171153706052149,0.12354929819800002,0.019427883
987,2.3472371792641615,2.2445158075204885,0.08517622868750006,0.12777223
988,57.465691671251435,39.62599314755913,1.151190095839998,0.3405132
989,7.975013562709197,0.7398659207507149,0.14262528680499997,0.09756095
990,2.631122264031583,3.1136516166122075,0.10624486825250003,0.07990882
991,2.478837482501516,1.511471574749821,0.08006088923000002,0.04114111
993,5.612318828208329,1.7828137950502516,0.14977711410499994,0.08765592
995,8.22354840172888,3.875009108094393,0.3171643310700001,0.07338485
996,2.3211822134706854,8.250338631837886,0.057642623209999966,0.062387023
997,2.5861697589694512,1.6900262034760132,0.09294332076250003,0.12183398
998,8.016876090457846,4.740966410511731,0.41181248324999975,0.5733989
999,5.191084758567524,1.4436718334950944,0.03759351719549999,0.039770436
1000,11.343150490299996,2.3669034108962297,0.08492389095650006,0.09714849
1001,4.7310946279827535,1.0773464919958924,0.05707566622499994,0.049984876
1002,4.978353575920547,1.38218189785575,0.07561453436500001,0.14577219
1003,2.2130033168133583,0.2023356388472481,0.08497821956499997,0.061845284
1004,3.8776434941580438,1.9238850418832492,0.06837647494000001,0.06342372
1005,11.761729364594002,2.3966631164222707,0.16759854364,0.061402716
1006,2.2718708882851124,2.326440411992344,0.24396643865250012,0.2680416
1007,5.508009986132517,1.49720174117829,0.09197595341999992,0.05119969
1008,3.9222613297470423,1.575396903964492,0.03007408459649998,0.033754267
1009,7.108187413864904,3.656746724345627,0.19827949283000001,0.4545794
1010,2.1653159917955627,1.446091881249831,0.068330410164,0.04650465
1011,2.4418679602655295,2.3679307807983148,0.09662136311499997,0.12259456
1012,7.044668423465904,2.7999727865760304,0.07471711525150003,0.032196723
1013,2.6831825795373367,0.44385976548032,0.08998021594500002,0.11500777
1014,1.5291433605602025,1.6270842111842214,0.05642427233700002,0.07658923
1016,11.8523013057542,10.018163837186528,0.05578885590999999,0.13087472
1017,10.375304639218912,5.228735414075013,0.5442601237499998,0.6869547
1018,24.03196196612355,0.1885683161025629,0.5568016135500004,0.61804515
1019,16.35158957366891,10.435715671367378,0.1979746680700001,0.17426674
1020,2.223400565733017,0.6974095059370219,0.09336776492999997,0.08167471
1022,17.782296842613132,1.6385125833962788,0.25077657947500015,0.19006072
1023,2.8862005856727513,1.1768868087032138,0.12259138326000006,0.061250232
1024,1.8203406818358814,0.8507911034730108,0.0401187875655,0.05417327
1025,3.6610805118605287,2.022495312290214,0.21078306891749998,0.17566803
1027,1.6788097001067621,2.2182138858524243,0.07838611714000004,0.17874517
1030,1.2772830893159859,1.030860302297724,0.029441020318499996,0.053155754
1031,2.69797739750453,1.4030027323329646,0.08941747009749995,0.102075785
1032,8.106314619407573,0.7163191966061528,0.06249767027999995,0.038375802
1034,2.6793795526590145,2.731800666819541,0.057597505354999995,0.07933477
1035,6.770874338871332,2.841914691343659,0.1261038229049999,0.15857382
1038,2.405381101281957,1.4966614103518887,0.08353550898999998,0.19089141
1039,2.4887146935517834,5.646241217441331,0.08351151554250004,0.26924574
1040,6.397092969948906,1.4371026680199188,0.056269006860000026,0.05987648
1041,3.180745943305885,2.4836651058119563,0.07262420847999997,0.03757044
1043,2.5411646448185863,1.2100284597827484,0.09025616555500005,0.03527912
1044,7.581084127848568,4.763678925422052,0.3310700587000001,0.09975394
1045,1.567927493258391,1.4231780114910817,0.13408826246249997,0.36610988
1046,2.8799785382791576,1.507073954910535,0.09111625269550006,0.17198275
1049,6.233687855230112,2.9119420311118858,0.3260992284749998,0.17261077
1051,3.5476292141709873,1.2387997576617549,0.043499924427499996,0.02937795
1052,43.45488956147996,11.82658581231572,1.3142795011199988,1.8066732
1053,3.826173373011363,4.636316910648845,0.13934682243499988,0.08638189
1055,6.034525080761752,6.730783209076947,0.35481355903250006,0.72658294
1056,3.752451027332139,6.04892571418198,0.38591009436999996,0.24298885
1057,1.9448944329639724,1.622765765725965,0.075206700665,0.0632773
1058,3.3476510168217533,7.212291568135125,0.15568068378500005,0.07107339
1059,2.0773382374773695,1.5743447407689748,0.02490157925399999,0.025886187
1060,49.945351098062545,114.70071878411784,3.213966633350001,1.6272525
1061,3.5931812284968982,1.176342788317926,0.09463084766000003,0.11005451
1062,1.157935602429761,0.9217456645301058,0.022736897404000013,0.031030519
1063,3.235573608217216,3.703838863589469,0.11201399291000007,0.028205985
1064,1.6071779135857336,2.262447015676309,0.10121982320499999,0.037154373
1065,26.542698144216992,0.2885020564726012,0.07971108369000002,0.14512604
1066,2.8325391491321663,2.789203211810443,0.12466843659500002,0.032922972
1067,2.091553749322203,1.9873144781441665,0.08524804493000004,0.16952242
1069,2.3686601208336646,1.9592216036326813,0.08678948605500005,0.2263525
1070,12.371495567206653,2.3379258367076594,0.3926110226100005,0.3899613
1071,1.1944045007154465,0.5839423778172546,0.017922438205999994,0.015334425
1072,3.0594967085405944,1.1807807649636783,0.09133520001000005,0.09116888
1074,7.584767270499904,2.5575014661608977,0.06886421970099998,0.041242592
1075,4.240285065358594,5.955992582233915,0.19600033799000005,0.5359318
1076,17.41804754092412,5.995192566030326,0.24227875247500014,0.3881354
1077,5.300801512595926,1.2112242992709854,0.09488564028,0.060941085
1078,2.783729813955583,1.891836140945624,0.1081267836915001,0.047350712
1079,17.57656732832913,1.1163319857280676,0.4881200135800002,0.22721826
1081,3.0694613452901462,4.101017106862169,0.09188717831250007,0.03279046
1082,3.503596729765265,0.9688693493412264,0.06210070236199998,0.14267696
1083,2.66522224472746,0.6929608981970784,0.08372731915950003,0.029157829
1086,8.461570854623634,0.5962192928636563,0.24807560097000025,0.17134169
1087,3.332359586117525,1.8858175660490728,0.08020617172000004,0.024607498
1089,3.4152310948455193,2.673321606586096,0.08063823722250003,0.056996617
1090,2.5494822456830075,1.5314857026902309,0.06117696646500002,0.017686257
1091,5.798644537778211,1.8844371625127925,0.0902521036299999,0.12186389
1092,4.252496463502592,1.821661636332062,0.18411435247500005,0.21417458
1093,2.855476452582696,2.179018910064767,0.07422878839249995,0.061561402
1095,2.033920449157042,1.9807531453132117,0.07630640639949998,0.08897913
1097,1.549710163267094,1.0706468880529447,0.06576097110500005,0.13792403
1098,4.291174403546173,0.7747938084109066,0.08713137083599999,0.1290509
1102,1.439795160063657,0.6154037567796427,0.03366197371549999,0.025298174
1103,19.586960564832147,7.329883321815197,0.06475454322500004,0.08004892
1106,48.62712025715172,11.146831521103053,0.2330499749000003,1.2610853
1107,1.5793959950640157,1.357035291791329,0.14017498788000005,0.13848436
1109,16.07399958068034,1.2345258269771682,0.0865204578824999,0.03263589
1110,2.943145825661308,0.2522192336068663,0.03686976376250001,0.02075577
1111,5.412602446287901,5.262746790146382,0.12833778145000008,0.045460485
1112,2.7516545487223705,8.18367792818284,0.10701327175999997,0.15875702
1114,3.7722467820850714,2.479409596071234,0.2645217039225001,0.16654368
1115,2.6741959126555743,2.68793946094283,0.10614149756999995,0.15221241
1116,8.137212798392845,1.4349395238700642,0.17045955493499995,0.13112329
1120,2.3266555665729696,2.794678931932848,0.08550903371000006,0.048823692
1121,2.289261590124007,2.0321840244483056,0.10587003056750001,0.030118952
1123,1.6909123568234108,0.537314879484041,0.0298672099375,0.014331715
1124,6.170024758851322,8.091075785268561,0.2046098776949998,0.1885143
1125,2.5602007473226673,1.3473229265781206,0.05378730045800004,0.049509432
1127,64.87936308634461,94.34902660055754,1.1786994192499993,3.9747787
1128,3.869743058928272,0.969874954179905,0.07600040888499997,0.024409559
1129,2.2835443669360305,2.725240065899054,0.06665783085999998,0.06720087
1131,2.5780792695119925,1.1696826928112376,0.056378821654999974,0.045504127
1133,2.268033510374126,1.0499338873086503,0.065081630394,0.059129056
1135,10.808004079259904,8.314985185205552,0.06485434951999994,0.057216875
1138,4.952460926912366,1.3200178956421855,0.13527636001500004,0.057901397
1139,3.062807666038097,2.7753643359957345,0.09657775228250003,0.20307855
1140,3.726413571219973,1.3952408232730185,0.08515224744649996,0.051061828
1142,2.3350537865493446,1.8962247035072048,0.06397515655749997,0.14312425
1143,12.687274301274012,0.7770197139211874,0.07932514163000005,0.03742079
1144,2.6811787289679385,1.417128189552772,0.17401587197499993,0.18647993
1145,1.9809464269725487,1.9593586673959604,0.08155971804500008,0.124027595
1146,3.035890480476681,1.4760852655203096,0.09723765654000012,0.067230456
1147,2.824966827339296,0.9850200485689692,0.03634811841750002,0.012513341
1148,2.129608263294034,1.454180536018013,0.07730364320000001,0.063411385
1149,5.980885350669542,0.9013172781789932,0.13004956905499984,0.0414251
1150,5.845989467365034,5.127527163095103,0.06933243292000006,0.0662183
1151,3.3757546289317126,1.9141576370853024,0.12063741814500002,0.10364276
1152,2.9018696025987425,0.746511423508657,0.05246850375800001,0.017399358
1153,5.115615416324543,1.3867098341402797,0.039305718366500014,0.022444323
1154,2.215646289532253,2.9183259108747195,0.10146141083500006,0.23483565
1158,4.7977299252299375,1.4226199610439725,0.13842848870500007,0.07523488
1160,2.9257052888725767,3.2685204303047857,0.1750642617000001,0.09592056
1161,5.534800458856071,1.1918393791242026,0.0954473134550001,0.188366
1164,2.1522508557250752,2.514258752585929,0.0631659057905,0.052282743
1165,3.5138163214215803,0.8127474598224546,0.12250590460500006,0.06673538
1167,21.616916987228933,25.10560185741102,0.41148690101999946,0.92444116
1168,40.150286144303564,12.801841816797497,1.840134245249997,1.6616601
1169,18.875477882092536,2.514433461304876,0.10431111169000003,0.10654137
1171,28.31216355058281,18.447950812140675,0.21499024126,0.012437124
1172,6.254146150824938,2.5569203367192124,0.12142254727000001,0.044113386
1173,2.6048839664837957,0.2455779744381901,0.08444602162050006,0.03536237
1174,2.6185885212203153,0.5199278718626504,0.1183004493675001,0.11803923
1175,14.122282870769938,6.009406524090343,0.44998081984500016,0.113150164
1177,4.040712935627127,1.0532277948002549,0.026775646224000003,0.025770994
1178,4.134091046389249,2.619958844740947,0.21406709180000014,0.09745692
1179,10.402613769268731,3.1299703336269555,0.269720983695,0.30169433
1181,2.9420343522434353,1.2385115323213527,0.06546409433000006,0.058518592
1182,2.5764602896978124,1.5106463646873958,0.07252372279499998,0.072199956
1183,5.135875322253742,0.5880956533086978,0.03821289750499998,0.03622104
1184,4.38590682473933,4.080038665517085,0.072942785435,0.041870516
1187,3.403507667933305,3.434733065859722,0.08962518623500004,0.10169397
1190,8.10037989098798,1.2786848994858249,0.12167146846000003,0.12976252
1191,11.996931643496485,0.9818777956742024,0.49053679419999996,0.43570498
1192,2.1818946726788973,6.207428729282504,0.08296873173499997,0.19581495
1193,1.9448720059447544,1.844406192275012,0.1375087308225001,0.17458478
1194,3.1574033996889357,0.7902812093560713,0.053904897816000025,0.039899707
1195,41.243701930763024,138.4637087674834,0.9862443050000002,1.9356463
1196,7.1788151020773645,2.7121735645039347,0.03272698048150002,0.02531862
1197,36.493240088623544,3.934550457969451,0.4572417831000004,0.41229057
1198,3.7471496958525434,1.273630127110151,0.1146853697725,0.09639973
1199,2.92434915012244,0.8170439555414074,0.09776594378000007,0.050097495
1200,1.7821760527215684,0.9612172169931966,0.06356765629500001,0.069576584
1201,21.91553694922717,0.748821292794859,0.03260755708500001,0.023556052
1202,2.9989813631424727,2.797183629038238,0.19949758148750008,0.11639305
1203,2.2788130868918497,1.1187327925127808,0.13113635139000007,0.022620818
1204,3.9929948010291447,1.724766915758738,0.14199599377750002,0.10399832
1205,7.985345851783648,4.354542784460452,0.14014230040499995,0.068273574
1207,1.4705807902698218,0.6936559354721896,0.05483714940000002,0.045923773
1208,1.745758245491937,1.1112232782795075,0.042448175973,0.041491404
1209,2.5608014066739493,0.8977693343696698,0.13048583114999995,0.04546388
1210,2.581594177495118,1.1277433303149575,0.07554854474050002,0.013897706
1211,10.561621010900017,1.0988764861195537,0.05604320666499998,0.023008402
1213,8.918430555747374,2.3655437378091526,0.32592366122500005,0.043818083
1214,10.00399803860618,0.7904237905871893,0.06884708514999999,0.046686932
1215,3.6063896318537303,0.48453416540015,0.08544976771000001,0.022907505
1217,3.5325421772089936,3.5913956083551524,0.04602543924000003,0.06407011
1218,4.48581677804442,1.0249644439964154,0.034552433886000024,0.020049494
1220,2.026216163567372,1.7035664497422167,0.09449090367749996,0.06730616
1221,2.948860247987855,1.2260336212503942,0.09414696030999989,0.027492367
1222,6.10760687524825,1.8690255704179648,0.15175513166000004,0.11299901
1223,16.896351387196795,0.7958078382807767,0.44279930665499945,0.251802
1224,2.089842185112313,4.852662477196004,0.06578169808900002,0.13848473
1225,4.291145938789808,4.012785932315942,0.2612742785974999,0.28685218
1228,2.519549757570856,1.3867274344736895,0.11027178860299996,0.064871095
1230,1.8586960278310465,2.740166046083864,0.05579508285249998,0.024097167
1231,6.3754346936453326,0.7668857771228852,0.027473266020000008,0.019830799
1232,5.737478578090694,4.4592179331264825,0.23997693794000008,0.3248788
1234,2.5008223926908797,1.6270177373027432,0.1018106859655,0.041177712
1235,8.835684918218131,2.9036254034398663,0.34377317281999964,0.061815135
1236,8.505377364783982,3.87446583007515,0.18451388561500004,0.46800017
1237,6.294632382917721,2.0457346195159265,0.12060857333250005,0.14265218
1238,5.262869203975004,3.0150607489403374,0.11802069334999996,0.13104743
1239,1.5050114301697912,0.5482101572835484,0.03301215459049998,0.033648938
1240,2.230794985957013,0.4979474943012211,0.05915064431250002,0.06122146
1241,12.969159184415007,11.160074675315476,0.3595688234899997,0.14356229
1242,12.162509644895247,0.7365613118465839,0.13894043925000008,0.08124416
1243,6.762307754607077,2.625727378302707,0.20474061187000023,0.054476123
1245,2.879735861849552,2.7359581344927744,0.06429975200499999,0.121130295
1246,11.406177553863182,1.2371687388237322,0.5385303909750001,0.53549117
1247,2.7044613499472097,0.6286801635649032,0.025061214191499977,0.021583177
1248,15.636470305644986,2.5614278732972853,0.48758563395000065,0.30762488
1249,75.91184935611268,166.42676804151222,0.5395311798500009,0.25395605
1250,2.0192265086439125,1.5595781293719837,0.08360002577500007,0.23606288
1251,2.8466270943776113,1.9716369247465049,0.08314389279500001,0.15261099
1252,2.514740993328381,1.6644057472836251,0.05117246463999997,0.036239173
1253,1.675937522278794,0.5991530746138779,0.04950121730900001,0.041986816
1254,2.1957576762510396,0.9420557091607302,0.11962164587000006,0.22975257
1255,2.101585355380157,1.241148303187639,0.06971145614999998,0.07154917
1256,1.7521407865215515,0.6303048743212724,0.04636503786600002,0.047200456
1257,1.7268121450865204,1.9624621405209808,0.04890038463999998,0.041486774
1258,2.311402009412497,2.386256315936984,0.09104156935499995,0.05617585
1259,90.74416138840938,116.55320120151654,0.6699944681900004,1.0262753
1260,3.334181549296437,6.537765208419666,0.1662037070575001,0.4108575
1261,2.739002729350962,0.9992570672471744,0.10095287998000005,0.04077793
1262,7.023333593870543,9.246010938012924,0.2391885665375,0.13914107
1264,2.5678772893122312,0.9722987334351672,0.05262327674249999,0.027222674
1265,4.104271567051869,3.2620730202458623,0.18850230806499998,0.3511983
1266,6.970538165704694,1.4394134284948488,0.05823901690500009,0.035266716
1267,3.642239973703539,5.085501294085895,0.11406531833000001,0.20512864
1268,6.914682222264499,3.2948851632062413,0.18491815995500022,0.19506659
1271,2.113663484839185,2.352040018743561,0.06732633951799999,0.054171138
1273,37.199501108341195,47.40991297264555,1.0964900989999995,1.9006373
1274,1.9773730613251168,0.4880749507234511,0.04278777152,0.041869037
1275,24.816295244243108,1.3249552922169583,0.079413949915,0.053474467
1277,1.612164950636628,1.133580496820131,0.060636485883999995,0.016710944
1278,9.679797010163053,2.858376643926801,0.20662961031499982,0.29317948
1279,2.4062143578114314,1.469931807837705,0.082465492082,0.11465196
1280,10.056667212899951,0.3186180954708899,0.02958937683150001,0.023159381
1281,3.0109564187341338,2.452454788840553,0.1478850089300001,0.054713834
1282,2.002075157500683,0.2357993858285037,0.036786030666499984,0.035941284
1283,3.0730206418068087,1.2328290261654002,0.04284684369100001,0.05103232
1285,2.3508607342344736,0.6409575333400379,0.1787063735949999,0.24186538
1286,1.686166604489525,0.6810607770598631,0.051581267015999986,0.041653298
1287,3.193689216368842,1.1053025887086334,0.14327226136499993,0.048574153
1288,21.99191060397495,3.3252849920269383,1.1596185251199986,0.16025677
1290,30.002608686095083,14.925499420959124,0.3322552617500004,1.4310986
1291,1.769130306797868,0.3089782042712249,0.03072697576499996,0.046663146
1294,2.437236040820775,2.5460921816187385,0.09146887105500005,0.048931785
1295,2.4095029050940897,0.6801558774952989,0.047075839130000005,0.034341346
1296,1.5383924788960417,2.074771166345774,0.020852155220000012,0.065928526
1297,11.485048640167147,0.4267534754961271,0.06027622537499995,0.046130408
1298,1.864176329109478,0.5603740860321281,0.08664068909249999,0.017044438
1299,1.643045066964985,1.520177336294727,0.05871748321499999,0.10622784
1301,2.923920940908886,4.66598430159338,0.07727942982499993,0.19200714
1302,3.7029396875694283,4.195552063717897,0.19702324498500015,0.22377847
1303,30.5333145111205,0.8511449329671104,1.1744428421999984,0.9644952
1304,2.297332982553086,2.423180638455565,0.062904937563,0.18503484
1305,5.841708582891203,0.4872072450461926,0.07259596869000001,0.019014083
1307,2.5399864300234016,3.5342786862756994,0.08923106083999999,0.22405215
1308,2.4330328981513167,0.9809834860244876,0.16384019760250002,0.30559075
1309,31.528029587978686,5.064970911911119,0.4122086391749999,0.13966656
1310,3.5594472138811706,1.578254869187121,0.12631930183500004,0.3039938
1311,2.7494822950107642,1.2062822698783071,0.10591174349999997,0.014166657
1315,3.003201021884645,0.404175966123331,0.033305155942000036,0.0460719
1317,3.7637870166881493,2.3314914744727147,0.21509852933000043,0.18291163
1318,2.71617035057252,0.7706965081840357,0.05919443994649997,0.07679821
1320,3.7560632488952757,1.0703460246970369,0.1179688101949999,0.23419109
1321,10.241244480876242,2.415617594424795,0.10408236637749999,0.26120165
1322,3.836109819717846,3.298234727812948,0.1702787864275,0.13702002
1323,7.02697784279606,8.859351558867576,0.1646473689399999,0.2634073
1324,2.8215785786527423,1.0505862831624686,0.08477709168499996,0.025677389
1325,7.137631633037886,2.222936246907398,0.10478113237999995,0.16976365
1326,4.405216036101008,0.8995592601071691,0.07345953519500004,0.043600477
1327,1.843254571553339,1.2501832456058308,0.090297343355,0.16617434
1328,38.3163942072914,19.715539567603244,0.49100226837499944,1.476929
1329,4.318188424851629,0.796500830205572,0.09143001809000002,0.1385452
1330,8.37859809665869,1.7772892243638934,0.0579817664165,0.09891111
1331,3.7265231007289095,1.637428977553274,0.0837992578925,0.11917144
1333,4.060514009804896,2.022141484785858,0.07906264830000007,0.09365282
1334,3.8344991773592842,0.3388175240024922,0.061688173335000006,0.08472475
1336,1.851442605351083,1.1348585736386243,0.15079473452500006,0.22958769
1337,14.114478173509491,5.306018659992396,0.07996692138000007,0.06810304
1339,1.7284517240391364,1.1112470071873353,0.07021741972000002,0.039057627
1341,5.566161548730986,2.4833506896958197,0.3786867520399999,0.31644332
1342,8.80399704188218,2.617822501260948,0.16365322902000007,0.09616403
1343,2.4718710419135186,2.072987041982067,0.17310446255000006,0.22525154
1344,2.145401581549992,0.345690094320708,0.03576952600549999,0.039809156
1345,8.003494056309682,1.2537326447512012,0.14362629349500003,0.16196704
1347,2.0807623800035757,3.670270361048283,0.10232606575999999,0.06369185
1348,5.062486250780675,0.6935123469659727,0.0467090610345,0.024686726
1349,3.854176982484434,1.1043013005871063,0.10449657647249999,0.1663546
1350,3.47711714461181,5.4133078601074045,0.19075718468999994,0.695199
1351,7.312657754536094,1.1744915955776452,0.03511304781299999,0.029225519
1352,2.7595801586057496,5.719299111566107,0.05655695105800005,0.05465928
1353,41.31288262396665,1.1094291989537672,0.18242877761499993,0.14597699
1354,1.9058393558358793,5.8223265181493655,0.098866550335,0.015180001
1355,2.3229939450680646,177.74903791912843,0.09578590484499992,0.33278483
1356,42.69424094804949,57.074752724492924,2.1049324407499954,3.541945
1357,2.34240051766666,0.5634997606840065,0.08978952032249995,0.052815355
1359,24.31543441978304,34.11018287861616,0.5234181134000003,1.9515824
1360,7.983300944978515,0.7188994632477721,0.07261276249000005,0.034130346
1361,6.297831376288658,6.814418538051251,0.1315645582799999,0.17892902
1362,2.115451330899603,1.6647287799364914,0.04143272995049999,0.057392273
1363,3.5886932727003322,1.2745207272155552,0.03338602004649998,0.033482607
1364,3.3871235154568318,1.5292296594966928,0.06523740456499999,0.051108677
1366,2.4083148431837005,2.702056012102908,0.11852218119750005,0.044164315
1367,3.544543966180102,2.568984412261337,0.25996132831000013,0.17084211
1368,1.3665595738918908,0.2723388770423734,0.04606083052499997,0.014961816
1369,7.371109642785643,1.8363646940827385,0.27168978230249985,0.3215433
1370,4.694793293346745,3.655553566813986,0.10674897715499998,0.07048408
1371,6.672676146995976,1.4918316648948462,0.053741454637500005,0.029603163
1372,4.192046172756639,1.175789053010332,0.11628261013500012,0.0647957
1373,2.376398469146931,0.63469704357925,0.09242326426549993,0.03688781
1374,22.646984093354504,12.808901394287268,0.8413931455700003,1.5389392
1375,7.176023089801458,0.3898383864825136,0.13065608447799984,0.08065794
1376,7.660471263873917,3.230991828993788,0.2940742923450001,0.8280495
1377,2.572933363516955,0.7765769775840452,0.07817151824749993,0.0712076
1379,33.608210348695486,167.41799365572822,0.9144209324749988,0.27222383
1380,1.4632812350535627,2.087636301674251,0.02757444574499998,0.034310035
1381,61.05447235248107,71.02853466063048,1.2253539130399986,0.21660817
1382,2.1496447205738676,0.7603411982373575,0.03479521946449998,0.020906186
1383,2.6533515943835315,3.774256239815184,0.05642399365599995,0.04462152
1384,2.394042640605498,1.8900040583697844,0.11774251656000001,0.116338156
1385,2.1040040579439023,1.508275893678108,0.07804912592750003,0.053277798
1386,5.525469982666452,1.9989730473402725,0.07084229825799995,0.0943317
1387,4.128960644632931,5.215484248561468,0.07192719866499994,0.024166798
1389,1.5878766097307517,1.369018422516186,0.058209272137500004,0.065339625
1390,17.63039491088906,3.86644899549804,0.08905404110999995,0.06954748
1392,3.3942474294647327,2.498696327658564,0.1644847743750001,0.44550875
1393,1.4792842280938152,0.6955150792745212,0.05707766837800007,0.051228542
1394,1.7099482998802973,1.2595929049234948,0.08904223850749998,0.17012645
1395,8.494542438911445,2.2573752724937712,0.1806856355500001,0.19360062
1399,17.179701275073743,6.768459404443359,0.40203369713499987,0.134875
1400,3.254611533009525,0.8884017452702402,0.0763866047115,0.019689659
1401,3.4014406183761836,0.5222991021305547,0.0941473458574999,0.1187682
1402,3.772089438650985,0.9652635612686584,0.09182213082499996,0.06378151
1403,8.814810948658783,4.361778189795314,0.28374516878499983,0.23520827
1404,17.854603446787195,2.37935268760709,0.29901089788000024,0.3709159
1405,28.46228567113254,173.819385698386,0.47413839980000005,0.6204694
1407,5.830568469257724,1.5843657493932164,0.13809898046750005,0.09055622
1408,2.385473888968214,2.6443343452927723,0.09785737280000001,0.036790237
1409,2.0622880364487286,1.0877357415712825,0.051469593797499984,0.038084775
1411,5.659444269018787,1.662927628476682,0.11475713903999987,0.07251832
1414,4.903872253950585,1.188177837684753,0.043958264939499996,0.02751607
1415,5.981478510983717,5.458649942793882,0.3005080234499999,0.598324
1416,2.2471390033949525,1.0375489634184063,0.055215735469999964,0.046383455
1417,2.1382299637988833,2.6269393398041445,0.05423570190500002,0.10590756
1419,7.477583725166806,15.651635671464764,0.39475052531499943,0.7173223
1420,1.689642496160677,0.8729430958012648,0.09002027373499995,0.10749537
1422,5.173610027445229,2.5588196293697805,0.09894576206000004,0.14329691
1423,12.004805049461305,19.67204343568225,0.3708122216249999,0.72977895
1424,13.427626406124768,4.61423290876025,0.05569835857999995,0.070081055
1425,4.73276365508353,4.153298789314287,0.11154519139950005,0.06773039
1426,12.027626275994088,10.99129896479262,0.10793605504,0.07909303
1427,2.199023982084691,0.5420423857856815,0.06258167161800002,0.058242504
1429,2.3386370318642067,2.4672799779403003,0.04587244772900003,0.03493208
1431,8.832084007092819,3.2927506774311284,0.3612943633650001,0.052378416
1433,8.697366579412407,0.8679478802179847,0.24640936700499994,0.06629704
1435,2.3374890116177185,2.142506773276205,0.07733979807499992,0.02492696
1436,17.902438519364406,6.426140358245628,0.25703218705999975,0.49519998
1437,4.479065817214115,5.609400294988386,0.18761396781000006,0.5840242
1438,1.2974086405375027,1.0068311280204256,0.04962437809499997,0.034623545
1439,10.1354909953341,1.4002913503795815,0.2987180644,0.37710452
1440,9.4636485709845,3.386733624604399,0.1586913469999999,0.2283681
1441,1.91085849351624,3.129707706548192,0.05403328322000001,0.15240084
1442,2.3287163916009614,1.1526483272973267,0.05436746559299998,0.035474632
1443,2.324931212537307,1.0301903361585485,0.093866090155,0.29229748
1444,2.2006674672227167,1.043788141538912,0.072247233125,0.1069935
1445,1.8282766524653318,0.706945723966037,0.05021304630999999,0.03218794
1448,5.758147830280618,5.117693302573741,0.08778331342000001,0.13053332
1450,2.2695620916682406,0.7314350624692334,0.03456216478500005,0.011908877
1452,5.61352196894554,1.7722417793547012,0.22332799468000009,0.09138594
1453,1.860718056448104,0.8553421547606327,0.06348679868350002,0.03453793
1455,20.35201574291439,2.760272829242005,0.32445633535499974,0.16614497
1456,41.835887749224476,3.101371789008605,1.426800261195001,0.31720805
1457,2.4369339202991473,1.2925296625373404,0.1933478536775,0.085801974
1458,1.458937281602719,0.7401628550476919,0.05829817797800001,0.02524588
1459,2.7357425985578114,2.307741594274356,0.1133629868349999,0.20439899
1460,4.4552329737065355,1.1127268609084102,0.10923857209600005,0.090587355
1461,9.738470475304121,0.4506943705771364,0.08163576951749996,0.1923113
1462,3.5144424314082654,0.7761485018963954,0.07169574129000006,0.06253195
1463,1.5578898376693422,2.965224819916345,0.05112487015900003,0.027109144
1464,5.188577471748804,1.0733431481309197,0.08553489498000001,0.20647474
1465,3.0208112129118336,1.2592065546161642,0.03103039276300001,0.020205896
1466,5.3183154280784155,0.9112967218299132,0.036372933232499946,0.048334427
1469,4.864164642249521,1.1205424932728905,0.15604506182999991,0.014665176
1471,1.9162730573315128,2.2450552216073323,0.1540318018025001,0.09039438
1472,3.524977467716087,3.1447240231925875,0.11249874336050014,0.036159124
1474,3.853246077742047,0.4894806421529844,0.051766971052499965,0.046900887
1476,1.6346633532931083,2.896737501414857,0.04710533473900002,0.07239889
1477,42.35565663833813,2.4776903691087804,0.405815256295,0.26117876
1478,2.893555734386527,0.7332550165878674,0.07191985056000003,0.09458436
1480,6.118155563012919,0.3721241330992192,0.06835325258500005,0.10523748
1481,3.3396889810855304,0.5545873069922607,0.06632651439500005,0.054587066
1483,19.639651859968897,12.476301317306804,0.5051680963650003,0.05115362
1485,6.20521012938555,0.9021832553831844,0.06918699600149997,0.044362918
1486,2.786647321238503,1.0284359191358576,0.11433999923249996,0.0771873
1487,3.5310120337279467,0.9717789934823584,0.1432578939325,0.20978843
1488,2.517472549574564,2.288101009852259,0.11715247912499988,0.1208474
1489,3.917004008994698,2.163775608417276,0.134869642115,0.12874146
1490,1.9711691992905822,0.3714008174268168,0.02378100928100001,0.03410772
1491,2.644564435543592,1.251467177391361,0.07125723742500004,0.066736646
1492,1.9907171513067203,1.8862761010321667,0.03413010600249999,0.012415728
1494,3.6946791159161547,0.937461334729077,0.05500411908100003,0.06178823
1496,4.373204329370861,2.9066516967622524,0.10637169530499996,0.030952118
1497,2.957800580732214,1.94215153647557,0.15438744460999998,0.05238781
1498,2.8294154923194514,3.5862446482087558,0.1668603349400001,0.18703318
1500,3.138613102967055,1.32379202775251,0.02881797456050001,0.06798939
1502,3.5679385953418743,7.385975003060935,0.07917523098750003,0.049550805
1503,11.406735368688834,1.9843229814904573,0.10924414803499996,0.060388297
1504,5.240025210024006,3.7698952682982414,0.11112802025150001,0.06380289
1505,18.66842466707047,0.8712598755182319,0.21029458234000006,0.09797265
1506,1.2354826183510697,0.2796702577814955,0.030997454292500008,0.027966676
1507,47.12068974898175,105.68033038431548,0.7089933989500002,0.1890149
1509,2.675302808578781,2.927266401187051,0.04429365445500002,0.08601371
1511,6.022382017372032,1.5439866684915715,0.21689693654,0.17010948
1512,2.2832309827992487,0.7060470431821206,0.03624854050249998,0.030532528
1513,2.781787259653721,2.3324055333253426,0.08389108224500003,0.033622522
1516,5.779316036300197,0.3769700429677026,0.05309196645000002,0.02459769
1517,2.8295594121406746,1.060923098888777,0.18218329732250024,0.21614991
1519,5.913516668502899,0.8525480957989249,0.4419151103250003,0.14729565
1520,2.2853023013918774,1.12898388313992,0.05582643974500003,0.018424686
1521,24.17811851223551,5.992088998849959,0.6091279034849998,0.93435854
1522,3.0600534541441435,3.083240987556272,0.05441237898800003,0.06196238
1523,15.466624307365686,1.1093775210271632,0.036368475090000026,0.04534829
1525,32.967478843774046,5.500304097597747,0.13543867711499996,0.0961277
1526,3.6478898397921222,1.190913611705935,0.152583103705,0.10464927
1528,3.593249383491525,1.1171158385960869,0.05044370186,0.07948532
1530,3.565835245861667,3.159217012074152,0.08233797717999987,0.13384417
1532,6.111292847072662,2.233587532941845,0.047571860539000047,0.04888365
1534,11.574496902208,0.9149980260132546,0.08580575884000002,0.11247026
1536,4.959302158337269,2.68838413315385,0.33894457663499983,0.18620306
1537,23.8299370957002,2.915337502526965,0.28082881407500015,0.116233006
1538,3.31397739027354,8.367035193736717,0.14968942397499987,0.020263989
1539,40.893018872077704,24.80957715741068,0.5101130074000005,0.5990853
1540,2.4823351021660383,1.0871442899482642,0.05720219974300001,0.06498826
1541,5.67058769424881,7.890313637112486,0.27765068789499997,0.42021713
1542,1.7797480479921723,1.0009298863977718,0.060083370135000036,0.06936238
1543,5.147922209263087,4.287387215335935,0.07688019351499999,0.016758256
1545,3.441185123892446,3.1229172091970425,0.1262201961075,0.10089605
1546,57.84914620333045,56.43099106029894,0.6329605310700008,0.088032946
1548,4.5287686894083,2.522609940930716,0.048063500571500016,0.07701763
1549,2.290414404772783,0.1894068234884454,0.030546916262999994,0.013998351
1551,3.5539131424897983,1.0328324201103445,0.06090283806000002,0.07565168
1552,1.8275854083428826,0.9198967460596092,0.043281366962000016,0.03762913
1553,16.401046509086605,93.63604837999524,0.44967095133,1.3449774
1555,3.390146369718982,1.2233397851056664,0.050422322925,0.02897527
1556,2.1421581513407864,0.7990630037255259,0.06867501271499998,0.13987775
1558,3.652121344851534,0.6618190496781636,0.2151895491800001,0.017850913
1560,6.650874082856754,6.800853011022975,0.25502057327749994,0.43392545
1561,2.182562693644314,2.1130814815192025,0.07692793274499996,0.1336822
1562,5.337165753944562,10.36806314129057,0.3261015323499998,0.08856648
1563,55.54117265335071,11.018324878867046,0.5131366697449995,0.4808995
1564,2.0979225163082145,1.648717756959617,0.20457024961000017,0.3870327
1565,10.060861756140905,4.884511896478719,0.3226729575450002,0.18904926
1566,1.8046583112050754,0.860850625027083,0.032436467418,0.014403095
1568,2.3525539582758084,1.7136779037452134,0.08068385330500004,0.08605709
1569,9.84745483802164,1.5748111750324556,0.15561834450499984,0.17565355
1571,3.0965043497010574,3.3497473139208678,0.07203004806799994,0.05684155
1572,4.513142420401325,2.3869833151691706,0.052670262146000055,0.04927881
1575,1.8214526057353013,0.9858795834726444,0.0643279830855,0.008443163
1580,4.124323968652849,0.5728299063482313,0.02486461003500001,0.033426117
1581,5.347128257218424,4.301580605815853,0.08854744287249985,0.13204378
1582,4.04751844068422,12.754986533437824,0.0910271666524999,0.14686072
1583,2.274603740934605,2.013942352905598,0.08846987847500001,0.050101746
1584,10.940255873241368,1.1740794021785907,0.08258303134650002,0.027247174
1585,6.945102312007438,1.6640562784850883,0.04601103039999996,0.054647166
1588,1.876649203565506,2.747814196909861,0.10669677737000006,0.013813562
1589,3.4847000199742784,3.086728188608054,0.093578799733,0.058309
1590,59.26480372709564,90.78562347865636,0.5213125541600006,0.10250856
1591,3.1687228205888327,1.2296955570011605,0.08402242721999999,0.12822947
1594,1.3126350724578595,1.099547907326225,0.03703000537699997,0.019263208
1595,2.574715743058154,1.4213453182919913,0.11685865648000021,0.107856974
1596,5.231269661160145,5.32357533427683,0.332290907775,0.26509276
1598,3.591800214713873,2.549581686139445,0.08146695188500004,0.06413096
1599,3.809353638135186,1.358283969701661,0.09019472472499998,0.056346603
1600,3.138371853469013,1.6715738364884591,0.11332776059,0.07387641
1601,2.795372973941649,0.3425797330260989,0.035828693482500014,0.027075056
1602,2.591412168573717,2.588413005735573,0.08225805468800003,0.08781077
1603,10.651956079889665,13.21662929442516,0.31964059650499993,0.80736744
1604,4.6951647461967605,1.5859157885623,0.11963136795000015,0.11890539
1605,3.063808402682443,2.9319921493411574,0.0396360427265,0.12880968
1606,2.4213808461306665,1.1375172321328286,0.17972422643500008,0.29977572
1607,6.625218959438207,2.0963321443516216,0.11174282107499998,0.13924374
1608,4.451671109031415,4.577383295750591,0.07592503192000001,0.037629444
1609,4.851356555522326,1.7436712216782335,0.1889782134325,0.1762765
1610,14.48778884865196,25.24885429760456,0.21226782344999998,0.3266369
1611,2.2112116574203036,2.6912825633503683,0.06283770130800005,0.041179903
1612,2.640917149364341,1.3200485152474104,0.13340726180499993,0.07144216
1613,5.890511616872389,0.8333001199212094,0.059066208434999955,0.0954853
1616,5.1846741779301215,0.9947246248202593,0.21844164191750032,0.061931178
1618,6.906783398930509,0.1781020881454414,0.08236526416,0.13249193
1620,8.318038020475003,1.6891750825332907,0.10172441072999996,0.060859308
1621,3.3332830553268553,2.10081591225767,0.05179746133499999,0.043505292
1622,3.302407468140912,1.0409615418129272,0.06029493812499995,0.044479232
1623,16.321580073245766,2.04355571568164,0.12974208477,0.046205834
1624,2.2626854366044347,0.9338906094978048,0.09774140810999997,0.061094493
1625,1.5802574156259368,0.8226279596873515,0.085503555396,0.13809541
1628,1.7418472602073394,2.8787582071857014,0.07676936387000007,0.2071415
1630,2.4455298661392355,5.53238992542653,0.09707185787000004,0.20172176
1631,1.4630307598611705,1.4092633485781467,0.06436206559799995,0.045008507
1632,5.842156385052678,2.0391930953109507,0.20525954357499995,0.17966242
1634,4.28486890979622,1.0985915721483968,0.12099500780000005,0.015301046
1635,2.717882902358681,1.2002119046063495,0.1214240039375001,0.06970591
1636,1.9925484181410216,0.6826331310890451,0.08896757904299993,0.11604314
1637,2.4322748104008607,2.39060960731115,0.09220919004750001,0.020364465
1639,1.7226507763640424,1.3480612438823485,0.04855815210300005,0.07049497
1640,4.647334319137077,4.531243490388805,0.1613599019025,0.064191274
1641,3.4584345396890286,0.9466546072748558,0.041284978055499987,0.020466112
1642,12.889214046170725,2.614632729307555,0.24858468755000035,0.7617656
1643,4.048168077794228,0.9437726336811816,0.05373324059000002,0.042760707
1644,3.6337830734914203,0.1248556948151383,0.07088749807999993,0.052707855
1646,16.288401784735917,0.89676260438206,0.09163663779500009,0.018850928
1647,1.6519302962351765,2.1132001623418346,0.05619193946349996,0.09484669
1648,26.477509419924992,13.660472704373062,0.3275637549200001,0.06743515
1649,27.248518660650863,1.1032537040529349,0.9623491165500002,0.6766524
1650,1.4975099573979573,1.1433828529190102,0.02684213774749999,0.036376636
1651,3.7772573149575948,1.390651669754391,0.08899357146250006,0.02759371
1652,10.651823531382886,1.0288859406469495,0.3261032077350001,0.071954206
1653,4.033758628528965,2.667691012294975,0.06288599192300001,0.034629084
1655,2.7292765624263056,1.878017025661539,0.15246606161250006,0.17177206
1657,2.093842800352315,3.414739303450795,0.058278026996500004,0.016816348
1658,2.895397280818719,2.4986699605488294,0.08984105208749994,0.035674952
1659,3.2579092788907436,2.2227994391272548,0.2735877209075001,0.26384947
1661,24.866939195062585,0.5485734463652256,0.1280244709350001,0.10273384
1663,1.543553449770467,1.3487484824521416,0.046468806889999985,0.041712
1664,22.809423381468005,1.7361029772544516,0.4315680984500002,0.39903846
1665,3.5614341644037926,0.4386265006380786,0.13651429863500006,0.11703304
1667,5.145550618914644,2.8611920004833284,0.2757848337950001,0.029302176
1668,2.8934620692001327,0.9171268098464816,0.11395313493999996,0.05007603
1669,11.562449732947975,1.2439454484136023,0.23549644203,0.3403508
1672,1.602220164089626,1.533193135910426,0.057220841604500014,0.18030597
1673,3.1585118846306823,0.921426464784292,0.07387665996000002,0.06413328
1674,3.7429038934049585,2.781331227607988,0.10695738520749991,0.12586728
1675,30.772848175525,119.57024850627488,0.2702466221400002,0.22491102
1676,3.7135703002109706,0.6856437576010211,0.07504131587999997,0.07706356
1677,21.155020896873207,0.7355622905835191,1.0956311231999991,0.7367816
1682,3.484660583485433,0.5885227222615441,0.13345101629499986,0.03538185
1685,19.515024514169912,2.47905969067828,0.3199363049100002,0.1592948
1686,2.19941252388047,1.103147575618843,0.055744500310000014,0.08250015
1688,2.6784107035106914,0.6801631656587367,0.07467453263000003,0.040490557
1689,23.12555369590007,5.406003628814703,0.09802470034500001,0.09369066
1690,3.053421092827638,0.9583855462804136,0.041825818430000015,0.040668618
1691,40.002752381638494,1.878828519455018,0.06445557050500002,0.0834711
1693,4.1668461151843506,3.901193140278103,0.29925076454999994,0.16810106
1694,5.828818357950308,1.9016892298461152,0.05963594046899995,0.008381967
1695,2.730582911854839,0.4001343605904305,0.08698023313000008,0.044920933
1696,1.9219542796464302,0.6559425118531457,0.05754387436000002,0.06562655
1697,1.7700361953930104,0.7070232543433688,0.03948328446899996,0.064562775
1698,9.51282763179946,6.0785562569339,0.13154042637499994,0.071701266
1699,16.622564970811272,0.3475461498285687,0.29830359931999995,0.3892427
1700,4.452790717335803,3.650552927581568,0.05322923668000005,0.028931336
1701,3.876687980147155,3.778559285413868,0.15309334503749994,0.09047877
1704,51.35916267424851,11.88467333709437,1.53117056808,0.37051037
1705,43.392142926243224,46.07993969248006,1.7626798666600023,2.3418822
1706,2.8783529881175167,3.0319553279140896,0.1555757686199999,0.22067036
1708,2.8761220022379312,2.391618068161761,0.2736557079925,0.024113279
1711,17.020599481589628,5.410980805721601,0.16423460421000016,0.11355242
1712,1.7429835493235075,0.2305624393080956,0.053087739305499974,0.06030606
1713,5.435797534005278,4.36987741923777,0.2185299704575,0.16442533
1714,2.242234386394998,0.9662365077331154,0.07686174947749998,0.025349425
1715,3.13650355774943,4.06964152180336,0.09119566127500005,0.1831639
1716,12.491875869676397,1.687955167208261,0.22585232928500004,0.2060867
1718,7.17582722649968,0.8784169033244212,0.04877778831000002,0.048099026
1719,10.254240759764901,4.499250954278314,0.22288700174000012,0.59511864
1720,1.42214832517736,0.5537403648625735,0.06107546872249995,0.018485283
1721,1.6275370349714375,2.0016428293563013,0.09398852473500006,0.023698712
1723,4.643340708042762,1.448429867318929,0.04013246651750003,0.03341913
1726,2.2716709233238976,2.4495976557169463,0.07658167712000007,0.027805082
1727,6.749064996507584,2.3636786728305994,0.24870229764499982,0.37652624
1728,23.588085357457977,0.3782185510801146,0.07574061058,0.08670923
1729,1.598945488200259,0.6048643312109929,0.08616874283999996,0.030443221
1730,3.3538542106909714,3.007029930598415,0.06867480432499992,0.014995905
1733,3.8767422148499806,0.3856489080670253,0.12078454279499994,0.09263058
1734,2.1416056484409363,0.8547280921734465,0.09193670449499997,0.11778998
1735,4.367155721266721,0.9083747042393584,0.08339510393750008,0.19692412
1737,2.8229466733859594,1.4305033860503042,0.0918775991624999,0.12514819
1738,4.128142855069331,1.116487252936966,0.061219799355000035,0.11272487
1739,1.5745976893587739,0.2596915592289536,0.14654540903499985,0.08087538
1740,3.2316278303237933,0.4928533824891369,0.11721063983250003,0.36701283
1741,2.2833430635265826,2.2829451442189552,0.11534036405000003,0.027266262
1742,6.303288553692588,0.724849225007835,0.12591700477000003,0.003794352
1744,8.035957784536206,8.848833149849744,0.2077581144825,0.29291847
1745,6.511384160007006,6.9696964593934725,0.08446633439999998,0.10636682
1746,8.436047460397571,1.5522899208937433,0.19286210985250005,0.047673438
1747,2.743807711155497,0.445078172089748,0.06664308758000002,0.055259813
1748,20.772972701840605,1.9881731049187996,0.23309561485500002,0.18740618
1749,10.888276465566928,0.7844617164528643,0.31394123625000003,0.4663932
1751,3.0836812089484305,0.5938620880923874,0.05971820060650004,0.044095278
1753,8.55294838400164,2.9742706652817485,0.14056912560500004,0.12999928
1754,3.284568718868207,1.290011456021993,0.061721288110000015,0.09420812
1755,1.9133755707534466,2.182000519453138,0.03573901449500001,0.03935731
1756,2.339872383429618,3.7259001323283134,0.15343919409249993,0.07354401
1758,16.525401613057838,28.753718919681017,0.4611817952800001,1.1246115
1759,5.4687450365526535,1.7150061457516264,0.1210146645849999,0.15081842
1760,1.6947303918554268,0.419249748771633,0.0564593759,0.073377304
1761,9.246539800601594,4.269597731943448,0.34735424391499975,0.3470354
1763,4.37611551476773,11.297231737141074,0.08093112848300006,0.100328684
1764,4.566486864536157,1.1854505785197682,0.147219916695,0.07799249
1765,1.3638801362415285,0.6240496024767934,0.04114478821500005,0.033106454
1766,6.135013681053562,1.3261025912731366,0.06734187200499997,0.13923463
1767,2.1354835725393277,0.863836304556138,0.10222619853000005,0.18793768
1768,2.120275906021484,1.196034024166553,0.08297990980499996,0.072334595
1769,2.177559415338597,1.3462109842705774,0.13750458694999998,0.11248888
1770,2.332349791480434,2.4488726257776268,0.1115163764775001,0.13994595
1771,3.6853707373435958,1.0805431445043483,0.1076091911275,0.14290603
1772,4.4162511956421975,2.7333676916540237,0.26890426493000014,0.17217758
1773,6.5154551636458855,1.5242255985300777,0.13175031339000018,0.14610653
1774,5.262434699427676,3.0805160326554124,0.13956000895999993,0.14206831
1776,2.433638764673693,1.470716903289669,0.041722585520999986,0.056994062
1777,5.417070873755725,0.5255410473733756,0.03077081719249998,0.01917791
1778,6.477780614604593,6.87642895280322,0.39762414806249985,0.5689266
1779,3.5508886760380682,3.245636228653664,0.1374092210775,0.026299858
1780,22.051476803721,35.07567900079652,0.5089428734500002,4.115611
1781,3.365924793337274,1.470396710437516,0.039643874081,0.01172025
1782,2.7729706247495836,2.442312566749891,0.08651404804500006,0.12235783
1783,3.1803913414765366,0.8704987042166208,0.05220791087500001,0.029782776
1785,1.7894129002817802,1.9013641406283672,0.057218597877499965,0.007896098
1786,2.8814417350556782,1.452882518192052,0.10647412038500001,0.15052196
1787,3.1657771486758692,0.6737619359905712,0.0753992302,0.024556948
1788,2.1928491437940334,0.5289413948590925,0.07882818106,0.078102954
1790,5.218829890728087,14.220368330553203,0.09544955162650001,0.05477721
1793,1.6451195411633939,0.6120002906914536,0.04823332719249999,0.059523035
1796,5.542906662349501,0.2900724206396511,0.07631418997499996,0.19614562
1797,1.5404048344196495,2.8716203371027738,0.06330913716,0.039374843
1799,1.53590951600387,1.0425198645098677,0.04181173403799999,0.02040797
1800,3.9592959657558855,0.3966657826815845,0.0953997226174999,0.041123036
1802,3.0457232625373676,1.201240692359098,0.22114089498000017,0.34635156
1803,5.840710276209178,3.573706678621756,0.17106496146500005,0.034643363
1804,1.4737675080926107,4.321746056973265,0.10722582014000005,0.12264625
1805,2.161209627602266,0.7247120166368839,0.05110187468500002,0.065353364
1806,1.768320068885415,1.2605986938030576,0.05615386383299996,0.058123577
1807,1.8792918036946673,2.5613022655358217,0.040017024763999966,0.046826493
1808,2.0002893343569297,1.6781081905561808,0.05386869414950001,0.057583794
1809,2.516454629474502,9.214936571557123,0.15018212831250002,0.35643032
1810,2.153463862127909,2.193036015690552,0.13808143198750003,0.039315607
1811,12.489072055889745,13.893206753967917,0.5192618172300001,1.2134976
1813,5.343093751542716,1.376244549129381,0.2208525318650001,0.29689768
1814,12.250676533154902,5.6814472840879,0.12977985971000006,0.048845742
1815,16.431625442370052,1.7183656768269164,0.031149515567499973,0.038655292
1816,2.790377700586873,0.7779570177850746,0.07853550413999995,0.033301067
1818,1.6775495189715255,3.000830769407583,0.13737038430000004,0.07025755
1819,5.992852651139366,0.7498111460746093,0.020394564123999998,0.0071408846
1821,27.265591132046815,1.6926473089091838,0.11846639207999983,0.11157055
1822,2.022142724192413,1.7477810921147512,0.09739837084750004,0.030011715
1824,5.162545098218951,3.82825767131764,0.3013852941049999,0.28514242
1826,59.06800833639604,147.49452522369583,0.8700050561599988,0.01648393
1827,4.739861905057304,12.641886360552,0.2376701855875,0.83486384
1828,24.599975135406353,2.306139236509672,1.3528217337999993,0.7737007
1829,2.7009258748964493,4.56714630592247,0.08076941655500003,0.014758227
1830,2.685580112645813,3.441552484591908,0.12035327301999997,0.10379447
1831,2.561451607525115,2.0072835218042098,0.08546673350500003,0.04300698
1832,3.9569231478643,0.193356284515864,0.10576077690749999,0.10335902
1833,3.8845692212384786,1.78595982831019,0.05602442928000001,0.047993675
1834,4.879800615904782,2.5848473948975053,0.38289399876499963,0.32612532
1835,2.2680296938662887,8.183464081283546,0.09252614083000003,0.23347135
1836,1.7439737515787563,3.0503510607726274,0.05715851012000002,0.09589555
1837,6.843018191900496,0.6545288115696979,0.034331682042499985,0.023459366
1838,6.240504183736258,2.101251010518616,0.09487803985500001,0.15720235
1839,5.62334170211476,24.13802632591053,0.24633353493999993,1.2080946
1840,6.27070589930864,2.0422686112339745,0.2728940344000002,0.4538911
1841,4.924295343294568,4.537140732888027,0.15443677181999996,0.046721928
1842,1.425438382059352,0.7531490464442646,0.0658125515755,0.046985943
1843,3.9263944501464767,1.0631954876768643,0.03898183964200005,0.040863845
1844,2.0988780985393776,0.624015667930393,0.0614836468,0.054342262
1845,5.918916346604139,2.18603546415248,0.21401096611,0.12230554
1846,6.086584061281511,5.678568159285122,0.25450088406500004,0.13133599
1848,3.5352094449781752,0.5082576154969605,0.05583533998300001,0.06922221
1849,1.8160592909951232,1.3583170258150097,0.058107958678000005,0.05992773
1850,2.5590554784421022,0.938559964246478,0.019568198759999992,0.0055948272
1852,5.123194923035294,0.5473214789390222,0.06378223791399996,0.081885226
1853,3.059463998448419,0.9946591845381584,0.042296945156499996,0.020226661
1854,3.384791594339367,0.5161079926311513,0.06528973155500005,0.07725932
1855,7.072663407676459,4.907589966930061,0.2296905435975002,0.27952266
1856,1.952459593911596,0.7888276965427249,0.040268401870000005,0.037543163
1857,1.3805857375458503,1.4651517746390557,0.06283731397500006,0.09745886
1858,8.31602502633157,32.9263394701558,0.30753082624499994,0.065057494
1859,3.204255539336354,0.7850094497387171,0.11035912565999992,0.06768702
1860,5.5658866577582735,6.066664925580382,0.17798343966749994,0.08603965
1861,7.108544857037648,2.720967877529215,0.06806998842999995,0.038364433
1862,5.5874421049330945,1.4955059520708565,0.114680943605,0.017344872
1863,2.28338207396701,2.17004320281973,0.1087656021549999,0.14804655
1865,7.354788304716022,1.4458041195603175,0.08157388164999992,0.12546189
1866,3.737255563160809,0.9271161117289676,0.06526805828299993,0.050107528
1869,13.98627559247334,10.128997413802113,0.2682680440799998,0.038202073
1870,2.474815824735522,1.2099452103723662,0.08802678472500007,0.046913583
1872,2.1970244233598155,4.11602196794462,0.11623136508999991,0.27580222
1873,4.596438020037337,1.4063093809591611,0.1254867455379999,0.062190436
1874,2.241443790497591,2.222106215615938,0.10590357488999995,0.027647037
1875,2.2327187448568773,3.673970182010146,0.08719050216349994,0.09820507
1877,3.058976889134893,1.3796094634635958,0.05708072426799994,0.18441942
1878,1.8867648663499488,1.377129378278785,0.06722058965999998,0.1064947
1879,1.9274192150401024,1.31042990440675,0.12289003631,0.079463966
1880,3.97099837144701,2.5711172017813118,0.07009992034649995,0.014883508
1881,2.7310446344992427,2.2253362122308573,0.09028815660999995,0.042434245
1882,3.4330401531777865,2.0459608553866344,0.15413185129499993,0.22104618
1883,2.9986123692458584,0.4357214784298313,0.05207457097500002,0.028487684
1885,4.076611585612575,0.9771316050263718,0.21772897645750003,0.15853807
1887,1.9751102053249,3.3404585154388875,0.0680039763245,0.04560438
1889,26.586192691403067,156.7880208641261,0.3634559725000001,0.15466428
1890,6.617408249971333,0.946634881618328,0.04915797450000002,0.08933617
1891,8.693026308924408,4.759925037248521,0.09586568074500007,0.056076758
1892,3.936894731989255,6.973416399817252,0.10294295442500007,0.23929459
1894,2.18856312087676,1.4016766519373351,0.05518724717200002,0.1156701
1895,4.174350575234097,2.837895011246764,0.13292560766,0.118097425
1896,3.6098909451208328,0.9778664625440558,0.2673376610999999,0.037129477
1897,2.4499163164335553,1.1811165520008315,0.029906801584999983,0.015601412
1898,7.981312125390921,0.7895142411109444,0.06201052635500002,0.06673057
1899,42.68984362865794,2.92163395072483,0.20130012394499994,0.04467837
1900,5.934153235674509,0.8139573425656903,0.1152021594375001,0.028009031
1901,35.56639814198002,156.9426099404987,0.22294254758,0.23594777
1903,10.2583812711208,11.037102865342725,0.23121949494499977,0.28873086
1904,4.044138237924954,1.6647865938209976,0.15869666830999996,0.093803816
1905,2.726774171788088,1.3262988585081112,0.10352492422000002,0.042129956
1906,5.909269534445213,1.4863044439130215,0.329359488435,0.032400828
1907,1.5189642004198478,0.5574505530364029,0.05817905976000003,0.027238121
1908,17.203041420157152,5.646563742922615,0.14345725581999988,0.07214718
1910,2.1373881509479573,2.33256038774595,0.06268585269099997,0.049441963
1911,10.962022921539353,0.9170549323379854,0.16809583853999993,0.055105403
1912,4.015492145934919,7.028467079107493,0.10154196939999999,0.4318163
1913,2.8825418808264804,1.8625553922270777,0.14923785715500004,0.3569553
1914,1.9817929087838053,2.0376873988797577,0.07307896036150004,0.018525597
1916,5.40870732154588,2.535545914015325,0.22044550976250019,0.22046493
1917,5.264038598633366,7.4939924645826705,0.05411444543500003,0.0723894
1918,1.8721516557509341,3.528568643284864,0.18063948544750003,0.010904662
1919,1.463362222219179,1.511167523195166,0.13002923360499996,0.053145345
1920,2.3884715735639896,1.221335075546092,0.06909976744500007,0.055877715
1921,10.399314945740459,4.545726449428114,0.09429144527500002,0.08096765
1922,2.733233142337078,1.3175381283126693,0.13671490309249998,0.026946891
1924,32.72768916533934,176.73027986792366,1.9554856476999987,3.149017
1926,2.591527088874621,3.0684354993377574,0.10002727077000002,0.22062048
1927,3.501611106181248,2.292985165189726,0.05549052259499997,0.026717544
1928,16.615995554478985,43.51580806566344,0.4097420673249998,0.66308314
1930,6.885199965288001,0.7723113576615485,0.04487402297000005,0.08147945
1932,1.5313524193881962,0.838547161318229,0.045862464237000015,0.05247929
1935,3.480557287115451,3.006788068793683,0.25957909776499993,0.34698212
1936,1.9069706222303626,1.1326413090541083,0.09525909067999995,0.14091489
1937,1.5603091291961888,1.30735728011872,0.054258392494999995,0.046870034
1940,2.912020413219115,1.3115383578964863,0.02336049166399999,0.041546706
1942,1.5846473969813244,0.6744576035571508,0.07157904968499999,0.08463007
1943,1.3471927902656966,0.5040290157546375,0.050651484463999974,0.12997113
1945,2.9832510711161944,0.9577976595729504,0.06673496,0.110659495
1946,3.5559708214399626,2.258412988473373,0.10531277016500006,0.16931745
1948,53.440990826629324,73.64986544198761,2.369124734249996,4.0687513
1950,9.443052222735396,1.6086400289197051,0.1278853405649999,0.037714038
1952,18.78009143908301,53.06959375736813,0.4342223634950003,0.27125162
1953,5.0945782408010825,2.008349873402657,0.11059194632999995,0.23162518
1954,1.6095223148248103,0.4818423569866071,0.053887492640000006,0.052000627
1955,2.327336770191695,1.4630550327629217,0.12809369661500003,0.165493
1956,2.0179316482711505,1.2383205054717217,0.10315024975249992,0.13896658
1957,2.449754706628021,1.829546370988725,0.14034339811499996,0.123797774
1958,3.2758871168325943,1.7217995740281722,0.08528596460000003,0.020213343
1959,1.3803680189423608,0.6529395144441059,0.05796586225499998,0.03847041
1960,7.15413495128999,5.454403301647352,0.15993869677499992,0.23806415
1961,3.565482347060412,5.202472330199345,0.33361331754,0.08326804
1962,61.840004328722586,10.9961847967032,0.5331576618250005,0.6381633
1965,7.670907858723942,1.11017070865447,0.13916248264999984,0.07327367
1966,4.513215247385272,1.0113993821987275,0.06684065280000001,0.016597204
1967,4.060177665310764,1.3281651422466871,0.14945081678750016,0.012467328
1968,32.665287740239556,15.851216772193096,0.35133803285000037,0.25607
1969,3.114979398228989,3.401148120599191,0.08285942390999992,0.15646406
1972,4.806155703650046,0.372584060873733,0.06564090609249998,0.03862499
1973,1.9581640141130194,5.604346888003687,0.048433965649,0.087031476
1975,2.152744594467365,1.1749985111086017,0.04320100411000001,0.084358305
1976,6.357982338637668,4.739734420191752,0.30606199594999967,0.21272422
1979,7.958894365670228,0.4533300713974374,0.0263411845765,0.013190286
1980,3.2740383909685584,4.343266925172208,0.1509986245399999,0.060424116
1982,14.956901181072354,23.41533436468829,0.7972349251,0.033238743
1983,3.1907128132024782,7.232477588029154,0.06036102729999997,0.10151136
1984,4.058822193286925,1.0925148633234771,0.037227753632499964,0.073455155
1985,6.355807890784336,2.499766683816638,0.12728261224150006,0.1283471
1986,5.933806540820774,0.7008887564941971,0.06497842538000001,0.06725087
1987,11.822568774222496,2.814452353518753,0.2628280511799998,0.52142084
1988,2.7095913482525567,1.9022366383740676,0.10855108541150005,0.17485082
1991,6.628273105537396,4.883082303772959,0.24480204576500025,0.03636311
1992,7.489724762294838,5.24461962973591,0.19890959482000004,0.17084712
1993,7.667769736255703,1.567267454788254,0.07728112223000003,0.060202666
1995,1.5658361582073106,0.9164706654603652,0.047256127933000006,0.05501269
1996,42.18221941811554,4.945078072497714,0.48915000958500016,0.5198605
1997,6.745394658315576,1.585692498129943,0.25806511051000014,0.16679299
1998,3.8606621625301165,6.216751444311396,0.09387663981500001,0.13857543
1999,20.262801848969133,2.76708506428825,0.315558477065,0.30067247
2000,16.67946820862259,3.380755849659321,0.3444187490224998,0.35069475
2001,2.996828209913656,0.827726648307265,0.11619881360750005,0.12203566
2005,1.9407263753582955,2.401518312127608,0.06706199340500003,0.1498497
2007,3.841272580911696,1.600958985499689,0.078437820725,0.10846579
2008,3.784738532015447,5.514625848359165,0.06538988996500003,0.06431717
2009,6.226908708027676,1.442107043933732,0.25451920263499983,0.09461365
2010,6.448686794051039,2.3700300384225166,0.18417853419999997,0.043672822
2014,1.8378160268580508,0.6092763473647449,0.03472973917250002,0.008207824
2015,5.080550551142916,4.35530411355275,0.06415587056000001,0.03984575
2016,32.980518792578586,0.57495804861892,1.8872966539999991,1.2640985
2017,6.034965089625156,1.6445652975820266,0.07717197999249997,0.11269118
2019,5.296504388825492,0.3611402047382216,0.17355108420499996,0.29301295
2020,11.409668039914333,1.445793458111314,0.06170825951249996,0.11391273
2021,1.3911370090987298,0.7791525479351193,0.0387718025985,0.05347718
2022,13.644916633304057,1.4307938590727642,0.05973129380499995,0.06778228
2023,4.114893092662006,2.035539247118479,0.24679422270999996,0.42515397
2024,8.316823826299174,2.0003218377737317,0.07973079369500004,0.078971975
2026,3.4193675438097686,1.68191817800475,0.2238547014774998,0.36083555
2027,7.043210643673733,3.834968478482128,0.1556411514599999,0.04140536
2028,7.378072498287428,6.052457480417777,0.24564726238749973,0.24267066
2029,4.546906328258687,0.960930116497384,0.09856745795999998,0.07087526
2030,2.1879531994619397,2.025494140594792,0.06631677821499998,0.33176053
2032,3.2641321540450536,0.5889365037097821,0.09679967974000006,0.15724811
2033,1.9360298888729548,1.5756672738312492,0.10349067258550003,0.076811336
2034,10.039468896981942,1.509325644184994,0.12107540324500005,0.029433267
2035,5.748692122591356,1.815412032668125,0.17731732712999995,0.05927851
2036,4.915455956272151,2.8126505579185728,0.04483271583700004,0.10039389
2037,2.383058903579825,1.2285332064818195,0.1382535665125,0.18997271
2038,11.301065721743901,2.8223930442259397,0.20261875901000004,0.31182274
2039,2.045273445926088,0.2359908650560077,0.06674109816000005,0.04279608
2040,4.13118068800527,6.7935117936927725,0.1316831484199999,0.031176642
2041,11.863953862804475,2.767875248087241,0.12815571108149995,0.044662617
2043,23.080872199193717,1.4363299219517225,0.17859861408999975,0.21961217
2044,15.070981624938009,0.7960954524335468,0.03500779808799999,0.01788506
2045,11.963378082417508,5.220250024414612,0.3160141553274998,1.0497972
2046,6.020945310039789,2.4196250481061248,0.08001403399000001,0.13182254
2047,6.5528646903087955,11.081279901739444,0.2830634177399999,0.117890775
2048,1.732431825126147,1.5567890957458903,0.11541534171499997,0.38856095
2049,5.170599370769862,1.2089970702467872,0.035357346084000006,0.03450949
2051,16.889848778873954,163.85280107382516,0.15047018363499998,0.34810305
2052,3.5038788244159775,0.8255378823409181,0.10603934155500015,0.1365256
2055,2.6469587206784775,0.3855206784426907,0.09809435068000001,0.060761787
2056,3.578381555120003,0.904720963315109,0.08581071723250008,0.06627389
2059,3.0258409543935985,0.6741870963590377,0.07235960415500002,0.06012199
2061,1.7722548800373528,1.4128075843113024,0.0215952208505,0.074685745
2062,12.535344336262506,3.4445436464532984,0.3760761823099997,0.33134225
2063,1.7434125176728386,0.6780263237431076,0.06076821319799998,0.05760597
2065,5.107058967427909,1.747721057959032,0.06844219653000003,0.101460524
2066,5.2064168863572515,7.77305737590994,0.2803044573124998,0.16432974
2067,1.3982576503084996,0.342403579193783,0.03725587382000005,0.0136017995
2068,2.911896969874899,0.952502817264862,0.05882975740799999,0.09880155
2069,3.2423915821922735,1.049034130555704,0.14697922734500007,0.14590473
2071,5.195145620572004,7.834821488414085,0.08232164818,0.114195
2072,5.448491299577971,3.9752898110050494,0.13779056319500016,0.058351412
2073,6.833510155363233,1.9240764282926612,0.06034234631500003,0.05135995
2074,5.052688474889598,31.010732357907084,0.16110546691500005,0.30102584
2075,46.61272522069337,128.35847091093763,0.619273670265,0.22736579
2077,12.927617679995008,11.613837467070718,0.2709251324549999,0.19869548
2078,3.1977495896578216,1.028988865008383,0.20267865036,0.05175848
2079,2.1804119452617483,0.6115017105654241,0.10403179396399999,0.28280723
2082,1.814880822086199,1.015963097229441,0.03557438251050002,0.0703975
2083,1.6482565694565006,2.1326116785989817,0.08563377060999997,0.1332033
2084,25.49854234065526,2.139785380616434,1.6514407744600006,1.5594618
2085,4.50827516548611,1.8020513995847849,0.08001294551000004,0.107786335
2088,32.18225543281748,16.282657519836064,0.7687375693099996,0.6536385
2089,2.798974569542643,5.273515277777078,0.08761538533750005,0.04244018
2091,6.159332356534161,2.438913975894443,0.09185174426000003,0.22447523
2093,1.9894711335386037,2.180903400482258,0.10641504319500006,0.17392376
2094,2.402725877103318,0.3026824286246754,0.09562865084999997,0.1439836
2095,2.27520371496163,0.4690852251924781,0.0675462211665,0.15702039
2096,2.9054360463410664,6.064397311734616,0.08926459394799999,0.072920196
2097,15.941852527996057,4.250417284321796,0.11918395533499992,0.02534558
2099,1.9331100849348217,0.9056856559983456,0.03400579440499996,0.028073186
2101,7.8422252268799015,1.5946611428519188,0.19639414151000004,0.33745033
2102,4.712291848921831,0.7215376723069759,0.11075251238,0.07555551
2103,2.682534508399068,1.4268183828947698,0.12274658495249996,0.29008034
2104,4.6170650636607045,2.675071067259285,0.14403259945750005,0.023635894
2105,1.9173757374574418,0.8946641784435881,0.059397551769999966,0.076541185
2108,2.0635453673997985,0.5322210286030108,0.0775823680125001,0.1133122
2109,7.757231561993432,0.4324355318591804,0.02831149974249996,0.028012313
2110,10.693923495339709,1.374477233272736,0.10101354514499997,0.04304239
2112,13.051336835132986,9.059257294392422,0.3969081070050002,0.3252176
2113,2.361091036528724,0.6861760680915304,0.06388792247500001,0.062106814
2114,7.37237045806259,0.9407573964304192,0.10377394228000014,0.014504568
2115,15.305164565205885,12.068481225158449,0.21517952188000006,0.9138309
2116,2.843392942137692,2.0736222143671625,0.12857030158749996,0.11933584
2117,3.919839769081635,1.8098850692385344,0.09719101757000007,0.04437458
2118,1.4850176464787574,0.2247646535113552,0.053022183375000004,0.06328094
2120,31.469539554311886,164.85949768703517,0.47101585265000073,1.9899068
2122,2.2900143732802962,1.192701260959668,0.132205075165,0.09866224
2123,12.07009543460058,2.694981357819956,0.06908254408500002,0.0424844
2124,73.69343596814554,43.22433425368126,1.6480212139400023,1.7245135
2127,1.5049460416117486,0.383633437136278,0.03552287459750002,0.035222575
2128,7.31506744835527,4.852398030204892,0.06513135648000001,0.35547924
2129,5.169509936620667,1.5323163432607223,0.13777253616750001,0.03103555
2130,3.7871371841052928,6.362284024208186,0.07995992167500003,0.064797044
2131,6.697768870121916,2.642107616511575,0.2632881105950001,0.08948893
2132,3.5859803913645982,1.147301819541314,0.07592368950500003,0.11402391
2133,2.1022515486296083,1.7945983830299377,0.08700404996999994,0.09669572
2136,26.20150316464857,18.19534289163342,0.6680380874000003,0.07301439
2137,2.1233989368335138,0.4330549467194954,0.06394290219650006,0.054948233
2139,2.732490100514919,1.3662892749485347,0.14153832026249988,0.26246747
2141,6.918730980650414,8.907850408797714,0.09914883253500002,0.0133246435
2142,1.8157321419756511,1.2154171265317988,0.049645842597500024,0.06340757
2143,2.6288276304384244,0.9985922833212924,0.08886578826000005,0.04260942
2144,2.126542867753633,2.410258076521901,0.09361594592300002,0.08646323
2145,11.79280532603248,2.463681387984136,0.22782106747999997,0.13936852
2146,2.015580234234628,0.9920921828720516,0.07908015848000001,0.026352106
2147,2.236973597953573,1.7396884451222785,0.07437903926799999,0.028763412
2152,4.473884344407248,3.041005394020169,0.04452233013199999,0.022830516
2153,5.032072410880008,0.3657731195577516,0.13460062173999993,0.14996932
2154,38.450567655677425,12.055415904817322,0.10337869038000011,0.049951274
2157,4.772180194140178,1.831780335695521,0.07946430034500004,0.06018355
2158,9.826338404370235,1.145589305062907,0.11939879797499994,0.055618983
2159,2.0217629371119052,1.0798718613917992,0.06426397708650002,0.02990147
2161,2.867704773668842,2.191307969836932,0.07121531944999998,0.1090091
2162,1.622610331132771,0.5195438586269066,0.03412178458749998,0.03204325
2163,2.6597599496177082,2.6443962845898685,0.10756864909249997,0.22494577
2165,3.046742917425643,0.7256983335533834,0.09419814701999998,0.018414425
2166,4.227305233435751,1.85407978375628,0.22706584982,0.31945106
2167,38.34509689146204,178.72918771295193,0.13724748590500002,0.13874665
2168,2.660396654083675,2.8036878913991905,0.05600405329099998,0.011163205
2171,1.452177822956417,0.9195727985519192,0.038012602451499976,0.02008126
2174,2.929068018711803,2.1186472648028376,0.09978456619,0.053459898
2178,6.85492550848266,2.37804663966779,0.23414737723500004,0.10101822
2179,1.9980208982700531,1.0312707471581422,0.11508000626500017,0.023734782
2180,1.8111033561730172,1.2142630832349248,0.07194030748499997,0.011983796
2181,2.099339615064369,0.5830178969161954,0.050017224505,0.05202512
2182,2.100377241500567,2.188061008074617,0.07957627764499997,0.04121303
2183,10.254663432315054,2.0545741241293727,0.4455442713000003,0.33618262
2184,2.2830495637930084,1.4317689153966977,0.09784052831500006,0.071906276
2186,58.1145945728017,179.64371140350147,1.4316347750699996,2.0731292
2188,10.991549757491548,2.330373092439095,0.2853607939650001,0.41499853
2189,9.648913371689217,104.2262217968107,0.3915389991450003,0.23537654
2190,3.4801306115376267,1.0940806484993435,0.14720790303499995,0.21180758
2191,2.867560932302272,4.871345415714034,0.034918431792499996,0.03589704
2192,4.748172138792587,2.594356062046048,0.10899584665250003,0.15452637
2193,1.1173239698603161,0.374761766810934,0.04622650548299998,0.024297107
2194,1.6619760613138763,0.8617498112699495,0.04312732895649998,0.10832383
2195,3.055435632746687,1.3014494151201088,0.05422807263499995,0.10663753
2196,7.03860031527284,3.625705815911227,0.3212475743750003,0.33657822
2197,4.908041733641879,0.8608805867759125,0.05646975698899999,0.077005625
2198,3.524133009908715,0.7475925680994198,0.14750841145499988,0.045844898
2199,2.4839699457112077,0.7114816364022013,0.024270695767499992,0.013087846
2200,9.029076446915097,5.263732877733401,0.1438326182099999,0.08589866
2201,2.2291675625767953,1.279618808376854,0.03836982666699999,0.03581563
2204,48.26465396732695,10.886507786180104,1.8585173528500014,3.6529758
2205,2.274494771319168,7.397157744772388,0.11877459271000004,0.05553738
2206,1.8365632257118472,3.4464997822727925,0.12846027495249993,0.26365554
2208,3.087580094425598,2.1795014359202405,0.09444952345500003,0.02341947
2209,2.646003255788772,1.7415931594731,0.07454911564649998,0.16078624
2210,2.7400685049269167,0.6477692408248187,0.06722806634999993,0.065882035
2211,2.9761938872355205,1.4583312095663794,0.13210506247,0.04912928
2212,1.7902080274888388,0.486611278451551,0.08320214709500005,0.03070577
2213,11.374869669150671,13.481683564828987,0.16020469815000013,0.19791074
2214,4.621924780979132,0.2693388812502863,0.03865534644750001,0.055305127
2216,1.9497803869172785,4.594289080286805,0.04696293928650002,0.012113569
2217,2.073260315697644,0.9024375950408492,0.0321380080975,0.024733407
2218,10.577550462390906,1.8501704541253248,0.13390436453250004,0.12622432
2219,3.8495376694080092,0.7388424309762192,0.023668207923499995,0.039785195
2222,1.925462004768853,0.7608474872083483,0.03404190590750001,0.01601453
2223,6.293940833015012,1.6491826612319185,0.08955988640999997,0.10335026
2226,3.8870508448729755,2.0799667850598103,0.12722496186,0.029790483
2227,38.57616194870493,63.57574227468873,0.4552433176500006,0.21934703
2228,3.9919673830258016,5.473025872018988,0.2374089582500001,0.18077734
2230,2.5866922000187227,1.5741345603836157,0.18291235250499993,0.19669454
2231,9.141727713282988,0.6885418059489592,0.051721999569999955,0.099343896
2233,1.8395843302539927,1.50251015730188,0.06164624159049996,0.07678494
2234,15.282015794140763,8.770561464128798,0.05871704129999996,0.041747868
2237,3.7350850455092934,0.5496583355337996,0.11009694525999997,0.09158952
2238,6.397489297727418,3.1213382971879478,0.47856961147500016,0.39920476
2239,2.5286791546626493,1.3978803064089198,0.05160436791250001,0.044644207
2240,3.5864219252059395,2.577011401522572,0.11408646070499996,0.031439
2241,2.644703208160822,0.632283033416812,0.10832947177500002,0.09128429
2242,8.014600231689817,3.835112894792001,0.07204974453499999,0.043687586
2243,5.31251725855678,0.8715084350853756,0.09222715516000005,0.14856799
2245,2.6561823498440624,30.66546400696165,0.253693065325,1.2975639
2247,1.707810219001897,0.6558975057561108,0.06247611932000006,0.05395855
2248,1.7248080477775352,2.328925332637311,0.11919364833999987,0.1482471
2250,4.620113559747508,1.8156230534081248,0.0811572872850001,0.09546574
2251,17.58792521215037,1.2555294152141012,0.31861348503500025,0.2747823
2252,4.048201707143373,3.4439436995049286,0.0970957405725,0.022618365
2253,5.195468010240602,4.460672249968982,0.1278447768799998,0.15891357
2254,10.711718783874783,1.6396126187382765,0.09631899352999992,0.08055196
2255,2.8050927962993386,3.807998578062525,0.11763181015750003,0.058105405
2257,1.124318657471409,0.745069243889818,0.07785618725250001,0.061763737
2260,3.1163232083162455,0.9906608200062732,0.08351937380800006,0.019294398
2261,22.40762424181225,0.840573045839151,0.054584352592499996,0.04630273
2262,2.3071838116590744,2.891997302253302,0.12043830184749994,0.13415112
2264,1.9331592644008522,0.2783493351515455,0.023326224384500018,0.036344897
2265,2.7999469364479967,0.6030653319326641,0.11928465927750008,0.025738958
2266,3.0085588871612243,1.9291943070671869,0.06538534171999993,0.008332497
2267,37.217658509389814,151.5309716741452,0.6493327907750005,0.09768644
2268,23.798786521913335,1.2178046595998608,0.11804491661999968,0.08352272
2269,3.712177945558999,0.9117573185608407,0.07413712109499998,0.08855379
2271,3.2045509598713444,1.175822952345895,0.06466219575200001,0.023349872
2273,2.679748050873981,2.2249088609549816,0.11396155729000004,0.060406674
2275,5.986654245334328,2.9572689470134583,0.10873240725499995,0.091701835
2276,2.4659658631923045,1.5732324195633076,0.10460292991499998,0.129498
2278,4.362580677015366,1.849161864002183,0.12307383294999999,0.13732767
2279,9.713292446803074,1.5889484892382506,0.036341050184999994,0.03243756
2280,3.9423934789448314,1.327533328725206,0.06243382461999997,0.056798078
2282,30.682465207184983,4.093719206904656,0.5665384928750002,1.2179562
2284,5.685945478937912,2.8266137193460583,0.15395662722500003,0.058514595
2285,2.656578803773674,1.5371071875507964,0.22854188481249998,0.12902294
2286,6.1218902372489,0.9810278983898756,0.18157062799749987,0.12127699
2287,10.877932453248395,3.92462580864485,0.11590181641000004,0.09391216
2288,5.9522971949917425,0.95300206328531,0.23844079135,0.34114188
2291,2.75842282498939,1.6743964753976393,0.17650982234,0.28157285
2292,5.22481842730696,2.1354922993602785,0.24286173296500008,0.050623737
2294,2.1707474444853365,0.886803424849995,0.049655696595000014,0.052158464
2295,2.2353691783856338,0.5880598848594514,0.0867820471550001,0.018071795
2296,2.7616872244896853,1.9252628964359884,0.054588101555000025,0.1436944
2297,1.839710294387289,3.0306993650132488,0.13178793867,0.0742944
2298,1.2809881646624115,0.7201273638153406,0.07639586928799996,0.081487186
2299,2.7474436235234263,1.0684598823378255,0.12522937019,0.19919789
2300,2.3565360374156548,1.6806109882393234,0.0958864797175001,0.06589666
2301,3.9893472631358886,5.180085533090338,0.21219496999500012,0.045000594
2303,3.266689306437259,2.108226059976212,0.09695095484999994,0.19328043
2305,1.8886914050845294,0.6721958700966074,0.028827435593499966,0.049717087
2306,29.798257441619267,3.3094482440975588,0.3937071861899997,0.07777021
2307,2.270943287771082,2.5985388593461063,0.15200059992500012,0.37891454
2308,2.2393949026026188,0.4024881564143049,0.04812771998999999,0.051009633
2310,2.507335650454406,1.9996749475929076,0.07639249028250004,0.019904038
2311,24.199493649964243,7.909561430491149,0.8821153182299991,0.1541426
2313,3.0185502186830018,5.027260660555164,0.16046186403250004,0.06285559
2315,1.8189113568940827,1.2145198276802374,0.07899225983050007,0.041615237
2316,2.2707541979618178,2.1491784921127333,0.08022251496299998,0.027803369
2317,2.9407797144188135,4.049180369606892,0.19152365168750027,0.041931916
2318,2.274119494089919,1.3885369965873078,0.03132934914199999,0.021838976
2319,7.350847990352121,1.172417243059157,0.07004912169750001,0.036973596
2320,4.089801359581833,1.1242483132994725,0.13823363845500014,0.1501747
2322,2.7626353089493016,1.9941625120532207,0.042157276997000025,0.03103301
2324,4.028910692078353,0.6127723265848954,0.02915543241000002,0.025988597
2325,16.122902803644955,3.359639458700141,0.15100815957999994,0.09646051
2326,2.4978527592611792,3.724143033504783,0.06818178382049998,0.049163483
2327,32.039791647371814,3.268588873764465,0.1554177413349999,0.13421004
2328,2.767386379245332,1.3885603524646537,0.05573190055500001,0.08247741
2329,5.017504458738742,1.2105922478683833,0.050437460910000016,0.062950484
2330,48.82952616003199,10.600337557369343,0.4727314168949998,0.62832177
2331,9.18374440173387,1.796217901715235,0.06258208528500002,0.025972351
2332,4.246826016473701,1.1376585614510228,0.11116284636750004,0.121083066
2333,8.61119496872356,7.201249391519587,0.19253453828999995,0.25206074
2334,6.6628473875115795,1.0493639974463251,0.024016630837000005,0.028310379
2335,3.0323871063234122,2.4830423193032374,0.0699317877725,0.086322434
2337,4.6633002394427265,1.2379676229383472,0.11779496309000001,0.054428525
2338,41.585386618704426,49.3024203965225,1.011569696650001,1.4858184
2341,5.5223877878461725,1.919066229634781,0.15495343474499987,0.07293908
2342,3.6605086845747166,3.1780205760741844,0.1159696578575,0.14752243
2343,39.88072674394746,1.5253068732829482,0.23107933935500014,0.17975982
2344,5.558623558306262,19.43447073972082,0.12473419665999998,0.26619792
2345,3.482973157626625,0.5359640060298404,0.05874836310500005,0.041552722
2346,2.7250349924597206,0.96252668143453,0.06743496542999998,0.02186792
2347,2.2828057116963176,0.7063269202672279,0.11250349050499998,0.11550995
2348,8.83502787512811,0.964498017184928,0.20929075432500008,0.06624037
2349,3.6663450930391948,0.5408664316020231,0.06138617525,0.023154518
2350,2.105091336297239,4.144384175050519,0.06968424112249993,0.085566156
2351,16.725759182272448,5.033571804314374,0.08237288543500013,0.05497221
2353,4.971516633106945,6.195191751916975,0.3191690416799999,0.34748778
2355,1.6904195313613053,1.2831624070410943,0.05192259172000003,0.04070486
2356,2.183019657439972,4.740695643036826,0.08053178249500004,0.107630335
2357,6.109370414899409,9.937126154199197,0.30514255372500027,0.64704454
2358,2.265673280587309,0.6353897446874275,0.06568324531250004,0.04292716
2359,5.8335854888031475,2.0379914642744086,0.0384346356105,0.03113117
2360,3.4538231401094324,1.2605598860032323,0.2657662866099998,0.10290491
2361,3.804466002980174,0.720807078117895,0.11388836549499995,0.06610823
2362,2.9983954312487033,0.956692135712394,0.15338579213000014,0.029579349
2363,2.7469370016111707,1.8805042235131704,0.08783061703750002,0.07740645
2367,1.7500058938224319,0.9732338645445928,0.050103832595,0.03838467
2368,2.4276358132398834,0.5493674046485185,0.11549953122500002,0.08205123
2369,27.535960030920297,1.931246242061092,0.060529093129999954,0.08951669
2370,9.231929511288287,0.9407930886507916,0.028593776416499996,0.011867774
2371,1.7302803734828809,1.5644032604490143,0.08993358818,0.15372495
2372,3.638127550006025,1.6163119172424114,0.07810843495999996,0.049756505
2373,4.899386570507918,5.9793016991003975,0.17792006746499997,0.04283413
2375,6.158473893950362,1.0721727623258486,0.046769172915000004,0.016181687
2376,1.7351142760676028,7.485888848046166,0.0977055123475,0.42430726
2377,2.4469542853771515,1.1070119309199489,0.36222331346000025,0.4528804
2378,1.6189857154360576,1.9233795041409272,0.03330684927999998,0.026957784
2380,10.161399999400583,5.131720780633386,0.13815856653499994,0.25686964
2382,2.588890832436087,0.6906446190658684,0.04948928572000002,0.047788586
2383,2.1028215476384586,1.1537814879927657,0.041757833502000005,0.063948765
2384,34.19937426774794,30.024221404200038,0.6795649409700003,3.1194391
2385,2.589858816628113,1.7341183375913107,0.09682626348900007,0.013862811
2387,1.952192309943652,4.641367772694691,0.078245300385,0.015335751
2389,2.264603861136257,0.4239753342795516,0.047572343172999965,0.030729294
2390,4.212614623839951,1.840492906608804,0.05592506333000007,0.016359914
2391,8.514463804005441,15.20041729791576,0.2566575354499998,0.04150842
2393,3.043384516309486,0.7222481241204142,0.032532776572999966,0.0293253
2394,2.202641309729894,1.3582664718455653,0.07022684557799998,0.120493405
2395,2.874541291874493,1.4342710374468737,0.08458942666249998,0.079902984
2397,1.754147169828331,0.9786515714711416,0.067743549936,0.041691925
2399,2.592895752873894,1.1891731060741793,0.10138602244999997,0.028291734
2400,7.930350515603276,1.251074766385741,0.05333804623250006,0.009017857
2401,2.3667889477123474,1.9383160953300047,0.07346970345749992,0.10082267
2403,2.41825929594094,3.364569346972747,0.1002162272615,0.0081768045
2404,1.3605770830913833,0.6372970946631562,0.036032409091500045,0.0728497
2405,4.331920540249468,1.2510879297861597,0.2875805307050004,0.025189694
2407,2.0377759945765854,0.9964210820495432,0.08105930824600001,0.1462332
2408,1.5956224814572733,1.3858484969044764,0.03517440496749997,0.0072721
2409,2.012139860507338,0.4319474349069022,0.06882521483300005,0.011535967
2410,3.0793936088194847,2.5827989026290097,0.19018148677999996,0.45995367
2412,3.475087482578772,1.1991837347477552,0.056963034003500085,0.023040326
2413,29.263512132662985,7.783902913770648,0.8366861526499995,1.1310318
2414,2.426495075167149,0.6444181843311316,0.07066477525,0.05161753
2415,2.151309316162167,1.0171211201986228,0.04270589124000002,0.052921444
2416,2.925757587030795,1.444660508305326,0.16398669278250005,0.044968344
2417,23.75803266985466,0.8359495670538073,0.9075136468999985,0.6794505
2420,5.225054298809938,5.927433936144577,0.18412247644500002,0.19566934
2421,3.3182805339380024,1.0807734918064753,0.10788977831499995,0.10880599
2422,2.4793690158409394,0.4622693971435103,0.052403921550500006,0.0557039
2423,1.1829485155731094,0.8316997401641476,0.05528156726000002,0.03508146
2424,2.3814579074702507,0.5924099434617988,0.05906904312000001,0.049461473
2425,2.5749951582355406,1.341546478708876,0.12138943332499987,0.21399076
2426,8.272009077374534,23.893485844250623,0.52722610742,0.938773
2427,59.29077260250756,160.66799456652814,0.5975908780500003,0.40356
2429,3.257808848277668,1.3290690265310805,0.08460872102499996,0.11105708
2430,5.673833582218074,2.961668890086216,0.20674313682500023,0.14239049
2431,14.338009171577191,2.9572297529616867,0.07640534857149996,0.13344449
2432,2.6091278972933223,1.9122188107104208,0.11117553721999991,0.2068413
2434,4.094238750664072,2.069819633098274,0.11323354593499997,0.10068745
2435,19.454926346815654,4.772532788876415,0.2011293525200001,0.22684912
2439,2.4156086561736005,2.004239432601865,0.11919824752999995,0.061932947
2440,23.039634471848153,11.95504791957055,0.204143040925,0.29694036
2443,42.93430249248918,178.25757143790898,0.3593512443200001,0.114695475
2445,10.436713198615038,0.348296089983574,0.112469971675,0.12136037
2447,2.16431068201575,4.985178593392448,0.07707873628249995,0.16968556
2450,12.933858236698606,1.755977014678807,0.06564529433499994,0.025148315
2451,16.73943796342724,31.86460180549969,0.43004539899999983,1.0654294
2452,1.7163048948582775,0.7291555069668013,0.05598693331999995,0.16943981
2453,2.3747423776223346,2.4197131992058263,0.08336972018000008,0.17746769
2454,4.5204719327562195,1.5460708120572386,0.11205497888800005,0.08832826
2455,2.320409248557473,1.2968282756673728,0.08631954992899998,0.07796414
2457,2.1306315771164126,2.5392542883206097,0.18473904198000002,0.24353547
2458,20.36743236316179,7.003693446508514,0.16735099316000002,0.22929785
2459,3.3867819140301845,3.3996222793271933,0.08456931414499998,0.056437474
2460,1.8592220432680882,0.4479232007611664,0.10450050952499997,0.09874462
2461,3.899356318326161,2.9630595634055745,0.33583514654999996,0.32012153
2462,3.25448595063169,1.8072553914505276,0.11708841005900009,0.058652565
2463,1.758025878918383,0.6284982290581405,0.041492569670000014,0.037527315
2465,3.520191040236299,4.840197457873383,0.31238190592749987,0.020723704
2466,2.332275707426466,1.4002466537384122,0.043333792991000014,0.067145966
2467,10.52940984542967,0.8873817627701406,0.039470735019999974,0.05659829
2469,1.9413743030774475,1.2491431565642603,0.14275660074500016,0.034356967
2470,2.2362584929574347,0.4664659966148413,0.061614264995000056,0.047572102
2471,71.23301797061427,4.104871342095417,0.37495409797999973,0.5570105
2472,22.446128733642777,1.0019853286014284,0.45881145407500035,0.52950937
2473,15.43220773489474,2.505004698878684,0.10541827745000006,0.08236854
2474,2.7589677362357405,8.443826384233079,0.07863137052000005,0.058916908
2475,2.483637153748344,2.5060232281736248,0.13737470372750013,0.2783764
2476,2.5710798342895114,0.9520785289342832,0.06269301760750001,0.098031566
2477,1.9385104883511703,0.6937114727189848,0.06817591460500001,0.04229261
2478,1.7486146929117794,0.8183647797287995,0.12216102210999993,0.0802075
2480,2.042389427410187,0.9179103787100324,0.08352727747,0.036405787
2481,2.069306364132524,0.8726221142185444,0.049023530056,0.015921336
2482,1.967842786857199,2.8105870871622654,0.05494937475750003,0.0169428
2484,1.707322972421818,1.2320572827919056,0.062380463209999994,0.050002944
2485,3.2450153638925388,0.875497357822538,0.070702882543,0.032265224
2486,8.729986412303539,1.542970377718556,0.10947401142500005,0.12242039
2487,8.033276312262336,2.940068605287924,0.06866910572999997,0.052616764
2488,1.638677753747893,1.2715072787559587,0.065296996238,0.086895354
2489,4.658074635909345,6.251413857348892,0.17731334753000005,0.34777093
2490,4.545230104403112,1.8292446932095785,0.134662024915,0.061558343
2491,6.412778889047339,1.4853770695258814,0.058065878205000046,0.028079925
2493,1.3324791169374846,1.277549456508504,0.042921358856499975,0.0323903
2495,1.790196521384049,0.4708195063481412,0.08172505857999997,0.02982387
2498,2.0908411610618383,1.061269459615046,0.030254318777499983,0.012616031
2499,3.770760967176498,1.5029538153490938,0.020890479767500008,0.02117666
2502,6.625954302473658,18.71400982848808,0.06822730892150002,0.09401157
2503,7.6500158151393,7.703269898523899,0.19046028661500006,0.08773388
2504,4.188925104743172,0.9819963271400944,0.11102881160250014,0.08905001
2505,4.433539367010054,4.961514896510791,0.11095948951499994,0.1672827
2506,39.12530669879564,2.3847591407571564,0.14757345195499996,0.08986941
2507,9.36645210341479,1.7458964335962643,0.028646068737999974,0.041859753
2509,3.766187997186186,1.0636560244567506,0.152288707575,0.020726265
2510,6.6692947324750484,2.946203745193382,0.16620168110000003,0.039080035
2511,3.771492692115759,1.976676946830862,0.055483570440000046,0.07715584
2512,1.506805698468912,1.047199157983307,0.050272020619999996,0.035930246
2514,9.763170711907463,15.766191956742457,0.4043691305249999,0.1381362
2515,3.8521540578964455,7.883530174401239,0.05114253623350007,0.094738215
2516,2.400071076356963,2.2594149263236774,0.05808581662999997,0.033098955
2517,1.588575350182036,1.372703890758172,0.07980281732150009,0.16656685
2518,4.505031045476151,0.7666889603988166,0.044578529920000005,0.07345289
2519,6.788754687664972,0.8182504117086652,0.06760737565,0.025251415
2520,2.54405554303287,0.4921627387695529,0.10386512055249998,0.1553539
2521,38.340290973323846,17.932683243255276,0.9326999220999987,1.7544414
2522,3.614636146373486,4.403610290102527,0.07546714250500004,0.15857935
2523,8.816716280116466,1.6181668918584438,0.11902060209250002,0.04951877
2525,8.163041955091638,7.762570031524248,0.30943581950500015,0.11146412
2526,1.3245982949327335,0.4521123593614801,0.056005752937499986,0.07777394
2528,25.623757048621165,5.699427827612128,0.2344953981199998,0.12695944
2529,1.8498341704731593,0.724414085694111,0.035380329604999955,0.03554324
2531,3.108954376637053,3.2758604613280213,0.1237254275725001,0.029553011
2532,5.917775548596677,0.9956472055053098,0.08606438805,0.0424172
2533,2.5982693973449984,1.983716703783448,0.12007408959999998,0.06687434
2534,6.94166824007556,0.7263515601328352,0.2437040712449997,0.24157335
2535,2.8662938783288605,0.7506012467108907,0.040321258067999945,0.019063178
2537,2.0292704617659267,2.052962589768544,0.09749483237499997,0.10905949
2538,2.5760424179146906,1.422533147745901,0.09081361867,0.02612528
2539,2.317730591207345,2.113966737299628,0.10933759626500011,0.04754059
2540,1.8711680538268858,0.9273725263850492,0.05938156169999994,0.05028824
2541,1.4746384712278515,1.013425299751908,0.06239012595799998,0.046682537
2542,3.733934740566986,15.348724935159046,0.12493262370999998,0.06583868
2544,2.726979979343412,0.1549156700400482,0.05540031577649996,0.034000218
2545,1.6371721810608437,0.708888138886435,0.08808714032500004,0.15743303
2546,3.295568696832732,2.9934689852479472,0.029677400917499996,0.08643343
2547,3.488315499184775,1.390508819614478,0.19677084513000004,0.08478492
2548,5.853438453524135,0.6968518770862185,0.034780347689999984,0.04775009
2550,4.010992926458171,1.4186044787620975,0.036061370235000036,0.015843323
2551,10.163723484853296,2.385715511738017,0.022248232683500006,0.023015657
2552,2.8044175740666883,1.179453499744978,0.11356852785500009,0.1289397
2553,2.1683713990341915,1.107688606257201,0.08500038413500005,0.13999249
2554,2.5223059320407253,0.917952767557734,0.049825833279,0.009695757
2555,9.799201726319826,6.828263518007739,0.09695050676000004,0.12880135
2556,3.056829195435749,5.837215610468766,0.030847952845000002,0.04209395
2557,3.777909160394968,2.440489136084304,0.12618758718500003,0.09800028
2558,1.6931165388568346,1.581929462563601,0.07816646937500003,0.11364221
2559,14.4166122770177,8.237640747706529,0.10939545503499992,0.06975279
2560,4.680501555601338,19.27051698592743,0.13440592065250004,0.059298046
2561,2.0786775853234842,0.9763379156293291,0.09995835576250002,0.14219402
2562,2.9471730396487663,1.3011412767952315,0.033317926654499994,0.029158296
2563,7.075577113301548,1.1848458632161325,0.13572757028000002,0.06444515
2564,1.7535791381721466,0.7906363489677316,0.056647650169000016,0.101159416
2565,2.2289620050596803,1.5952203241045395,0.06607493198799999,0.058085866
2566,6.264053227846349,1.4356201788666068,0.14571817811000007,0.36173537
2567,5.408825925582891,0.3753136522706748,0.05610248444249998,0.09864227
2568,4.199029389240948,9.405824928651022,0.12329478937499992,0.032636303
2569,3.3484695034503345,2.259486148168157,0.06826213587999994,0.021520173
2570,4.298183549488146,2.537942535456302,0.167263275825,0.07040985
2571,4.9873554277329335,0.5786338289562996,0.08156604079499997,0.029786134
2573,7.374687255706148,6.156147212240898,0.36739942275500004,0.70166147
2575,3.1661132401566157,0.6884735927223594,0.03417196974999999,0.0456291
2577,4.731460558905394,2.1691051847613303,0.1033657087850001,0.11945562
2578,6.39814057432028,3.916004782286074,0.35656814143749993,0.10765575
2579,2.2378502887822673,0.9132389983126632,0.08554974348800004,0.12063141
2585,7.279504520673844,8.427422536073824,0.19513020560250008,0.07023595
2586,32.05604261901476,4.891817136534596,0.18717176273999991,0.17995484
2588,5.263133818021138,0.3621769800453954,0.057418679309999957,0.05068118
2590,3.415947588422141,1.1733556854989602,0.336999618715,0.2912242
2591,2.151738759861349,0.6003057010820424,0.028558017934999992,0.019636376
2592,1.9383332692405364,1.7299276132324195,0.08864541656500004,0.032461755
2593,2.7566582805183493,1.4443369088001137,0.153811258925,0.14334686
2595,7.049301909512663,4.771372921610285,0.23758485597499995,0.17745622
2596,1.3822868430235966,2.635942236551803,0.04099467016350001,0.045740318
2597,2.246261240023612,3.806516231069289,0.08923763478000002,0.039536167
2598,5.477703195452801,2.923605408262681,0.17266286736499997,0.0353662
2599,3.4100384411965052,1.9347041112330183,0.04869316802000005,0.07646486
2601,5.013649519084424,1.2419785692937786,0.14202667593499987,0.12812483
2602,6.254572670708024,1.466223016087728,0.1817978050725001,0.23229846
2603,74.5109624190238,52.47423615132745,1.3258570995800005,0.9360111
2604,3.7540123736917432,3.1556349841711917,0.14411059658500006,0.027506098
2605,2.9004439101053405,3.365095941078634,0.12752590412,0.25193372
2606,5.176091288153434,12.31021033369049,0.27463639796499967,0.070409924
2607,2.9850303776349962,7.115876272121921,0.1718660647924999,0.1264459
2609,1.695096232509375,1.623987722829101,0.08097802494999996,0.0057264487
2610,1.6859259243356053,2.048099701623681,0.06394335165999991,0.12832396
2611,4.033761851696671,1.073268066932524,0.07158051132000003,0.027319996
2612,5.047033393991654,1.6463926718084705,0.074384889875,0.01519818
2613,5.73414940351278,1.4805305303592726,0.08394633408250002,0.047173336
2614,6.138934826754815,1.3739850463191317,0.1250271154925,0.20061381
2616,9.330778792731396,0.8330522365145884,0.09291143168499999,0.060845647
2617,31.40725004225182,11.791636304244744,0.30696138754000013,0.30683357
2618,17.24507772978499,2.394932413900371,0.2597361337549998,0.05143418
2620,2.51975949960891,10.157067227803822,0.08013356906999995,0.05114863
2621,5.162034166563855,0.8355328095669374,0.08146946808800001,0.052082375
2622,2.809326776803887,0.4799512585404414,0.034880473330000016,0.018552268
2623,1.4624516948780468,1.0641890861414027,0.05992217803000001,0.032869842
2624,36.29094394415145,65.63814984974998,0.5335246994250002,2.000768
2625,3.7248292677877526,2.032206549636767,0.24764922510000023,0.061279036
2626,3.0754379716525215,0.9494345029248046,0.04546771455299997,0.049746767
2627,2.019024648363235,2.9212531723074755,0.089631717675,0.021226754
2628,1.7206840090410134,1.283181066338393,0.054183434434999976,0.03282878
2629,30.47112399077482,7.603818940458094,0.5614703035750006,0.21816471
2630,9.113459999679575,1.136131754183931,0.10673885339000004,0.116519436
2631,2.381428538551761,0.6067319942695826,0.10919399878750013,0.15867491
2633,6.50463558712933,5.981472112944694,0.26839340224999997,1.7365851
2636,16.769252513106046,23.53070508825267,0.31847966379,0.8377986
2637,3.6573376675496774,2.26509313360043,0.06661625740499998,0.03374923
2638,7.186849059365893,0.3559001155968338,0.12302012791999987,0.09842354
2639,8.214866445727269,4.34040978825589,0.11987448272650006,0.07082927
2640,32.45127502008931,163.99682738580094,0.45741425707000033,2.888376
2642,3.680005531457807,0.9013168667632196,0.12942885315999988,0.08160607
2643,3.8893094101259673,1.7072267996912471,0.0710041156375,0.07003485
2645,1.9955389336810034,0.7820061169711184,0.044897977232500004,0.047263924
2646,5.4393872409816595,9.20040968444479,0.47805850589500054,0.05339483
2647,4.981166789570128,1.6212157990313385,0.20435917377249996,0.27144152
2648,1.5170352698467857,1.5435936481661467,0.07150451721449992,0.046826005
2649,2.8331974658353944,0.6669412424740317,0.07613568945750003,0.03188678
2650,3.946358767748701,1.3321575644325578,0.08746302044999986,0.020208437
2651,2.6152007399066672,0.4411073833504354,0.10587245745250014,0.035393145
2652,2.2640556324932635,0.6017887589542438,0.02673952247349999,0.04538054
2653,3.12541645107449,1.4348398586608515,0.1376821624500001,0.10768877
2657,1.4554501018100094,0.87118203536025,0.08617453378500002,0.05903556
2658,5.512675873240661,3.8209857520916817,0.12766854525500002,0.15210141
2659,1.6971052438123693,0.3974646617974617,0.06844698607249997,0.04095348
2662,3.3633098334370692,1.197750068124686,0.05331394744300002,0.025715182
2663,9.454113507762981,9.566912119491883,0.39455461862,0.40481445
2665,3.614344691164878,3.413145389407321,0.08747735806000004,0.09745921
2666,2.417509881446975,1.7961922191476298,0.05121139411899997,0.056025986
2667,1.8746191595320647,0.942770709223576,0.023867472175,0.017384164
2668,2.3349509413909915,6.165450218326935,0.10241040841750008,0.07903743
2669,3.2964887558862928,2.7837571237762115,0.17703830385500013,0.13116254
2670,3.14969111766754,1.3987273900564192,0.1623450285974999,0.17927626
2671,5.166968300384578,1.4277814773493054,0.258433132045,0.29152513
2672,1.905892732018477,0.7946078064556495,0.05067804330100002,0.04890294
2674,23.680391922170184,29.417757308531858,0.23693362246500008,0.09188679
2675,2.267085402809829,0.9791217926879232,0.058204005936,0.06234521
2676,2.3974840588221813,1.1531607838460831,0.04538948710650001,0.02087163
2678,1.963105205441917,2.1114103477039747,0.042339714737500006,0.029898075
2679,2.782492588538888,0.2495753297666387,0.0335794928125,0.011571012
2680,3.7008248959443426,12.961619067469876,0.15938983372500004,0.10191579
2681,3.1827940944887594,2.503806959593625,0.03374337964050004,0.013386502
2682,2.5766534056735275,1.5464324155164269,0.08948215028000003,0.054751925
2683,1.9514362076631016,0.8022794740418179,0.047592542295000054,0.04974356
2684,2.586061724991253,3.26488874279254,0.2365162849874998,0.0332036
2685,5.70659722662367,5.908822812332013,0.13957665091999993,0.12762731
2688,4.020225456337089,0.6431666848929978,0.08412857068000004,0.109542444
2689,4.2935903957658015,0.6816292106711821,0.026492844892999984,0.010067114
2690,4.528178036748352,2.302665405228997,0.13310676861499998,0.09598811
2691,6.764578245574527,10.66073721185784,0.3384526415550001,0.33320484
2693,2.235644299188597,11.165691156936331,0.16079478039749995,0.12151118
2695,1.8509641822162683,2.007952767873258,0.055816245765,0.0485625
2696,2.50093798994773,1.09228519302565,0.03393116351450003,0.060307276
2698,2.3832665311870294,2.5571079051617787,0.06467840589500003,0.06945731
2701,1.69346280519869,2.0884626519038774,0.12796476538750004,0.023572352
2702,14.5168763285096,1.2140468898218348,0.18694078748000004,0.15321712
2703,2.7010926280978858,0.5597425760309183,0.05803734706749999,0.03666929
2704,2.664571791834248,2.3162148296755825,0.2276241880849999,0.116394445
2705,1.975469200330138,0.5509984372745719,0.0493064273185,0.01548423
2706,3.2416546385234835,4.103676741302733,0.12668043446500002,0.1398781
2708,20.245683242945745,6.524918035398134,0.6082987729850003,0.54123443
2709,2.268460427821435,0.528281489427409,0.026016364881500005,0.018295702
2710,2.7189238637345152,0.6311804593759159,0.06570534615749998,0.078007504
2711,3.836595051376578,2.398915102191223,0.03473699314450002,0.09153387
2712,2.4540903091901565,1.1992506031135728,0.05071113610500001,0.036405288
2713,32.373553039765746,14.309916367289098,0.661304436375,0.77683103
2714,47.251746934248644,1.771495349057342,0.18448506799250006,0.19444568
2715,2.629871359549696,1.8288071275001416,0.27397460699000026,0.26522264
2716,12.22846323453448,1.3957158007089787,0.4920634255749997,0.24311054
2718,3.453028883580779,0.3879617032549734,0.030968268264999977,0.034719694
2719,3.4598959282905413,1.4690340514859088,0.07170452597999999,0.099864386
2720,18.5356881082708,3.790286579132132,0.09927381709000002,0.11502066
2721,3.44624908687136,0.8451087012840237,0.024771232927499977,0.019252565
2722,6.851281659022794,1.401570839593296,0.09323990454499993,0.064290196
2724,14.637770543204606,6.978197372937986,0.2634199213150001,0.22747824
2725,2.210736822792142,0.7608063811331942,0.07546479342249998,0.043590408
2727,3.4672091897446387,4.047172749164512,0.14249773287500006,0.14090964
2728,5.05117015630553,2.4524166085479617,0.11192565092,0.10432941
2731,18.09074630465986,4.522659028661219,0.3196526432750002,0.406545
2732,18.47601081940105,1.5292049963972472,0.23599109878500005,0.027900364
2733,5.751431278166705,3.0540163101066047,0.389738478605,0.0846341
2734,1.9868134835314604,1.6586388312251386,0.10510760172300002,0.06717558
2735,7.124792898043824,3.039694611752738,0.12372161099499994,0.14318
2736,2.100335469372805,1.949863462518643,0.122148411485,0.09561212
2737,55.02596594016522,14.089698437769888,0.9293493937499997,0.3586415
2738,2.4523641623766865,0.6389935757763496,0.058413821391499976,0.05050419
2740,2.017606925361439,2.1714014850478143,0.09009621426650004,0.11130743
2742,6.447368815859656,1.232823326907313,0.21286907299999988,0.17780039
2744,1.7521542919704816,1.170778427004998,0.2059464822599999,0.3218948
2745,3.954716788471775,0.8968815290944274,0.09137879084999996,0.07873519
2748,2.6599115292099977,2.673000035857358,0.06532991356500001,0.0062935594
2750,1.35530199667198,0.8838129045977873,0.05102459245300005,0.019309359
2751,31.1801593518898,80.18366494424222,3.552729183850003,6.067784
2752,1.9776954774539641,0.7648274409359784,0.053325160439999984,0.086749256
2753,2.701978381443817,4.455658042342451,0.09910218361500008,0.08813453
2754,1.7184445656512828,2.6615816262783354,0.08300101621050011,0.023026546
2755,2.980828902585581,1.5869886461771563,0.19514028210500023,0.01230905
2758,2.976034172703489,0.1853083852040616,0.06688045089999999,0.113860235
2759,2.0116434309601616,0.54617444795787,0.0337631199015,0.028912954
2760,2.1599718980004177,0.845395245212982,0.05699497120400001,0.09491302
2762,15.349313066224664,4.800438463439815,0.09099560058000014,0.044519126
2763,4.409446320735069,1.7546268308505064,0.12213141431499999,0.03059258
2764,2.739767849606524,1.8041215522588436,0.058964505834999986,0.027250573
2765,7.061561100790825,2.9056616178935544,0.12451584907499992,0.157673
2766,1.9972488555132275,1.689962438859477,0.08557315279000006,0.06996244
2767,4.179200666396628,4.571287982235007,0.13748000110000005,0.15191144
2769,14.416143030256086,19.949290682973924,0.1976266462049999,0.36608055
2771,2.576034628988247,2.299833668519524,0.055543177625000044,0.030218715
2772,2.1556078549345448,3.9698156648874288,0.03970305528450003,0.054149423
2773,3.5596255809217547,2.8682300173474498,0.12509511869499992,0.05254422
2774,2.459187044498513,3.683868177380624,0.0942066592199999,0.29009622
2775,2.105542851783498,0.8161449400406574,0.09611624135500003,0.16672274
2776,4.209096871646942,0.625886744139625,0.06511677494249997,0.07099977
2777,6.614297722262038,3.6213731380554304,0.14226526859,0.26636273
2778,6.05050074823456,0.3403520258558666,0.07742133819500008,0.019358432
2779,1.936720183307027,1.4137108575947746,0.09559168580900006,0.09065209
2780,7.121231289023318,6.834858256146987,0.306626709975,0.06896224
2781,1.64710086049367,1.573102551411771,0.09951404779000005,0.04602143
2782,6.043666992772063,0.5228348757472966,0.03107309405700002,0.01940264
2784,9.86747091479402,31.318712441990066,0.2664764039549998,0.60034657
2786,2.9806408836677267,0.4987070219165133,0.04013355407749998,0.030340087
2788,4.306893537983663,18.971664659837767,0.16642248812750005,0.13674438
2789,9.036657371357641,2.1270560327836963,0.20153785261999993,0.14213099
2791,1.5891620913008748,1.1135983538230747,0.0929722532850001,0.025496008
2792,3.1020776399401986,1.081441865987347,0.0980203461455,0.060419
2793,4.387848577026313,2.8316967573154503,0.1843155755150001,0.20688881
2795,9.457783236340033,2.2913396300871103,0.3101460846899996,0.0658595
2796,1.1297977698633728,2.102204346252239,0.03919105293900002,0.0131464265
2797,8.433268814282796,6.463205165777738,0.24419410938500014,0.32732123
2798,2.3797498763427276,1.6968619520009554,0.09289663030999998,0.08132471
2799,20.670270426350772,4.3539122527923055,0.3888868921849999,0.2848292
2800,5.403564527206543,2.2129597401429195,0.12166125118749985,0.10942297
2802,4.353600552843342,1.617304652228209,0.1787656665600001,0.2924977
2804,2.695658682753063,0.4325226053896127,0.05659409873999996,0.04021427
2806,4.329455359406997,1.3429250842501477,0.09776374718999989,0.17725684
2807,2.3674178087229047,0.697689321786402,0.077593093541,0.03650384
2811,2.0434034687289993,2.361700712929121,0.06009503350599996,0.041334063
2812,10.007134485532521,74.87387008911047,0.26698559710499997,0.19448277
2813,4.407987334032746,0.8392812974702439,0.0956630132525001,0.026971702
2814,1.8044719756904868,1.5556006346902702,0.03970822453400006,0.025397481
2815,16.905027588569993,0.8512264076546422,0.20235333656,0.14951055
2816,1.9893221996376675,0.9014812456299804,0.08222712116500007,0.049764466
2817,2.964525056156252,2.198472499788142,0.047313059899000004,0.2064328
2820,2.042316817621432,1.2186670754086273,0.054150285890000004,0.059333738
2822,25.087832255830513,1.23033888744085,0.45164822223000023,0.16391711
2823,53.2473142697913,177.16767951302288,0.5134172953050008,0.5430444
2824,2.5752364967507297,3.626604839186165,0.09242603316,0.17906232
2825,19.232630238737237,3.7865979419176874,0.06497890650249998,0.054902613
2826,2.472754072634039,0.5390886718454312,0.10888565424999999,0.12176832
2828,2.130847208679874,3.608819639097375,0.07694505365250003,0.017247254
2829,1.5085261166631565,0.836596773092882,0.05919294732950003,0.023941364
2830,3.901694193575168,2.2670157608679227,0.08812736454150003,0.11951765
2832,5.296261945098815,2.7706089012750827,0.0451859920405,0.021673465
2834,18.873357433033036,2.040635008606268,0.4040951626200002,0.05773661
2835,2.425397170755254,1.2202455518693447,0.043119767746500004,0.027465863
2837,3.979971310858828,0.8092883034644619,0.12162266881000006,0.19060713
2838,2.778589166688871,3.882921215153439,0.1038518685525,0.055868216
2839,2.6097325964310794,1.104964788285392,0.07882434760500003,0.084522024
2840,1.5330027175915788,0.6349565716116206,0.03138254131249999,0.024061857
2841,3.0926312345771008,2.5010938878518223,0.05288461524500007,0.03392782
2842,1.6162272069135348,1.6361915829875058,0.04335203503,0.027652003
2844,9.635856055315829,3.929890709155648,0.34045186860749993,0.570481
2848,4.764203322034459,0.7142025175635645,0.04867029725399999,0.009968441
2850,1.503774107132851,0.6057869051729937,0.07527214955300003,0.059430193
2851,7.2500507454558,2.408762797915076,0.10007935548499997,0.16511622
2853,2.5924978298965886,1.4377143242912025,0.051723674185000006,0.05855507
2857,4.932089520039643,0.539606971953807,0.058243916969999976,0.0151169
2858,4.031523689888326,0.6113922603857941,0.03439897653,0.030682817
2860,1.6268934217305502,0.9578453341058508,0.03381829767549997,0.024794579
2861,34.18677882155313,2.6727269092592407,1.0410686809499992,1.0348173
2862,1.3482197087218382,1.757688536086586,0.04487367499399997,0.014667641
2863,2.5015841390953186,0.1722008914628265,0.0268100693795,0.014139344
2865,1.9462695692519256,0.882496584202167,0.049646641065000045,0.04465349
2866,2.825056502541309,0.952406803918306,0.08729550438300004,0.20613697
2867,41.51392250672525,30.11290891668881,0.5832378568000002,0.6933067
2868,29.396603723274733,81.93453554476116,1.1981403066499998,1.2850684
2871,2.23470317138931,0.7615375536692398,0.06764983014999998,0.12073983
2872,5.218059962210414,1.2521292303936575,0.05857551485,0.08378265
2873,1.9350033572656706,2.482047032574344,0.10745697742,0.33850905
2874,1.7987621110905203,0.8071814126523699,0.034747216054999995,0.055566687
2876,13.13822224702918,1.1910804944003863,0.10948273701499998,0.056945827
2878,7.871018016434138,0.8236632707523949,0.12993502752500005,0.08839835
2879,6.909582088122887,4.251423587022593,0.3601809110599998,0.067896575
2880,3.551357817691075,1.449839451016989,0.03088693388399997,0.017651755
2881,4.016997186470804,1.5420855266708722,0.052158683765000005,0.05759424
2885,10.068512696634516,1.637106112067487,0.04612484239599996,0.04925883
2886,2.2824491806322507,1.004854592491388,0.08330435043000001,0.037658997
2888,9.61352265219793,2.540566514012214,0.11171000386749995,0.14169201
2892,2.61510361195965,1.655372185859508,0.0806556434075,0.0647926
2894,1.2149825734752913,0.4593903273614105,0.08234255661250003,0.041044045
2895,5.74855127913388,5.697942824797017,0.26589743911749997,0.44852972
2897,2.145330645447524,1.7047960817911565,0.08040425287749998,0.19550447
2898,3.675575447308492,1.4822441843237777,0.06846957858499997,0.08094048
2899,2.913775032332813,2.1418023599974085,0.02210197824,0.019832775
2900,3.073992529734052,5.936895579636519,0.06278881725999992,0.053974025
2902,1.7321174318042043,0.8935237422506753,0.05971865932600001,0.051696833
2903,1.8395083846764821,0.3731918689420624,0.06528463093999995,0.09809368
2904,4.0210880430053,0.689090662072993,0.024006487605499997,0.043617304
2905,1.8950678016809772,0.4966388966760608,0.04046780572949998,0.015609856
2906,5.410299271891518,0.9805631435590726,0.08704743648799995,0.015566122
2907,2.5016121134588074,1.3289275500934916,0.10726248169499997,0.14932027
2908,2.2867542187044885,0.6384256578708234,0.12559908876,0.10176726
2910,5.914882484885058,2.0179795614810856,0.061248648095,0.068836495
2911,3.012975891134099,0.3934958509649404,0.11748105100500002,0.08429527
2912,41.38357831680453,127.44984651046698,1.852561022049998,3.1053011
2916,3.1514303321771164,5.133780301252087,0.09849430287000001,0.048605572
2917,34.47907142734417,128.5876783147222,0.14527341156499995,0.8145322
2919,4.220304918646847,1.5224006307216789,0.11012892688499999,0.1432361
2920,4.018101586736313,5.007470476253204,0.2949048811900001,0.49765798
2921,6.593499648900688,3.6639794773072185,0.18191657952500007,0.16264072
2922,1.9304211986943174,1.4486246340856974,0.08489779546250004,0.0515274
2923,3.788541841685462,6.706298638319076,0.12543541885,0.106490456
2924,3.8189231906969767,33.620489944547394,0.31813152855000026,0.4869878
2925,7.510422128267773,3.5313176495599583,0.37062215621000033,0.20823091
2926,1.658049899485392,2.79670028498889,0.06687244793800001,0.09002986
2927,23.742972919570533,7.7773113425351506,0.149733994395,0.46435845
2929,4.119272210752883,1.2322528690459718,0.05741416674299997,0.028113617
2932,2.167292839893284,1.936817315821308,0.12404284991499996,0.3042842
2933,2.4590145993721237,1.650247751151367,0.10780551457750004,0.051441375
2935,2.926282903671291,0.3245382417600798,0.13072786935500003,0.09615608
2936,3.637071131976143,1.6206331049837637,0.13257724253499997,0.28159207
2937,6.0617359287826496,1.0841923975683845,0.04120902513050001,0.04688607
2938,4.849818982422425,1.624666194952476,0.04613789651899998,0.046047837
2941,4.454205366923541,0.3409309545517323,0.04211765276999996,0.055939432
2942,5.711640354799794,6.851149307625725,0.16831722564000004,0.29119563
2943,1.9372997821679192,1.519351864827488,0.08488854627799995,0.010566749
2944,3.526939565686456,1.404708372217315,0.07789286707999998,0.13983727
2945,3.9257438612268425,2.2003605852609325,0.11096405646499989,0.112868726
2946,3.4493811807865136,4.888356763976116,0.10421522860500003,0.021705171
2947,2.3076252561674906,0.77976835349827,0.05530070058999998,0.07022548
2948,4.550397774870923,2.331228499590356,0.1710841089449998,0.10771615
2949,1.8046129647914984,0.6828412395436406,0.06182459256499996,0.18268286
2951,6.533545554471761,2.433431464301441,0.24964628661000013,0.0653509
2952,2.7736392185247665,3.0196647297463035,0.06244574193499994,0.054557737
2953,23.611000507859515,0.8352931355711567,0.07239808224,0.07734283
2954,2.3399433880923057,0.7755904264803063,0.07536731368000005,0.11026683
2956,2.242127241100965,0.7513995851260109,0.05438735087999996,0.067872174
2957,1.8665328226386433,1.695668217423849,0.09158629016000003,0.012475302
2958,3.3689451417489136,0.7386358174466239,0.10134272634749993,0.22544987
2959,2.284847804747276,1.958481357782311,0.042888294095500025,0.027176494
2962,2.800634719613226,1.2162944637785549,0.06736838249000003,0.0827112
2964,28.328725178800237,5.736430747880564,0.3145896668400002,0.18576895
2965,20.943054920571377,2.049670474635034,0.21574986779500005,0.30458716
2967,2.408353441228868,1.5158854434229545,0.10629753186500002,0.059575967
2968,2.894256772530712,1.4841864061968295,0.08613100649000004,0.07755857
2969,1.6100319262450937,1.2660549167162614,0.04042971175500001,0.04766749
2970,3.070196515902518,1.8367619476519423,0.09273862742499993,0.031936668
2971,3.2037921561602256,0.98543118422983,0.06120255557300001,0.09765432
2972,2.39023226134237,2.316249021841058,0.03530858415750002,0.054148383
2973,1.7562818669865934,2.12893526483966,0.029129308464000005,0.011171156
2974,4.289565850428944,3.348215593566761,0.09631137605750002,0.036195863
2975,23.657522629577485,0.4966538232288493,0.4157573543250003,0.49337146
2977,2.875960032685702,4.753071213635854,0.12564199202999993,0.0936449
2978,32.770167628741845,12.14437717795778,1.512423959049998,0.3064819
2979,3.09705114818441,0.7193871719282565,0.035326742935000044,0.009127596
2980,3.8652740474842293,1.3935994648711951,0.11519499849500005,0.14920889
2981,1.5973678220444676,0.986573618934123,0.028951670314999983,0.02884824
2982,4.462392001482419,1.9906373736389964,0.11103516928999997,0.030777115
2984,3.589329832777263,5.059356509467825,0.24727747978000003,0.38908118
2985,6.450237232494934,4.437252846790316,0.1704655675125001,0.12793754
2986,1.6717868194292365,0.9817545608529146,0.056883741392500006,0.049719438
2988,14.101983911961646,1.4405531793546555,0.34909681928249986,0.31077614
2989,6.877734557005317,3.9152095540124376,0.152716918255,0.17804083
2991,2.4603335649856932,4.259766974570271,0.14443192331749993,0.1647766
2993,2.915284968981534,1.7386773231744497,0.341129886925,0.09024676
2994,3.89167388701064,1.8003011983439128,0.08941344841000003,0.087532304
2995,3.0367810651044835,0.7803867843380714,0.10474195786,0.037770502
2996,4.990254305379578,1.761899089964933,0.3291439383399999,0.025727194
2998,2.141305375899236,0.8226473978922587,0.06812385578000002,0.12887807
3000,2.5275767489618683,1.9875534880044328,0.10490767075249996,0.06434219
3001,1.3804294326875015,0.523908500821077,0.05973028702999999,0.056098636
3002,1.8898795309133547,1.2340059759905262,0.02723372152700001,0.04597664
3003,3.030996465616527,1.0415069046272158,0.041515946273500054,0.10936031
3004,2.3702057005369754,0.3816636455270024,0.03362815071249998,0.04434916
3006,2.5310520904421687,1.7868965706813027,0.04217498626250002,0.051802237
3007,1.7706950648036766,1.2364593348362831,0.048391946251499986,0.09629295
3009,5.915087130071672,1.4117485878143936,0.09386140050500008,0.06897922
3011,2.012608935944097,1.8104668139793083,0.06506463599599996,0.04125739
3012,6.511835279450197,10.997304797928663,0.3537899987899997,0.17756481
3013,4.716294455937638,4.5546358127630135,0.11437961047749999,0.3181374
3014,6.68754207295897,4.180252253087241,0.136286582305,0.03717693
3016,29.622893962924685,15.685387667146829,0.9249722699999993,0.8518325
3018,5.868762183477919,0.6433052442225569,0.05535129194499994,0.022067316
3019,5.215252896713569,6.277925825470245,0.24622730427999998,0.03450745
3020,7.448239948476409,2.832153077586077,0.13024023854499997,0.26228565
3021,6.722922468891078,1.1274660798670488,0.1316515567625,0.052342467
3024,2.368558929628567,12.441423935369995,0.04786045540750005,0.023658881
3025,2.9073663788531228,1.4663430471186936,0.07466378806250006,0.07546023
3026,2.9198781934565075,0.6472997120724813,0.07488901321999994,0.052411765
3029,1.4792919459106386,0.7128352358820652,0.06988415874499995,0.042776898
3031,4.611151869323587,1.106326951815088,0.338347255415,0.42097047
3033,2.3503778202329113,1.9450344192537008,0.07223712280149998,0.10058752
3034,8.02592706318302,7.583029919627324,0.09144119887250002,0.04302779
3036,7.7320742903705675,0.9140998686888644,0.07704689306999998,0.04990577
3037,4.164997654481927,2.273034276637927,0.16010305106999995,0.033267304
3038,1.8321690994117608,2.397084486847198,0.08392410631000001,0.22369532
3041,2.753040561222936,0.7259109799137226,0.08196053367500003,0.12807894
3042,8.361082257189404,0.9633762254426724,0.09476873227000002,0.010980104
3043,20.68403944846747,0.9820636417525784,0.13440289593999974,0.07027024
3045,2.465340772751177,1.0395715143717446,0.13155434857499992,0.21588968
3046,3.4464330923652513,0.869247250296776,0.09601134151349999,0.046987485
3047,2.464297848361356,1.068548073543896,0.14483613708000004,0.12191368
3048,2.8926952934312364,0.9020914692566402,0.058440704355,0.018056167
3049,2.248471672649165,0.2075553828956261,0.07877975776499996,0.07343093
3050,2.587358292479023,2.1317262679282822,0.12589284096749997,0.21188532
3051,61.75534524140332,53.25380481895658,1.1699084288999992,0.20860904
3053,6.305772025768294,5.262058879156787,0.34186208224000003,0.6610416
3054,18.930430554573963,2.3679457840761757,0.13166851086499964,0.1093038
3056,2.5357575633571114,2.382341531051173,0.03159389725249998,0.035031937
3057,7.962439203795063,2.1888511776167285,0.05279059047500003,0.07678081
3059,2.429832461186285,0.8283986388224065,0.03686473450799998,0.020226395
3060,11.373816704224403,3.4421335366475394,0.3701227618099997,0.20470665
3061,43.03494673139824,3.5961390109428906,1.9763543009699989,1.8067755
3063,3.565712396095505,2.098862011934881,0.03977791019250001,0.012190669
3064,2.464798046096985,1.068042537190709,0.11870100562250001,0.22043726
3065,4.876233329097591,2.823526932387522,0.11478327488999994,0.17395411
3066,6.265706298509994,6.731555824218687,0.16800621661999993,0.1849604
3068,5.132590884575825,0.8799649304309597,0.030935108769000005,0.031422812
3069,1.9057224884966215,0.5158545670431821,0.06627677149099999,0.00741065
3070,4.564131152505529,1.4301945394034858,0.14494996611000008,0.10566487
3073,2.7450530514791565,1.3071987221485972,0.09906284974000007,0.100111544
3074,13.790806808391205,19.218318595989764,0.3528690873650001,0.10541381
3075,5.683049675934177,0.7674657178302141,0.09432580424500003,0.13630179
3076,2.9823976224842323,2.5334040413029517,0.053884311978999976,0.056738585
3077,82.67387880439834,17.86328998389891,1.9334505931500041,0.99538904
3078,18.83578859529533,2.670650475944782,0.16515475048499986,0.10805062
3079,19.90733980025783,3.9144704424199146,0.08902868307500005,0.13996834
3080,3.5671591830207334,3.8970343240411567,0.08196930438499996,0.04790841
3082,5.237906222231025,2.971084014322712,0.19605586230500005,0.17882986
3083,12.294041793630836,36.43694698738548,0.3608495710900002,2.1555989
3084,2.9185931532329312,0.9652687216499852,0.03132457235650001,0.026764875
3085,1.7907776935786053,1.5141680695509787,0.0512823110925,0.109753385
3086,5.482144922680899,1.3593555582399477,0.2880848891049997,0.33749932
3087,1.5160768286338564,3.463323882565992,0.024510096753999976,0.011429783
3088,9.746424722294467,1.2206333956060753,0.043130918269999936,0.054501444
3089,6.324353382697614,5.4188078467857785,0.16039589978499996,0.04294842
3090,13.011521166083167,7.158499667894799,0.24489635788500003,0.10816866
3091,6.990878411900972,5.026770173027452,0.052650219565,0.05294199
3093,5.439481916222162,0.9909928338365082,0.07035256294500004,0.051840167
3097,1.7960358340345213,0.7628819532104195,0.027793108809999984,0.02669095
3098,1.6127256116576825,0.1867429906702655,0.04876230847,0.0738265
3100,3.5323663609370883,0.810306747832818,0.08407936701499998,0.16191232
3102,2.1347876294010466,1.9474180892322723,0.06127384859400003,0.055243846
3103,6.258750646143273,1.864117566153929,0.20561100966749987,0.043960333
3105,4.783654839954522,1.0706625033869086,0.07033208206499995,0.09954933
3107,4.180120794484975,1.9110085761723128,0.10191867369499998,0.08228777
3110,1.7297084360578738,1.0045686552802422,0.064920570045,0.13370395
3112,2.830879086741119,2.2254111578029545,0.066719882755,0.04074497
3114,13.801957710031042,1.1507883103745251,0.031562214972500016,0.016018402
3115,3.68388712828436,4.93131872691684,0.15725840279499997,0.46377936
3116,2.595188642939296,1.9081285576759013,0.08002439799,0.1631026
3117,6.9387843948332435,0.712801837892318,0.11000759053000002,0.060899336
3118,7.1073333298005705,2.8873406816384435,0.48007975341000003,0.45009774
3119,1.3002902092818234,1.2495741323912055,0.03367460163650002,0.016879713
3120,1.494310245691411,0.4274458285764422,0.04622646857850003,0.064428724
3121,2.232884998410247,1.1167948635461795,0.03960216153499997,0.024678847
3122,12.98676987759826,2.574485885456381,0.09008933185999997,0.08645237
3123,41.411051563521326,5.346562537846886,0.41468879787999996,0.13027856
3124,1.5184630604123273,1.4766739989567266,0.15971193036799997,0.09693751
3125,1.6723812173282622,3.4112795321872578,0.08557056527299997,0.048737515
3127,7.401533876797185,1.3442467321058984,0.2714918417099998,0.18155321
3128,1.8179869890324343,3.956122228550151,0.12556501074750007,0.14291696
3130,2.824295483598026,1.1898153422600375,0.05263405670599996,0.08418809
3131,13.460460126265962,0.6322082977723965,0.30310101963500014,0.29749268
3133,3.5262298129428076,2.138755578361768,0.11771891471749997,0.06993104
3135,1.902616074081889,1.0800746058445772,0.04723338796399995,0.028162673
3136,8.455342841987829,0.3705827098222218,0.02463340924049999,0.014886086
3137,2.0967471053202598,4.794027414358413,0.1257048717075,0.3467074
3138,3.575799354110334,2.168732472602557,0.09658240756750004,0.0351655
3139,1.7886003352010125,0.9246297856542997,0.1480227199350001,0.08047262
3141,1.6913786281679568,0.8755875114636182,0.04523291220099997,0.0349096
3142,22.348619379948694,1.49215402997686,0.12142161410500009,0.17644393
3143,2.0897743551112016,0.6476681983172056,0.04379672136699998,0.031472083
3144,2.7159724563248604,1.2012862259622392,0.07677722680000001,0.07757142
3145,2.5349035512120155,1.02768650018622,0.030041400309999994,0.011077469
3146,2.644311212094956,0.4515665579858447,0.029826678883000023,0.019272935
3147,17.99672419365236,2.337133044727037,0.18145337659500016,0.060299397
3149,2.0894635129602444,2.4827947914227724,0.06422294247299996,0.17456786
3150,2.105964093646615,1.2233566920106291,0.05955735301899998,0.04868047
3151,2.2928130538134543,0.5173433529272533,0.03629385701500003,0.018878626
3153,7.4384280995531515,1.9698317416178317,0.26562277774,0.073779404
3154,20.584903723564526,9.784770627243638,0.6490273272000013,0.717903
3155,1.7775179167609079,0.6404335542406208,0.06680905902749999,0.11620673
3156,4.065266493229068,0.4364249561889495,0.0816689024399999,0.018769918
3157,1.692797964956742,1.071100877066873,0.07128191715499999,0.059874393
3158,1.110515047830341,2.1333242956673875,0.05410518188749996,0.06712491
3160,30.9185643299383,46.31801949579472,0.5325376091200004,0.15223558
3162,1.1464630223836416,0.6547996356524078,0.03284150560000001,0.027869921
3164,2.9702879730425424,2.382940032149349,0.10697509339500012,0.02597706
3165,17.098368458615116,17.10255164987317,0.24558127953000003,0.09714746
3170,44.892289415537846,19.96422251038076,0.2470858503549999,0.29462162
3172,1.6537304434131659,1.279556214146414,0.02998417429349999,0.040848814
3174,4.253742046652764,1.7477898733369537,0.04840464307000003,0.06866823
3175,10.928345249100717,3.222947833275778,0.17167180337,0.13247822
3176,3.9487370548597096,3.6414963835417,0.14664084972500013,0.046595994
3177,3.892339922274935,8.457761319357108,0.17094678865250004,0.037225183
3178,9.963435911214582,0.3935249241767605,0.07013946249000003,0.062603936
3179,2.8910620982306927,1.6316658383845697,0.10448622618650003,0.12007535
3180,2.0151697412937652,1.264164256413573,0.0382361890625,0.043778483
3181,6.069356074476598,0.9782067686960276,0.12761685633999992,0.18490288
3182,14.996564241314347,2.224445942966953,0.09104751028000005,0.08054067
3183,2.79686040159128,3.482672138619641,0.09373761464649999,0.03126729
3184,3.411206322147555,1.23899167912874,0.08079160887150001,0.058961496
3186,2.916729895488939,1.1275143740709153,0.11249442383750007,0.072369955
3187,2.0998629518519043,3.0508997478864,0.10971117981250002,0.16949783
3188,2.568305318290823,5.112874065498923,0.07934604661999996,0.06821815
3190,2.328301034104412,2.053508643721121,0.13869798639000014,0.12642944
3191,2.430340721907459,2.4756273376212747,0.12584377171999997,0.19215977
3192,2.021574695106818,1.8759502214362285,0.044960567239999964,0.041239846
3194,2.5336522414913025,2.283076427476797,0.15125516711499995,0.08822825
3195,2.6318637254366637,0.994374155123408,0.050448607510000035,0.02763919
3196,2.6981604989657146,1.492479052774654,0.072656467565,0.14083907
3200,13.529508516926832,2.640856986314867,0.27455173493000024,0.30465382
3201,10.559265209306156,6.2289259398368575,0.4830818429199995,0.93657243
3202,2.6859058346095694,1.1895089419015843,0.07912682913000006,0.048714858
3203,46.26267093884729,14.287188568460412,0.42878706545,0.9204803
3204,2.1655726268810627,14.03332986420222,0.09407478950999996,0.13967147
3205,1.9906506948007234,0.9374886717442747,0.05053339581949998,0.09031022
3206,2.664333428913183,0.7376850142612117,0.0764494293375,0.026928784
3207,36.60576416962586,1.6529435290835497,1.421404658174999,1.0943655
3208,6.646132818304551,1.451616524174187,0.056640726365999955,0.0319158
3209,4.704605119657544,3.5632987686071584,0.22982218354000014,0.16895863
3210,78.39686816314308,52.67844284535469,1.083626211789998,0.26206136
3211,2.1378331747734296,0.9976306097863687,0.041354466964499986,0.039816946
3214,1.7580387567160392,0.7689512321934836,0.06584074507500004,0.09508415
3215,2.6702333312616027,0.6512654277436422,0.06439787154000003,0.062878795
3216,18.47081604419231,54.5740951061136,1.1815270220499987,1.4510026
3217,2.881683480263183,2.3770752794325305,0.1339897580825,0.068539284
3218,20.416104945831027,164.1521515027989,0.32821358819499985,0.1829903
3219,8.967780010217952,5.636404723011849,0.1367413293199999,0.08432274
3220,24.727295965857532,3.8947947987569114,1.18479459085,1.7634717
3221,5.405899834262242,3.770078939987036,0.2954342764099999,0.2861109
3222,2.179359248085058,1.400696061460069,0.05599481390100001,0.052177627
3223,22.05687993119926,0.7432196446721333,0.439812314,0.3014778
3224,2.3457353697476697,1.5603992799593995,0.09273112858499996,0.06496491
3225,2.452202123732897,0.957166000274934,0.06386200311000001,0.054534834
3226,4.704291965775024,0.862038358212878,0.06162928967800003,0.1331631
3227,8.85550496926398,1.911201683701042,0.2162760008674999,0.23722643
3228,5.9594825560099,2.817101790913728,0.3007502199250002,0.6475374
3230,11.94942712731939,9.42661756842672,0.5543148437499998,0.47703835
3231,3.597449351306421,2.44156984668107,0.04709071768149999,0.007111691
3233,2.8014512515499406,1.9078420513605812,0.025242511454500002,0.03112228
3234,35.06098585795277,171.25690838325406,0.4538643253500005,4.47832
3235,5.640433054706543,0.5584977244226103,0.09020158679500004,0.15877646
3237,1.2576906779872892,0.3376052752167202,0.040157575225000006,0.029528512
3238,1.8636980807133512,0.6597764458460523,0.03496459662749998,0.038384933
3239,2.6529725982273744,1.436850074959135,0.12056002276000002,0.16972615
3241,2.980822085101407,0.5940118762299003,0.08188981915500002,0.16116212
3242,11.16134789367396,7.984416902956171,0.2383973377549999,0.031534445
3243,2.6528300521393233,1.3848888770213403,0.1594571302625001,0.10929998
3244,3.6757309479201177,2.6318962522493847,0.07806810058999995,0.06404452
3246,3.7373082722352406,1.0910967981959578,0.09176004998500006,0.028073613
3247,1.6825240333816427,0.521176471020547,0.03645439449749997,0.050264772
3248,8.723833273541528,0.7093073567310335,0.031876800590999975,0.028830415
3249,43.93099631986663,57.68049617502878,3.7366091073000045,2.8800263
3250,3.4596372770842567,1.988958914984574,0.08653760332,0.04819347
3252,2.7612935433699666,2.8081639200304287,0.0896939098365,0.076764114
3253,2.00241772153896,2.6532322705407325,0.058363270339500006,0.03205894
3255,3.9807104909609388,2.062505648602916,0.06949803829749997,0.03669586
3256,25.141754805699183,9.539615904073552,1.1497863461999986,0.29522377
3257,4.228602848017581,3.656006083702637,0.25256170292500013,0.05732226
3258,4.904732252945445,1.891747035836244,0.06585824026999998,0.011702325
3261,7.935282479713095,1.909257265159046,0.1958387600150002,0.070080005
3262,14.518687568330499,2.130564168690941,0.10306309906500005,0.04826362
3263,6.034345638220136,2.1122351130130155,0.1613135671375001,0.026288759
3264,1.6965128431499639,1.094908196721241,0.05145786696500001,0.041876405
3265,2.558390963055084,1.1529727376101664,0.07067925528999991,0.04975361
3266,2.798302834162271,5.53198636101358,0.09139006969999999,0.26585567
3267,42.230378543505076,92.94309178018014,0.4165187922200005,3.5155046
3268,4.340236073392986,0.6606285421921647,0.035659315895500004,0.028034199
3270,3.494638745278735,2.222872675459883,0.1136916474665,0.22969459
3271,4.143104457340021,0.6761621059776246,0.1799036841074999,0.16613491
3272,1.5778382963553172,1.197019721132554,0.11800332531250003,0.07617153
3273,17.393795031671722,1.6160446345175634,0.18196730958999993,0.0699051
3274,1.5843570226353925,1.0938755465164356,0.0624077029175,0.062324874
3276,5.467813527258673,4.8236518841095135,0.29576724844499985,0.3212817
3277,2.3428055828004064,0.916064548594872,0.07000901497599996,0.02881757
3279,7.297144079855649,2.500602398266278,0.14743987477,0.089617774
3282,1.6756970466402061,0.7403571518715293,0.086604606198,0.16928683
3285,52.76305828579406,1.88896459776133,0.4567086617949997,0.08742856
3286,3.7549839684024433,0.7614211284267198,0.1385388999075,0.0578955
3287,7.301069106278046,2.0832103019048764,0.27588679157999974,0.05596479
3288,3.878129949043045,1.179509826496636,0.11060860492749988,0.029995114
3289,5.9416398287110646,4.78160404210683,0.19391829030500002,0.31660652
3290,2.825492979350156,9.02325744889558,0.1746141845024999,0.43362495
3291,3.179149475067589,1.0794683518314696,0.023471014368999992,0.008377508
3293,6.408249741536858,2.736533322723973,0.09091216335500003,0.07490283
3296,7.575113523483834,2.321182185450239,0.06416679503000007,0.011807887
3297,2.8819516752874974,0.5290932153912506,0.029031808832499985,0.014174615
3298,2.248034369392313,2.742138528880806,0.14339787705749993,0.14388
3302,2.492371884779224,1.9082048010903292,0.095806638485,0.0739695
3303,50.31730231545658,77.06109412707595,0.7788038065500004,3.6376529
3304,1.3320214937147068,1.805078899797132,0.08046631160750005,0.057083767
3306,3.8419349758612555,1.3783328947985252,0.165004174885,0.058868885
3307,3.2728771039790443,1.3727020015891649,0.12270497995000001,0.063849345
3308,3.129812463599414,0.3388549639350557,0.12226539131499994,0.049523592
3309,7.345682204089311,3.974574972140295,0.07433544285500004,0.13439867
3310,7.000049171740115,10.028407499492872,0.25386950279249965,0.4167395
3311,1.3019071724451066,0.6115747483848689,0.04203048882149999,0.046694368
3312,1.375504326550648,0.3494039648812905,0.05247957625749999,0.07765823
3313,2.086778634203752,1.3030831902266635,0.034138071269999994,0.030633237
3314,1.9467794791248159,5.206630342070191,0.059566705594999984,0.19514178
3315,9.032182912414731,0.696046790259617,0.15401172203499994,0.07781494
3316,3.143964765003534,6.757484469003411,0.14582079078499977,0.1388589
3318,14.58660652587549,25.98995807563009,0.4173937076100003,0.38747227
3319,2.193566988190624,2.24827971972603,0.13329301567000001,0.15406828
3321,31.277578826479544,17.11182794305751,0.5129619380000003,0.15277058
3322,2.3564656342733814,1.1492813495463552,0.07816880044650003,0.075208105
3325,2.244084229485356,1.3234830874723962,0.056914648838999986,0.06437639
3327,5.188180835822923,2.790199113095298,0.11063935988749998,0.14852206
3328,2.1275565420320013,0.9708857171354152,0.04820752241699999,0.10675215
3329,10.40726973401569,0.7896926944633675,0.35763146507499977,0.5020832
3330,5.793517494920419,5.482813643463948,0.06272859740000007,0.077801555
3331,1.887552704664068,0.6820370219585605,0.1447103382275001,0.27035916
3333,4.53006467219609,0.7661120599226182,0.04033951442750002,0.083601154
3334,2.964342056040747,1.8997977629388092,0.06577613303000002,0.07046503
3335,1.7730358588128619,0.571570523617562,0.05621301922800002,0.026336359
3336,4.342503701183389,1.040602139404085,0.06359682162000002,0.07689465
3337,3.13641234639164,0.690262434777177,0.033169209262500006,0.0227492
3338,25.232674368756513,1.988467219118205,0.23366840382000006,0.18350595
3340,21.99105031870994,2.000624911235866,0.46747744042500033,0.706795
3341,3.760333625649697,1.027075681857096,0.18165052071499993,0.3226838
3342,2.011290269622322,3.0078295330707383,0.026944154072499994,0.020703405
3343,2.2656378650923625,1.7688899615450937,0.05498537871300005,0.07673813
3344,3.3121456796150155,1.2762584703850706,0.06369143656500004,0.10619054
3345,46.47545493214821,178.35246093112804,0.5173973587750003,0.29513705
3346,9.578939148299092,5.501867625516124,0.2231934667150001,0.05734415
3347,2.710880195125284,1.0587240701173266,0.1188413604575001,0.14583635
3348,2.2397278041772073,1.4533135145566134,0.06566138322600001,0.02493139
3349,4.910745978387322,3.03496698707578,0.31385121964500007,0.57987
3350,18.928598993823066,16.97190370034263,0.13703009216,0.3951638
3351,5.327108406098383,5.161095120555734,0.20649668594000023,0.021014059
3352,3.0381056092512977,3.2941389003544157,0.047634120090500026,0.04241679
3353,3.7666351963821443,1.9177841149182608,0.10871762291749999,0.120790124
3354,1.6658097382061952,0.9129734218692304,0.046822985787500014,0.052216712
3355,3.4662384201959986,0.775917353872431,0.0321190454055,0.017302683
3356,22.575960622055295,5.04934274078944,0.28424055616500005,0.7080696
3357,6.8439928203726454,16.40536606180586,0.4389698032700002,0.5197964
3358,5.06109367863674,1.590919894194546,0.05768951814999998,0.040699452
3360,6.643049263883488,2.410066814895349,0.38804307942000027,0.41772607
3361,3.042883559498356,1.3907584970741134,0.064848547555,0.0507348
3364,2.617985925930256,1.038802235607789,0.11003072848500002,0.041416846
3365,2.978254303860756,1.7074157666117369,0.093968865178,0.04626256
3366,2.172507371954909,1.29741501099879,0.12739724819499995,0.06615772
3367,72.36221749529395,5.269070881815237,0.4127888281599999,0.48543915
3368,21.31833737640142,26.44925854643584,0.5748032155750005,1.1916412
3369,46.63821530792868,17.509838656904392,2.264218408749997,2.825505
3371,1.652785205930218,1.124355613380585,0.06191687388999998,0.038857535
3372,15.416933745850642,1.569435871274589,0.14215555031000007,0.07083725
3373,2.03084399495448,1.9618479194718472,0.07937045270000004,0.120999314
3374,2.645813299749761,0.9764033491440732,0.09276405791750003,0.15061107
3375,5.651291997920871,0.4891631320555846,0.2373402063549999,0.28849608
3376,7.3946302959585015,0.7890407545883006,0.11481106612000003,0.16303562
3377,2.0002897848098655,0.8628022950541605,0.07514086446,0.07404349
3379,2.7981426942467125,1.6577414128024142,0.15783949189750002,0.037789438
3381,38.01725451190679,1.1060811898386336,0.3551969334899998,0.26505405
3385,4.628476761169386,0.7246548440702293,0.07759614743399995,0.011523956
3386,16.234036649997712,3.567960136847795,0.6446812620000019,0.4155462
3387,4.0632711244927915,0.3671488040271591,0.06640251961800002,0.024272067
3388,1.6259724744589212,1.463520324456784,0.03422809378000001,0.027017653
3389,4.3786293865848585,3.7159021467807785,0.11962639088500002,0.03191214
3390,29.153891725160953,1.0387212230421978,0.04050913952749999,0.06764551
3391,25.588524825006512,115.15569495084064,1.5923631585499993,0.33779564
3392,2.8159100451279078,1.015092293516541,0.08376742999749995,0.13069
3393,2.7968578511447233,1.8201415306007385,0.10512705710000006,0.07526811
3394,42.939478908761295,2.1929879322904515,0.8656557013999988,0.41903657
3395,1.883934312308443,1.3567581690668074,0.18836169701000013,0.19246615
3396,1.881259313676135,1.0030382919667495,0.14732434908000008,0.024740612
3398,4.466947122670985,0.9932758769998844,0.03484260448300002,0.074009046
3399,3.8527440345122694,1.579253059456989,0.2281111720050001,0.15569556
3400,3.6104222834507254,2.064135556020628,0.1977914431074999,0.06506075
3401,2.937150794729807,0.894562878134446,0.08192679844,0.037662912
3402,2.6275775919315087,5.935702764254779,0.11800609612750006,0.11428429
3406,2.397872279408794,0.4615081346882233,0.05162759941400001,0.028941581
3407,2.534598523680196,1.349624005417204,0.11072515223499993,0.19072981
3409,1.7271173517020162,1.796853985891733,0.06396206266000007,0.10370684
3410,3.1770364238106015,1.82982397102508,0.05610762040000001,0.043775037
3411,18.24204036675547,14.568987886982825,0.36486600521999996,0.8579145
3412,1.4654867045317121,0.605381521304635,0.06125333057000011,0.044044014
3413,3.028863217271897,1.2024457786338605,0.018472702152,0.013675712
3414,1.9931506003174146,1.9827514026896425,0.07993522418599999,0.038644224
3415,7.352666137008937,1.323497847816493,0.21708430773000004,0.04299287
3416,62.69876407662601,3.2096625972433346,0.14888198953000006,0.13666035
3417,2.3505767605613603,0.6077804072307388,0.046227533749,0.056440413
3420,1.5864960389690927,1.2459341226210914,0.06533536022800006,0.14697242
3421,2.244418261732931,2.750558771560589,0.0939413958499999,0.1316716
3423,4.942806944457141,6.04885752583883,0.23836553283749992,0.3100793
3424,8.77780361311023,2.5330730239760597,0.21925532959500013,0.15809233
3425,1.9405095452901038,3.013323372492492,0.04844297241999999,0.05994217
3426,12.98289216900375,2.634381599608606,0.07895498790500001,0.21310042
3427,1.2414860312500327,0.7244108832161283,0.026560207477499976,0.010068149
3428,2.6307340632790557,2.503454191237438,0.16255770651999998,0.32847944
3429,10.095208170666218,6.659477624928829,0.3922895762449999,0.7181561
3431,4.16956086279587,0.8366677120175433,0.16507590505499994,0.11681615
3432,2.251097598709049,3.033712337661508,0.08176037032000001,0.051227666
3434,2.4098835910616625,0.5013223971289769,0.06066048656500001,0.09349437
3435,1.9175244768836899,1.1038638322059129,0.06691134458000002,0.07171851
3436,2.986315719949313,3.517456818478507,0.08984799731799999,0.1637702
3437,8.725638277395056,2.260204386518589,0.11368244378999993,0.10309388
3438,3.2781728249147553,4.691303754947334,0.18650104428500008,0.22931786
3440,1.7607021387477162,1.2269095655710105,0.05545483122499996,0.033280585
3441,5.90038873395864,3.667706245737716,0.4677858643949997,0.043605432
3443,10.29141142577028,7.872868902400461,0.11857789358,0.04179219
3444,2.904655058392903,3.459413231299583,0.06107585385600003,0.0383163
3446,2.75627159191712,0.6972148287584599,0.03934282072000004,0.011127989
3447,24.226976219124676,7.035090284438789,1.137127638029999,0.5030317
3449,1.8356342792240208,1.6779548995023503,0.05584842320250001,0.027316378
3452,2.6911857508805226,3.374636440449158,0.04584315535399999,0.15527977
3453,2.3439719115862903,2.2906054744916684,0.07916516657500004,0.04243282
3454,2.02201554507658,0.7553664600673333,0.02494025162900001,0.024890717
3455,1.9228233512862027,3.345702978575156,0.11954001069999999,0.045698255
3456,4.523189114526993,3.670519176721236,0.24011766312999985,0.2996111
3459,2.268180645378188,1.1078625767284809,0.029992492462500003,0.045088086
3460,2.703298074992673,5.225562479346657,0.11340834134500005,0.14013812
3462,4.748613484326938,1.1773655619632788,0.03674559242000001,0.019047508
3464,7.797520074836117,2.0714205343647185,0.06509796687499993,0.053106777
3466,48.25198391448551,44.705289517252616,1.2810609137400004,2.4352667
3467,4.138703407470053,6.128580512688097,0.23077704361000012,0.1223418
3468,4.849513754148239,7.647234336260423,0.1199800490625,0.03338937
3469,1.4697668684887595,0.5310769396195738,0.06815982466499997,0.03140409
3470,7.466237359122015,10.180838559460708,0.28538806643000003,0.70532334
3472,6.8358308967133254,0.6079627787483183,0.11588005236499989,0.06819326
3473,4.4873382579531675,4.342185112262226,0.2570804759524999,0.13451266
3475,34.7290227252069,20.273488791957828,0.094037986355,0.19512872
3477,3.498642411063333,3.437395144165972,0.15863518363499995,0.065560095
3478,7.676223382900922,1.6623900649417953,0.07827508651500002,0.11856235
3479,61.784744310288154,42.27828609642344,1.25550571868,3.0218468
3480,2.1281673443928564,1.2566245616646023,0.10971299599000017,0.10288454
3481,35.28756910980196,2.5989487971126,0.1107640850549999,0.21347629
3482,2.179608417266256,2.2199384384741494,0.08420719063750004,0.04751628
3483,2.576549903037815,1.819038969714856,0.09497206126749999,0.10713787
3484,16.278892033939794,6.503506863523795,0.25117980199499984,0.4760236
3485,1.815728359221193,0.3236563279530761,0.063454115319,0.09589948
3486,5.8533504496789,2.8629283018304794,0.04729383130400004,0.04458438
3488,2.4400272416313826,1.4880380006935003,0.12113192574999992,0.23023209
3489,2.3141228560364553,0.6231025035319543,0.0413365290095,0.03277312
3492,2.2828153092048673,2.11387576828894,0.09885878121,0.045468755
3493,5.629707570650669,1.916072852148368,0.37454749464,0.22830744
3494,2.1381977721722434,3.156526101379209,0.11752208828999995,0.17475572
3496,4.417976439090565,1.1572940554417608,0.11584276177299997,0.1591333
3498,5.575064731057983,1.3774698725693788,0.09228676316299991,0.04002034
3499,2.034877509255609,1.2448966314727925,0.05947027321,0.07326881
3500,4.271564317642927,1.5533578801053367,0.06349371152999997,0.032831073
3501,9.121187813752112,1.2589080982332892,0.09833181734999993,0.008280537
3503,3.8065226396595646,15.695302441847453,0.07585418592000004,0.3545988
3505,5.345053280718865,2.2720397296574864,0.11783121618499992,0.028630223
3506,3.3779420195035135,1.6163177792437988,0.11455385168499989,0.12578203
3507,2.4114452395353,1.269427926060838,0.07017393305500001,0.079896055
3510,3.682799649251167,1.047620400437205,0.13201487897000008,0.12497543
3511,2.2673419849974357,1.0131416046386352,0.03265017555800001,0.04336225
3512,4.835283025167437,5.461575977285122,0.13367430224800003,0.08266189
3514,41.44579015869385,117.36751728940771,3.247054897400003,3.1259358
3515,10.108282928597323,3.221891312269049,0.28952008121999984,0.46182877
3516,2.681049165344137,0.8342547977649102,0.05514533944500002,0.058338437
3517,2.0852971248837484,0.8197648614099402,0.0907582195875,0.30841383
3518,5.214018697586069,1.7375393380526392,0.05517099179050001,0.03474791
3519,11.943494787275238,0.5045808469646886,0.06152008578249998,0.025359709
3520,4.777128885111587,1.530672854547488,0.07933784321500008,0.037645
3521,2.069387306266525,1.194128654433167,0.10240693829749993,0.23448102
3522,2.059105532122084,0.7356716521246967,0.055774567011999954,0.0059456145
3523,5.5904048797753925,2.036797365258417,0.16921837957999997,0.16176601
3525,2.200437217959281,2.062731229564221,0.09456168822550003,0.15419942
3526,5.932643519521858,1.5220202215484886,0.09653589433650005,0.012176084
3527,5.532879281500269,1.5903525918614223,0.10348551516999997,0.10130722
3529,3.0219039306362214,2.984390729608738,0.10933012726999994,0.07737084
3530,1.7198425047522863,1.281727904513606,0.1324234442499999,0.044919662
3531,4.406382329661228,2.961669481404465,0.3791055585749998,0.25453487
3532,9.281943924239664,15.280435641760205,0.3517279734450003,0.30863366
3533,3.998254000593691,2.177878356597315,0.09424137125750008,0.09249238
3534,20.103152392667315,2.7358601360313406,0.05575103372,0.049456153
3535,17.710473174541857,4.258065331869175,0.28719864924000005,0.3860356
3537,8.933945302161472,2.9645809527133338,0.05860103372599998,0.10243609
3539,8.064546824883555,12.673247817419272,0.24297418680500002,0.06326794
3540,29.146510203775424,10.901539389571928,1.1312719152499995,1.366273
3541,24.591630082217172,19.89545597664244,0.1480220424749999,0.26169863
3543,2.778118367817902,3.59528660864712,0.07727171919000007,0.10000444
3544,3.3276681440190554,3.627882393219061,0.09232422111499991,0.06355616
3545,2.445740585532219,1.2290088842231035,0.17784021861750005,0.10454656
3546,3.952079731754809,0.8853398820625704,0.02972239690549998,0.074845105
3547,2.191877106572967,3.2107573486457333,0.08722583713000005,0.06324619
3548,2.3555648302747962,2.2783062432609325,0.070706262745,0.12984698
3550,2.6138814232537935,0.8050792880446522,0.053304797755999986,0.06228239
3551,4.366840750909875,2.482992462587498,0.19492190658499997,0.21735193
3552,2.9706716500408255,1.4072348269948542,0.08810130908900003,0.064714946
3553,6.285657699727034,1.1904073105482258,0.033605891837500006,0.019946832
3554,4.736315791291751,0.3071527495387933,0.107948162361,0.07905021
3555,39.027462717702434,14.153139715768802,1.2560376996799998,1.0123376
3557,7.480307043103092,3.0168824322540253,0.1819010366375001,0.24547023
3558,4.138467495531244,3.204316498581757,0.05028702790650001,0.06078896
3560,23.323157933614993,2.5390268395858238,0.25516370963000023,0.15785721
3561,1.8070867413546137,2.858291717319012,0.037266334223,0.03098876
3563,9.665460179994323,1.0223859351017013,0.15507783414999993,0.09109073
3564,4.919355644707207,0.3472847802652412,0.055949288841,0.09063026
3566,1.6881208923572026,0.5542174495324758,0.046887167145000005,0.021784004
3567,3.7338635674639433,1.0392843878899654,0.035566553044999984,0.01460009
3568,6.9261698043440205,5.025940790156194,0.14476657433250006,0.12725793
3569,6.90286150014604,1.2397811559543872,0.19057932303499991,0.24715146
3570,2.6623218017175403,1.5930198649179506,0.08583062300650003,0.0134371165
3572,5.366642285312256,1.2645894080509552,0.03302229215399998,0.11578523
3573,29.453940561467704,1.1665170983907318,0.07610967721499996,0.030060327
3574,2.1564664503131503,3.689311607968021,0.16985126491500002,0.05041992
3575,2.5812138061551098,2.130804881732705,0.16407524222999995,0.23936094
3576,4.017592330390489,0.7757755757722768,0.12721502148250013,0.12817481
3577,2.380379736025186,1.2305821973078483,0.10672664667649996,0.025686039
3578,4.950299994509091,0.1217825282161198,0.07998802774000001,0.053552307
3579,2.4997938463174383,2.554869665868513,0.08823710501499998,0.063150555
3580,2.760952086684057,1.537576003324845,0.04617319377749998,0.040198736
3582,17.798673196342392,0.7043382580690023,0.1059577955600001,0.13498393
3583,4.355624856092629,1.963042807022704,0.10838802471999999,0.16407306
3584,7.124294572143635,0.7405496183580013,0.21329460141999979,0.18738644
3585,2.776992838882996,8.764729652420503,0.04639074644400001,0.032118805
3587,2.149770909398853,2.648761132702251,0.05210651937150001,0.06951174
3588,8.019452049241842,0.6502767756588641,0.12420558602500002,0.19937445
3590,3.3396731920029588,0.6449959145320264,0.0753149224865,0.05265285
3591,36.95881399373649,61.6523438269293,0.4999424205999998,0.257817
3592,34.42539944692135,4.373087847919176,0.38798706678499983,0.34055796
3593,2.2979477001682413,1.104810317003946,0.05721631182000001,0.11731756
3594,1.510708606415352,0.7223076724101261,0.034464280712499955,0.04895681
3595,2.3319204884039832,2.8231001413033496,0.06047242856499998,0.072864234
3596,15.811051840675034,0.430118282088636,0.17267721305500003,0.19245657
3599,33.48454071018614,9.975396066267583,0.4203545745050002,1.6877929
3600,3.5561335144504294,0.8291185658966421,0.053872379900000024,0.04577903
3605,4.875445903658062,2.0874238129847438,0.09166200142999996,0.21468452
3607,1.1724504263659212,0.5558351779185616,0.038130488593,0.023855811
3608,4.658442628865805,1.7079957702100494,0.12410572294500007,0.14373536
3609,1.7849989924071585,0.6672773244853347,0.11399432853999995,0.123391055
3611,6.680476117967277,3.5255298889883986,0.17269924582999985,0.10584126
3613,16.83559261079794,5.714048858136015,0.25512485141999974,0.14426538
3614,3.5923025623386966,0.8207092904569352,0.05450107903000005,0.056864545
3615,3.8943120242470717,0.970764668075559,0.08597560708999996,0.045908462
3616,8.930937921766995,1.904417967328241,0.10371899866500002,0.17717619
3617,6.346219482403627,1.0852995790618412,0.1966197470199999,0.2013858
3618,7.376002124797235,3.6261726682566415,0.19269992044250006,0.13832293
3621,9.133394649660625,1.769337450339715,0.12212178657499996,0.15647624
3622,1.5541317418151563,3.198633986786006,0.062209425326499986,0.12645347
3623,2.783943050156197,1.4041566167916524,0.063396670045,0.20430233
3626,3.5663691153622024,1.346611093657705,0.05817888489500004,0.05474908
3627,1.9241896355544779,0.4487429981420648,0.030728278017500017,0.013570127
3628,3.010031232558448,6.527313446492256,0.06862391699499999,0.033126526
3629,3.0183990820775115,3.392950383304518,0.07479783889999997,0.06726328
3630,68.49196507888301,136.656010510803,0.8765489330099993,0.11556163
3632,5.9612482611258555,3.835159616181061,0.23736461831499991,0.11038697
3633,2.369731913780653,2.5928714255115985,0.0638857235425,0.05109291
3634,54.54332420552325,51.23787800696667,1.7490802823200016,0.35111633
3635,6.731501468657412,0.902156756830597,0.06060780556500001,0.02603947
3636,2.044086928924664,2.802897093742405,0.08798970939150004,0.03603985
3639,9.534440373080596,8.690254709711441,0.52383778311,0.52377605
3640,3.888577186632388,4.05500739002195,0.10087023156999994,0.09840442
3641,11.796582622388266,147.58441716953422,0.32490553090999974,1.1853113
3643,7.901143058694307,5.495378658745602,0.41700531740000024,0.3352877
3644,4.520320449145235,1.1171822143294572,0.07280300982150002,0.08912485
3645,4.4308862409261165,3.843748269024583,0.20442347148499995,0.26625165
3646,2.2291272591426625,2.2351148970027266,0.1153340596965,0.04862516
3648,2.2895803178130114,1.9389207864738744,0.055841497158000006,0.18600737
3650,1.9628464423006489,0.791370010110118,0.1067956043175001,0.111251414
3653,11.80651995246687,20.088316942476236,0.4059265022000003,0.53545564
3654,22.815722940835546,2.1646459075098194,0.1175376571799999,0.29492497
3655,1.792891451504823,2.0705308467712147,0.04259305288750002,0.022448834
3656,2.600194847302816,0.8962227719336725,0.05759609501649999,0.07667312
3657,2.3584826579417753,0.8781380707215529,0.05303076241649997,0.023472449
3658,3.6185059379686653,8.228294329890316,0.10704072302999997,0.15935035
3659,2.349545098015709,0.6306495592826565,0.20287567221750005,0.0934715
3660,3.7204193605382767,1.1539456535870265,0.16664458697000006,0.1482162
3663,2.5575032462904184,3.633881090538509,0.16335266372250012,0.2935812
3665,23.44738180691796,7.107696080199818,0.4232571690350002,0.22404458
3666,5.54204790176258,1.7939395931089523,0.052963636065000014,0.03774939
3667,1.9357474864721431,1.2154342866147223,0.1333951396800001,0.041038122
3668,1.508294327325467,0.8118950529573269,0.03156960448400001,0.02272527
3670,2.996622627398301,0.3094890240019432,0.034833273905,0.04035724
3671,34.73730600265875,23.229802705491004,0.33878908775000016,0.10820065
3672,2.086000217035145,2.183405345074478,0.09975496344000004,0.15183274
3674,1.6103525977959727,4.188650779400311,0.06793815743,0.20601645
3675,1.9992715403261085,0.9512482213220466,0.06660003537099995,0.026997983
3676,38.27308114705214,1.7349055503376485,0.398156033335,0.3605374
3677,4.6171785637992135,2.258652139715433,0.08862410463000005,0.035738397
3678,6.802873276823501,2.7838026619661123,0.05338640761800004,0.066232935
3679,1.9690538190687048,0.9979507860067782,0.058672378317999964,0.059255082
3680,2.973817740995546,1.4662141394687176,0.06346151421999999,0.083460055
3681,2.171968172258379,3.901764745187405,0.15578658968749984,0.08611425
3683,1.9232941998606876,2.5734252905163126,0.09490262484999996,0.017863715
3684,1.7467396820285475,1.0548738213539537,0.0392521408655,0.08437296
3685,4.773832943423251,6.035381027721575,0.29989112663500006,1.1155652
3687,69.21979811827494,159.25753755497334,0.5630830705100005,0.39260486
3688,3.4384590879804127,2.2461524997110094,0.15005763012000004,0.10709834
3689,1.5971723133778764,5.381809582649796,0.05846116051000003,0.16050906
3690,9.223295865706296,5.325476263967807,0.07295865362000004,0.0648915
3691,1.5987467449909383,0.4902848590628646,0.08010426770150003,0.025729854
3692,2.3459101031619354,1.0731140417178042,0.047702182668000026,0.07310548
3693,6.445141215344426,4.5055712161512,0.24769346028500003,0.15883958
3694,9.24202552069533,1.1680390444286346,0.053714559941500005,0.021977259
3695,4.292702554220717,4.323660130956126,0.20828494649499962,0.19330192
3696,2.1166919093616157,1.5252550303024923,0.04469314394999999,0.024288464
3697,4.899412325235421,1.1600806526685818,0.113912605885,0.16444784
3698,4.22791452507889,1.5190205841718745,0.09144103807649996,0.02898342
3699,4.173143052488992,1.7152210804103811,0.07493251069499995,0.054784108
3700,2.2490998944742637,1.0671366068999062,0.09475030595999996,0.03923001
3701,2.3498046720040597,2.273064668507211,0.08547303873799997,0.034094222
3703,2.2750018856415655,2.041406204178573,0.051263535402999987,0.1293909
3704,2.206095463524494,1.0666337160703272,0.03248700504900002,0.030728383
3706,2.353333752307262,1.8507706509610469,0.10253598962000007,0.08622362
3708,1.7532392530173329,0.52219757004157,0.034316033536500014,0.0317538
3709,5.953996879603291,2.87197427993234,0.2089207171599999,0.24138528
3710,4.7395542233257935,0.7070568406977294,0.15052695719500006,0.3089283
3711,1.5442175173067192,0.4506390836877884,0.04175753373200001,0.06807873
3712,1.4277559105261586,1.1105565030390103,0.056420278144999995,0.07047489
3715,3.603171788796779,4.467759391626519,0.07315239126,0.17301035
3716,2.4930298619320546,1.5941137015566804,0.13378083661249995,0.10793922
3717,1.6817739669217735,0.582442177862562,0.06981467470400005,0.07883938
3718,20.409468723190745,2.5893911768879203,0.0510861101875,0.071979575
3719,2.479544513873941,3.7573701145060094,0.24820321816500004,0.35258088
3720,2.5843698883639172,4.784603671617672,0.15222479269000005,0.268702
3721,3.704812115092746,2.3942991283698416,0.059657495913000035,0.03301422
3722,2.1243633106798954,10.455280167129589,0.09089120059999997,0.043930203
3723,3.7965585969098528,1.5866861754545387,0.10509646695500004,0.09891148
3724,5.637229851434995,7.130116655218405,0.2918642182275001,0.27131867
3725,3.2943762137968724,1.105910988303337,0.0995957289250001,0.077864096
3726,4.261507793845182,1.8449129112931888,0.041134057676999985,0.05107548
3727,1.4389191573815894,0.9132687292526508,0.05144635505799997,0.07429892
3729,2.042111078599147,4.095209140008503,0.1257005328074999,0.15504846
3730,5.349886878049809,0.9132209463582368,0.06781157099000007,0.029248068
3731,2.5804643395208378,0.5105901855491538,0.03220022437249997,0.021178573
3732,2.7119647507159454,3.586826502040673,0.060019682597500006,0.094907574
3733,31.27648080409176,37.22951391730388,0.5427189397200006,0.1037495
3735,4.480563117217425,2.0672309439939838,0.40407578082000006,0.53480095
3737,74.54326842406128,120.22026051696544,0.7605791122800006,0.2778629
3738,3.599175821641531,9.113114838556164,0.0478312204925,0.116661906
3740,3.137601881085788,3.825070361006405,0.1457796911424999,0.13592708
3742,3.0613887484385334,2.0482823861795376,0.040428884699999994,0.030712835
3743,17.646950166023156,1.6072193182212795,0.14129430627999995,0.1008917
3746,4.665931435984133,7.40685935336439,0.16736303280500006,0.0890891
3747,1.8175951290312429,0.6572851113035567,0.05386444069099999,0.04844833
3748,2.619592402397098,0.680629927932073,0.049648256272999965,0.06531326
3749,4.134236880486609,1.2172909074190184,0.18988247338500003,0.08343948
3751,2.4079614272825647,1.5714534826289397,0.05728984306999996,0.03852442
3753,56.91545055785578,30.642800182762457,0.6270266163000013,2.1076674
3754,9.472739405901683,0.7727785978922022,0.17950582869500004,0.22892985
3755,2.9594408902603884,2.31269569199932,0.06416997057999996,0.02451638
3756,6.050714511833487,0.7113033580875163,0.06715937814999999,0.019393712
3757,3.9475871727725935,1.5062788949205903,0.12861945072,0.11526405
3758,5.914137153601051,18.173793136769664,0.054571194214999987,0.11529042
3761,6.354667080404739,1.0108267370830608,0.11587926864499988,0.15961027
3762,6.1387741229543415,1.765805618070727,0.16904409040000004,0.1669283
3763,2.045339016622962,0.4115854485425849,0.034609642799999986,0.03151182
3765,9.88796253468537,2.4056074299181645,0.12072886152999995,0.18229103
3766,2.0866859220428493,1.776055076666739,0.08584701555699996,0.1027054
3767,19.316233296182677,1.7585218439247592,0.3657467284300001,0.4698492
3768,1.471585880389774,1.2275094522037693,0.056695418142999984,0.024354164
3769,4.271791208863769,0.5023005196100316,0.11034601851000003,0.06568536
3770,6.494442077564576,1.138109773410208,0.17528824790500017,0.063033886
3771,4.542172706522203,3.010845985269277,0.10138926999000004,0.13817447
3772,19.926639594867364,179.24417522095374,0.1820515081900001,0.2778319
3773,6.225094925313638,1.3826906864387465,0.04918765531250001,0.007220845
3774,3.030534162843279,2.3167691537385227,0.05336545692,0.048574995
3775,3.8334986062176126,0.7416860181024677,0.06907669344500002,0.07293601
3776,38.53037651225453,0.4598571597736715,0.3994468551750003,0.30363482
3777,5.093125964178354,2.051669138142723,0.0960439283925,0.059368
3779,2.1933562545183394,1.556995912812937,0.05502605263000003,0.043757074
3782,2.4084650609717433,1.9196305313495745,0.07795127472000002,0.06441756
3783,2.935831747319857,2.717272675418921,0.07588024748000001,0.040688038
3784,3.317908932003911,5.587045892928026,0.12832007227000006,0.11183954
3785,6.107791170774995,0.984628294803236,0.040066694918,0.12298705
3786,4.381571590628909,1.6431205816657537,0.075601639075,0.056704316
3787,3.010735189824146,0.9662779282524624,0.08377793876249998,0.14310014
3788,7.9539829049184405,0.5854441393932469,0.09042186679500003,0.013113311
3790,20.400008460396347,13.325025238246765,0.25401201126,0.10780827
3791,2.6930979676258504,1.2879915890245055,0.050188037494999956,0.2208552
3792,3.1572439186468544,1.0775767009357249,0.06918827925600006,0.111805126
3795,15.231146936177119,10.906608308403271,0.25850620869499996,0.32418853
3798,6.196809587070906,1.1862079523413198,0.0513126194,0.024364645
3799,28.690936147111433,0.4914533474677016,0.08648091683500005,0.107323326
3800,5.14897867651938,5.38858806766297,0.05883761595650003,0.20886092
3801,11.613817172571,5.856582064282676,0.12478809581499993,0.1651775
3802,2.0388827181441034,1.063643356844708,0.14165725931249998,0.14596376
3803,2.7354667906398022,2.5253693093148826,0.08925618887650005,0.1106573
3804,8.491786560538113,10.589675945980312,0.3511068306299997,0.28256232
3806,6.4883704725798665,1.7207443308886323,0.05577660112000001,0.067731924
3807,20.205462601064486,3.115182154519964,0.5799869229199989,0.3100226
3809,3.38852552714578,6.662559298908871,0.08490796193399999,0.0774625
3811,2.4871289218826558,0.5061310618366078,0.06718915478799997,0.032485515
3812,2.18214938474302,3.06882197537158,0.08005935668699996,0.015998509
3813,4.371561253616576,0.5755451900079618,0.03798298139999998,0.055781182
3815,2.655066572770299,0.6215465241256085,0.10047420526999996,0.029991828
3817,7.716527210780766,16.76687363806854,0.21804789758249998,0.3373198
3818,3.079749058553509,0.9560879795177656,0.07278841805000005,0.051153317
3819,5.448422950527738,0.7074006343530703,0.20685916722999992,0.17881784
3820,3.563479903000498,0.9548785004282097,0.037607992287499996,0.018892117
3821,34.32121031677611,77.701050950967,3.3225680336500028,4.149794
3822,3.544102757355294,0.8050987288198576,0.032076673197999984,0.030326942
3823,3.793314550768253,1.2221250754688209,0.07395964719500006,0.05841833
3825,1.8655958459980233,1.9351433159619071,0.052713268263500035,0.058713846
3827,1.5418579452849392,0.322103407935861,0.08328875272300007,0.0642484
3828,3.5603275991694683,2.150901665103641,0.03622751027999997,0.06408258
3829,1.8503008637386602,0.8432867130475753,0.05058431216499995,0.04212015
3830,3.1919264515708345,1.908727695129612,0.12783216767999994,0.021441745
3831,24.386596111289833,66.021352442996,0.3788197958500002,0.30270466
3832,5.244982391758262,0.9831038600077588,0.05857885561750001,0.011263194
3834,3.55870255519398,0.8701588157922221,0.13807935680000002,0.070837826
3835,2.7528791466259173,0.8635620001607621,0.03839707109499999,0.017274117
3836,8.562619590394885,1.5522526635873397,0.06699509050000002,0.060979575
3838,2.633962764667757,0.9663921078856088,0.13109248728000003,0.27787533
3839,1.8918140901875895,0.3270983496174395,0.08471457653500007,0.09089973
3840,2.982297402979329,1.4200343125101864,0.09112805036749999,0.05986587
3842,5.996208084210114,12.024681305273658,0.08389814003499994,0.1618001
3843,2.6805037345283584,1.5614481444343191,0.024096324950500007,0.032181785
3844,8.203577937151815,0.5427532884833688,0.025247164742000002,0.028977945
3845,2.8325131021272387,4.6935974582456295,0.08484406996499999,0.066795535
3846,4.490951916845319,0.2203550867652664,0.0935331440175,0.016112477
3847,2.744464714318715,2.902724036482169,0.04129789109499996,0.053283423
3850,6.032322655229733,5.533109159152838,0.2548826582524997,0.16361678
3851,5.25961164720589,5.3696444109259085,0.06732829113049997,0.051933806
3853,4.5167938262821385,2.0177974279036497,0.100478348985,0.15831394
3855,35.25934509869021,8.829101687270716,0.2583076976549994,0.06379211
3856,44.96353177845614,6.408119872344845,1.38239753095,1.6731216
3857,62.08449668935604,5.160127363340658,0.30420465631500015,0.6241943
3858,2.9487905974270983,2.62085595676979,0.10239408958250003,0.04113697
3859,30.814630802878686,43.63642525646222,1.481329443109999,1.3878083
3861,2.229383757832834,1.234884029356487,0.066523323535,0.011526144
3862,1.585885607341132,0.9081928057738272,0.05814544706499997,0.054897055
3863,3.0072290423817067,1.228273791568685,0.10403063610499981,0.06130891
3864,33.018655577080935,87.17596013179305,0.2973670308000002,0.18398756
3865,9.638533671091507,5.700791516722837,0.347545314855,0.2680675
3866,11.817350061834084,1.2133212848056196,0.28527081851000013,0.2873242
3868,2.0651610816557544,2.411412962710552,0.03512819003249996,0.030773586
3869,2.343922166729282,1.5794274101281989,0.07736550808500006,0.027896212
3870,9.390004318732139,1.3992861207941267,0.08417878714500004,0.092099525
3871,5.331055820312153,2.59609068682904,0.2366382813524998,0.05884001
3873,4.763101896849141,0.1808141891598817,0.13753122254500016,0.04330297
3875,11.357677815560713,0.9302155064280636,0.06551486906500001,0.042075973
3877,27.20819043840483,43.60433956821833,1.337529213049999,0.39020535
3879,18.624741826383953,5.405357842203482,0.109413004865,0.11479198
3880,2.575908040521314,0.9035441391063854,0.06520415489900003,0.04146421
3881,1.897554276559676,0.1660154193940087,0.055698626205000004,0.046344113
3883,2.299442596521356,2.038651154260439,0.14086667229999988,0.09142681
3886,6.85796986190655,1.049832686410057,0.12384933863500003,0.11525416
3887,3.2238645507039587,0.3966794333926303,0.07442938261,0.05928666
3888,5.028956710190788,3.9007957913454434,0.21730519843000015,0.20929237
3889,6.534523537196125,3.37767060761711,0.07260600719999996,0.01714813
3891,2.9624650544887765,1.1812680936965816,0.11635938775249995,0.16191137
3892,1.8587228012407702,0.3117752303572183,0.06663910979000008,0.030719124
3894,3.0084930972136563,0.8305854494775992,0.07006796208,0.060291175
3896,11.765780536336674,0.7454334041961752,0.10701413758500006,0.119804665
3898,6.769092839319894,2.437400432354134,0.11968081718499994,0.11350166
3899,5.6188735551835896,14.146186467397186,0.18756783634,0.15135878
3900,4.774532739618103,1.652983396208137,0.06868820925000002,0.021354385
3901,5.065250703568159,7.891574481863778,0.1073975551949999,0.060359526
3902,22.633711640915063,1.2429866135798713,0.07066603873999991,0.022025106
3904,2.940480901095759,1.171163962296967,0.07884835257000002,0.19441846
3906,1.7462489792290299,0.7167322530851793,0.0639395465750001,0.07048071
3907,41.97390124003358,3.671453092920586,0.4506132842649997,0.065270886
3908,8.750661078500578,0.8280799947470274,0.4216551982799999,0.5254567
3909,7.492746296797895,0.3972546037243312,0.23511063071500016,0.18767439
3910,2.8236537116025677,3.8425753085345264,0.09164813549499991,0.1627157
3911,13.051110032296977,13.096156897268216,0.13113060360000003,0.40022522
3913,14.691822220588003,1.7995193665113876,0.27836858905,0.16139466
3916,2.216783197562764,2.405162802075947,0.08581420145999996,0.13531907
3917,4.94675749219107,0.6355323790543489,0.11641967052499998,0.06192016
3918,42.776176996579196,4.577376418835066,1.6088506389499995,1.3160745
3919,3.2616603329122613,1.4754028559017964,0.11233909949999997,0.06638793
3920,2.4443102045659284,0.7105146895058719,0.07000297010300001,0.04172014
3921,1.5245321068083764,0.6776842417845518,0.029664987735000002,0.010629806
3922,1.6478696709214864,0.966274287697986,0.06134154529500001,0.03800865
3924,5.703053570787748,2.602425725476711,0.11144739018999994,0.06952849
3926,1.7343521682656495,1.121625589667666,0.04700648584300002,0.048444375
3927,11.654082812627514,3.323769205946764,0.4743217930699996,0.15849689
3929,3.4843407635673946,1.630762114752063,0.10317638324649989,0.020206016
3930,3.4424287106572127,1.0958047794605,0.019365793486499985,0.025523655
3931,2.179978984245635,0.8625269833334823,0.033752040505000004,0.036530808
3933,51.954534738390706,122.08282527744684,0.3491690046350003,0.37181002
3934,4.146077091747718,2.447568335234072,0.14514017729249998,0.13743347
3935,4.673369699799558,4.84061285656719,0.18113692086500005,0.25941294
3937,2.4598478699986326,1.397211714135577,0.08523981096799998,0.036681842
3939,32.29080216844438,2.600317110027131,0.14463376073,0.104970254
3941,2.042770462448833,1.6496232106618505,0.05914036139749998,0.021931132
3945,5.396739322276455,0.9737569575110282,0.08736979177000005,0.116395004
3946,3.1134438382816803,0.7997246867288981,0.05949656477449995,0.02767624
3949,3.182330208534204,1.1343672652928918,0.017185392720499987,0.03671914
3950,23.86602615308565,39.299345840447685,0.6393515588,3.8467317
3951,1.7626164075861734,1.031608248495502,0.046164450335000023,0.04376802
3952,3.0446669827338404,0.5724433510420908,0.08530272577250003,0.11901811
3954,41.399571225523694,129.72344336055926,1.2057791773500022,1.7766373
3955,1.6585214036431524,0.8601891796729328,0.05733410793299999,0.0316601
3956,6.830539428506587,1.6453128816853877,0.31511744886499965,0.28258723
3957,6.329620179375645,2.941681323889985,0.20441412426750014,0.080274165
3958,14.380814537953151,1.4550620514905583,0.13344777089750007,0.106964804
3959,4.698538075477208,1.11107025607567,0.09446368757499995,0.039499167
3960,3.988372043764095,2.119249937230153,0.1958032437100002,0.029315127
3961,2.953868410206951,3.358186496273849,0.3137043548299997,0.027015883
3962,3.5304858660113974,0.7350530602046675,0.14157457734500004,0.18004553
3964,2.136405882123881,1.0428311069267011,0.14032023513999997,0.24263549
3965,2.7001921170449363,7.682852131288291,0.12323910468750006,0.166053
3966,3.153401452157797,6.083085391233007,0.16328216533499987,0.30665475
3967,10.058143353977059,0.7456740681763306,0.055295074309999984,0.024581492
3968,2.1589087971013896,0.6544228226257788,0.08146374602250005,0.051130716
3969,20.35511243984355,4.1209182824809325,0.11476763977500004,0.033670556
3971,27.631963973265066,1.5481186350304206,1.6720500574300001,1.5201646
3972,10.17692761496756,1.6433018119335654,0.025368909963000005,0.026188161
3973,9.542370744338026,7.921837095322258,0.17141795477000005,0.16819383
3974,4.083601427930397,0.8615745667064154,0.05758932618000002,0.04141879
3975,7.820440961658847,1.2462491381749017,0.07014549129999996,0.0860729
3977,3.9765104967644374,4.9158211608468365,0.08484892695000003,0.24041064
3978,6.8564955998709465,9.100729236499658,0.2810187459175,0.05005802
3979,2.6888135912095557,0.4697610676238395,0.038154367146499994,0.030751282
3981,5.496911258069416,0.572742507477164,0.09413605223000009,0.092262655
3982,3.515991900904279,3.3927792733602318,0.21894413698499993,0.15239573
3984,2.45148303407011,0.6773726739396425,0.048681627417999994,0.099428795
3985,3.8342926667734853,0.4166230252676774,0.08396257238250007,0.02986183
3986,4.811580671664199,2.7215726827558946,0.09405425690000005,0.118646964
3987,3.4186415714830196,0.3705562610942307,0.022518020272499984,0.019817209
3988,2.0373503615392363,1.7291982363398823,0.054668608424999994,0.11350165
3990,2.3734232055906945,0.5282330825619963,0.04356870205999999,0.038457677
3991,3.760562082527439,2.9657480722384384,0.12776052570499996,0.15422192
3992,1.8077160441442848,0.9640555764053031,0.03469628957999996,0.06444708
3994,9.830965225831783,13.26174681110692,0.2680590494299999,0.71429956
3995,7.59222943985104,5.640452467918573,0.3191639055300001,1.098677
3996,3.1564226103903734,3.166398752879924,0.04787329410499994,0.026319986
3997,3.4244991807702707,3.0054396932391074,0.1155292688925,0.08065101
3998,1.3751625525290398,0.7185807312573136,0.06366773112299998,0.053364642
4000,8.52735482474337,2.174047534050184,0.2013745304299999,0.18612051
4001,15.138574847957429,2.184905948224295,0.12986032264999994,0.20677298
4002,2.5978778072458892,1.0058620813982335,0.12212372438999991,0.030499492
4003,8.208395175428285,16.580623213658633,0.5139299584999995,0.32180008
4004,3.349734055136326,2.140428722679001,0.04144076015899999,0.03724976
4005,2.1191353966718354,0.8183939188644798,0.10262860466000014,0.1529356
4006,6.386447344141834,0.8484005534591162,0.05129785693799997,0.11548687
4007,26.419640345030015,4.51587092833806,0.7856083392899997,0.9417164
4009,4.305230973877281,3.422378685609708,0.21116999210499987,0.5366782
4011,3.622671749453772,0.5489975776497857,0.03996133057000001,0.036524333
4012,3.9227630391350448,1.413583924517407,0.12192667558500016,0.25544763
4013,2.6543764844077775,1.5877474169511907,0.11018820294299989,0.08028018
4014,3.605262995576997,0.7471305712952965,0.2378458787074999,0.09732279
4015,20.29840207833728,0.3922638502401049,0.10914376462000001,0.09945687
4016,39.131406780120145,177.50442319366158,0.4394790743999999,0.29302037
4018,6.375609348829371,1.3565473847779796,0.23465650191499995,0.06903386
4019,4.396940869103878,2.1899144767914898,0.17481474900500005,0.07353339
4020,3.473139316243815,1.9790364951906023,0.17351504701500006,0.074839465
4021,1.8711068969312685,0.2534669182400095,0.06919447545900007,0.032783337
4022,21.032637028619526,2.0169408047512065,0.28676930790999994,0.11667247
4024,6.21663557894652,0.7671309930574164,0.041477021607500025,0.0336448
4025,1.563527184712485,0.973946193517232,0.04883046638250001,0.022614539
4026,25.502492417893787,9.429511098138253,0.1335310240999999,0.11975869
4027,1.6445118097617497,0.5884379927522331,0.03609805390899999,0.033837985
4028,7.989737614672793,2.7079055693634526,0.2208437915049998,0.18020776
4029,3.9928383882644782,0.96814677827538,0.07811662243749995,0.1681124
4030,4.578370127921118,3.052802393453739,0.12897942113999997,0.04008365
4032,1.6140676956830333,1.055282616605978,0.08306987212499996,0.034129
4033,5.68482599390625,2.503820465540297,0.097209973615,0.16152701
4035,1.8968284407172564,0.8608750951592362,0.022189841470500012,0.05106694
4036,7.90807658606821,9.88607582119656,0.07625268148000003,0.3677792
4037,2.5523386405303357,0.9265578265835214,0.02968530641950002,0.04382972
4038,2.399439316145284,1.831560873273491,0.16829019074250012,0.1901684
4039,2.7943204931490713,5.005265027898244,0.14204025286499994,0.20073402
4040,3.613302838069744,1.527339645472235,0.032967574446499996,0.014295634
4041,1.631745756106625,1.7757793082930098,0.10116847300999998,0.13526775
4042,4.615055455348268,1.6609774725563764,0.1321904121899999,0.014731618
4043,9.848159601239203,4.0748039102023,0.10684678584000001,0.14591697
4044,3.513962964934136,1.9460464472219643,0.059504163058999984,0.042957347
4045,3.9681622120873516,4.949622880838829,0.13575169150999994,0.22034273
4046,5.741305164918191,1.5558016354796902,0.22897977181000026,0.025168534
4047,1.8940146241761944,6.239454672663289,0.12095820651499999,0.08484311
4048,1.6575350199801986,2.4862422839288,0.03294479802149999,0.059943795
4049,2.3739653751948304,0.9793868918792502,0.13152034252499992,0.087115645
4051,2.8833589207968062,3.3196555436124373,0.18595765589249985,0.17292021
4053,2.567156988556787,0.5662074946963883,0.20437886999499993,0.15892012
4055,1.8914072055510656,0.6030129179738305,0.04624386382,0.028387336
4056,3.7528978801597503,0.8489259439119601,0.03265966996750002,0.08925083
4057,7.000265611378219,0.907380977858952,0.14827143238499996,0.13670093
4059,1.4235841104178724,0.6304652059311056,0.044530110400999974,0.04074913
4060,3.8590629468569286,4.738187384029367,0.09740066769999997,0.1799721
4062,4.070763792778255,1.199118104034723,0.10306632662999997,0.091775
4064,11.481505546714859,1.629940906977503,0.04964484429900003,0.014399856
4065,11.85938969073278,3.368493247748209,0.11448912563149996,0.1048327
4066,3.0291129248475217,2.1521356558649263,0.24183019562500005,0.48061454
4069,3.936244531830019,2.232720272576712,0.1692072974049999,0.039456893
4070,2.5979598643036814,0.4552913717227659,0.040240410001500006,0.022689695
4072,7.4838219230390814,0.5971874574048656,0.03178203033199998,0.06243231
4073,16.70021851716207,4.617880105353577,0.7258756441750001,0.71934015
4074,2.7815443941363327,2.2535057291158687,0.10668311745000009,0.17314155
4075,5.284640025092261,6.2470540721043015,0.13336035727499998,0.16782114
4078,1.5804817386048746,0.7018147755629845,0.024911455995,0.053923104
4079,1.69401167894189,1.188184467623187,0.11674613588749999,0.019182878
4080,18.858554090452166,38.56947379210698,0.3299314176099998,0.83490473
4081,5.22050184885457,3.465079753316837,0.25396694484500004,0.13429728
4082,2.9234292752473454,3.5876384183373067,0.05445353290250005,0.16549915
4083,2.5543996540656106,1.4767748605787894,0.20141407047,0.0443045
4084,6.93860390204309,1.32364235827134,0.06794846630500001,0.03970563
4085,4.1973803237308775,2.5992884294355068,0.08127991886000001,0.12333106
4086,1.9460607274233874,3.111891897588529,0.043574327362500005,0.03581584
4087,6.2708703975955835,0.923274670545229,0.13026986869500004,0.0453611
4088,6.218076977404756,1.094623135004808,0.13286637086999983,0.15931608
4089,28.714150927511145,0.4505874460309685,0.033523232699999975,0.023440074
4090,50.95512859343927,54.20055768495462,1.0780715637299987,1.1008981
4092,1.9520279232986852,0.9918437400052552,0.13830968984749997,0.05672735
4093,2.154175027146688,1.0103988332931209,0.05651220432699997,0.038026113
4095,3.7393358666728487,0.6539538752221956,0.1173427743449999,0.075086854
4096,3.746440086983725,2.4346182402637173,0.1278258317324999,0.05820223
4097,3.777526014788947,4.296019743023206,0.09358604286999997,0.019079447
4098,1.869066526464791,0.8691997111353984,0.05300003572,0.07694811
4099,3.092131153302461,0.8618707894566682,0.025279904669000014,0.008941863
4100,4.2873419588554595,3.4860799777501827,0.08411338607500002,0.117131025
4101,8.087282536451683,1.2070140046180506,0.04029720105499998,0.030818403
4102,5.5581445246181405,5.539295275463901,0.17624075452750015,0.013719819
4103,2.2636395310693507,1.400648670279274,0.08777847181000001,0.046232454
4104,4.529415800762899,3.667411939397419,0.12151572582500002,0.059924494
4105,8.468567222300136,0.703630286808903,0.14457097214249995,0.121566415
4106,4.311768388588593,2.5798402617779157,0.17581577736750004,0.24826397
4107,7.911801269743609,1.257139728791513,0.07083876419500004,0.062022977
4108,22.57802835765242,9.35478906627205,0.5937028652550006,0.6124425
4109,5.099999632566592,2.1929112062748457,0.06572425628800001,0.05612929
4110,4.695800859539076,1.2237384645675706,0.12109479045,0.03296701
4112,1.6935525971490466,1.2805693486747207,0.05764955523500002,0.034901045
4113,3.094866510256298,2.14132630289638,0.11113592623000007,0.09423619
4114,3.6294565473885445,1.9813352906981485,0.17297578748499998,0.1960125
4116,10.866552911683591,6.599551566453831,0.2868088593000004,0.22334272
4119,4.132805165035219,1.8092502391008665,0.24368621890749992,0.07551428
4120,1.7484743064059671,1.5192481780291498,0.06540468827499998,0.020119308
4121,3.3255050114856033,1.0250914604014754,0.06640614857400001,0.1244851
4123,2.742590231401668,1.545435697327617,0.12253111350500005,0.029177152
4124,1.9311531661273775,3.573715810000349,0.06334768496299997,0.03133506
4125,28.119493789359563,0.580229365706961,1.3242665718099982,0.90440875
4127,2.051904383680889,3.574274617496042,0.1958416820050002,0.25769705
4128,4.588344912187312,0.6880807667125969,0.048189440848000045,0.033389065
4129,3.634979593120668,1.5064636770356827,0.06863626674649996,0.010984483
4130,3.5526344436326003,0.8956027402932779,0.090817171118,0.010249517
4131,3.6318920569193525,2.0066738578177348,0.15234524272,0.008874228
4132,8.740194078897288,1.6276197077195216,0.2692410047900001,0.031607058
4133,15.090186792563388,0.8098162248838578,0.6967420433600011,1.1550715
4134,7.761233062947635,103.93202302280832,0.34427041858999957,0.24587667
4135,1.4384651843047775,2.07697849896986,0.059874620885,0.061471816
4136,2.3738240459939903,3.104084898318322,0.09740636319750008,0.039070863
4137,2.5131845701673767,2.7010074117057457,0.040105376940000055,0.08785899
4138,1.9710616587929553,1.5584348977156326,0.05804073536499999,0.055028837
4139,2.4119069290708155,0.6659306410748217,0.117364881085,0.19572699
4141,5.097355527896902,0.5292747226041709,0.16184569370999996,0.08948259
4142,2.5137602420784946,3.484356937559898,0.04171012193749999,0.02262461
4143,46.16592238532693,107.428830324732,0.7918867995000007,0.6056551
4144,6.406214303984808,0.9731678536745536,0.17312554012500023,0.046396807
4145,1.280603262846985,0.7583875571983626,0.027124593890000014,0.03695229
4146,3.526430373014826,1.5117003001406362,0.06692979152749999,0.08169573
4147,3.136027661852426,0.732351578461527,0.07943901999000003,0.10541143
4148,6.520782863731121,0.8520975062903479,0.11328513356999992,0.108611315
4149,4.915588020220465,1.7322838300286585,0.1242875348199999,0.16959472
4150,10.647947704274756,2.9968387481834307,0.16155940903249988,0.14656551
4151,1.40752327349671,1.379797921582243,0.053788375510000014,0.065520205
4152,8.600535901501933,2.1396355824969286,0.054601059002499994,0.0370154
4153,9.983050998609052,1.5839205198870288,0.12908597120499996,0.054960422
4155,15.502920961713983,0.761310589066185,0.12736719258500012,0.069107756
4157,7.055341091139753,3.882719950199059,0.2964624845300001,0.12294213
4158,1.2778209664663231,2.0057504552642094,0.06837893192999993,0.1324125
4160,1.3827727074065947,1.1229887079452832,0.03742017737399996,0.09690866
4161,4.083871400353749,0.316738805500756,0.11048107890500003,0.1605642
4162,1.641599880075862,1.0501437222168313,0.07239736883249998,0.09098143
4163,2.0387478915573185,2.514107960563134,0.2157695219799999,0.06186861
4164,2.7827226888470595,1.7916622077788649,0.1302556150099999,0.1212096
4165,28.761728350533158,5.494584169955829,0.29430019403500013,0.08575224
4167,4.552993901028394,0.5130801186660581,0.06034069937500003,0.0876822
4168,8.241935478660551,2.97353549722072,0.20903975688999996,0.21471547
4169,4.8824177688682155,4.827837713935952,0.4022532135249998,1.0557095
4170,3.1088794629164975,3.7668019805783217,0.11160673996749995,0.17176078
4172,2.298882387904664,1.9338131987488023,0.1726478311100001,0.16958617
4173,2.2890010661045865,0.7883812044240123,0.06686002051099998,0.043747272
4174,5.6285046893262916,10.659593802033722,0.33041332641500004,1.3520334
4175,2.6582463078041907,0.5693821552146359,0.03622809236400005,0.035763364
4176,2.8421629926534733,1.0356827591639894,0.050922883555000006,0.04100797
4178,41.033141908982614,167.9742181291951,0.8305075547300008,1.191277
4179,8.12127609453666,11.376551526317868,0.26373808399999993,0.20425765
4180,1.8323986346318966,2.976800066074861,0.06754018618250003,0.17655562
4181,2.634952121623689,2.2137805724132096,0.07198291626500003,0.07359981
4182,5.160199386419008,1.1004263883408187,0.1192288982249999,0.052702405
4183,10.94243295406746,1.2526307878131515,0.1864878846575,0.02488203
4184,2.3278231211162925,1.0595405148596564,0.08313101177999997,0.07895076
4185,6.266745506114106,4.194680735431429,0.060297526564999974,0.13187045
4187,19.749801717818674,4.050556582014161,0.17706584660999994,0.1786488
4188,8.08039514371824,1.3028016813228758,0.09019596780249999,0.07670881
4189,3.69317117323926,0.9496859584385652,0.02289479072000002,0.03654214
4190,5.058552613729549,0.4205768907836766,0.07311190654599997,0.09252574
4191,22.542611202973248,3.1184820414778835,0.5779442954700006,0.44926775
4192,1.923771404093219,0.770042566703816,0.09010477382999994,0.15748167
4193,3.2777683912376454,5.883909020795764,0.21682911942500005,0.10055362
4195,7.500485715878642,5.810237913491303,0.20084790412500003,0.23218657
4196,2.8097771482893688,1.4810040596096552,0.08835713431249996,0.047879856
4197,2.1666610462660576,1.631436095637903,0.07619583709250005,0.020294169
4198,23.37431136064122,0.6086590086737954,0.07481487539999991,0.0024205085
4199,4.578914264810336,12.261396936528676,0.06822877580999999,0.04949855
4200,2.3503427484980075,0.1107260936880387,0.0335817863825,0.009105699
4201,22.942078619089415,6.222823601129309,0.39261690685000034,0.37781173
4202,3.218085944678237,0.7209644078308625,0.081243170165,0.03986506
4203,3.479629133793994,2.891387268571632,0.12927403855000003,0.122087605
4204,20.457035878169524,23.830655132738617,0.5737068966250007,1.09178
4205,4.90091068368076,3.276693996628988,0.20690792413249975,0.06797502
4206,2.331411489197489,0.7740538769271842,0.08766034053999999,0.13854904
4207,2.9270148596314294,1.4848065425562669,0.07180140755500002,0.053951368
4210,8.180687716236879,2.356639513494668,0.069904834319,0.03466534
4211,2.7132188475799164,1.0162061374269915,0.09474322548149998,0.07891691
4212,1.9707330963316523,0.4799503916548029,0.05216701215750001,0.026146218
4213,3.406355458046137,1.534181412487866,0.06682198507000002,0.06815334
4214,6.913556708396187,1.8592748702571629,0.11546813408999988,0.054337837
4216,38.431624666876715,1.4664363071678643,0.57308333761,0.2359313
4217,3.9291257984218304,0.2312639226618307,0.03806799181749998,0.05612262
4218,2.997780679975171,2.6071620139983858,0.0982240888025,0.04780828
4219,10.052589742156563,3.755127869415315,0.190585886065,0.5100355
4220,6.953864118365507,3.3056044090193204,0.29088684988999963,0.46018827
4222,2.32585158562863,3.4812542925181496,0.1412850968224999,0.11379244
4223,3.992083058156132,1.1983866458866252,0.10894871901999995,0.105248645
4225,2.2272280404098295,1.4145144470887934,0.07944513485550002,0.15982094
4226,3.2715283965768727,1.023853836448806,0.115175741774,0.20549697
4227,1.854682226266473,1.064305882192409,0.045597508845000016,0.043733984
4228,2.3855737834603037,0.5231478682202183,0.07318589007000006,0.03261248
4229,1.9187683992350575,1.922075585125882,0.08252376282500007,0.029124334
4230,1.247028209260259,1.1493668636631376,0.02761499924499999,0.041204542
4232,1.6631725452556956,0.3075006472492603,0.088639223394,0.05061566
4233,1.9527273370750604,2.970230624434284,0.08602549404000007,0.13237344
4234,4.437540039066472,15.049867537818908,0.27973686340500015,0.34333313
4235,3.1138401721694153,2.305543147578755,0.07099357444000007,0.04450848
4236,5.242969893842168,46.5813826244503,0.4582336336850002,0.10962311
4237,1.584491567230118,2.112239925503723,0.05433952917300001,0.043698885
4238,1.8861178396638079,0.7498053307527732,0.060765864185,0.029145285
4240,2.631988625168433,0.5521946057474689,0.040467756161499994,0.027442724
4241,4.440689873137947,4.816789362371678,0.3046667920624999,0.074298374
4242,29.36483887541877,6.066989527721323,1.0939061337499991,0.28049788
4243,33.15371937466282,6.177582084492332,0.1124998451899999,0.11457577
4244,3.0212471955109033,1.63466308099489,0.05936287116500002,0.057207044
4246,58.973063875594875,8.683564560883545,0.3758117818149999,0.6213459
4249,2.043134834805625,0.3793519107616029,0.07155701642050001,0.0405826
4250,3.196228828031698,2.875988700411729,0.15183036049999996,0.17181107
4251,5.460039645534349,0.8297911889879195,0.04366316436999998,0.065523006
4253,4.578670729353487,0.836204723032292,0.09397291559999993,0.06987227
4254,5.446796615238576,5.826471777144138,0.2464344564824999,0.30625713
4256,3.0285742154566795,0.7078374159713455,0.06587507892749998,0.06451843
4257,4.510282491122995,4.201643943844869,0.13415591061999976,0.04744439
4259,26.923890110874172,2.1697985442107064,0.12100939909499996,0.0963308
4260,7.6550348002967565,7.148162410000936,0.40984783740499964,0.51961577
4261,6.781731663336103,2.442138366474764,0.2276766055850001,0.018467298
4262,10.907208038308575,1.0686989185560112,0.09633036020000012,0.080129296
4265,5.469117907928502,5.564864321482339,0.1668823704224999,0.10107193
4266,3.8377161494179166,0.660913581755956,0.032809213717499994,0.011905642
4267,4.437813521006925,0.7899134489548735,0.08232487685,0.045069527
4271,2.5732390967472414,3.41329559960471,0.09434416985500003,0.08197847
4272,14.542422643679345,6.652562869405508,0.20342421753999992,0.16699004
4273,2.6821602567417404,4.227624816436404,0.08793151989,0.03549123
4274,40.15665975959216,124.3174697039508,0.9176928321000019,0.7699709
4275,5.311738386631113,1.10177280067252,0.0397861275785,0.03977984
4276,1.8347762685446176,0.1642656752334524,0.06248062840299999,0.062659845
4278,4.280728427131676,3.32184364647542,0.09153107296499993,0.015767494
4279,6.672672487830033,1.9004638576541792,0.10564664427,0.13453001
4283,3.101348616556674,0.547952214182602,0.1052431717625001,0.15367298
4284,9.13141222174062,3.375925491078781,0.17305758136750016,0.16831782
4286,2.161493382816124,0.4676122816355293,0.05293103579500001,0.015200268
4288,8.755697764253233,0.727111432055044,0.13597266708999986,0.12319299
4289,5.6258897231686555,18.260242168854493,0.09464132121500007,0.33056766
4290,1.598830151450085,0.831128973147269,0.03046424228000001,0.028123178
4291,1.708335835172896,0.5838345664458525,0.044828979324000054,0.016573986
4294,1.5414777040471568,1.162716351813058,0.10896434185800001,0.08289828
4295,34.1582888519332,8.782430984259213,0.11760060493499991,0.5083586
4296,2.193852768303447,0.3221663596219767,0.046849920637999996,0.044318773
4297,46.72979031623315,94.11924764688096,1.4429294899299976,0.049297895
4298,3.9185740544246057,5.167498644386788,0.24803146755,0.19642979
4299,6.224957880234433,9.168991906101809,0.15428220224499983,0.054002337
4300,2.2902099201414394,2.083464686165432,0.1025148847250001,0.15513116
4301,35.14877825155813,54.331083342932125,0.586130973570001,0.18715411
4302,7.939227474891119,0.8035920999542286,0.10191737456749998,0.051194817
4303,4.9775709300431625,1.6617571804792166,0.08354973244499997,0.053094447
4305,17.501677291670795,2.034288030387944,0.3595367088000003,0.5643489
4307,10.09597290556211,4.383657856638335,0.09393004620500003,0.09239156
4308,1.6235594383741607,0.9688225510216454,0.03174415077750002,0.03466251
4310,29.410731174441135,6.415786705107555,0.3210600332400002,0.23175324
4311,1.7965597689698312,0.8713083529942447,0.03873144435749998,0.05426056
4312,2.5663585589344207,1.4248037298930047,0.058462061886000026,0.040521353
4313,4.297882881462684,5.02454123793709,0.2681346306649997,0.42017394
4314,3.9664419724713738,0.5034126771689694,0.10219400099499996,0.0811492
4315,2.919270740911279,1.6411443901810585,0.02758193270649998,0.049984116
4316,2.4372245443559852,2.3490884795468907,0.08218517221750005,0.07224697
4317,3.969229221193187,0.4922114782131923,0.08050914303149995,0.043299608
4318,2.7505060756512716,5.082903140252077,0.10887416851749995,0.099264614
4320,9.90381730952675,5.057079350570337,0.2640014227500003,0.2098586
4321,2.956583617980243,3.2138043994263765,0.0792991338,0.036154542
4322,2.686486949136076,0.2566836095144439,0.10316125796950004,0.15007375
4323,5.741330299830126,13.223144782344706,0.21113133496499986,0.4108884
4324,3.186525632631969,1.0236312045762028,0.06195373732,0.11675335
4325,11.241240340529274,2.452461483758296,0.13302935168000005,0.24246919
4327,27.94316274508585,13.721539825534895,0.4496580676250001,0.8239638
4328,1.595791042139389,2.907948669954493,0.10736403674499999,0.102202415
4330,5.400611244704839,2.289168178195472,0.17996112403999998,0.3121618
4331,1.6370399487378833,1.608201992408865,0.08974664553499999,0.07072957
4332,7.043370397964212,1.815149758448985,0.14308103002000006,0.045992568
4335,2.710445502383816,3.651446371944387,0.07986606389000003,0.015780548
4336,1.7502456692059054,1.9123944217399305,0.06511065307299996,0.03041728
4338,8.407995974381036,0.968499886670004,0.08505518240000005,0.15301692
4339,7.193506891924427,1.9701979243488024,0.10638689454499999,0.10195734
4340,2.5958007460841075,1.2873274789923268,0.06291911371999995,0.13000025
4343,13.676206198419328,51.825611540442,0.3505770433900001,0.78883106
4345,4.39413391558766,1.4075663039256223,0.13487895021999985,0.093814686
4346,4.640232502040078,1.4943512088009867,0.10374134177999997,0.03085596
4347,2.0546075016315357,2.166181958851179,0.07102446109999995,0.19922376
4350,2.768862989415477,2.3493040726542187,0.09208825160999996,0.091803364
4352,45.071204759542304,92.50873531965937,0.34375380055,0.56379575
4353,26.969514460584836,3.979354137817404,0.36780357063999963,0.09837519
4354,4.662972466540029,1.1918197481073165,0.16557582407249996,0.25260168
4355,1.531648066483864,1.2394781807657709,0.034758407689000015,0.02811499
4356,2.476147510713116,0.9383808999060594,0.12369571442500017,0.12485778
4357,15.646718918799122,11.018481368805466,0.09202179795999997,0.08906087
4359,2.192233564525224,3.782425455861678,0.08924879912499996,0.10051409
4360,4.131418686598781,0.4719857366563395,0.09148991144500003,0.114570186
4361,1.794933698300199,1.0536255844257745,0.03174302036549999,0.036048763
4362,2.2603641878374052,1.4464157183094286,0.12860074348500014,0.04758301
4363,1.5895826233202948,2.6477715822137986,0.049363680167499986,0.055368368
4364,4.242474176897914,4.487127940922314,0.09285044977750001,0.05920834
4365,5.187352144236558,0.5545991188154864,0.32698712870499974,0.31725785
4366,1.3470900384555673,8.280529015154283,0.04931676501399998,0.056811262
4367,25.930339440038306,0.5166780963672063,0.2412493897000001,0.25181198
4368,1.7231954232992193,2.8254273964547285,0.06611727590199999,0.030187001
4369,8.216239071833062,0.5601290729980002,0.3205947993349998,0.29724255
4372,2.129988625778556,4.362058196570366,0.0437753530375,0.04335788
4373,13.7447707435956,0.4146865006484674,0.18545968556999995,0.16381665
4374,1.5361203265489929,1.7175514190944985,0.05738707275799998,0.017503826
4375,1.897957659781775,5.494768049059204,0.05237068973500004,0.038756035
4376,3.1201801709684354,18.811295686558147,0.16632668132499998,0.19643925
4377,12.584469490612314,1.3865186210048572,0.20283132532499984,0.13139182
4378,3.586009698625914,4.066736373534967,0.11164340312499998,0.047505084
4379,1.7507408729657337,0.7580235141193332,0.11201598589000007,0.07807261
4380,2.2189846123889434,0.4944764995316374,0.035524236403,0.03708943
4381,2.0832733282232465,0.5170066801871421,0.0398990175375,0.023926584
4382,72.25872166654798,0.7587319757471495,0.3126818774250003,0.30493876
4383,2.6601821728359942,1.899930652816315,0.07570002319500004,0.04837981
4384,2.197249399125174,1.561147037529958,0.08189033436749997,0.044023417
4385,1.804077120260818,1.2158537988233389,0.11579886496000003,0.19630562
4386,4.195471054506303,1.3567983812540376,0.081390391265,0.14385332
4387,3.255159196020141,2.5372050505546184,0.08149481089749995,0.1325675
4390,5.792784805154542,0.6250351425351068,0.35180916872499973,1.4211831
4391,2.9554582834763816,3.568425693876288,0.03292209063550001,0.05959288
4392,2.8028404341596547,2.215336776230297,0.10869640888000007,0.2407959
4393,28.04806314072356,0.7104740657100832,0.7894927301499994,1.0781918
4394,1.5014264090850826,0.5682965972908746,0.09754529734750003,0.09079447
4395,1.1638598888166982,2.7269395813384665,0.024736638203999996,0.021554423
4396,1.9351831762522516,6.9470542334308565,0.07722421783000002,0.1659759
4399,1.797833348938327,1.1216711873687577,0.10001645715,0.046386965
4400,8.96206267666338,0.3933488062607751,0.029448822280000005,0.038641084
4403,5.730004914830959,1.0133456660067657,0.11659005604499997,0.02575513
4404,3.622295394150196,5.269946355942351,0.08098328101000005,0.004029063
4405,2.7243960027726657,2.8335704826103933,0.05264851195149999,0.10626673
4406,3.7243069210441844,1.2162243699989854,0.3540730252999999,0.08281353
4407,3.253262710566423,1.417135451568943,0.08612834710000003,0.10449602
4408,2.327709624723995,0.5763549674156606,0.07595265981800006,0.074833
4409,1.621935259954829,0.7738067555297782,0.11233191680049998,0.10400283
4410,3.3099663948336313,1.375908222797657,0.07694580219999989,0.17
4412,8.690715878026026,4.236700449216544,0.11953227880150007,0.1364809
4413,4.506363709314087,131.59317251704715,0.16782039308000002,0.08976123
4415,2.943880472610926,7.212457810563077,0.045486532956500014,0.03407484
4416,8.239919805722547,2.272409477719951,0.19131172926649992,0.008896101
4417,8.745889773090468,0.7418877060297372,0.10355848867249996,0.18224832
4418,1.4621309632229806,2.502246973264292,0.024708613827000004,0.029254904
4419,2.220040439840295,0.8828117460774715,0.08463395112299996,0.09395942
4420,3.624216914647286,173.00107414347443,0.051917568215000015,0.047038507
4422,5.934357678626482,0.3069776703851511,0.12558221593150004,0.06772372
4423,2.1862876924936936,1.1916682073656857,0.12632882069499995,0.024201356
4425,2.184315780644207,2.810285104707475,0.10161457042000004,0.046390437
4426,2.664169051953796,1.61532521627234,0.07840926792,0.07365269
4427,2.413561617252022,1.2866882023945216,0.08580658631999995,0.2288808
4428,5.559747057234921,1.8382819688736736,0.13095162113,0.05632053
4435,4.032525324345791,0.599145643036976,0.09567085115899987,0.056633487
4436,7.058981641640514,46.35484971640746,0.041136412464500005,0.022545258
4437,31.126326661227417,3.907967009128007,0.4817989761000005,4.136094
4438,16.93646481400689,0.7324041840332687,0.24797146307499995,0.28500006
4439,2.2103996618566786,3.2337204611858037,0.020884426528999994,0.029201549
4440,2.1487302873845637,1.5301261832533315,0.1890902453274997,0.112387404
4441,5.452985792203605,0.3623322827550764,0.1556281279074999,0.23078121
4442,1.2904933108099723,1.0734919380673291,0.06782562206999998,0.10142359
4443,2.8641577859866625,2.079293630325605,0.10384397906250013,0.13702442
4444,3.007909834575423,0.5680187402580475,0.07919194391,0.04978172
4445,5.434799473859822,1.0466094323550017,0.056954093445000034,0.0440725
4446,4.067735579356078,1.190278969040185,0.08875613150949993,0.022707153
4447,3.5275862043493076,2.351594025089788,0.1502995121625,0.41597342
4448,8.104901617488254,3.630040802995825,0.11822416905500001,0.10297465
4449,4.055985966213533,2.107133204248166,0.07109426315500005,0.06580153
4450,9.161479759759812,0.3282630408624581,0.14487466691500003,0.08837452
4451,14.121182576295253,0.6658752916975695,0.3300098129099998,0.32058176
4453,2.1321060547288364,0.974396644276212,0.04003419513750002,0.0246585
4454,2.206271849415229,2.319008837439123,0.12638353874499997,0.09668823
4455,5.021819581799903,0.378460639402944,0.12874489098500005,0.095533796
4456,2.4147721898446477,50.88737999627797,0.04230985641600001,0.046575945
4457,31.92253753248836,2.0389421293998087,1.1103215793100005,2.3997676
4458,1.9085607927169368,0.3531047589454961,0.05675540903,0.05390462
4460,42.452559531653144,1.81475412852612,0.030604807113999998,0.05036953
4461,2.668360346983791,1.3037908985279327,0.1533679196675001,0.14739256
4462,2.28475229830275,1.0202756642080817,0.09373532432500001,0.18494645
4463,4.577698395946669,1.2748257655013957,0.06100436568999996,0.020535782
4464,2.33268007708628,0.7126299772965643,0.08068440559499997,0.08108522
4467,2.008073030088557,3.386149301004721,0.11280976049000012,0.024227222
4468,4.665208025462169,0.7368090564445288,0.2294028671900001,0.117776826
4469,2.273345743019425,0.3319441619125816,0.06514147176799993,0.044638094
4474,19.43587472898048,1.3393286402334714,0.2683158894,0.2177402
4475,2.1127152624019048,2.8652884716189924,0.06546270897,0.048835266
4476,5.0390581212995285,0.7054952048795982,0.06586555355500001,0.030615432
4477,9.64962015111823,1.0798518478634471,0.05421144194799998,0.08796846
4478,2.017327477918456,0.3349618282516207,0.031380480692500004,0.025841404
4479,4.543745318516961,0.4770358082173853,0.05962862441000001,0.05271812
4480,1.6823263886462825,1.6146427637172365,0.06955169725100008,0.023400841
4481,5.982838036704046,1.7209029919041878,0.1675609379450001,0.09316068
4482,3.245355772298766,1.5793355057370266,0.029643478662500004,0.023671472
4483,4.584868098335196,4.504897744770873,0.11915284651249987,0.15326872
4484,3.210896685157199,2.7491862521989248,0.1399313407324999,0.121829435
4485,3.668578864650661,1.0865657674430311,0.28808793487499984,0.41773242
4486,1.7767725220746202,0.7161566942896774,0.07988836368999996,0.04797228
4489,11.57598599691588,7.756280621892983,0.15562933172999993,0.117474325
4490,3.022191874198798,95.70111930010918,0.09511000797749995,0.114365436
4491,37.37540606011451,0.4580898995734214,1.9301411017499985,0.18696038
4494,1.6249649608009213,0.7623259535996311,0.11286710970500004,0.07841833
4495,2.4331993125706917,5.671522746282815,0.10443315875250005,0.059853744
4497,4.032756081927187,0.3205388522989466,0.063392856728,0.07316697
4498,10.216627783444714,3.345889931456486,0.08436998244000002,0.023489268
4499,3.9342387448759464,2.529527278441781,0.14327150271249994,0.087409414
4500,2.2791687418194395,5.175215728917389,0.08121910734249996,0.20815673
4501,3.157203082808036,1.40545986042173,0.08838413801499997,0.22441085
4502,6.658008585759335,2.142669331279542,0.1936468762749999,0.18143827
4503,2.0650144837195508,0.7395809506058715,0.06739704542999995,0.018168353
4504,2.1517380220196465,1.8124873975117093,0.06501035413850002,0.017401021
4506,3.5809140763152967,3.753081886123119,0.14994878573500003,0.11064626
4509,2.31520282839315,1.023887958688802,0.14582983679749995,0.15413576
4510,3.833886656427412,0.4066770642286287,0.042528512509999984,0.033996385
4511,5.571688977356622,0.6196882733905749,0.1623458484449998,0.07635224
4512,2.3879270179834764,0.6732188323620205,0.05870823789000002,0.030988935
4513,6.1518280080052605,1.2698023205824316,0.10139717286500007,0.047212433
4514,3.8496894135640094,1.7653167113755115,0.08372322311000005,0.028181795
4515,8.876730907894439,2.9580669248681777,0.06831758050249995,0.016488787
4517,1.936988218339524,1.9439099404791675,0.053289630415000004,0.084280565
4518,2.583399801416767,3.91134973554939,0.07651240338500001,0.089473106
4519,2.3469309781516507,117.98853676316963,0.058793250862999996,0.11740733
4520,35.05840150690448,6.075623148928629,2.2972557022499953,4.5189962
4521,53.41086871662362,1.640332975110525,0.14881368518999982,0.44181052
4522,1.8888495184306988,1.5813522618166993,0.0804943505725,0.03638249
4524,49.31675008846812,9.438846883573587,0.47637374665000076,0.7022644
4525,3.5771260587534157,1.097916189387146,0.18584304036500016,0.68051934
4526,2.51638945553506,1.9441882642327697,0.039498487611499995,0.021716757
4527,3.5338379618530866,2.3465722712205817,0.08242427591499998,0.033236194
4528,6.063178490963233,1.0010974152258718,0.16938393877250008,0.31474638
4529,1.9497723016912474,3.52690560642863,0.048749141692500025,0.019708244
4530,22.514292610592232,1.6504885860058744,0.290694421795,0.28356895
4531,16.90713764363796,175.2424754800275,0.13928414380749998,0.13899466
4532,3.007693315577975,1.260210224023924,0.11713110415500003,0.1181067
4533,4.465680321482343,3.0248893533811154,0.07363996217999999,0.04742768
4534,18.30517509791471,0.7756441437272924,0.10550798297999993,0.06912675
4537,2.1319675077810216,1.3597725948320276,0.05361816705250003,0.06865439
4538,1.3487162242439588,27.022866732135004,0.03465012792499999,0.05171242
4540,5.430762497135647,3.278617613235421,0.03756451770699997,0.030853696
4541,2.724950325533564,0.4075141046284264,0.17097376544249998,0.25019053
4542,16.498479355178798,0.8723859607608395,0.037636782029999996,0.03564094
4544,1.8232128778709398,7.897164726010216,0.03179474536749999,0.008614181
4545,8.924723206053857,3.942624009463941,0.11367558279500006,0.5756375
4547,2.3877709878985134,0.8709674789844768,0.09290941705499996,0.092756554
4549,7.158671183128941,5.502433885391326,0.13920423479750008,0.07598936
4550,1.8174059623817902,1.4443259839198783,0.03446717640500001,0.040796697
4551,4.655374971462737,0.2672713332891873,0.0738604558475,0.09790355
4555,10.891163529927434,1.2559962359985772,0.44823636316500015,0.5950149
4556,1.865338265692025,0.5763754524574625,0.05881213526999999,0.08293561
4557,4.160633856991493,0.2894381321351951,0.04193250245500001,0.025502905
4558,5.362021012033831,0.5463895383218196,0.052351209606500096,0.017358642
4559,2.03406425508409,1.6452324866096448,0.04838118520300002,0.046824053
4560,32.05655125594651,0.4902227707661665,0.26526607659499973,0.3070717
4562,0.9619375795972316,2.100341560017878,0.035884873165999975,0.032933764
4563,2.627453797203279,2.0140875446823765,0.058113227858000015,0.06688288
4564,26.70408328923198,1.1449731008145625,0.08735659554,0.09704027
4565,2.295737819267382,5.417932759977362,0.07887603230999987,0.019380959
4567,1.7985090634045195,1.7401458097611011,0.06002283511499996,0.2643265
4568,1.5129131370215045,2.9162412059737526,0.05445713661500004,0.042455044
4569,2.3578199059616782,1.6758386141827566,0.06748327248,0.044347852
4570,4.420561039933492,3.713978802952696,0.06714175102000003,0.043722555
4572,1.8375047873688977,28.67462313474592,0.07035179734000004,0.06801474
4573,5.982568703290347,0.766662740275029,0.2977705109049999,0.7652556
4574,3.2194710532291095,2.861163573372037,0.06406095364000003,0.039955877
4575,3.9749624742335237,1.659924431417828,0.11546928172000005,0.012816933
4576,2.6129878900764947,2.2609723489278517,0.06268361530499997,0.042582843
4577,28.691322585219414,1.5415725219869048,0.38411096695499986,0.12889354
4578,1.5243174387332206,1.0300563708838624,0.041696206874499986,0.05448766
4579,2.2478727530275506,1.1268959261043607,0.07454931648400001,0.05250594
4580,1.8849354853107303,1.5766339862048615,0.08226380912050006,0.040318113
4581,1.7188892018599733,2.7353351894092683,0.05697868820999999,0.037567094
4583,2.95842003288058,1.1599180455006592,0.07805997312500003,0.060229074
4586,1.8638300691949505,1.8408456316993345,0.08404513433499995,0.14134283
4587,2.62561758022308,2.647482454293425,0.18101447484500002,0.1307899
4589,2.441188609940353,0.947664145843522,0.06505234453499997,0.09359391
4590,1.7275270178660826,3.159640373105843,0.09990749151000002,0.3849949
4592,5.458422403137815,6.683011064439791,0.06329218350499996,0.011106227
4593,4.936965090766474,0.7829253782149035,0.26205634603499983,0.26275605
4594,18.916023082474194,3.9896488268735775,0.10670373301499998,0.0665108
4595,1.9284748534667464,2.926255481945057,0.05585051980499999,0.05158996
4596,2.6905528839021753,1.730266515333057,0.10120977394499996,0.09014477
4597,2.0525161074694473,2.347897600145577,0.06563169063649998,0.070106305
4598,3.1394001795873545,1.0552378565880722,0.07012565767799997,0.029936107
4599,4.579725824697377,0.5543982707022362,0.08544914470500002,0.022508603
4600,2.964108802725801,0.4002752876309874,0.09917967738000007,0.0106313
4602,2.6317890276362466,1.147591398593483,0.06857837088250003,0.16073518
4603,1.3938493266147944,0.3012908562878563,0.13176414228,0.19722141
4604,2.949236052473893,5.920571999035969,0.05955767069500002,0.058163423
4605,67.39504193591232,4.335056477260008,1.1946054078500001,0.4343998
4606,26.911623218454597,2.6588182035703123,0.20821827558999983,0.029598506
4607,3.697495283308789,2.1639817658615645,0.08999953908999993,0.061994027
4608,4.771330798754389,1.6152954274860598,0.1452330731600001,0.06835224
4609,4.155686010827614,0.8482715080024302,0.07885484695299996,0.046396013
4611,4.614916034336586,1.250999476865974,0.049690052797499995,0.015739575
4612,1.5422295335297695,2.2705064071248167,0.06226295323999996,0.11602121
4613,4.201347220153241,1.874972972336134,0.08282439733000002,0.074391544
4614,28.11682662082209,2.409128943417925,0.19707699755999983,0.110812485
4616,3.016456080224486,115.11350793966396,0.06001594519800001,0.005051969
4617,28.088836780037003,3.5011221619770048,0.3776701021299998,0.5813756
4619,6.148542215179463,1.7081157661557556,0.42876134443999986,0.11292018
4620,6.016538846227783,3.188681159926241,0.07020499438500005,0.095298454
4621,5.6091561427316945,2.7277922407060755,0.11830541841499993,0.105718
4622,20.087992795928972,2.409010255819676,0.4228251069250004,0.83844256
4623,5.06923367162721,1.3902256265612027,0.16428225428999993,0.10715812
4624,2.4320948000719285,1.296197408027003,0.153906021185,0.07646701
4626,2.315544555312042,1.0075068454670764,0.19203198491499993,0.38121006
4628,2.935437876327058,0.8582589228767571,0.07681874192799995,0.021476781
4629,4.693306846587478,1.2686248020456303,0.020017411684499997,0.01709394
4630,2.089833235414218,1.0201483902019857,0.03620516864300001,0.025192715
4631,16.163112040878037,0.6721222505372938,0.6620911581500013,0.72936875
4632,11.258702547178304,2.9138246791179627,0.2967092736524999,0.11084384
4633,21.67071405746029,1.3983871197478022,0.32589323631500006,0.44856465
4634,2.612965074607702,2.807294175342005,0.07013647949250003,0.11386022
4635,4.738075257229051,0.6552045406174812,0.20856656265500007,0.13256776
4636,10.326357796979046,6.158801330984637,0.03988181293399998,0.085904345
4637,2.1069362926600532,4.041934283118809,0.10604500311249986,0.06961399
4638,11.236590521043379,6.222872023384241,0.39160216815500026,0.085863344
4639,24.004629689333623,169.65682335332704,0.13859984521499993,0.13104165
4640,19.638531275980213,9.32931921717168,0.3516861764850002,0.25329435
4641,37.94997000900079,1.5965998745427958,0.2161446580949999,0.19579369
4642,3.827497277930352,1.3467359884237833,0.18494165006,0.36594653
4643,4.165090410941175,1.22527902613839,0.07664556065150001,0.05248188
4644,4.052585186321015,0.8169510349180014,0.1451729744465001,0.072113596
4645,3.0906512803587747,0.8470481939587354,0.07846707398249998,0.024007253
4646,4.433928203232966,4.447870069824107,0.036074968555499985,0.048908252
4648,10.280654358114951,167.1748465914178,0.25911307109000015,0.17594196
4650,2.5510237372250804,0.3105146549090415,0.033090055025499956,0.03311269
4651,9.059565716556335,2.332008927134117,0.5287516338250002,0.4778149
4652,3.2278597667459326,4.583512147895652,0.09418425940300003,0.08887325
4653,4.423374110892677,0.990973736084134,0.33680870672999974,0.08050506
4654,30.437564448833523,1.0400095315913949,0.061195051994999965,0.045343786
4655,9.875799121627148,4.079868111047427,0.0860068704425,0.09099934
4656,3.931442370406126,168.46100104153717,0.10019156452149998,0.09625478
4657,49.509870954719446,0.7076347961315412,0.9635561428599999,1.3129191
4659,32.95080589629602,0.9761148282627796,0.31650254635000025,1.3524895
4661,28.812170896690244,5.567583120338941,0.9860534798799993,0.85296476
4664,3.9982305621659706,2.692954196816726,0.10249942710750005,0.102756545
4666,3.713075091688194,2.377220178096016,0.353128769,0.23180126
4667,8.091780081903941,0.5567069479464972,0.12845142764500017,0.103244364
4671,2.976348728282172,29.66336550798875,0.04889525691899998,0.05994639
4672,31.997630792442873,0.2754725554923486,0.7163463046000001,1.1108027
4673,1.7917521779940535,1.933646686709466,0.024622039978000006,0.00517664
4675,3.2514782423312703,2.0240995773127435,0.34182582457499966,0.16164696
4677,2.972053661206372,0.7513779521483375,0.09781698441499997,0.19486962
4678,52.09435000935641,1.7000373345751512,0.0356201924805,0.016457967
4679,17.090386774808554,3.405382465599951,0.6570372696000006,0.6239832
4680,2.672091003189039,1.0686829288868942,0.043918901032500034,0.017671049
4681,2.4259134569349383,2.396436064323777,0.10365396333499989,0.115950294
4682,3.970729006672833,0.4989893253591054,0.08638076883000002,0.01651165
4683,7.674101079337784,2.9458924197366256,0.03378796285499996,0.02375586
4684,4.362375665804018,2.9582927337148712,0.3790004406299999,0.46899006
4686,26.771036384255936,0.5750944042152977,0.2632327665599997,0.09529471
4687,1.8808428001687019,0.4654044508916014,0.06447303138000002,0.055067398
4688,2.7140026960602057,1.0321500594335955,0.03337794612250002,0.04215156
4689,2.8417829161175048,18.09649821516605,0.09627952092749992,0.035222273
4690,26.993497641436548,0.5215622407757408,0.4448357406899996,0.6506864
4691,2.2971598769937502,3.2822645618577297,0.07386036615749997,0.03143399
4692,2.7567671118804338,4.314071636929016,0.10555303999250004,0.05993986
4693,18.936179875086747,13.766449137033186,0.2166267873500002,0.04238958
4694,20.296751915382576,1.0144124441568971,0.27977534651000036,0.5203477
4695,1.9016191815189836,0.7829254599509308,0.08091593621499994,0.068273194
4697,31.578068237401723,18.516387772711653,0.11019593034499987,0.19541748
4698,7.016451014103389,12.708296898606864,0.37912537175000005,1.0778514
4699,3.455146668804017,5.876244414738683,0.09811891754250004,0.13918549
4700,4.602070886980079,1.2290839749719926,0.2575251459250001,0.49862757
4701,4.478957833687863,2.204344253333415,0.05753943273000003,0.08526453
4702,3.233990468348557,5.317316300711157,0.05849883694100002,0.023876887
4703,10.611764861790457,3.636222104512016,0.207746654685,0.5678884
4704,13.210797493172207,0.7488249487174558,0.2698504182100005,0.31551182
4706,1.4904635301884357,0.5174681596727347,0.06906374245899999,0.025405625
4707,1.9772891725816493,0.7119375862463543,0.08027393363950006,0.111828275
4708,2.425164051199053,0.3842138790937345,0.05434767318999998,0.04474643
4709,2.0724910735030018,1.811654471502016,0.05933058995600002,0.064796075
4710,5.450473172892819,10.35289982494944,0.23671228450999993,0.1929163
4711,4.566693643438405,0.83775699061624,0.12896715328999994,0.7419068
4712,2.440334938835674,0.6840714410651318,0.13231760319500002,0.055285193
4713,4.126279200674875,0.2365209904934644,0.06858008675000009,0.0832048
4714,5.366610398977473,2.1005874765831254,0.11618799364500008,0.09235523
4716,46.70483004031563,1.9675137867738104,0.31375933046000026,0.3057609
4717,2.353072945487707,1.4063785875477133,0.17316092168749997,0.16590317
4718,1.281191594679366,1.7756542734003855,0.03866848621399999,0.034125943
4719,2.1907056083350427,3.522010735722757,0.09474950581500002,0.054554097
4720,3.261367870912755,3.0614887314849715,0.10139119515249996,0.06787203
4721,6.238161808101644,24.62932932979557,0.1619943683099999,0.2422959
4722,5.473450147767512,1.8867300456650016,0.25621276001000015,0.4333161
4723,1.5906574012304446,16.599238119457215,0.08716334294499996,0.3033148
4724,18.252925381431293,3.3507508319658768,0.554168910050001,1.4426666
4727,3.453396232028091,1.7149074735817236,0.05222978580999997,0.021618988
4729,30.791808057378727,0.6313802130166782,0.3181210833300003,0.41170928
4731,44.57673459023356,0.8930923118972893,0.20146760446999995,0.96188486
4733,28.582216063498976,4.893304421695282,0.25692744865500017,0.40420476
4735,3.0997190578451495,1.3126747634066842,0.07814567553799999,0.027606316
4736,6.590418409475173,2.510531209278351,0.1444821242250001,0.020271603
4738,3.3499560387645393,152.13092679498507,0.042024139291499986,0.08491889
4739,46.59374850969549,0.578152909371814,1.8214811752499986,1.986174
4740,6.060582806864147,1.4564221054108306,0.03319696833999999,0.05375546
4741,2.701800615122602,0.982080611453158,0.09925330253000007,0.044860438
4742,5.404343107924761,1.7400290392297644,0.07996618243750002,0.044982966
4743,6.340715548324259,1.567866661474526,0.09810203702999995,0.054381862
4744,2.2909981478347268,0.9182697661118414,0.06311657385999997,0.04263413
4745,2.9065067799671476,1.2398155917249185,0.07471069260499999,0.14181285
4746,8.374516887706438,1.3122843613711537,0.09619145492649996,0.07485005
4747,2.326431944385996,2.650496157216735,0.168320893325,0.3102145
4749,4.224042336816611,0.7137470520453905,0.03388784161800003,0.028655743
4751,19.013242891151002,1.7835327738670768,0.4186807287150003,0.3054565
4753,6.519847204723646,1.6515839820718892,0.11837208387699993,0.15834741
4756,1.4088837133859895,0.4401698120953494,0.060885954780000036,0.041507404
4757,1.770256512241193,2.008562078542612,0.06532711385800005,0.054870695
4758,3.3847502673126035,2.803222975574338,0.035422439132500025,0.020693291
4759,2.937183833526891,19.97648708539292,0.057285099960000016,0.11222063
4760,28.06535504414815,0.6962159285931243,1.1205779278600008,1.6417354
4761,7.371175547333575,1.5398752892201972,0.03262642830099999,0.033439916
4764,1.9435386584220948,2.316845324156198,0.09755792610500003,0.14606448
4765,3.368242532282253,1.3764726863866557,0.10334121489499994,0.15634303
4766,8.438733203351042,1.0559517382083683,0.22374079636999994,0.053551365
4768,2.00990453496272,5.834780448467085,0.07779000535750004,0.099876754
4769,2.359628644545649,1.9900185700014943,0.09874156925250005,0.029467458
4770,2.3160628172054336,1.2023405173299049,0.08855599837000003,0.017825315
4771,2.1333746201989445,1.284471379255761,0.034081065832999996,0.05262267
4772,1.9375698759773536,0.5667891523986566,0.025717446334500016,0.041286085
4773,1.7813749234622611,4.904175258980303,0.08170867110800001,0.03583867
4774,2.958487244313298,14.663622490058202,0.2251380474200001,0.120062046
4776,4.261856038358732,2.5540680080010216,0.028179957675000006,0.023179837
4777,2.312184996852936,4.777735883490499,0.07777758945250006,0.06794763
4780,16.952610717441246,1.0629126774843862,0.11719400759999994,0.18477054
4781,5.539385609140635,4.946899770306065,0.06074030474199988,0.046351243
4782,4.1949295085618,0.9164000001788072,0.11152080968749999,0.07558495
4783,2.091053120440893,2.187047962540684,0.03661074837750004,0.04718755
4785,34.03649158082349,0.5276751939281085,1.3931878817749987,1.6932267
4786,2.970474192974304,2.6875044892696067,0.02755692902650003,0.0037698904
4788,8.773062982644513,46.113597400217984,0.08085696531000006,0.072772294
4789,26.161400276211143,6.244956811167791,0.11688221132249994,0.12019682
4790,15.981556533984815,1.25055431107992,0.09258621726500013,0.1431595
4791,3.4833121589110267,1.1735255087523768,0.07666201966000007,0.045444526
4792,8.365750773281192,0.3399416990446633,0.27873539877999975,0.24662273
4793,2.4241127965486546,1.2507854530475944,0.03199872340300002,0.07555182
4794,2.1574450957578044,6.880701785304338,0.050641670222499977,0.12057078
4795,9.02711024300527,1.2198577701074735,0.25639442993500006,0.39287883
4796,9.521928690844218,10.485393695824644,0.039352566343,0.0141948145
4797,30.970515290216696,38.08995258728518,0.4110427283449998,0.2866499
4799,2.1015260224916155,2.807049851353616,0.07514856973200006,0.08974708
4800,4.1425401931326205,3.9735486272072897,0.12139718104999987,0.3956822
4802,1.4833563039959292,1.1455202433465346,0.026799672216500026,0.04014481
4804,3.4159521387066882,7.256689446446905,0.10024831339250002,0.18466534
4805,4.720351342649133,3.98386552961574,0.3391469750399999,1.0008813
4807,4.064194913179903,0.4986613564631533,0.03271536391000001,0.039269295
4809,2.3114448743768112,0.2529136689907839,0.07907500094,0.16120861
4810,2.4135723934670907,1.7824304907231114,0.07301270427299995,0.15417571
4811,3.047408823120863,7.902035595388493,0.14689263357499996,0.23597382
4812,11.092030161713717,1.8110593558056816,0.05836364790999998,0.046660367
4813,2.041642468002407,2.454365688097151,0.049069858994999986,0.021007558
4814,4.4772282167541215,2.8315595552180266,0.34098838144000004,0.24126264
4816,35.07235624682944,0.2856247801019198,1.1074473414299981,1.830632
4817,3.1916045601632663,3.3701530387793817,0.09954626193,0.12054449
4818,16.898361377974997,1.704948296021315,0.5382670219249996,0.050698154
4819,2.7627797435779993,0.6463201342545296,0.1270503185375,0.06669725
4821,14.202489421454045,0.9940439234087524,0.07904609580000012,0.04806402
4823,6.377254266826432,3.136542925849949,0.10231418957499999,0.15297344
4824,1.8839014451939295,15.712579318837657,0.06664200258000001,0.03686825
4825,5.615867267732354,2.9604752995406214,0.10059106613249993,0.15149054
4826,10.755168143338347,0.8840554414873907,0.06884595337999994,0.024188017
4827,1.9469777485642357,0.8612889012400979,0.07366406406500003,0.039056946
4828,13.55983963495735,0.5049950018951164,0.1425761366600001,0.12943283
4829,1.5993846987049956,1.5735759665726887,0.05832008864049996,0.020692464
4831,1.640559872159848,1.6719378622890313,0.04138805922399999,0.023853512
4832,8.139536587095009,1.10488237347413,0.12230993322999993,0.104318865
4835,1.8939939205236005,1.945705259827939,0.06146433993000004,0.09132896
4838,1.5755694775759803,11.639045996650006,0.03521179271400002,0.042352658
4839,2.4035175781171065,1.713834881617026,0.06333522365000009,0.091442645
4840,2.203090366256036,0.8643403568706571,0.10282142516000002,0.09264009
4841,1.314832619360959,2.014185673121693,0.0674143460675,0.08288449
4842,5.482166368175936,0.5301370052143101,0.06344294840999998,0.05515811
4843,3.606849076879953,3.894321998193237,0.0694895165,0.03254093
4844,14.317460722367903,2.228784777908046,0.18055663707999994,0.11272251
4846,1.7922124132742328,6.875366926726185,0.03663561757250001,0.03419931
4848,1.8980830028578068,16.130489774979797,0.06363035664,0.066034995
4849,30.798134062598482,111.21358801703836,0.46652993585000035,0.21748619
4850,48.05165025033082,0.8160195001242196,1.1269463799800001,1.5982802
4851,1.803329960641881,1.570243566018614,0.05599993851499998,0.028765528
4852,3.332176112901052,10.954801985135528,0.020323754306000006,0.020215485
4854,19.87076605894526,0.5309371919475244,0.3203562000200001,0.25275883
4855,3.0960605835583754,1.13669424840176,0.04921075403499999,0.019015307
4856,4.398982124103992,0.3980667567882506,0.02593853585749999,0.013727779
4858,2.371626523276416,2.4427962025339065,0.14112328409000002,0.43453094
4859,5.661349281897546,3.0721578931850995,0.18508298345500002,0.047383294
4861,5.641406941792783,0.8847088951916785,0.32384843413999986,0.27133024
4863,5.6102209909019685,2.825517848712756,0.0422548581525,0.056931447
4864,6.6133711326716025,3.8556551473211607,0.18023271244500003,0.16959642
4865,4.185408271687531,65.78460575991552,0.073394964294,0.08057534
4866,27.905916941296553,2.897636827808544,0.42823722639999995,0.3023055
4867,4.773627774276879,0.5314964489209969,0.15365332963750006,0.20739867
4869,11.988162885206341,1.0216446526867902,0.04105417812499995,0.052485216
4871,1.6496232953458694,0.8367831108191219,0.10136581473000005,0.13224098
4872,2.267326530019191,0.990134030714514,0.03455103818750002,0.013769071
4875,10.249299030627267,173.8767625077189,0.25352925797500037,0.15381703
4876,20.88263043396448,0.3303546970241581,0.2784525087250001,0.53994787
4877,18.836884513967657,1.0757732521707133,0.10245077385499991,0.1256188
4878,39.24142963461374,1.1673890769933233,0.06138399106999997,0.09325342
4879,4.19750754366767,0.55306265852746,0.0387259567165,0.042036865
4880,4.70408733623965,10.805874194972452,0.09604651490499999,0.033144474
4881,13.964686635879804,0.4409912713535603,0.2496705970599999,0.02000286
4882,3.8366481201261164,0.9123528832056496,0.17506037427499993,0.06416579
4883,2.2129088205397367,2.786684948798344,0.20414874554500012,0.074869804
4884,26.16810941203054,2.0510411881596315,0.08903336454999994,0.016268859
4885,5.320588758654761,1.300377907171227,0.16249658349499987,0.15254976
4886,5.5284937294527,3.5518242783527247,0.11276264963499998,0.036059044
4887,8.2292451113374,1.035529407885439,0.08259191275999993,0.1166907
4888,5.862752130531552,0.5196648124476196,0.06063641762500001,0.25971413
4889,2.212578541640493,1.462818826129289,0.08105251116000003,0.040362492
4890,3.5342036584298797,0.8045904645435321,0.31004572387749985,0.42901808
4891,1.8412004634031691,0.503777050829717,0.09774827090499995,0.03420304
4892,1.5905844677348535,0.6994679270624483,0.03330320605199996,0.052582227
4893,5.797429604681242,0.8473180133708378,0.16715982027999995,0.08687579
4894,1.9118266544354174,1.7147876622087197,0.03076207797250001,0.021534981
4895,3.744924201836453,1.543198863667619,0.09269987215999993,0.06615682
4896,2.198926640036674,3.064513209670356,0.054020687979999996,0.024298439
4897,2.599958692561302,3.5906144835689493,0.04114817909500001,0.020514809
4898,8.54450224267662,1.836740902808588,0.3485705346900002,0.5042494
4899,2.9734372513729643,1.251251741724639,0.059231342255,0.08412968
4900,1.59586371203349,0.5329815851396509,0.10150366280749998,0.05915424
4901,3.1834243207077564,20.50284252897487,0.030527082576500022,0.008723818
4902,39.19379460468319,3.0190582111244533,0.2978335417750002,0.4089275
4903,4.011238691711048,0.8877674545775817,0.22052517364000007,0.19045608
4904,2.3581797235792554,10.91857222899636,0.11087715338000002,0.17755122
4905,4.341264864501985,0.2906957125401816,0.20940359811500006,0.15391053
4906,2.5220350990302283,2.425323608022637,0.055785803575,0.029047541
4907,2.8222405819715224,1.3317638003400285,0.03329964965749998,0.07697393
4909,3.1275621098960418,1.901962425055284,0.13662350550500005,0.13426766
4910,33.864544818656974,0.8595019180293479,0.24643136584999972,0.034000684
4911,2.8808938862306213,1.781323149266095,0.0600830258,0.08987621
4915,1.7545909552267733,1.1176071443946125,0.03658885519250001,0.07069435
4916,1.4899334377209976,0.7600036019079409,0.1527023565050002,0.12277063
4917,0.96698652015623,0.8627833225843696,0.07658788923500001,0.05051093
4918,1.8158864588315615,1.1848251158141847,0.07047127754999997,0.032977797
4919,1.4348037223855084,2.8795503391535497,0.11603862042999992,0.21102886
4920,2.7534392077248064,2.9714754044740905,0.09523617111499996,0.0938476
4921,6.164237522128834,0.6682140662986524,0.17807679723250008,0.15835436
4922,1.8213979876065045,0.641162246360817,0.05262122544500003,0.060905024
4923,1.8413340468132884,3.351571722363652,0.060130841737499975,0.14046672
4924,5.666627862036259,2.1441842233910977,0.24122237904999985,0.42708623
4925,3.308060121692465,0.9824396990228712,0.12810477632249997,0.27531195
4926,2.96364144914925,1.0325730841382874,0.02953861186750002,0.021239532
4929,3.966492014881802,0.5438380135693617,0.06567076637499995,0.028084716
4933,5.352037362271646,0.8617965545211477,0.08422285544249992,0.084929705
4934,1.89472214442197,0.7624312218493967,0.05080693435999997,0.0639962
4935,4.180690244813675,1.8835500127821465,0.14861071255999997,0.10250124
4936,3.3938132835057413,2.4232620183128164,0.08193370109499998,0.06275511
4937,9.299264818322307,0.5346180206864066,0.21626126799500012,0.18610632
4938,3.97998799204159,0.8540482522194232,0.10210545710649996,0.111091666
4939,4.468843342148563,2.374166348447463,0.11781975893499999,0.064296976
4942,1.5413529511616684,3.967877354577731,0.06654076189049994,0.029738829
4943,4.530876181113481,1.873904153914077,0.2415746705800001,0.27448124
4944,2.03694564772248,0.8774421937620533,0.07751114459749998,0.05297784
4945,2.4572625342904346,10.132515941442865,0.09590379075500005,0.048116457
4946,15.86191511497275,1.6744637722739582,0.2822485764200002,0.2618587
4947,3.795528616985402,1.938662076896168,0.06007092971,0.12920813
4949,2.1874787081043703,0.7166833332660538,0.064288804113,0.08611766
4952,2.234627400346813,1.2287427006374496,0.08785327771000001,0.023226857
4953,3.90683893756644,1.3923744924311534,0.057567795129999995,0.044725377
4954,3.7857294267135133,0.1365461503220818,0.03817674386999999,0.056785703
4956,3.2684354564548306,1.2506709146743915,0.1738455836549999,0.07278864
4957,3.28247115006868,2.6618563596862512,0.03848617036800002,0.06328835
4960,2.174346728437738,4.694203530607681,0.23876433765000002,0.07966868
4961,5.84937167466083,0.5647045812185227,0.14854811396499998,0.09524473
4962,1.5698130902934277,0.506125493123132,0.08744855381999997,0.06658011
4966,2.513778350709619,87.6330241745528,0.10731650217249983,0.09063431
4968,2.975244185817634,1.8650249289603156,0.04877409800000002,0.020352311
4969,2.5145448225851528,1.428784831350733,0.13418762481499985,0.03195391
4972,4.699330579321743,1.1820629892503218,0.13718267796999997,0.16138867
4973,4.777796772092695,0.3835608788648426,0.06955948597500003,0.043288805
4974,2.6606286116250044,1.458202245095548,0.03934120354750003,0.036192328
4975,5.101903458627762,2.2850204163984795,0.08559175234299994,0.023233745
4976,5.233533859372718,3.143222059196891,0.2905977775275,0.119205415
4977,1.9071114527194708,0.9333820475779222,0.07765435039500003,0.11795745
4978,2.9583487734301674,1.6846673992064325,0.154596008955,0.21863984
4979,3.6652796881321503,0.6304151025584283,0.07467994299500004,0.048841476
4981,9.501606067795748,2.722678373889982,0.3268059119499999,0.2579417
4982,3.319529665310846,0.7696856368917758,0.08503961667499997,0.038329102
4984,4.565317826850166,2.553815208318304,0.2230371898049999,0.095231146
4985,3.8339460426319807,2.645688499760463,0.07210175172799996,0.05392487
4986,1.9497138525385114,24.21267026340357,0.07548718729,0.08968604
4987,5.617950913519143,1.5279820927042669,0.3235404735949999,0.13248761
4988,12.793218717680713,1.0117339300869397,0.2226242736799999,0.025656631
4990,1.878412742220122,1.0122808260950231,0.09726068989150002,0.10331732
4991,1.8884531470862378,0.7224043686666853,0.06319309608499996,0.013816026
4993,2.92376093841643,0.6713479081800082,0.04575999455149997,0.024656964
4996,2.004807374747446,1.130406873665459,0.0785589992750001,0.07904113
4997,7.004072147109903,1.7493184849608718,0.02758442017749999,0.01001563
5001,4.661215547943921,1.4461119769624238,0.3316585889900001,0.3746101
5003,11.512013561712427,1.0984567769179836,0.05582883893999996,0.049914215
5004,2.6731963721311858,0.3134093777938943,0.06558280808150005,0.058146335
5005,1.7250821706908068,2.081392002286979,0.06886748647499999,0.018239506
5006,5.649560567922065,5.728919922480951,0.07208570029499992,0.056339256
5007,11.72282946038921,3.5003415864021754,0.559038284915,0.22811332
5008,6.092473691236774,2.1570486160486078,0.2461878405125,0.32917792
5009,6.2783571208821805,0.7001138314550989,0.32598183389499996,0.1573131
5010,4.129469830158388,1.5309690101628248,0.06340506354400001,0.017818645
5011,3.0628483631123617,4.59683709632223,0.11458683963249996,0.017192349
5012,5.6838887886246905,1.837197168151064,0.11224074132249996,0.037592053
5013,13.209567137385399,59.50141453825045,0.09610672461499999,0.18517174
5014,20.368761748083312,1.479169450233109,0.7757171844800003,0.77606124
5016,52.96228074391229,8.02928968282542,0.9095263533799997,0.20949896
5017,9.059973714735179,2.002153354444975,0.12512697053499988,0.09525363
5018,2.4254325470011056,1.3236832443688278,0.1288314776699999,0.14947718
5022,4.114722244964283,0.976713869420095,0.08765042657999994,0.057677615
5024,2.0215813552648303,0.5920809407585672,0.08078217394149999,0.04301184
5025,2.02474938447962,7.136181294221736,0.04427486096900001,0.06520001
5027,1.8902685109162252,2.1155037208500143,0.10301035297999996,0.053150762
5028,3.325147315649647,2.6940979473072217,0.17526399440749998,0.18303818
5030,1.816959376926421,0.9750093621221548,0.14022348721749997,0.09082162
5031,3.261034346571467,1.0016025811785767,0.09667065506749994,0.13665006
5032,4.781041909799477,0.4440912614875982,0.1038991278275,0.02688221
5034,1.558901851561966,0.9365349415924894,0.048583314261,0.024757553
5035,2.19524079235093,3.4906095188416097,0.06014784930799996,0.07806998
5037,2.9367142233748753,1.2627647012324876,0.08302899102500003,0.09208951
5038,2.640573459479035,1.0904197161423888,0.09227581633999997,0.099339895
5039,2.70760556083552,0.8082148636856773,0.05512205625000001,0.11238865
5043,10.600905860416002,1.0816270011407112,0.080730832285,0.07100467
5045,4.7048533708781575,0.6107325491388983,0.07457139397500004,0.04675646
5046,2.0680683124338266,1.59526720935649,0.05351679704850003,0.13837223
5048,3.9694596156522355,0.990641676987187,0.10523357353249996,0.12260596
5049,5.574944731580359,25.85649151548132,0.1617851547025,0.09431434
5050,5.789452509251609,1.6378555625588005,0.2814640042099999,0.5549124
5051,1.6827377694787318,0.9550919440048056,0.09132587981500001,0.060281612
5052,2.198370813447959,15.78429532039367,0.04942992143750005,0.092232384
5053,5.6578024305597205,0.9402248052582276,0.2213031719599999,0.18464689
5054,2.0444694603133,1.8651378790476827,0.034080486795,0.034678597
5055,2.7931306243342795,8.618158428593382,0.09932604781500011,0.21421985
5056,6.728628617360646,0.6473599194050849,0.33661811032999994,0.089041084
5058,47.84028430151209,1.3191102877423682,0.2718905632850001,0.6000697
5060,8.104636563894564,0.8079394965674255,0.030752685008000005,0.09412806
5061,1.7119593256865182,2.6880634062825304,0.06192585663950003,0.006230961
5064,2.121916291794421,1.071419578561533,0.097896333425,0.028288797
5065,2.23647092229338,0.7466068499802327,0.019032898270000015,0.013997164
5067,23.287863392835984,1.071009251522046,0.07913658027000006,0.05408168
5068,2.7367103797041574,1.224969012117915,0.05600482864000003,0.07334898
5069,2.389390788131921,1.5499076558331295,0.0989976051745,0.018329743
5070,3.045049517962255,3.845530544472676,0.18829506883000013,0.14725392
5071,2.8318461271065583,3.315168186751384,0.16345604837999983,0.078792065
5072,22.608370629105774,2.294925561589526,0.4581876128949994,0.34840846
5073,1.4869951179867362,2.297971152702673,0.11330406641750007,0.16293347
5074,2.068749969009766,0.5975099831441109,0.07214890526100004,0.10155112
5075,3.3635092043787678,109.5248238650673,0.06397631937099994,0.03472907
5076,38.73165515870908,5.330889952863194,0.45293808232500044,1.6741028
5077,2.3835338638967336,6.977193770563593,0.04168350408750001,0.12165451
5078,32.1408377320319,2.556526342123955,0.32938381011000045,0.02687756
5080,3.4624571046087835,1.9926902462373504,0.035713143195000005,0.07448766
5081,8.595147782969574,2.4057073943750944,0.07810695560500004,0.05805295
5082,2.8358440242429896,2.242885737636913,0.047307182440000005,0.078774385
5083,7.676304091936443,2.8608352808099315,0.1904482944575,0.44943997
5088,2.4936378444207796,6.624039706361707,0.12322694064750005,0.15661618
5093,5.610236655519351,3.9565945341101183,0.03013362211949999,0.007527811
5094,6.180793247532035,0.6956372868907827,0.3415102205525001,0.3796623
5095,6.537184309700496,0.3880554457725835,0.10496993663999996,0.07462642
5096,4.924922482297438,3.6426424917571647,0.42506001792499926,0.2881102
5097,4.263082846212727,3.7808912134789607,0.0383348777675,0.074075155
5099,1.935860083032996,1.1647176163673627,0.03556494662500005,0.03883721
5100,5.185500553594425,0.9435361734179364,0.15993821361999996,0.021968402
5101,6.078254548859377,1.643636189314128,0.06529497210000006,0.052720886
5102,3.920257877163463,1.0536536089928563,0.04833367185850003,0.024393685
5103,13.259453056116156,0.8450387229908846,0.06220283656000007,0.03385796
5105,2.009628244737763,3.64000172951102,0.07965919025999994,0.050871436
5106,5.116662303612767,4.728440935678557,0.09417939392999998,0.03712359
5107,2.872629038297479,0.8397886680602804,0.09738518239999998,0.08250027
5108,13.508994302517369,119.7765386025292,0.1900272561000001,0.15294625
5109,88.6534176839179,2.08726541956942,0.6135249588100009,0.2886621
5110,12.758369221303123,1.9934208566088047,0.3368488186750001,0.42282823
5113,2.8801924948678526,3.5293564709064777,0.07200732870149996,0.014973702
5115,1.8657254409180621,0.7545759684765091,0.05866006735450005,0.078295864
5116,1.5752599403005885,3.5482390676220774,0.029858883939499998,0.03284867
5117,3.6480482765702913,0.9888488141204954,0.06232615238999999,0.010066433
5118,3.086977473120719,1.834482368744197,0.08047389062500004,0.010305732
5119,1.9265628471220326,1.9219308287826544,0.078081244155,0.10729509
5121,9.53444823670978,22.54122300308791,0.09553277857499992,0.06446898
5122,7.963735551099976,3.0278399684185104,0.12077932359499999,0.10153868
5123,1.7044293356648152,2.92888121475801,0.07634717914799997,0.0089031635
5124,3.7650977949314997,1.432076865174134,0.19285217882499991,0.2770403
5127,3.130809415905513,1.911136144392295,0.05077337112749997,0.031367857
5129,2.6768408523245713,1.4520739539493204,0.07970741030949996,0.11732572
5130,1.876425021096533,0.4108788642210322,0.028007285011,0.016564703
5131,1.7671925436216296,1.9071329307552776,0.05752557763749998,0.018663347
5132,3.7456303268288327,5.163730328607799,0.27689193383499977,0.22607121
5133,5.740021423373442,1.660441905304323,0.25401455352750024,0.13974193
5134,2.5460141034201063,0.9357656674666642,0.08097645030000003,0.025532342
5136,10.522876236036417,47.5647353336424,0.12097972997250002,0.04283813
5137,43.689561709679744,10.271277794609626,0.5420229268500004,0.14769855
5139,2.2160424542619443,2.145333375699182,0.08320211590250008,0.15745679
5141,2.3892580962788066,31.42840711791866,0.07236812177500006,0.032058418
5143,2.8069577350037336,3.3654901500014125,0.04056325574499999,0.03635761
5145,19.09476014021413,1.2039287034797062,0.07883307444500008,0.03242464
5146,8.665501702198586,1.495073713825512,0.2619180413850001,0.17518488
5147,2.4963819374335703,1.4494084192313996,0.044093000726,0.024646787
5149,12.119367289714715,1.115545937825063,0.36407600079249974,0.45441172
5150,20.83961928778531,1.172804643259575,0.3280629331950003,0.3300454
5151,10.608511045232381,2.906064012562512,0.42123747905000014,0.55127656
5152,2.7301115949177786,1.0914429131767585,0.0403588317015,0.03315118
5153,4.595370972368524,3.850399579874656,0.054103629306000045,0.027202876
5154,12.690893954168253,1.2469655857430586,0.08856210825500002,0.2399503
5155,5.672574380450629,1.1961563285474328,0.08731678565499999,0.0527232
5157,11.08322767169105,3.987267530010981,0.3003630878549999,0.352893
5158,4.063399746823239,2.1917056979542533,0.176375267775,0.95435315
5159,3.1427038194371586,0.7601634688265015,0.24280840415499985,0.6297984
5160,2.157274669550456,0.95671416568859,0.142064483395,0.16025738
5161,2.81491665488703,0.7936027913838228,0.04197695445499996,0.004585304
5162,22.169112167261886,3.070193433184293,0.24782404611999995,0.22708258
5163,9.450395734595947,19.99129592712045,0.20087881295499993,0.061208263
5164,15.042763081066564,1.6103276492919398,0.2718287624625,0.12194458
5167,12.179086676055508,1.1282325709757863,0.3089510056299995,0.14733648
5168,22.345390121426878,2.049730151965681,0.31388532226499993,0.46945477
5169,9.56936842788265,2.5808577992728434,0.32037875413749994,0.13860396
5170,2.7436431489492326,3.1851772271766623,0.09416314380249993,0.04857555
5171,64.05532053232288,8.685169012609235,1.8028233938099993,1.3752851
5172,7.83552736380032,1.9235782044637892,0.22290975588999962,0.50457805
5173,2.7125489394903792,4.774561100500423,0.13274616475499992,0.093007095
5174,11.326587367481158,1.618962784081281,0.08777934985500008,0.098009646
5177,6.946686820963017,1.906105595930761,0.07924116928000001,0.12148428
5179,3.5841091179314777,2.4422534531767397,0.16634407406000012,0.16372561
5181,35.48976693622715,2.785825952364274,0.4215388232300002,0.6104048
5183,44.47261693856934,4.810312551945701,0.6696187188749998,0.52288705
5184,4.361432892568862,2.4200691905634906,0.12955925991999984,0.071154796
5185,3.9251165201624216,0.5682083847882496,0.09571575580000007,0.18549891
5186,14.514629078667312,31.137821594369704,0.1237862132649999,0.050350197
5187,58.4799040190476,2.349021917553923,1.7057565701500028,1.3529887
5189,4.1849957155075055,1.1683880647736251,0.25220001147500004,0.16196536
5190,2.9657210981426734,10.69853352720335,0.10736044614000007,0.26180744
5191,4.343730094667962,2.131673716526091,0.2681056337149998,0.4251959
5193,9.732529421037158,1.6443647111149136,0.14122538876999988,0.023361167
5194,13.239062159493672,1.38832499327729,0.44417791794000067,0.43971252
5195,19.839628846508127,3.917498382060281,0.07124865666500002,0.0880198
5196,2.3884684889585195,3.138027215313528,0.11233863742999999,0.095923625
5197,2.8593186862977524,1.637558767970971,0.10008274049249993,0.08410957
5199,14.3493964790159,0.5127214397770559,0.12224345301000007,0.13729116
5200,6.462693655661977,3.2052994838702533,0.03399568082499996,0.024350984
5201,19.31768038069629,2.077749190689345,0.2973079317249999,0.093087696
5202,2.888870007913401,2.161610024355374,0.09767248698249999,0.1030918
5205,4.106436280486683,8.056792117502871,0.23977361909000028,0.083169445
5207,2.79932356008856,0.7868684520022798,0.06788692286749998,0.028793847
5208,1.6735387795911292,0.6576474219549975,0.031038928684999974,0.022052728
5210,35.018941778898814,0.8263582391459798,0.951054931169999,0.8145439
5212,1.2197524069317165,1.0242492226787991,0.028372234017499984,0.031335868
5213,1.6428294613893948,0.8509496600035059,0.06474263393449999,0.06081927
5214,5.77301270536257,1.6014148964413142,0.08066300507000004,0.08154887
5215,3.4485475577241775,2.0837064264300413,0.03536983925999998,0.041113626
5216,1.8477125289613585,6.751313968701434,0.06520567118300001,0.08025293
5217,37.87514092294217,1.8352380126345065,1.1877328478000009,4.074102
5218,2.500383396804205,1.9905181057236745,0.2996252993150001,0.16584116
5219,3.82762832172044,1.376715133606959,0.08108490262500007,0.14880304
5222,3.5472783039736226,2.27680994879511,0.12840531423749996,0.036911555
5224,3.164267350130325,3.6748970450890575,0.04500856853,0.07337256
5225,2.775781568415635,0.3252015372107757,0.13427626281499994,0.049208038
5226,24.408276403152676,0.735346819298976,0.10709692384750005,0.043838594
5227,2.3961899710661747,0.9581295593241804,0.08519547551350001,0.09278902
5228,5.043105937635312,2.3617937226561887,0.1836657923049999,0.26235235
5231,5.637737523817951,1.0613235549661155,0.2124479520850002,0.17657652
5232,5.328868432645958,1.0047815144459755,0.04170408229499999,0.033849962
5233,3.4401406772151093,0.9732742257761204,0.168319764915,0.03909679
5234,1.4676889351840916,0.6397480745347938,0.046969306349000005,0.051900584
5236,8.399233269372525,1.1715694733578257,0.12746284042000003,0.15500787
5237,2.725174659105101,99.92886527339388,0.07211434788750001,0.16303022
5238,13.14945531398452,2.6074417210258667,0.25107907414000014,0.29852054
5239,3.3575550168960553,0.9849824169638944,0.1706466772600001,0.5590297
5240,3.5613483644184414,2.974236427381708,0.1122486858874999,0.06989003
5242,2.5584027731618644,0.9627691435172852,0.05766722606000003,0.052463558
5244,3.1040139642272693,1.6099861001007676,0.14449625828499996,0.06262707
5247,20.870680114066136,0.8637596879131986,0.242721346675,0.1022348
5248,2.7942464802363145,1.1529688927946813,0.052354551670000006,0.028240189
5249,3.515139782536063,0.6674090629747748,0.09620589482499996,0.07698854
5250,1.9572659414863216,1.080858367029222,0.06851619145500003,0.03361394
5251,7.423008583377867,2.328045940937138,0.08316630075500003,0.05364637
5252,4.415122916860325,4.50900634416894,0.09336895497750003,0.077277064
5253,3.8391555171721023,43.40597549634495,0.11699678721000004,0.19881521
5254,33.50163661429821,1.957702502325901,1.5219465490499982,2.071945
5256,8.090103094840098,4.268119347218436,0.17341643346000005,0.14689955
5257,7.905855941087521,1.153351697180831,0.24424967682500004,0.22711365
5259,5.019851748299251,8.332136602597298,0.3485864129899997,0.32878733
5260,36.861438577474985,4.302058318251398,0.3809993628149998,0.25356483
5261,34.686566700706315,0.4414729081550323,0.27605686011499997,0.14600217
5262,1.799752641449396,5.748585147530074,0.04242915433399997,0.06952552
5263,5.595653815808296,1.5351131364436184,0.18936598806500007,0.10665512
5265,4.851276947494531,1.9513143104479205,0.17351583177499996,0.12412079
5269,2.407424312072062,1.1770144810950935,0.09221797044800004,0.03858653
5270,18.381187807719915,1.454353366941069,0.08651205176000004,0.061096106
5271,5.7474312875514135,1.6172525497503532,0.35745568685999984,0.1404437
5272,18.546958764158763,2.70527542146006,0.8004031136200002,1.1667802
5273,5.155119308623375,0.7550880423991512,0.1004139745149999,0.103472024
5274,2.2075510356624557,2.6286596001921665,0.10617190981499994,0.057064623
5276,2.8429353960682486,1.6589869286142025,0.08347936287250005,0.09681874
5277,3.210163392570014,1.1063582727195285,0.11310416953550004,0.27997828
5279,2.171225430169028,0.4789279535218689,0.03821856722050003,0.017996557
5280,10.665919245537225,4.548480594486562,0.06555581122500001,0.075266875
5281,8.990355356744855,3.1888994059947025,0.26487487562500045,0.117970936
5282,3.8272321003551557,4.762593787516435,0.07597725874500004,0.042918976
5283,4.159386350006415,3.2270553368472443,0.3979514305649999,0.44079307
5284,2.2867264178276674,0.5502554657459205,0.1641039611450001,0.22748731
5287,2.2464500124135993,2.793151095791782,0.035359890663,0.08787243
5288,4.009065207263728,0.3428457748416684,0.06286651226000002,0.023463892
5290,12.086307009066525,0.5410611489862113,0.21520336237999987,0.086889856
5291,2.2263883961901754,1.584802686626615,0.03607241499499996,0.028408933
5292,6.836668980909674,0.6843612999087193,0.10216258691249992,0.018924164
5293,3.0566290765675603,1.767463889892662,0.07524589094749998,0.08230624
5298,3.650936018252567,9.457671593329378,0.056183070115,0.1313055
5301,10.250673427138267,1.049341690702431,0.06594504703250002,0.09039373
5303,7.955569872515486,1.5751670202782762,0.2882655712099998,0.24882376
5304,3.2125121922748034,1.9122022772009848,0.05016463207450002,0.0117513975
5305,1.6775776922293435,1.1767247322618666,0.05867495734150006,0.0076038474
5307,2.5976128701661474,1.1773773515795525,0.06515570530000005,0.031818878
5308,4.925378688426789,0.5009953729852643,0.09363548037000005,0.07776299
5309,6.466653672406753,0.9090315029080488,0.2384995641850001,0.25099033
5310,3.9321334121351743,0.8293578920403321,0.05202227487899998,0.06494544
5311,8.252721608131843,2.4866266455349013,0.033365924369999966,0.041521475
5312,3.2560189678386724,4.468334768890104,0.24895591442499973,0.22901139
5313,10.14949298050914,4.1146108725455655,0.09227667449249999,0.03300987
5314,5.496828423735097,2.009250788407054,0.14235717559249986,0.040078647
5315,3.1810306121591947,3.2907219770125877,0.1778848009900001,0.3053387
5316,5.768706537314361,1.60873483659773,0.08228250005500007,0.05166977
5317,2.2245835477631326,9.146942043637983,0.062305180948000013,0.053379524
5319,1.7130945488706835,0.6381418177107914,0.065328780208,0.004487353
5320,1.9255919749560015,2.791336111306097,0.0548939010775,0.08793043
5321,7.272247211023028,6.244767562975165,0.3972129238200002,0.17734738
5322,20.183971774446903,2.7812404866210936,0.3121143800449998,0.35554957
5323,2.586858652981978,0.0837554464619157,0.05799624412999999,0.07769344
5324,9.553513622779176,1.592694384725717,0.019167943813000007,0.035666753
5325,6.945102705485393,0.4988080924481551,0.37660529136999976,0.072224684
5326,2.0407733802169448,1.7079943632654473,0.09103144084249998,0.10714464
5327,2.1654910990060485,1.0295912948776678,0.06618675434500002,0.106981225
5328,1.9922148059312619,6.908081154600937,0.04902341446800002,0.053303946
5329,12.361471110308768,0.8770988088800478,0.1021087244150001,0.09604249
5330,3.5438542744271215,2.108967457134116,0.21293070005249995,0.24506097
5332,19.263075290903668,5.601932062367928,0.3601208451899999,0.24605678
5333,4.849919077062646,1.3031500106546214,0.04811150295750002,0.036287963
5334,2.0017633342964225,0.6619368002376689,0.06454664857399998,0.03383919
5335,2.8544790951508157,1.918369962905216,0.071435984555,0.08851273
5336,3.56549172083878,0.2462786509994292,0.06263362266000004,0.08922908
5337,2.751913162735328,1.1371570882850883,0.083504128993,0.20420554
5339,3.06452158093098,2.8283533701839505,0.07606234690100001,0.090223774
5340,1.886877668223655,0.3107987243624052,0.11997855496499994,0.09091279
5341,1.7669319468468174,1.6404453750000507,0.0349112815115,0.009845887
5342,1.5779058942174893,0.530614141486926,0.047811358848000036,0.048711017
5344,6.613816456079629,0.9082315395387326,0.14434243256500004,0.06337964
5345,2.8615707918822424,1.307022944968002,0.10120255843999992,0.027747747
5346,1.3988844141596821,1.9217351921842956,0.06979348824549997,0.013535804
5347,2.5828824013393166,7.001317851579246,0.23957536198749999,0.23540455
5348,2.112441352567545,3.30184408988428,0.07633596117149997,0.04529147
5351,2.757479294502882,1.800502658983919,0.049178030671000024,0.023827543
5352,24.310670069315343,0.2951950296137974,1.4223907352499987,0.8490613
5353,1.6498076537873043,2.8615746530183124,0.062252335568500065,0.021934096
5354,7.923340020365175,1.968000470333456,0.3018730119549997,0.23180099
5355,7.813562007301317,0.2893223439456186,0.29808707651999994,0.05079182
5357,2.0796539731527828,0.5860675185236942,0.07383478382749992,0.025759954
5359,3.9636138479272405,2.451673618487197,0.07863321607000003,0.16590644
5361,2.485987780923836,1.855270105937296,0.048740888404000024,0.057274204
5362,7.005015375281464,0.9698249179039072,0.12208619152500004,0.10374008
5363,3.9009024190365613,1.4516098931644363,0.04026920693850002,0.04245821
5364,2.408113987306097,2.2058835555134144,0.11231645335500003,0.16918235
5365,6.5055875969630765,2.596456857082882,0.11380242711999994,0.110787734
5366,2.8737430605017296,0.9045442110634424,0.13757344054999987,0.10491984
5367,1.7552822186896018,1.8591603521112328,0.17080614864000002,0.24119356
5368,2.859652615138009,4.311804369994012,0.08803263199499999,0.07778612
5370,1.853228576514822,5.149689224764943,0.10476619238000003,0.115885414
5371,4.839937106507161,1.4892494224824404,0.12121582785999997,0.10661245
5373,3.213350353855933,3.313314796070137,0.09427760408400004,0.15863115
5374,3.220577951151294,7.175513930633216,0.057802219135000055,0.05158073
5375,10.826530681804718,2.914427841856323,0.07952638246499998,0.04483109
5376,8.388608141149206,2.7125853265403386,0.30171727531250003,0.5034466
5377,2.725092948314378,0.6225695696528185,0.06360470014499994,0.18683149
5378,7.229408019529472,1.2717443554145076,0.031069082164999987,0.023563555
5380,2.3632902879658793,1.330696574616624,0.11786980932999987,0.217171
5381,4.939282563672365,1.7004665466402111,0.06601332481500005,0.04510169
5382,19.30298484557356,85.58420292843019,0.0830787157325,0.18825401
5383,17.380186098756447,1.34949999599062,0.33910872402,0.1724809
5384,6.633706682403491,0.6640566671814124,0.4717287863899995,0.22578841
5385,7.815948915402316,1.2126385288993675,0.10421606549500001,0.06838726
5388,5.1252203901660485,1.288227437762791,0.06281039411999996,0.12542027
5390,1.7169986919747742,0.5923288446640537,0.16650167641000016,0.15747732
5391,19.39951052010603,0.562160336531817,0.06338579301499997,0.07308399
5392,1.1850991106062265,1.5572577751198136,0.07950558008599996,0.033034742
5393,13.017410752586233,2.044639598346935,0.054463599666000034,0.021821415
5394,2.898302803389032,2.1060861042123133,0.12154321627500007,0.032260288
5395,7.588054975552841,1.6367054329769923,0.1527751518074999,0.09245653
5398,2.913301566376477,17.27949704466905,0.07479866700100007,0.0278283
5399,36.95241057023303,1.426298611959851,0.2856112220250003,0.5078603
5400,1.5167345281674136,5.350139746918281,0.06475001620249995,0.020885194
5402,43.57753015243402,0.2361349373006296,1.050668859499999,0.12512729
5403,1.1468732537108375,3.8244536957315303,0.03107423969249999,0.036402743
5405,32.32208572018858,1.9401405282471935,0.4975786658699998,0.36696205
5407,1.2248360679839627,9.42244593872582,0.03099538658649998,0.018520152
5409,3.0740023588882837,7.238292927039894,0.18683812589999987,0.15573673
5410,6.252784945079283,0.8880701807838036,0.07316733992999995,0.02580508
5413,35.041798077042934,0.6478527508921975,0.39978893498500007,0.35781172
5415,6.518542996484988,0.9480356563865088,0.08236609937000006,0.1637821
5416,2.140859274232469,0.4066175078030585,0.08546307736000007,0.09334223
5417,3.6835686407506274,0.6970346230501525,0.13970769832249996,0.13497156
5419,3.214483187443504,0.5698244215728435,0.056423681328000005,0.017516026
5421,3.093375974785486,0.929638677646048,0.031015370112499982,0.04594536
5424,1.4313563632803592,36.84228445049644,0.05448288627949999,0.046124447
5425,23.762117473016843,2.3259754139955104,0.7366797415500002,0.07336291
5426,6.076508615776999,9.164728154910412,0.4937819958000006,0.54810226
5427,2.502394491237187,36.32415075294983,0.12483787888999999,0.051771265
5428,36.44772626177964,1.126836088111811,0.9869020146000012,1.437533
5429,2.9013817426893747,1.6649919046199275,0.0685022040475,0.059031215
5431,5.2932173994276495,0.7181588359302241,0.2205193865649999,0.09174673
5432,4.886906295173112,1.4263865290107205,0.12258775789000004,0.115552604
5434,9.920347228120711,3.3979792952471435,0.09025785276500001,0.06571431
5436,3.4541760324174153,0.3046479713755561,0.21890352726499984,0.06812612
5437,1.5699236946696395,1.347993625448511,0.044827048766999986,0.017862396
5438,3.336133930237411,0.3427000733969482,0.0424043903545,0.10679736
5439,2.754860946053147,0.1348645825298755,0.045192740065,0.042900562
5440,1.4376921448588562,7.643902801693633,0.03051503597900002,0.024793928
5441,5.479498827100645,1.4405504221343548,0.23434646909999984,0.31020597
5442,7.781032274155009,2.1744757470853218,0.11140600410000001,0.13448443
5443,3.020179422735352,18.883460054669868,0.03890111195000006,0.043879133
5444,47.210414526756196,2.272871464840197,0.25275637183499994,1.434887
5445,2.6802462439502035,3.299786579241632,0.13587421875000005,0.30156815
5446,6.1243956213069115,1.8431715466170675,0.10245501904000003,0.035982322
5449,2.2197775766330294,1.772018664927491,0.210785569425,0.03568493
5451,3.9303428409840904,3.817971515562941,0.051355324215000026,0.056640215
5452,22.47511538384292,4.274123689526781,0.13716150454999995,0.15553509
5453,15.823498032662604,97.91433229116744,0.09449920113000009,0.13097228
5455,4.670610931274357,2.938004056217626,0.18305634391000006,0.33336625
5456,18.01728375342251,73.25624860909765,0.2054940103999999,0.1745
5457,21.70739500105611,1.0049697805541902,0.2608174305350004,0.255942
5458,2.16495097087991,0.5836950440374139,0.07751792014799996,0.048473034
5459,1.617441721662606,0.6086760706220534,0.04502208808750001,0.032278314
5460,7.774310865234766,6.046572222694713,0.2137087445,0.11396043
5461,13.080056236133565,0.7726250865039542,0.16968887625000006,0.03271306
5462,2.5149604977482176,4.28346374663068,0.12307536539000001,0.11140223
5463,6.769126574141955,1.2176521171584762,0.07078793844250002,0.015077891
5464,1.782083355987448,0.7715062053711017,0.04592279421449999,0.019346194
5465,2.8599406436468424,0.9968655247814204,0.12169454463999989,0.09098335
5467,7.456058628709745,3.634021428060095,0.2438429843999998,0.1638046
5469,5.106854659702986,0.7190677598705936,0.2665407897300001,0.33511782
5472,2.431080164098946,1.2620463398750683,0.11447434142499992,0.044936143
5473,2.0982097689538644,1.7093027456285927,0.09449791765000008,0.017750608
5474,2.983485709456877,0.3752608030476747,0.21715627954,0.3553887
5475,2.8620821609300005,2.814294623164187,0.08104227230999995,0.041162647
5476,3.214374263016044,1.8254112993995883,0.14431695579000006,0.22794332
5478,3.154899926951249,2.5583619164050115,0.07266037962500002,0.1578558
5481,2.661514753925204,1.2583278532028288,0.07598705092500004,0.12739399
5483,3.050638911124163,1.1364298253541814,0.10126195769500007,0.16143079
5484,3.08941594360457,1.8164042756192325,0.21155896545249994,0.2842275
5485,8.162586258811439,4.785032685561267,0.11788967097500003,0.09060903
5486,2.700937906684071,7.22479086097068,0.05835688157500002,0.047787156
5487,3.7397372083441685,1.061219376377283,0.09395768898750002,0.16123115
5488,1.7742076190001177,0.5090735557603727,0.08616522979000005,0.22026965
5489,1.8836062274923793,0.6060701436231135,0.0373577838775,0.025192857
5491,7.282908033884386,2.353278114336837,0.22583613115500006,0.17791893
5492,5.814063216645199,1.8917549638141136,0.11147601671,0.21012716
5493,6.167456305190646,6.822826211205784,0.2586760320900001,0.12673135
5494,7.734279973909805,6.263785781736457,0.5274137293250005,0.5712358
5495,3.3201197090491457,9.207925623950166,0.05243879852749997,0.03931977
5496,5.313321177978138,0.8980739656888218,0.07206884484000006,0.07225474
5497,1.6387004681194286,2.5862147395714405,0.054404970923,0.010414581
5498,3.5205067463085116,7.567582268039633,0.1514814474799999,0.2171804
5499,8.117299734155615,3.103113374543387,0.30831346257499964,0.060676355
5501,3.554630133431218,1.3216038838719766,0.058573968030000007,0.023083854
5503,1.6810837815730741,0.6875912970903627,0.03641483539150001,0.033629723
5504,2.0392429160799983,0.8615950660679607,0.18429905276999992,0.21368359
5505,3.901282828174824,0.6176381641387212,0.100217818345,0.11210829
5506,1.976671766194654,2.017629346898512,0.08664657349750005,0.16293798
5507,2.0194746042436678,1.3173340129266229,0.07352405589499998,0.057089064
5509,3.8149177990823633,1.167278975575486,0.14755176602499998,0.08598035
5510,1.5592115032928626,2.128454428202494,0.12004377380750006,0.189461
5511,17.477886458813074,0.9395279392988586,0.2247267041400001,0.30631953
5512,47.15645470647533,1.7558043479258545,0.12686000277500006,0.29175478
5513,2.20818454298181,2.6053521136589093,0.10201375201499994,0.15974094
5514,1.7809867741234853,1.7271311555010185,0.07374457169050004,0.08739196
5515,2.345521292920179,1.36166036152054,0.035296909674,0.11640463
5516,3.224479918952285,1.1048964733852191,0.048650038810000025,0.017173147
5517,7.289246084629756,1.2518707666556332,0.045264652973500005,0.07427866
5518,3.656837470885888,0.8288837170482128,0.26822429942499987,0.35542887
5519,2.8579672845661563,3.731595728576091,0.055009241729999964,0.04110838
5521,1.82719645079617,0.6056674117612343,0.09315535624500003,0.07077721
5522,3.166932579250186,3.617375512048889,0.04270802341899998,0.045009147
5523,2.1548679708302143,1.541450606878099,0.25631693040250003,0.52909666
5524,14.584335586679563,0.8059707851364236,0.21643619509999984,0.17457825
5525,1.9863881356848299,1.9281009916654723,0.06740562714500002,0.12868993
5526,3.232775467508989,3.0611471998403967,0.1257046310200001,0.12303693
5527,3.0568617706617442,16.699553242554188,0.09375252446000003,0.058651976
5529,8.576478681385009,26.88731708014913,0.23694690735500015,0.59966666
5531,2.0197117409696297,2.044331935126536,0.06382366493749994,0.057702873
5532,3.0059795610458866,1.3874461766024984,0.12888111416499995,0.12963273
5533,1.486841992685791,2.1259684838604715,0.05340798724799999,0.021573685
5534,2.1125542188740667,1.9685354768938947,0.068977746575,0.016899794
5536,1.89843626854768,0.3877727114468857,0.08648527991250003,0.028121123
5537,56.67930803574418,0.8601195172551799,1.1695947285499988,0.81177557
5538,57.635243133660744,1.4774942543676457,1.0159374255499989,0.9480922
5539,9.37573416193119,1.9182803401039263,0.4862637585000006,0.5016981
5540,3.1437279212062954,4.284928669455533,0.05050920244999997,0.053070415
5542,6.252796410697279,0.5191549068073572,0.04075497730399995,0.02613181
5544,2.528143494992547,0.8261073302789737,0.09790118578500005,0.12194584
5545,8.180146654367404,2.896764567828004,0.16726553214499995,0.2083661
5548,7.964402233087047,0.8224448645604547,0.07455438141500002,0.05081269
5549,2.898402139773057,1.76111690306854,0.08612144633499998,0.101364784
5550,6.9970838992672375,2.8559045019647944,0.11962692829499996,0.06131745
5551,6.07082630629803,4.086629254991425,0.09233203743000004,0.103915684
5552,31.978874377858702,0.9638474492338108,0.26723457875000034,0.22852811
5555,4.392694190758816,9.57728492086992,0.10052732082249999,0.14806923
5557,6.215208080929057,1.937734069513748,0.03674271239299997,0.025494803
5558,38.46659235127967,2.413545141608972,0.2752171450200002,0.3303743
5559,1.5320168868858566,1.7340725862037405,0.07969973017499998,0.08529055
5560,7.909834776578706,0.6096146391756687,0.165630237485,0.08959127
5563,7.514745329445305,50.81243710859325,0.19719407075499987,0.11760407
5564,43.10339167164184,0.9135121662136156,1.951846535919999,1.8678402
5566,2.8344393134949213,4.692777101794145,0.10697070339749988,0.053509973
5567,6.5446811207002895,2.056450813803793,0.23519719985500018,0.5269586
5569,28.69574872266689,0.3342314033317548,0.9789438611499993,0.5383205
5570,1.6272140952941054,1.808547140497708,0.06641278365999996,0.09492176
5571,2.2100145715327244,1.012961261956305,0.12249560624000003,0.116716735
5573,4.854530106444168,1.6492596023671882,0.17323258306000003,0.21229135
5574,2.0763668543449043,13.035847345232892,0.13514631407000008,0.062436122
5576,3.3047902651233274,1.8667608511171827,0.10233817499250004,0.05437396
5577,2.0017125052093845,1.8896966699239908,0.09044690716500009,0.17732663
5578,3.096733881143168,2.1726488461796416,0.02873159319000002,0.010362363
5579,39.75837620958223,0.7129845627372623,0.4657903784249999,0.512534
5580,1.6589016084957096,1.2794605573026685,0.04038727843549998,0.026460832
5582,4.864254567204752,0.9597265503874916,0.19769396831500013,0.051479805
5583,2.804275335205067,1.3126673250888252,0.045785725505499995,0.034568418
5584,1.7792788024609714,5.603292871769118,0.10377101500249995,0.10851525
5585,14.92347774409651,0.5691724513529397,0.23312429318499994,1.0491297
5586,2.83883269347148,0.646490095094801,0.07122641531099995,0.025898576
5587,2.1921606270967122,1.304053300226664,0.10130265310999995,0.04191666
5588,1.826985270633808,0.3635548265845471,0.06233484265300005,0.1173295
5589,4.6044030526598885,1.356098653740469,0.07059566472500005,0.06402857
5590,3.440812129328855,2.1638803899542123,0.06591617435999994,0.092254266
5591,1.7444770832312995,1.8882876739561836,0.042504699591499995,0.0331913
5593,2.151787842782086,1.9215019204518704,0.05870416659900001,0.08820421
5594,2.0345463516813465,79.67360287072465,0.055399528064999995,0.03382295
5595,9.144751067890887,2.267692057056051,0.3311929127999998,0.8773039
5596,14.052692500194409,5.275677245191934,0.08322147132499998,0.10199409
5597,2.7040432736037525,1.3109251776508146,0.06705357251049998,0.019838853
5598,3.0726106098738257,0.8707631757917088,0.08435201981500008,0.022707332
5599,1.9629704827565246,58.25424691829628,0.03880029023999994,0.047723398
5600,64.98086818739039,1.2181718679435711,1.251620032299999,0.12100982
5601,2.1972756810241068,7.14521787649716,0.03414791496750003,0.043938335
5602,7.808311805978625,6.644156048209774,0.18595643516499993,0.29412937
5603,3.957607272940615,1.1579631271522075,0.11930080126000005,0.10640443
5604,13.783209649283597,4.024397858263588,0.144430826585,0.14115512
5605,1.9459478449178398,1.6394149883872966,0.056313802630000014,0.031220164
5607,41.17291023875808,1.337225654903612,0.2783712821700003,0.04019872
5608,11.392082996488096,1.3799376308986546,0.06302538572000002,0.10528712
5609,1.485164047866378,3.956630396230049,0.07257186085500004,0.24529381
5610,13.94550208972589,4.817515630544913,0.07813213798500004,0.062111534
5612,2.7015779502226103,0.248916468920363,0.04924437927000001,0.052906282
5613,2.1042719506215484,2.649511441490904,0.051079921976000045,0.037245102
5614,4.367895845337098,0.818581444067273,0.2370353705699999,0.25623977
5615,2.407641400771862,8.798535706184722,0.06834840039850001,0.033182934
5616,6.094182846629848,1.143615855847628,0.2512957531149999,0.33876824
5617,4.6128689589261205,1.3880688485417871,0.04379114371599999,0.027008431
5619,2.111940269262629,1.3475496305442334,0.07457084013499998,0.14215614
5620,2.490435659846578,3.2792846691979927,0.05334827427500005,0.0133336345
5621,11.551319131723506,1.1089061683396129,0.3115245369100002,0.501185
5623,3.769953502755435,3.9322136021384817,0.07123482919,0.06343267
5624,10.780668718942348,0.6088924299097842,0.12005465422999997,0.17153704
5625,25.408042791385096,2.147447456599927,0.08482013094000004,0.037400678
5627,4.097163941049072,1.898041402667325,0.17168074441000017,0.096769184
5629,2.2230466080934677,1.2206986411707,0.08449614712500006,0.076168776
5631,4.908557048239533,0.953541850922746,0.06747540029000004,0.0513579
5632,1.4462625032613103,0.1976194030819646,0.04284988888450002,0.023200361
5633,3.5178792695977887,3.236214933882663,0.033974327467499975,0.02912231
5634,2.6350636176749713,7.992038920803063,0.15679362417999998,0.024933701
5635,22.603437181595506,10.336014817973265,0.9458539459499995,1.2713847
5638,2.8810601764944233,37.32325584557239,0.049664678091999974,0.07428128
5639,25.865534154920184,1.6398678161741849,0.6288822926500007,2.5689955
5640,1.5203288094812322,1.7745255588675974,0.04919681914599997,0.036406763
5641,1.5998614208503978,0.9069391902562892,0.07302572505599994,0.0031934984
5642,17.92901326841085,2.305088129016292,0.19422939541499978,0.15959069
5643,5.7035648173440325,3.194294692598012,0.30009184201999983,0.1997447
5644,19.835553845317577,1.6198591295314813,0.3097114275049999,0.23893028
5645,3.957992418242439,2.258142240011367,0.07738656756500009,0.06800152
5646,6.339371641523953,176.57224596714573,0.23086247159000003,0.040789653
5647,43.962956724925135,0.4006401388810918,0.5404336972550009,0.9847344
5648,2.9212776193933814,3.6931990673497936,0.13965998075499989,0.039585385
5649,4.555084137915838,4.802749635569997,0.16648381746,0.16855782
5650,5.575617802508163,9.54556062625067,0.08821218324999995,0.18604341
5652,6.735614050899965,0.702671139032011,0.26176542067999975,0.08605362
5654,5.7542525774366196,0.4546941529680048,0.31894948636,0.066474915
5655,2.3959596638691787,0.7562768577629315,0.0568113775475,0.031852834
5656,2.3426212712282806,0.6293969265536246,0.09576187799500001,0.13379869
5657,4.335967054641851,1.7168060611276257,0.06032059401300002,0.047927007
5658,8.439233900291715,1.078195119727586,0.06115221720499996,0.017063858
5659,3.870347982181192,2.907237712242258,0.08551235291050004,0.2478295
5661,5.616632099161693,0.7765155826270422,0.09098186968649995,0.13241029
5662,2.3229644103424376,1.8217363572912333,0.045640288313500005,0.011220897
5663,2.0393048652590333,2.7822010911943096,0.036263775942000004,0.0136704175
5666,4.135086619669958,1.0317830504477588,0.16389834436,0.08388132
5667,2.074586312272457,0.999253657317697,0.06715806640399999,0.07582806
5668,1.586881678267451,1.1187175665410585,0.07764378481749996,0.02557936
5670,3.320905355494612,1.5804168985753488,0.17736926939500003,0.15953737
5671,3.6329074849331575,1.1133858901798137,0.05546131740500001,0.13333362
5672,3.5326319705308675,1.2780400697222942,0.10622583009500002,0.190536
5673,2.7948566569635234,0.6799718323915803,0.036955787697500034,0.017394487
5674,10.994486228853937,83.39120111693876,0.27179243710499995,0.27107817
5676,1.7779386329375495,2.2436522927108515,0.052132211160499986,0.026231302
5677,33.88663953037113,6.198871535089896,0.1265966852199999,0.14018711
5678,5.125682052686924,0.942697999668054,0.40260568199000046,0.060239512
5679,4.605749701552183,0.5165155430994711,0.150057967215,0.1033787
5680,9.108136475106539,0.7762930303589156,0.08643245409000007,0.12064342
5683,8.267014492930901,0.6459862618698461,0.1341231296925001,0.15649267
5684,1.3384406681180168,0.4984532775180836,0.03258177248649999,0.11803308
5685,5.185297486754787,0.4735433898426574,0.11351998197000002,0.109032094
5686,4.749388207891967,0.7704688687171721,0.03490403134999998,0.017764285
5687,10.794691680174928,1.2270205055314929,0.14704138936499997,0.14965923
5688,4.8727070712995415,1.116643127983689,0.05660826956750006,0.04569247
5689,4.459754320470933,2.563505705843305,0.088490193845,0.094392575
5690,7.41792158178179,1.164414977343676,0.06775341124249994,0.047170077
5691,1.8683489031750133,4.863626468920555,0.06545845919800004,0.048982717
5693,2.1755035394961504,2.020177619958409,0.05600589360000002,0.054779563
5694,4.9227977883657354,0.9175526590885588,0.06962133462000003,0.05169612
5696,2.9598386509889734,1.1692852021032245,0.032229236748000004,0.05193077
5697,3.0398955913139662,0.9228523521973868,0.09883311578000002,0.062060427
5698,1.7602454157021894,1.813640928433248,0.07230574477500003,0.10212801
5699,7.260944820640758,1.0430845118680685,0.38504905016499985,0.48600245
5700,3.164940015059295,6.300207797720895,0.019501842445000018,0.057872057
5701,23.275960366011944,0.9732008330336552,0.2809281131600004,0.1664894
5703,1.6729750992684231,11.340226633814924,0.024593616380499984,0.029261194
5704,8.741587893197869,1.2916884637232509,0.13232874569999992,0.10662077
5705,2.9526824386433606,0.6032817247480358,0.11351252105000015,0.054806303
5707,50.91943207923075,0.4710912609185138,0.8624420926499989,0.27346608
5709,2.5095015893371952,1.1138196159597276,0.08865756263500003,0.04321992
5710,3.3447648592589303,2.6076274275176456,0.10734656733499989,0.17934786
5711,2.5153835741545647,3.147526827086858,0.07864817304499999,0.039845534
5713,1.674955046220349,4.55633922873661,0.0425574160875,0.025817256
5714,7.790447414499786,3.157951425202162,0.31801357499499966,0.054889288
5715,2.051155447362712,2.9653110297132708,0.15101970293499986,0.018931292
5716,2.017622364955682,5.036554313561787,0.052818017273500016,0.0646864
5717,17.191034819455968,6.176857304299513,0.39305600548000014,0.08140703
5718,8.78974926264857,5.937451434490849,0.24774175232999998,0.054804854
5719,5.6816801350197,2.249881394554213,0.33358455103500034,0.10740335
5722,3.885917298077221,3.996521222196348,0.06880112311499997,0.03353663
5723,5.279174616126396,0.7797275370468923,0.10062459842149998,0.020870505
5724,3.7909478445957077,1.4656086007066655,0.0363215001575,0.02988093
5725,3.076878201175629,0.6351448527068154,0.043303153049999994,0.02683156
5726,3.5715038052735326,156.7173354477081,0.02994427247000002,0.041994397
5727,37.58716982772232,0.4837218664766181,3.6034889049500047,6.1217656
5728,2.434006919172649,2.8047869080325225,0.08498789764500012,0.023539903
5730,5.703100820232456,2.843684993314913,0.12134008922000007,0.15359937
5731,7.836739958028552,1.543126812875505,0.11406099103499999,0.16127285
5732,2.7361653192995186,0.7573148102359688,0.056788014919999984,0.022195254
5733,2.049446232483986,0.7310253159236626,0.04729777334249998,0.038456976
5734,2.1845617088913407,3.0798233575880825,0.060399734059999995,0.04484269
5735,1.8598541287912718,177.16540714144804,0.10134382866000005,0.3488257
5736,29.776647968478674,1.8305823606500369,0.3484172525650003,0.16652676
5737,5.274990617276402,1.7264680676794084,0.09040582626500004,0.07908512
5738,3.4364485356027648,6.617535210074314,0.09295451494,0.31922212
5739,32.09754764567842,1.0756184186223523,1.437439222749999,1.2141813
5740,1.346659790164953,3.316580087525792,0.05373602875249995,0.056375228
5741,3.8496383661579863,0.3622943456124006,0.17762216183250004,0.117386214
5742,1.5738519307424506,1.1546556291711148,0.037049176369500024,0.043921053
5743,2.3140099911811465,0.4372284686145471,0.10276272729499994,0.07253338
5744,1.774730423820273,1.6717295975497908,0.07164042813500003,0.051256046
5745,3.5619487990804135,1.800593913308667,0.07923180601499999,0.16228823
5746,7.346607959238221,3.943141063701695,0.047104723345000016,0.09631099
5747,3.086599391336526,1.5058621821391105,0.089813918685,0.15172002
5748,2.076813502480622,2.937682974981685,0.06389724495000003,0.18439975
5749,1.627398657090819,2.8427987916347397,0.15158886547499995,0.2980284
5750,2.4930885217817846,1.2921139371428294,0.09357940517000002,0.1272327
5752,5.1679158136609615,2.210156730586203,0.24112238821500007,0.2982023
5753,2.2122095713303276,3.623812359627512,0.09253086720999992,0.015890978
5754,3.054028624868403,0.4100237543493379,0.10496260752000003,0.039491214
5755,4.545984825121708,2.9140411555971024,0.09713101917500001,0.09719625
5756,2.1087592728812576,1.1455073879222484,0.04233232303000002,0.0489754
5757,4.757891295754696,1.288298946035543,0.08833841428000005,0.088640235
5759,2.8134724243322085,0.7490604528376704,0.11096421536500004,0.1503269
5761,9.109246211941064,1.4471176588370778,0.11263561847999995,0.17044945
5763,3.697833454768487,0.9029378078966768,0.06350452110749996,0.028799238
5764,1.8340648497832985,1.262850374698121,0.0477232535,0.0468811
5765,4.630806923409717,0.1711627254371194,0.057276224869999996,0.03859169
5767,2.664629899792393,2.7142596294369183,0.34107621736749993,0.7073341
5768,2.9100558835226464,2.144288556768018,0.14404810785500013,0.07606829
5769,2.023336436305226,0.8324067387829602,0.084697236733,0.04047834
5770,1.7721846538366284,1.1900544524574423,0.0637116716680001,0.025537014
5771,1.605316973142379,0.8556235810350667,0.06317305227499995,0.08117703
5773,4.239122362124335,1.1837390241235306,0.09345622583999993,0.14479631
5775,2.074068154111154,0.3887611158153325,0.10217740606999998,0.10705583
5777,8.394420617895282,0.7147797021601702,0.06449181030750002,0.08673981
5778,1.2460447744871912,14.470690498008052,0.04221927450749998,0.027722696
5779,8.393811903405838,1.2212607882376478,0.21150126922999998,0.17948909
5781,5.281262361025381,2.227354323329107,0.10887618903250004,0.05138465
5782,4.417550054704765,1.9806882028850723,0.09074587760499997,0.035483804
5784,5.057563646813639,0.8659808920185298,0.21667680600500028,0.41056633
5785,2.990828223697365,1.843267455478743,0.037251359043000004,0.019141609
5786,10.694925644544965,2.062574956828629,0.15187258532499986,0.14680818
5788,2.9509915941024287,1.9939997312660327,0.044213393927500004,0.022747178
5789,2.350362565432236,3.237554600280196,0.08583679365,0.22639567
5790,13.514330251896254,0.7289789456662453,0.19972309925500006,0.18980655
5792,10.001273424634343,2.8929696853958995,0.3210940775175001,0.1549586
5793,8.90290732577366,0.7018222964654283,0.2915435215424998,0.11820454
5794,1.7430012448813261,5.0600495896192905,0.06681048442000002,0.018160291
5795,2.7700933443214084,51.12093485553121,0.1944040988475001,0.03968803
5797,1.9935357442650357,2.623832779113218,0.051776175672000005,0.023629759
5798,2.3431698237870378,4.093204446190372,0.07909768666999999,0.031671934
5800,1.8705873421674883,2.115264401879796,0.0855489719,0.051011395
5801,3.1868119926854295,1.4377745329836955,0.08895058065499999,0.023129273
5802,3.3066948962767726,1.7884276326068902,0.12348925404250002,0.14721638
5804,2.7657545447711622,1.8125732004389656,0.03941509951749997,0.08420398
5807,15.13080443608822,1.4260073829159636,0.13670591733000007,0.03048523
5808,1.9457488585830802,0.7402252122675803,0.03577501913299997,0.06422011
5809,2.458144181039249,0.652497894963339,0.09670470770000007,0.1816671
5810,6.5562483852461755,0.6423791440418313,0.11567364597999992,0.03493278
5811,1.6325949519467093,1.4030849645099734,0.034481181374999975,0.014885343
5812,2.49740504115488,0.9426485030593232,0.13362973342500023,0.08437499
5813,1.908353934275495,2.226736728178267,0.0263818600165,0.024736317
5814,2.33898794144975,1.720559003056786,0.08153075618499994,0.11183617
5815,2.9141240760105656,8.65708921953066,0.031150058730999984,0.07550624
5816,12.854123330644072,0.601275707751236,0.10501451851000007,0.22163413
5817,2.0359587715758654,15.245491452841184,0.07977064435249996,0.15782201
5818,3.3741227938722536,4.5000991431398525,0.11241955968149998,0.11357468
5820,2.5120615373611943,2.607867689752809,0.028494795696999992,0.036355346
5822,7.202575775978108,25.530515007242528,0.05631936769000002,0.10993251
5823,16.81898278596198,0.8546636493752813,0.7723907576500001,1.6478081
5824,3.500752897058326,1.4348430938884391,0.06436774173399994,0.05875804
5825,2.0548017840647095,59.765735765024736,0.09661855099750005,0.22107841
5826,41.55295264328722,0.7548944475298466,0.42690124437500065,0.21206687
5827,2.255476019373611,2.446263806038018,0.03407198355999998,0.019129384
5829,4.435153689607399,4.945805816041917,0.11120018065,0.24022052
5830,5.133121230609032,0.6643096996218064,0.04583343031800001,0.17578577
5831,4.581278059101956,2.328202071344964,0.06925816730250003,0.09716262
5833,6.672994625671055,1.88582285789251,0.06988250659049994,0.015118072
5834,11.26693927496537,0.4297833002702249,0.1238396075625,0.010880949
5835,2.8047061261468293,3.502618756546453,0.09038201831999995,0.07467761
5838,4.653370931001122,3.169885974852158,0.07120168494950002,0.091683455
5839,2.032018531737177,2.192628154901732,0.1373229150725,0.048093684
5840,1.879471028970681,4.497748205659874,0.08283844416500001,0.22354501
5841,32.28260235289382,1.2593982284836898,0.11741241979999993,0.066235274
5843,3.1121406834870378,3.3633266920605807,0.04465891426000001,0.010226476
5844,23.333478522317318,2.630540801652721,0.174079310575,0.031291958
5846,1.7308158511292242,1.2036861945663682,0.03421454990750003,0.021315567
5847,12.325097958200962,2.2044520998959154,0.024229307128500008,0.009773692
5848,1.7649736070312079,1.87573213984244,0.04196049004750001,0.034602307
5849,7.526786251509269,1.794187607008433,0.070823759555,0.028797938
5851,2.6884661866407895,3.767521504070462,0.10828683226500005,0.1321398
5855,1.6435241784777181,1.1196178403800996,0.07128172011499999,0.044811156
5857,7.253964401092324,1.0813484961029456,0.09734990291999997,0.03581972
5859,3.3966976102333586,10.739565695984007,0.09053958241950003,0.18920724
5861,3.344415808932201,1.5294406532218692,0.16355352197500014,0.020036718
5864,2.417763435555944,2.229124813920463,0.08066314214799998,0.24974251
5865,7.217158489882743,4.169735058837309,0.3564212971924998,0.40562856
5866,4.070890316644383,1.26016916196666,0.04669790735950001,0.09684331
5867,1.932910143013282,1.975331853029779,0.09676695651599995,0.023750618
5868,6.457466188821567,0.948512412391332,0.12971651634750006,0.25913662
5869,10.262797674557039,2.311595216779244,0.17816385452499997,0.21228227
5870,2.014322616148152,2.9887588267301504,0.08370570865000003,0.037869737
5872,3.1810169297184077,2.189090020529887,0.07256665965500003,0.038265355
5873,3.4998430866068446,1.040338715235132,0.16001440709249998,0.023929868
5874,1.4591971959150223,0.993779725881868,0.051694261885000065,0.012863106
5875,15.713814204286304,0.8052237730455611,0.03825921875450001,0.06654855
5876,3.6050618371383116,1.0920549721619857,0.034841521332999975,0.02897306
5878,17.6317025201839,0.990156730991112,0.10275454577500001,0.116401695
5879,1.8249898716849164,3.663265333387913,0.056201712732499985,0.037863415
5880,4.409757784252189,3.49030808492236,0.04614241466499998,0.019980766
5881,29.89018373644036,2.518238651924952,0.07467226619249993,0.02765091
5882,2.458979716302786,0.868823217202088,0.0647036799325,0.016429432
5883,2.4830072962311083,0.2296986005055393,0.03270530894499997,0.017638177
5884,1.7109740504631816,1.3769846420266063,0.07120923260750002,0.06440439
5885,13.066150329381204,15.303314908644186,0.1261897805400001,0.07442597
5886,23.620939435353936,1.0383286670075176,0.24999205090499965,0.75172997
5887,3.0512761878591665,1.6589768032557732,0.11508451390999978,0.07084328
5889,32.711887649420326,0.7735734530822153,0.4850151066450001,0.3063948
5890,4.150393395484142,0.6271484563017334,0.03910075852599995,0.049431838
5891,2.47019962388533,4.444666642175801,0.06236619111000005,0.06326741
5892,8.465432749730349,0.4166828880578405,0.3023395859849999,0.11198748
5893,5.856579228700733,81.35622443756473,0.03475156648499998,0.028280277
5895,13.39337454841652,5.255508122715603,0.4672554883950008,0.5029041
5896,2.1365368459868743,0.7409330800667085,0.07929837964000001,0.020533135
5898,22.410880286350935,1.8928722220834733,0.11257540588500006,0.07594234
5899,56.21948108244782,0.1974201910350074,1.6435872703199985,1.4041047
5900,2.585741205510206,1.7637817165571554,0.141226218715,0.1970828
5901,1.7797364701922662,2.531292634927281,0.16076148892999992,0.1467367
5902,1.586875212418309,97.02041517899868,0.10305178144500012,0.08494577
5903,6.232656372245625,4.922726586150304,0.06835526468500003,0.20442615
5906,5.068118129111826,0.6727344457607062,0.0982741409000001,0.07184553
5908,2.8345685356790944,1.0801555173547903,0.032909866917,0.031181136
5909,1.9745107716028358,0.1142326539190102,0.08702915174500003,0.08021076
5910,10.029959748630809,1.1766158953372152,0.03166716379999999,0.031689342
5911,2.4577513639982067,80.15720975329958,0.02832668008700001,0.032604415
5912,2.7891782304085306,2.1644240930376477,0.298089690895,0.1310132
5913,41.53420166660966,1.0830220642771458,0.638115934270001,0.15420546
5916,3.4974599744552983,0.7288760946798813,0.03535167306900004,0.02511969
5918,4.901901314305735,1.1212960093413114,0.16139944626250002,0.13954121
5919,1.6190462790240416,10.074866521576164,0.03259647208399999,0.032515187
5920,2.5584546575573466,1.7434069618873194,0.06584177088449994,0.10629092
5921,17.977348200796495,3.593496723294589,0.350025417195,0.14514677
5922,3.006228136752282,0.6301018420751003,0.04797366360800002,0.028913371
5923,2.204745042928701,0.9073881729177636,0.08767319565000004,0.09017285
5924,5.500796116503487,1.931732666769204,0.11540477875000008,0.088642746
5925,1.9005888833882523,2.3407247364744617,0.04893476291050001,0.039680842
5927,1.6606911002630858,1.0848846042521487,0.041865545515500015,0.10382903
5929,1.7215055811978823,2.3949479351870635,0.0944162192,0.036822557
5931,3.256839811380285,2.5396803145147606,0.3155127341349996,0.15676165
5932,1.6701986200824106,1.3583611492107568,0.06432370878,0.090282425
5933,1.3847647491620345,122.3031851591496,0.055837005170000016,0.041056957
5934,29.724187756452203,1.4328094260632689,0.06594915567999995,0.044076186
5935,20.061125556769845,6.357757496001973,2.255143123699998,1.4758286
5936,8.366379550293063,1.2507831145570456,0.10963991979249998,0.20302606
5937,8.451188870517036,0.6229025742450052,0.06133284579,0.044622194
5938,3.2917099280295843,4.361913344590855,0.10604360433250004,0.15162632
5940,5.292878317249965,2.2517474543374085,0.2046969815249999,0.26686388
5941,2.8857271907056954,32.68470259548983,0.05785631132300004,0.054423705
5942,1.8369637999312685,1.5682551888240823,0.05297149428699996,0.085871205
5943,3.9407317851370793,3.3048294952252566,0.16811331472750002,0.38087073
5944,1.6070968350406865,1.3851928868396133,0.04023078337250001,0.013807496
5945,3.59712169851824,2.0395678971378595,0.09259810920499989,0.07536943
5947,7.415883061541857,3.471229437794061,0.060400343135,0.027380515
5948,3.6988315025067595,2.2750614618689617,0.04810494679650002,0.06231919
5949,6.753876346177237,1.0237385309283416,0.14630458873500002,0.067513466
5952,16.09990527456493,0.2910389435309042,0.48261913994500005,0.13868645
5953,2.320727755854005,1.2887839703236283,0.07098053656000008,0.04697765
5955,1.4244600596738426,0.27158595728274,0.0359340169765,0.05689381
5956,1.6446206801583374,2.329718536999545,0.036420940425499974,0.028834617
5957,1.7694252084469755,0.2045768755517803,0.03343887342999999,0.063739635
5959,1.7404444415428821,1.673895849627585,0.06188085984599999,0.022726169
5961,5.762905936946896,1.345566720169333,0.045415004309999965,0.10497157
5962,13.44160092941647,0.9672567405114804,0.18725326072499995,0.21560377
5965,1.9441926375876821,1.2320304697394886,0.17119817851500005,0.30980396
5967,3.009080465798157,3.5869776819436967,0.05942596490449994,0.050854556
5969,2.740125635740502,1.901750263794415,0.12219897081499999,0.06605605
5970,5.044209450707826,0.6967270343294455,0.20126646263500014,0.1162262
5971,3.8571840462443157,12.633917817592607,0.07206003925000003,0.21037254
5973,2.512004983584163,1.2994631605936544,0.09282694771999993,0.1716854
5975,1.8123655406140065,1.794178282387237,0.06139297775600006,0.016965674
5976,2.9176875808668363,0.8020349166803012,0.1600708348425001,0.17446819
5978,2.4796803049670944,0.9146039317494034,0.08628368845500006,0.025525948
5980,2.530024336689195,4.2477902674518,0.03222544069149997,0.022448204
5981,1.6680209865432585,1.8184907440690288,0.04953277564,0.028390191
5982,2.281313480357887,1.7611423904936574,0.07962338061099998,0.12478459
5983,3.5691942036970556,1.8634321361069988,0.10137034981250008,0.16165587
5984,3.3374511662469275,0.512674237632446,0.14340566825250015,0.051459905
5985,2.388591691531185,1.1402602900756569,0.09175836957250004,0.057550594
5986,2.4462274430296,0.4869931149496174,0.04607171785849998,0.09270287
5987,2.5154204758580807,0.9393588010039196,0.05364133750999998,0.0800378
5988,2.1279540457472237,6.116541946743221,0.04674327748450002,0.027459122
5992,1.8890990174038294,4.084856130859674,0.04645370685,0.051644914
5993,4.25387078454951,1.0438881178081256,0.053410176155500026,0.061349753
5994,2.8621583316179384,3.2319795844066324,0.09944894545750003,0.09318242
5995,6.7931035108534035,38.76865573810671,0.07664572624999996,0.04070789
5996,45.01126231281386,6.339158070882544,1.1633824471499994,0.22025119
5997,43.441671721681494,0.8445438135647415,3.1586799830100007,2.0407112
5998,3.4391480437136215,1.6302181372417608,0.11025436824500001,0.26283813
5999,1.5962155867013954,1.936486800080769,0.08167789442650003,0.039757498
6001,2.302993346062278,0.3625071301544198,0.07984036530650004,0.043605607
6002,1.7030866517684027,1.0025180292211913,0.06548331620999998,0.0671516
6003,4.774268918636168,0.7571347060359903,0.0335623623825,0.022575188
6004,6.823106237948809,1.330110411967898,0.28351725288249985,0.23518686
6005,1.8814225022497713,1.7991430701033373,0.02737202721699999,0.026141249
6006,6.919426986922699,2.508538234980186,0.1611796945825001,0.14009768
6007,2.024853407228451,0.3790727443849775,0.06459176704850003,0.08076355
6008,2.6632228882100577,0.5384464707001176,0.13677195073499998,0.07474202
6009,3.3126861077889034,0.848319203390174,0.098063194275,0.075074896
6010,3.50584866516084,1.0612819267406517,0.05772980104000005,0.02685052
6012,0.9964104497844662,0.9656313307797394,0.021312373831499993,0.01095994
6013,2.325599201625258,3.371750412751325,0.2427576823000002,0.030682247
6014,1.9118186559198802,0.6541293403873143,0.067200457315,0.019196767
6016,1.4859996119321979,5.5980080902074025,0.05944772842500002,0.09497662
6018,6.650327381741463,1.0676495026999433,0.1987366384625,0.12420683
6019,4.3196633596283585,1.5914759155452152,0.05954664881999999,0.057153884
6022,5.6195189362329065,0.4295919536388602,0.15921825584000002,0.08410501
6023,4.954979485154424,2.490868795712917,0.14567234437749993,0.108795255
6024,10.837646764763214,2.6142800038398653,0.12458808146999997,0.10280766
6025,3.918827274401659,11.320538441583048,0.12500371826499998,0.10567868
6026,2.0312169717100828,0.3066957727706791,0.06665843743000002,0.019521624
6027,8.779657314016506,4.885111095376583,0.2842326882799998,0.38504016
6028,6.417896929332322,1.4858391133364577,0.120156636645,0.10198185
6030,2.6171450994133902,0.6463911315659487,0.07672656602499998,0.007820407
6031,5.219050735575164,3.426004279966253,0.14059768258749997,0.037144855
6032,1.2066038172338314,2.564751172529462,0.03174617953799998,0.028579703
6033,3.1317173564396246,1.5616049962559886,0.058022428925000015,0.1329233
6034,3.414476768445997,0.2332077557883697,0.09046477420999999,0.021479731
6036,5.255042696869118,13.1691616141525,0.10522047486500004,0.117154755
6037,5.489141872992564,0.7652226739490359,0.2572741576099997,0.22846141
6038,8.716391212068864,0.3786081236421871,0.1609714755975,0.22816361
6039,2.740941839281494,0.3200160891153463,0.05681955874000004,0.063553736
6041,2.1529993072850697,0.9837769978099292,0.048417629588000013,0.012391534
6043,1.8344787910502207,0.9608571929296866,0.07768907892499996,0.031810362
6044,8.70165083874927,1.6965068669835044,0.3120522284500001,0.6225212
6045,1.3410396240816616,0.8913119967936678,0.051096879974999974,0.009504102
6046,1.5586019492158274,1.904637625435975,0.059691329053000015,0.025972715
6047,3.667617432565561,1.8842765957659229,0.06707656920500002,0.020300226
6050,1.627225191952388,1.0113639687552982,0.07687546506499998,0.048714586
6051,18.792916341574873,1.4002773684580625,0.192162798705,0.15640293
6052,3.021985024920086,0.989999948787664,0.082455557445,0.08445786
6053,1.9556269147522847,3.034130619583571,0.049721344345000015,0.038822047
6054,2.5111027554119367,0.5954863707746652,0.15657719797999983,0.050325632
6056,3.4311903723522037,1.4931225390164342,0.026375831602999996,0.030496776
6057,7.238062087763415,4.545038655707921,0.219868668225,0.32558522
6058,2.0756131112783716,1.3359351100565258,0.06956146080499995,0.058229342
6061,3.5829855673469884,4.871055632997947,0.05214762305799999,0.1163213
6063,1.8676270161877295,110.75613182013264,0.06882369817099997,0.03062336
6064,2.705748060085589,3.074808173530641,0.08640267151750003,0.03563854
6065,15.94849550252039,1.8003204254797862,0.35278916885499984,0.38328493
6066,2.1785458449487463,2.158677632445484,0.10409313955749994,0.064150356
6069,2.6062661283055877,1.6086071107782307,0.09570737386250006,0.08075918
6070,6.347144816482899,3.270199332194368,0.20441056063749996,0.23507363
6071,2.8271379250724338,1.2017488838396442,0.14007617154,0.28666767
6072,7.677332084378053,172.8943189354364,0.11305143083000005,0.24997285
6073,1.6028215862409225,0.5917016089151873,0.04277721987749998,0.035420783
6075,1.9459793503917615,0.5844747113682731,0.12257927884000008,0.015853511
6076,1.9651266458088532,1.991588669060529,0.024311840821499998,0.033480648
6077,1.4782819649287502,1.047125515455018,0.04077139432149997,0.02676974
6078,1.9876114086085235,0.6856524461246017,0.04281056104500002,0.04568206
6079,3.7298739692915985,1.4988352128218392,0.033134517915,0.02970597
6080,9.26275776455496,0.4055288167331946,0.053064417984999966,0.023533154
6081,2.979688361484018,4.442346876201121,0.0773287940715,0.02046493
6082,1.3031347798929522,1.0968773490745,0.037244837765000045,0.05085632
6083,4.2222459755492,1.4731670476061351,0.12157421929250008,0.13808203
6086,40.30995987891759,0.9496039436847163,0.5134154702399994,1.8519063
6087,4.248333539746561,3.674900997817177,0.32575749097000023,0.5699748
6088,4.379954923940211,0.626580098375084,0.08538951077999997,0.075200066
6089,2.9382540436134996,0.17657794414546,0.16565889764999991,0.12786973
6090,2.6108336838609727,2.5522869121669105,0.027617092701999985,0.015605553
6091,2.181643341048223,1.916930469768997,0.055829541363000015,0.026666118
6092,4.672447451947444,2.4688158533299625,0.16893558038000017,0.047812097
6093,4.874209681703389,1.906136157790297,0.05753046979749997,0.055738915
6094,2.14618131400007,0.8111291414001555,0.06947747654100003,0.19165482
6095,4.280965300925986,1.1851127061930864,0.10089699594000003,0.03661694
6096,2.390143756076728,1.7700691381197249,0.093615273405,0.1198473
6100,16.16705889228834,0.3292606319596091,0.11924388008999996,0.03091512
6101,7.241552631070704,1.2866171432318203,0.27488252266,0.21918194
6103,3.6834660441604985,1.8370753030630644,0.07884465414500003,0.039330162
6104,2.6420012608572936,0.7142703677347316,0.04499602154649998,0.04571969
6105,3.271016175553041,5.501055788861897,0.06866286255000004,0.09688531
6106,1.7981463738381047,2.8627847977751157,0.09123411555000001,0.121890776
6107,23.96410925493028,1.056400335282068,0.07527710742000011,0.10272501
6108,2.126409073813656,2.0173887202335257,0.09172711835249997,0.104107685
6109,1.4638187222117938,0.880432841746583,0.14934247524499994,0.0844977
6110,1.4750871394610638,2.013617294239148,0.102935471315,0.22357103
6113,5.625672637675518,1.2480926205987322,0.042488638155000015,0.03587656
6114,2.637933873595937,1.207278922197017,0.04495676561249999,0.018154314
6115,3.978316508330191,6.181567800236328,0.10063543673999999,0.02648188
6116,2.3292822352122755,0.7567354702988187,0.08662239502800001,0.16585909
6117,15.666880747125862,25.777726954894547,0.2076689314299999,0.095951095
6118,3.6711264526852885,3.4989506201192917,0.06951432114500006,0.22675592
6119,11.942909767947752,4.979513056913524,0.28392763824499984,0.5205927
6120,2.62429293212349,0.9913546879347538,0.13266632057999997,0.21359287
6122,2.939871099571929,1.0300511338588336,0.06646634684000002,0.11965736
6123,1.5517838775945145,2.011732033725385,0.06808198451749997,0.017857634
6125,6.227226117032401,0.9328820436651954,0.21676995745000002,0.092180155
6126,23.473646196427158,2.96227520359668,0.12399349536999985,0.429004
6127,1.4576694697459356,0.4438371528028349,0.09975347211499994,0.07245981
6128,2.7357625832669714,5.749756314270575,0.10902741648499989,0.17751585
6129,1.8104469587766316,8.905504232411143,0.02363723861999998,0.047153138
6132,5.081355561753419,5.966958846143344,0.27445765224749996,0.31881747
6133,2.382282042026452,1.1689427578596914,0.10538766532500002,0.0699348
6135,2.3776858882433287,3.489549972537159,0.09231355739250001,0.09231185
6137,2.0595991152784445,10.313657927388386,0.10855726799749998,0.12606364
6138,19.42082562332348,8.68404817009068,0.11406593312,0.018713854
6139,7.07431509540625,1.650945579892486,0.35327660079500023,0.64834064
6140,4.6738787020353225,2.8268997862430427,0.14470765444249983,0.046680894
6141,31.315758606783756,177.3919426626662,0.0626576867949999,0.031224396
6142,4.4564039921859395,1.7278864271929637,0.14072850696000005,0.13390477
6144,1.7306106683943987,0.3363421227006291,0.08421466877,0.116549104
6145,3.3952803207744933,2.136904147330166,0.037799286175,0.04755136
6146,2.0085423064896752,13.527435703190422,0.1461043025824999,0.1318559
6147,8.554654043745105,1.005143809374416,0.31212113901999977,0.05174205
6149,2.2757466741460135,8.967476085641998,0.064121473471,0.049980905
6150,2.072407240151837,1.648198490785273,0.05284946976000004,0.058801994
6151,21.84650115970507,2.2577970887592227,0.10543072422000006,0.08239787
6152,3.481718107984635,2.3875488920299386,0.03176005514899999,0.02437737
6153,4.2569716223429275,1.0789332006619694,0.14252380985,0.043145392
6154,3.4552149335849496,0.5400831391523895,0.13589528967250009,0.012241417
6155,3.4547574958685057,0.4965414801224564,0.03356330216750001,0.039101865
6156,2.008084695501129,6.39996165392714,0.055315913397,0.026121171
6163,6.033217237903433,2.7043690488921093,0.09328235930499992,0.08007601
6164,21.687857893464383,2.438599669625968,0.32805578927,0.127092
6165,2.6976190529532484,2.527121677994442,0.06140684151500004,0.068045594
6166,11.32425806399882,2.547377359165344,0.06900750082999997,0.039894965
6167,6.551568593536705,1.838538330772847,0.25755057125,0.16577396
6171,1.8054177667568145,9.355497732652818,0.03430237168550002,0.099097066
6172,9.41950218324668,3.754767303436434,0.24811218860999998,0.3380449
6175,3.7910132366688436,1.650958550037832,0.13256654869249998,0.031375013
6176,5.8236196229913135,2.8066210161559444,0.13525664733999992,0.034566548
6177,2.388807165530042,1.417939509041273,0.07535146006000001,0.031580098
6178,4.217506225977474,1.114796844594217,0.0795934072499999,0.032884296
6179,2.0744368857226463,5.974883261585238,0.05212393925350003,0.0061606336
6180,5.212953449750906,1.8104130717728857,0.10584418305249996,0.102593176
6181,17.271595567914755,0.8282799753830352,0.3294861718549997,0.5107094
6182,2.7224282742293076,2.7313471381594354,0.1819919567775,0.08743274
6183,9.861291433431719,1.305228944161514,0.12291396098499993,0.1083711
6184,2.7920918428755237,1.1519787743114462,0.2968484478100001,0.058239456
6185,4.556979453329132,1.81664000324784,0.03773981149499997,0.015448814
6186,1.9505147879591194,4.109494714397601,0.08450246735650005,0.08977144
6187,2.1674082852553953,0.491693068509618,0.05810851923599995,0.0810501
6188,5.244961745159866,3.0596389283636825,0.2401069381525001,0.08560291
6190,10.558139837646209,2.342356384847128,0.21523860531249994,0.019623324
6191,1.6832664203099714,8.253600611757838,0.029759188325000054,0.049805116
6192,3.245110179406063,0.7366899017997508,0.11018724483499998,0.21415019
6193,4.510215460705258,1.3523550398775193,0.051241960940000025,0.041439064
6195,5.291642938410674,9.005756403706213,0.1666087245124999,0.13672851
6196,20.146775515025595,3.256275166219797,0.05878788175500005,0.10177009
6197,41.027877617534315,2.022582619449331,0.26729876234999994,0.5886958
6198,3.007649828002666,3.063561508245781,0.08220526892249999,0.10581776
6199,6.690027401003437,1.541639837001397,0.11464415480749998,0.08896312
6200,18.606106969181912,3.3390332453429687,0.05917118492999998,0.025045304
6201,5.6292885503652546,1.4249990484851565,0.23759778615000016,0.24828032
6203,1.8945571590274257,0.2693361908202528,0.07194452508999989,0.055389762
6204,3.8270118399932573,4.163230572693658,0.1221494108024999,0.18451591
6206,2.1656051855868785,1.1317962908098536,0.09943484589499997,0.15158196
6208,3.034101485513625,1.0558452335027837,0.12326464380499993,0.16920732
6209,2.7658798809754983,122.433376060925,0.15657511086500014,0.07851591
6211,54.41433574801419,5.845363950513057,0.7355849062999998,0.12119457
6212,21.490840786332797,0.1322596224654075,0.12437908793500009,0.13371053
6213,10.846344738353283,0.8519792256767562,0.16362704645999998,0.18708427
6214,3.317877510031857,1.3467421862721858,0.0726498645945,0.045951083
6215,5.896304576525709,0.9267344868883548,0.1729548490750001,0.11619273
6216,13.67027342418387,1.999562475438048,0.7196039469499997,0.6102572
6217,1.3198701985730417,0.5931336159391511,0.051483873939999994,0.07256608
6218,2.5796055251607326,0.7502212652475992,0.06843410520999998,0.08921646
6220,4.516085723313837,5.3939877958927935,0.16864340768499975,0.094118394
6222,4.93846306585248,0.2169471430790108,0.18277492184249997,0.17551218
6224,22.953799101980785,2.166202077904388,0.09798526739999996,0.022990536
6225,1.1683830949849054,1.3514424802455007,0.02631243069499999,0.0057393787
6226,2.159389665662358,11.279746744626827,0.06996611446999995,0.044126086
6227,4.170663875570579,1.440966606587749,0.14031582416999994,0.09595656
6228,19.33076366526365,0.7745039278659606,0.06774444966999997,0.10691692
6230,1.4070319621662821,0.6241419491727518,0.050693985079999976,0.04424444
6231,2.9392317148022795,0.6378158022535931,0.13540700922500007,0.054166477
6232,2.231658801825685,2.0872454344647857,0.05024830122800001,0.015476621
6235,4.6334336440958666,2.599968958258643,0.04222154556999998,0.06920248
6236,36.77318324863517,5.692613768029805,0.5920699317750008,0.4324669
6237,2.678067766309011,0.8129824709430042,0.10419128971999997,0.20142642
6238,4.412342996773297,1.498985825002677,0.14384767383500005,0.25391272
6239,1.6752784786959642,1.5343585886892672,0.14623074005000006,0.29416803
6240,3.393717333297198,1.944443905420621,0.09804119182499998,0.03946058
6241,3.35306345955869,2.130961576403766,0.11506946509100008,0.01624215
6242,6.505445825809686,4.304446903742951,0.28938397082000017,0.23689088
6244,5.049940607903009,68.7987941620805,0.23996629686999998,0.2645886
6245,3.2447226507775757,4.811354873483246,0.09267808437000001,0.24681166
6247,3.093576872367629,1.4161126077030963,0.24694572175000012,0.10987494
6249,2.3519063192020138,1.9328098809894445,0.05022794327450003,0.059144624
6250,22.070117625648415,4.68573827598394,0.4404029376449998,0.25714034
6251,11.516357703311247,15.762766540835196,0.10652973177999994,0.13631354
6252,9.544428983905737,2.1667476266040286,0.07322213595750009,0.14839406
6253,44.07675929634901,3.91453494001178,0.5620208206400006,0.10883662
6254,5.343877070686758,0.8451306323400368,0.0646616773860001,0.118158616
6255,3.9687854856291445,1.5476839973229164,0.27976119196000004,0.14739345
6256,1.3874319755134263,0.954786987986234,0.06800512309249997,0.053045176
6257,1.5690471718238939,15.926113612547496,0.05936474289249999,0.08879278
6258,2.5099920641441487,3.003523696981333,0.07379446394000007,0.040178962
6259,8.01872881765633,0.8443531817075829,0.16890680026499993,0.17466436
6260,8.049609835995467,2.200184241984977,0.21012675937500025,0.121082
6261,2.4532946808573826,0.987675826086272,0.08567315647000008,0.114247896
6262,12.315794174258997,1.115610141088697,0.17413628627499997,0.28929037
6263,2.8201253132997817,1.1901234711378763,0.1463001773425001,0.09468742
6264,5.89413322085913,0.4888944907651198,0.07744750502999995,0.095591195
6265,1.6300350687625178,0.6494374504394758,0.06367218978799999,0.030337544
6266,2.1294364188415518,0.8874166164128545,0.09414423372000005,0.14787321
6267,1.9844113962230978,0.6211010036066105,0.05501044781049996,0.049401004
6268,2.5403058761627517,1.87923608422781,0.05986225313500002,0.018489618
6269,1.5916750758123832,0.7547474036304541,0.09438276109000009,0.11951682
6270,3.6951990770209555,3.9520325117232336,0.11663775727999992,0.1298037
6271,3.2378610537413293,1.6541591267454885,0.10334881609499998,0.052783556
6272,8.212047903705267,1.2031561181291768,0.30078166605000034,0.13243203
6273,1.8441519765234244,5.285099295059694,0.0318120976215,0.016530618
6276,1.7954042739868732,1.220346417797421,0.031326483652500015,0.045484833
6278,2.8389346699767786,0.4948745910975514,0.1292134220599999,0.029194336
6281,1.4656118162853524,1.6151489361437397,0.059506922335,0.021417271
6282,2.8125263062559314,5.493660107747196,0.23438968398,0.018460244
6283,6.265897768631581,1.5436463132610971,0.26476619486000025,0.16500935
6284,8.950757715619007,1.25389719263143,0.3270496441750001,0.2972237
6285,1.745952302588175,1.6125370047144802,0.0779764150245,0.0865559
6288,8.23330248970244,0.7563120756997425,0.050027802917500024,0.084285684
6289,11.597400348028778,2.6860421300891213,0.17455713436499998,0.1987861
6290,9.617933897960507,3.6082823640774655,0.25970428962000036,0.2808537
6291,6.800585018304818,0.295407609931109,0.07886595702250002,0.07595917
6292,3.360832558084996,3.571206673065681,0.09084573852500005,0.02279849
6294,4.187683292131416,5.008249026628826,0.05532058155,0.081659526
6296,2.924098525200651,0.6886816010109948,0.07031258071999999,0.0383122
6298,1.5536363524390153,7.975628012115951,0.033584774814,0.019705025
6301,49.4169315585135,1.2712021021544466,0.8897714136100007,0.5911105
6302,5.2115098264719,36.025768562411066,0.16263777825500003,0.04309942
6304,43.24612970122544,107.9328427234468,0.5471411839500004,0.38314325
6305,4.494276548837981,1.3431958330630704,0.1956914870525002,0.41898242
6306,76.32552722577293,0.3318678546807361,0.6317729857400007,0.6347371
6307,4.841290746177888,3.682233408117752,0.05405907182000003,0.070369236
6308,1.484633715814535,1.930739673974984,0.07936280177500009,0.070085034
6311,36.011720396879554,0.7789039270423732,3.2190533325000006,6.860857
6312,4.657533618540981,176.2152984837775,0.071080368205,0.02696712
6314,9.452022053474664,3.361866810168272,0.33955109869499983,0.08262583
6315,10.956243969774011,4.167530908357073,0.689839577475,1.003542
6316,3.052839862057435,2.0564826227239386,0.12288998443400007,0.069007024
6317,15.988773062569239,2.0587667515618446,0.14835737685999997,0.028389229
6318,3.5464889171234866,0.9719634468658406,0.0852998082055,0.09019281
6319,2.390200610380939,8.95634799272516,0.1108918959749999,0.15422767
6320,6.612496276979622,1.7610670882589026,0.07574991702500009,0.02888967
6321,7.131094621224472,2.488050319476772,0.12956550238,0.050445538
6323,1.3852876019008824,1.941017430309248,0.06501974173249997,0.02929345
6324,15.96811072116601,1.574719293250738,0.09647834392000001,0.03148787
6325,1.5251654993467003,2.804133513413868,0.14424418287499985,0.070068665
6326,2.5904942470032997,1.1413540135328764,0.13338946088999998,0.07711489
6327,7.6304689660183245,3.645783638517917,0.42644626272499997,0.4809038
6328,3.439353025158038,2.621559215538196,0.08643002640999997,0.03095603
6330,2.991676492944664,2.3659264094711627,0.10819434271749995,0.021468308
6331,1.8509250457879052,2.181637318255044,0.08137046777999996,0.18627483
6332,48.419490714638975,1.8315841935114183,1.4271179967699985,0.65658355
6333,3.145949296953897,1.407648750158076,0.0964253476925,0.058634795
6336,2.2066745147515685,1.5613889093878093,0.07310541849550005,0.058470245
6337,2.550022107880188,83.8201361832225,0.08167942281750003,0.07910187
6339,50.047669400478846,1.3892737337480223,0.344896375455,0.4188229
6341,15.646107052432523,3.685122666892468,0.16970950361000006,0.19619672
6342,4.266063352624506,0.7651072169738129,0.09408052155,0.08915326
6343,9.442783305325193,15.04084643630078,0.11432224304499983,0.065751046
6346,3.7396780205697553,1.6167776978199755,0.10939115545000008,0.02616407
6347,2.111658920272151,0.8449546962907004,0.04768442697900006,0.06659259
6348,29.26454095700848,1.2372261752479703,0.3855053246249999,0.68290854
6349,3.6133564737526287,1.6155390567404126,0.13480219685250017,0.22727038
6350,2.9519743204289277,12.915115210747944,0.13161616757749994,0.04576111
6353,2.077706521242714,1.140763605472406,0.07869358322399997,0.2747781
6354,2.919461689756151,1.3581679969443077,0.04235966733,0.056235634
6355,5.8273434391759285,3.1403189697610987,0.06987539260500003,0.017047554
6356,1.9071235158541353,1.7734381695390249,0.05376976533999996,0.037228037
6357,7.316945715320305,0.3177977611213209,0.11462434207000005,0.10902762
6358,2.1997017230163265,1.188241674889703,0.03294630015149999,0.05274934
6359,1.6021583578239489,0.4432210762113933,0.03314523884149997,0.0292438
6360,0.9824606385620571,2.398131845516972,0.05398315486750001,0.025573878
6362,3.2010217783590162,1.2685586989835125,0.09572807390499997,0.24108246
6363,2.170101657511911,4.308526583074671,0.062689453805,0.07254884
6364,2.587881083749382,171.44119061961302,0.09950574770750004,0.09261807
6365,3.7060582486847853,3.575601236573371,0.33983916769999994,0.21041846
6367,13.5067257433445,8.647488354807512,0.28430805131500014,0.107649654
6368,3.159450617610617,2.533196548654463,0.08760665850499999,0.05193572
6370,3.526664235635358,1.634034641517519,0.06594808526999998,0.056233887
6371,2.0894840692431975,1.5304347043994686,0.20984256185500028,0.17955175
6372,5.154343341220471,0.5164085718381841,0.042193485659999974,0.024356602
6374,1.5445784633729973,3.064552573218585,0.048380817517500015,0.025137428
6375,39.13002460444489,33.45108751019724,1.1561038144499995,1.3805944
6376,4.063587755146123,2.8409556392849287,0.058716911364999964,0.039819755
6377,24.318582105555958,24.123144657886375,0.34669825058500015,0.17107967
6379,26.75408006087162,1.7997455031885663,0.32802595285500014,0.57285124
6380,2.681104838389126,0.2921547908995069,0.07855338199749999,0.012318888
6381,1.6991389670059425,0.6085286994189952,0.06448290207299999,0.018110435
6382,2.38731286330897,0.6463486496546249,0.058736250752500024,0.07696609
6384,2.008887073801116,1.7700219962707266,0.08748909466,0.1724838
6385,18.22126935261879,0.9114989738146124,0.10211804109000001,0.14734624
6387,15.620301215948642,51.173851613606985,0.060618551090000056,0.055541623
6388,3.1532715669263656,12.401123270993756,0.16392642769500004,0.110391706
6389,76.79613690012263,4.7443177391321285,1.2463637003999974,0.34074706
6390,2.998133315801683,0.6963237873222613,0.21153183322749974,1.0064598
6391,3.027806784407221,2.846387017970157,0.17104314139,0.019087885
6393,5.808159881053224,1.1740818738046097,0.0750972962475,0.06297136
6394,4.618643151706269,1.0274348638505262,0.2986235246075001,0.15479477
6396,1.3011717942211138,0.6396275916985329,0.05576955339000003,0.031399265
6397,2.54902261121619,72.56755645503856,0.057936461871999974,0.016513018
6399,63.73388888245262,0.6314202938169133,0.6008068754800006,0.23181336
6400,4.985527686967713,0.1847008882594303,0.1370795696150001,0.1257622
6403,4.738448357484149,5.01680374599048,0.028484530512500005,0.02992915
6404,5.28413481707502,1.7902168518882329,0.18639607081499993,0.039131712
6405,7.1534662321639075,1.057099753752576,0.20327458809499988,0.044773784
6406,3.276854647876874,3.8303014134392734,0.06952152421799995,0.03351845
6407,1.8357819740126147,4.959318644828638,0.037219595751000006,0.060629826
6408,4.224034704345375,8.492211245404905,0.3246407669700001,0.155342
6409,5.237891547404433,2.54336945460054,0.3813227935150001,0.36027133
6410,3.7202783503837056,0.6918277853904664,0.12962586179149993,0.25389913
6411,7.0518609499424505,12.159237290970117,0.0261228097075,0.049750075
6412,6.729911970786021,1.1465353500703337,0.4609919585500004,0.61553437
6413,43.489490110322784,8.780838161959892,1.2843878349299995,2.275562
6414,1.9574870090502006,2.030551379534328,0.08498121768549996,0.07295833
6415,5.356502250436433,68.60458086552153,0.0976306731000001,0.33414146
6416,2.2534803128926324,3.6705006038112833,0.06551301803000004,0.13212746
6417,40.90784182992812,1.4223109083322758,0.3059899495249999,0.3964205
6418,4.252365944293411,0.8044647001851085,0.11832226281500016,0.22323614
6419,2.6221145945772135,0.8538448084676861,0.06911189496500002,0.09179961
6420,1.4154729331885547,5.101098111072443,0.04187654888749999,0.07051712
6421,2.2319186575091248,1.1864468678651572,0.04438892380099999,0.04453063
6422,5.611530974981907,7.237625400028586,0.14389481973999993,0.17185771
6424,4.209752021854308,18.517920707348985,0.072975951615,0.13418774
6426,29.084014965144885,1.0975547765999918,0.2784058830549999,1.726212
6427,2.510531191968278,0.8873003725129386,0.10031058298250008,0.089217655
6429,2.455927683371351,23.85559602511983,0.07065015099499995,0.0371463
6430,1.6917948141329344,0.436631557543868,0.05779890181249996,0.07458197
6433,1.9302364533363576,1.1773732151583165,0.05301197488000001,0.0544519
6435,2.3052674487876184,0.9465357800326714,0.09844315670750009,0.1033834
6436,6.3109827603469615,97.44330843544428,0.2655232345250001,0.32645127
6437,1.878441575058465,2.281861551242889,0.05712217059299996,0.02630784
6438,27.504638540531182,0.418353256453936,0.2634218285949998,0.13296117
6439,5.15298375184081,1.360343155159848,0.22262755392499986,0.09416144
6440,3.3496099532226125,1.5963633767510363,0.052514343349999944,0.039812084
6441,1.8264620939177123,0.8507962389416853,0.11305605325000002,0.049813353
6443,2.936683196691513,1.487977515268001,0.044475599220000016,0.036533542
6444,7.075039871928588,0.7313069243100432,0.08747492875749995,0.03286009
6448,6.292916750210857,2.1270923935637973,0.025246703345000007,0.023738876
6450,2.296085107619619,0.3681166837338556,0.15364824733499996,0.065731116
6451,12.224824715662336,8.048946973915756,0.084017835353,0.031035056
6455,1.6251165216589203,4.653601227551986,0.06633256912999996,0.05818612
6456,3.597653511957893,0.9202106146016884,0.05137198030000006,0.10365924
6459,2.609783373614237,0.958018741083998,0.07855108141499997,0.07020958
6460,3.593147813894606,5.051261682000549,0.17802792719999996,0.11314745
6461,2.267456998896718,1.147275575397168,0.07376176263500005,0.11064046
6462,11.263932765600952,0.9078835248721016,0.28943449021500006,0.38747492
6463,5.393855573501316,2.236033473714014,0.10892901204500001,0.16675057
6465,2.3674585532823786,8.825847081720015,0.05603031505500004,0.08926164
6466,55.02075204449061,0.9732185724098276,0.5440090773849999,0.08072491
6467,24.4706937092061,2.2391327637494367,0.5441544007000001,0.39344573
6469,1.8430929538480447,37.66908210652932,0.07353290843999995,0.013547645
6470,2.385031659190163,1.0933596498171327,0.03518300340049999,0.056429796
6471,46.132642763189395,6.745797768036537,0.3126677771149999,0.2710834
6472,3.2101154991131646,0.9687571024941326,0.06628686448500003,0.018155327
6473,46.38472626706113,32.31057711175973,0.35266153090000024,0.583472
6474,2.9480643153626547,1.0643727666002494,0.056895851585,0.049433857
6475,11.981457635949289,2.718946940772027,0.19497173278499985,0.21035299
6477,2.220940914259308,2.139681223008016,0.05516474362900002,0.14535122
6478,3.2905490827485484,19.35148527020596,0.05627280729000002,0.046561882
6479,2.9441367576881756,1.9899138806920045,0.09723423859999997,0.06724671
6481,3.724450341255413,2.3338992253067263,0.17750983102249995,0.2877796
6483,2.198654929807944,1.0719600901444932,0.17323199977000012,0.23789155
6484,13.824745915949174,0.8827588121702508,0.159340428735,0.11572383
6485,3.228309709948885,0.9677047764807586,0.12011371055,0.06186459
6486,2.1495763530483125,7.982440794316635,0.03241363653699997,0.018298518
6488,45.14260208111107,2.1119347963507,0.9965281270999995,0.37894022
6489,8.323130192671822,1.612989882870557,0.0626149591975,0.08770633
6490,5.2533474687017305,10.639011937035312,0.24780000584500017,0.15127788
6492,50.0271726175332,0.68888657657938,0.3428572499550003,0.12172756
6493,7.480066445262403,0.9189326347001936,0.06941126742500005,0.023129962
6494,4.819903840957533,0.583695373269883,0.2486795617300001,0.10570993
6495,1.9709073779282105,4.689410186572876,0.07648741328500001,0.014198805
6496,1.548132312884059,1.8262941686032184,0.039403772445000027,0.055590548
6497,2.027850854771912,0.5189048694669613,0.030352882862499958,0.028357642
6499,9.5849149439172,3.934340039785385,0.025585419059499993,0.017431911
6500,1.8289011380731959,0.8869280926931733,0.03488789262400004,0.035409898
6502,1.5206830721754268,1.0483151775158173,0.037560799493999986,0.021386614
6504,6.197450077585208,2.230187888988437,0.42119539301500025,0.095837854
6505,3.2963359184975354,25.32732553004589,0.10213128119149997,0.15927644
6507,13.316157626772384,1.5617468786754962,0.19942175729499995,0.15869574
6508,6.452989341772809,1.9284444838041763,0.09943190409499994,0.089719854
6509,4.899567487064478,1.2888140044162153,0.03783544942500003,0.005877165
6511,2.89168749829303,7.457947842368672,0.10021985172249988,0.097190864
6513,7.482641487273963,3.815267279712541,0.17452533591000005,0.16244164
6515,3.2647260002487246,0.385381896523348,0.38468737406000003,0.056860782
6516,50.0101955814489,0.8850618377926663,0.67135460054,0.37892136
6517,5.549962000654384,1.0526570889900306,0.09746595082799997,0.20351881
6519,2.643239903211449,1.1843384137982649,0.020160707772999994,0.014288459
6520,2.9062667922598995,0.3465931603404101,0.08835685534000003,0.06280619
6521,4.860221560267295,2.5693833720460137,0.08717189939000003,0.012467435
6523,3.826753348798363,2.7688165503999533,0.10574990888499997,0.095742226
6525,4.220341985656915,9.728396939142092,0.09180888434500009,0.04978092
6526,3.0098271856380863,0.5593769270757915,0.07181023311149999,0.09045539
6528,3.2225532554213006,2.1029133990867126,0.06927103979249993,0.10578437
6529,4.577264656102611,1.9730180006099791,0.05874230811900001,0.068477005
6531,6.969192188001735,0.7949738189991075,0.09311805717500006,0.01894882
6532,3.634685419780655,0.9853098407825104,0.10847756995499998,0.1628743
6534,4.563535968363676,2.2292210919554574,0.067338289235,0.053223442
6535,7.800885806124102,3.6834390936410712,0.11548730841000003,0.047822114
6536,4.9657641601845475,1.1362267141022626,0.021004057957499992,0.04631008
6537,3.8037150588192485,4.133876798989954,0.10889498766500001,0.12127149
6538,2.6635147306808653,1.019136055023353,0.03985768080000001,0.14655113
6539,1.654062479648503,0.9094277096370448,0.10110100464000008,0.02114338
6540,10.724218814555142,2.7212271542219084,0.30794477012250004,0.21765012
6542,15.99320558736839,0.5502779509688495,0.10951664727,0.1079703
6543,25.538749667185474,1.1232387573670797,0.05245656405749994,0.052410576
6544,10.947535170874028,1.006499954334405,0.07062119991000003,0.03869482
6545,4.981340854441363,1.569840334191042,0.24248088027500012,0.16223648
6546,5.476718414057181,2.4769821761304325,0.09790894785499997,0.10908293
6547,11.976873157990992,0.7247129945386294,0.03290816558499996,0.053712424
6548,5.985180753695276,1.849937115055231,0.34776757925999996,0.097004235
6549,9.437721178812211,2.3976407838022853,0.19276203170999995,0.060733605
6550,3.538077115256007,2.775480446480387,0.06952374951450008,0.03190332
6551,29.604986019919053,1.2724666812990075,0.06182621993499998,0.023246419
6552,3.4141521170939937,16.48752037061864,0.048656115326499993,0.11335706
6553,2.992873604845743,3.6662551334549938,0.21367499352499997,0.16539831
6556,2.4258524100756818,0.8683002071701189,0.06108538086600003,0.15340969
6557,1.4088096960342682,5.5457513923194846,0.08578902133099998,0.024791736
6559,2.1748097157895767,9.56282745143782,0.0961655495149999,0.09384898
6560,27.912300863464097,3.1714590272145387,0.5588068248500007,0.49799898
6561,3.5979716523951355,2.257763611606678,0.0545317222745,0.0065949014
6563,2.5794626189157954,0.3712664132399003,0.091083488865,0.07671405
6564,2.830253765220622,0.9976617538894644,0.061391929629999994,0.020063248
6566,5.81304235303765,0.4354825351353674,0.05017153291749999,0.03668844
6567,2.833397161974702,4.221339579248004,0.07332806388500003,0.13284545
6568,4.597330358851651,2.592832319387764,0.029280365217999996,0.023030955
6569,1.864771328198387,3.4262310544953394,0.028028513174999978,0.023671202
6570,9.506308937819222,10.509238214564975,0.3985917055800002,0.30088642
6571,2.4739220520185863,1.9785451299624588,0.07491301975499998,0.07603268
6573,4.08335813955535,1.0441112564891006,0.15084756707000005,0.1529818
6575,5.644613002405061,7.95984077117401,0.08838147715500005,0.089703895
6576,1.4120005611000546,0.6590809650861431,0.048774877187000014,0.049594726
6579,2.392954110082564,5.107757114348183,0.053968861013000025,0.05459723
6580,2.811818847210921,1.5696546538043736,0.058250504704999984,0.018392468
6581,1.751467681719542,5.097825966082562,0.048670834505000045,0.0227477
6582,3.393821324859057,1.087625917169022,0.10408943592999999,0.19667041
6583,4.5582429634148385,0.4390787925026465,0.16211839441999978,0.04356844
6584,3.9290485575754768,1.1618602591663971,0.19502272097249992,0.24354535
6585,1.8668114382808303,3.236792710527442,0.11614734240999992,0.03874376
6586,7.381464438533417,0.8204840103556943,0.09933761574249995,0.09806555
6587,2.2766971508869256,0.9931552462125662,0.04869326713750005,0.055667967
6588,20.987572618473916,1.871668483489976,0.306081738175,0.026979286
6589,2.191169702870452,177.07916850758446,0.0220002949725,0.0066906926
6590,2.048691305479947,1.4574704615547005,0.08125945489500004,0.035071835
6591,1.7089175618607768,1.581355600474348,0.09159319922000009,0.12561324
6592,51.225365878154506,1.3927330863283294,0.4232387666350004,0.40715182
6593,13.08560737352472,1.5022514635134414,0.2600268191300002,0.2620083
6594,2.3478906051523603,37.61619648114371,0.07455037519100004,0.092694946
6596,3.9855138629788542,2.1475011563659097,0.15026986412250007,0.1820042
6599,19.521271025605866,0.4296998166724786,0.37959127803500037,0.4788864
6601,8.026335394376263,1.8714229433929053,0.16344135347000013,0.30186427
6602,6.615422312801368,5.179120941910445,0.029923849590499995,0.021493822
6603,6.1073317678161425,1.0211347969454263,0.101374716385,0.06113599
6604,3.887353346486366,1.2126466892436187,0.18540942525999998,0.23705417
6605,10.805589948441161,1.7230282127796437,0.22668266209000035,0.03736805
6606,4.0137368790569035,1.7634247034876098,0.061107685605,0.030944254
6607,2.0086137627336087,0.6361558511553173,0.04474100877999999,0.019755092
6608,22.268284177748264,3.6978532342732864,0.37643288223499993,0.375473
6609,56.87603164237019,0.9958525380054108,0.12061088122000001,0.04216583
6610,2.350409306957405,1.1007718490758096,0.06346377844,0.04723933
6612,3.4923337830594523,0.4821559215035476,0.0765601780400001,0.14630467
6613,1.2900303323836664,4.211786278522658,0.055135257655,0.032700893
6614,3.9303358588395323,0.6627173395256739,0.16836191281000012,0.63948977
6616,6.869411285364185,0.6395051314443926,0.32227945866499985,0.20967491
6619,2.0602506438121537,1.4437351183098537,0.08930755227149997,0.108538315
6620,2.491037850349293,6.179594271207914,0.0907330675125,0.05468983
6621,2.83192024105811,5.5008296175191,0.09182357652999996,0.20854902
6622,2.0517367659241095,0.432699076699874,0.08781895151000002,0.07271576
6623,5.634347904367945,2.9572705756993494,0.3332586038999997,0.22931883
6624,3.677655408800207,2.910251804470741,0.20651429953250006,0.48427734
6625,1.556352879729613,1.7316769846803357,0.044360493691500025,0.007248974
6626,12.600582161402174,8.592766844897504,0.5307515328149999,0.25346982
6627,2.982153992623221,1.4812999695193396,0.06368474557499999,0.02467165
6628,1.6970314398871245,2.7955940584081733,0.09744564221750002,0.3048985
6629,5.269370530784616,6.257683581631391,0.36867745149499986,0.058589112
6631,3.285369091967121,2.026182336450498,0.10166864808000006,0.16930754
6633,6.1179954540476285,1.3369947301013123,0.041876194822500004,0.075548366
6634,9.330251978287292,1.192821192901573,0.20310466452999998,0.07985526
6635,3.1304021827744437,1.9775227432449745,0.07980200864499999,0.12274035
6636,3.1986080019203715,1.5424927875826375,0.12346508889,0.03702903
6637,1.8328800770393638,2.667278177469868,0.055785478995000026,0.040514406
6639,4.605064875045515,2.0457502965522014,0.1131572969,0.0925325
6641,42.10918555254644,1.6611103255316972,4.145088061350009,5.507911
6643,16.48497516902641,1.886904511728253,0.9650121518899987,0.48057374
6646,46.47264489790684,1.8253207037690335,0.09139450685,0.06641264
6647,1.9084600717946218,2.903795531851796,0.05859074956250002,0.053230334
6648,4.544635169833685,0.8771671495287705,0.049611198154499964,0.037395325
6649,3.7187355432685076,85.8500168080409,0.08522476778050007,0.026992863
6650,4.950067838141663,11.786697690234949,0.2778181783599998,0.304283
6651,2.1663869187114635,1.8986666061178017,0.09366081945500004,0.1420344
6657,6.723384727064624,0.1611295105883948,0.25271765460000006,0.2737596
6659,3.1987839063983476,1.0932262957185717,0.12596484710150008,0.10627826
6661,2.5037965193256717,0.9042958239850368,0.06490736585500001,0.07132234
6662,8.931088974551896,1.3418032807779774,0.07775385288500004,0.09872553
6663,3.14602729157223,0.8950562700544874,0.08908144029500001,0.17930374
6664,3.3723742990035954,1.7527047931947926,0.05864776344999997,0.032370523
6665,2.40115240842783,1.124825995004357,0.06177154182999996,0.056980647
6667,6.93086871576903,2.104631660155404,0.11318251415500001,0.12306777
6668,7.0962387658156,4.753035432520917,0.029030004247500008,0.041127108
6669,3.018982598506851,155.2278484584857,0.09983341664500006,0.0399124
6670,3.9307388929373923,0.1189926034255503,0.11346569763999997,0.16816612
6672,50.44385042589619,0.6016913724225231,3.3728862507500033,2.8031628
6674,7.152166441684451,0.1799315320046449,0.08235718781500002,0.05157432
6675,2.202652377558998,1.131553834977964,0.07424169368,0.024096368
6677,1.6812914578604528,1.1623951070321097,0.047804057365000034,0.04838703
6678,2.2371826701145183,1.722318315297192,0.031601266869999964,0.014836798
6679,4.736595443144578,6.68233451592411,0.11306811601799996,0.071356684
6680,4.80316937711727,0.7100123867954087,0.02955637674499999,0.02606576
6681,6.144204276484602,2.788241712812499,0.10289209942500006,0.042881887
6682,12.247596569942043,1.3346066164037764,0.935076955509999,1.2257144
6683,1.5612127963185274,0.5380915994549413,0.03560038816699996,0.020213025
6684,10.514972124241522,1.8405641608545025,0.05613753610000001,0.056187406
6685,1.616876429657855,2.042077092917033,0.10323914677499996,0.15896772
6686,2.3494508697989676,2.8953197196218685,0.08141027716799996,0.20422108
6687,6.111309940704723,1.070350816119226,0.09955245624500003,0.090435214
6688,5.031516857036884,0.4426504565223611,0.03722683047549998,0.04460915
6689,5.227499144107697,2.5903876288273167,0.069731129145,0.031968217
6690,3.007731920386746,3.0600793321618283,0.05919018869750001,0.09573179
6691,4.265244500744865,2.047910709100417,0.024123150578999993,0.027598916
6692,1.8127815096932103,2.205140144270007,0.0502590211915,0.09144071
6693,3.1474910125376527,0.6071489657012349,0.05701005568800003,0.051729817
6694,1.6862807583907897,0.4126074589180331,0.03260991392999999,0.034825608
6695,4.282265133267784,1.1454176130235592,0.0679949535550001,0.021497179
6696,8.700838564568123,16.31298532693511,0.45225793742500014,0.62551653
6697,3.8374603669985623,4.110922080585479,0.23739390820500006,0.0666985
6698,1.1356147845886553,22.41711882774769,0.057972512365,0.037394956
6699,14.243349703448887,0.7955874188928868,0.06301883865000009,0.09993414
6700,5.227718761224132,59.91224823116795,0.22256173520999997,0.15869562
6703,9.038493480991578,0.6740588928833994,0.3719253685499999,0.1879974
6705,1.9451911507408237,1.5539335074089158,0.05137761653550001,0.13124816
6706,2.391203193452419,2.0363704311059587,0.05321326697999998,0.045104265
6707,4.961093434949716,1.925982446893922,0.07409551133800002,0.018698826
6709,3.318386410928237,0.9009671106106112,0.03949649724250001,0.07853074
6710,3.1299931383000383,1.104546150939777,0.2214568353,0.07432104
6712,3.119654282958617,4.519906950245015,0.11260042111999993,0.14426957
6715,3.8695818239763007,0.8051758963262556,0.09363062325499996,0.1278201
6716,2.0490957958913283,1.0647500994803647,0.0858721370475,0.077890754
6717,2.1420988750527066,4.155090986023713,0.0971320814195,0.057728052
6719,1.7060141744387542,5.344295501252291,0.05938015995,0.010895699
6720,5.952639269144137,1.744403468122012,0.1280817646415,0.21162029
6721,2.4445766796322554,3.0238303571265845,0.043004671321000006,0.097375825
6722,2.7205927691801377,0.6940844459180339,0.09969375661499999,0.12381301
6725,1.8091181354805466,1.6252115088126176,0.05435223435500003,0.057477754
6727,1.9836426284630368,2.079247487569899,0.046713672199000016,0.09672462
6728,13.240185222144873,1.2443635718148105,0.24982871677000013,0.18187773
6729,1.6278102515740287,1.441141201362636,0.03517472605900003,0.016871408
6732,2.209353752935194,1.9763755980676525,0.0395010121855,0.06578052
6733,1.9779276999240836,0.8591611465228168,0.16845724850999996,0.041968137
6735,1.9254075237079522,0.3524279683793636,0.08456673541000008,0.07260699
6736,2.385677099655561,3.1181226708842544,0.09146499931499999,0.07223358
