image_idx,pred_E_R,true_E_R,pred_E_T,true_E_T
0,3.208502283708082,2.6943556058017184,0.15734808971399986,0.005190858
1,6.955373903912809,12.87035065380935,0.13365508574999996,0.06872675
2,50.259920700432865,4.669542511377444,0.3091406145399997,0.19947198
3,3.9553076851676328,6.293339147814788,0.21352656050999994,0.49928722
4,3.384212591305571,2.560384960391001,0.12876687900499995,0.17214426
5,7.593465315403008,4.809342967720498,0.48442678772000036,0.42437387
6,29.141660856452308,2.3861567774755046,1.114631432174999,0.07069065
7,11.662880414431267,0.5442975639391995,0.20821956674999995,0.21904075
8,3.9901321161644425,2.149387060956777,0.0412100537505,0.017796932
9,53.03696786169896,31.15808236537,1.4228762427999981,0.110808745
10,6.034451293901198,3.0298684384953267,0.047380924974999974,0.1152949
11,13.088718979250304,2.4566469553424275,0.1641398762550001,0.12127438
12,11.075978609186734,2.7129866797850597,0.3319597436450002,0.387463
13,4.227608024785972,2.870975279587209,0.09074675026500001,0.10287268
14,21.99467114439851,6.511355409643027,0.08065049547999999,0.1716887
15,5.39319221665063,1.5368137401797903,0.10461724890999995,0.07997007
17,3.5086978509765157,0.5144753218951092,0.05849512817000003,0.0784785
18,2.5109841351309474,0.7524033219000641,0.03559945316499997,0.034104988
19,6.5226656176087,2.062930814495968,0.047953761375000035,0.01880875
21,4.067729816255339,1.7480504780787505,0.12433909513800007,0.0388769
22,8.028965225439109,1.1418424091695187,0.17524341074500016,0.21937078
23,21.18212190998924,86.3239159394671,0.20906979197500009,0.38149372
24,4.278406504116478,3.65946374777862,0.20436435398999997,0.05979865
25,20.076707101644608,140.70750061356085,0.6007414239149997,0.81024057
26,15.385832130049183,0.7465862868828952,0.1163621490999999,0.10043413
27,21.7808794237151,1.118026929413331,0.1299493427920001,0.07729356
28,12.405673242767607,6.897462481690233,0.15578995101999993,0.16107579
29,7.358342888160122,6.4034516574699065,0.2115090905700001,0.40674663
30,6.838725376207217,1.2912287934899396,0.13471721629,0.15630999
31,10.196131880954939,3.730448567421152,0.2125377746579998,0.33081535
32,4.855386018059903,2.6371458091544264,0.05238103822499998,0.022289094
33,7.769791722735313,2.3984927964190623,0.24769998325499987,0.27838492
34,8.625921336155134,3.119082758633521,0.14792921363099987,0.08589517
35,5.594516271235364,5.459488932089603,0.132609038044,0.14557083
36,5.703857779050609,2.6394575199208163,0.2852860448549999,0.27143794
38,6.404085918178194,4.018389510902129,0.10737527708000001,0.17643592
39,3.3409690890184462,0.8785435059671489,0.21799007142000004,0.37574607
40,24.343592060546193,0.9051319101534652,0.06744902520750003,0.04438111
42,9.84966417465371,1.4258041885972088,0.046561371219999995,0.036402803
44,8.884559922168853,93.76730991306844,0.1801302469550001,0.077191025
46,5.159066860796409,0.9715774505140212,0.12587673937499996,0.16050541
47,2.9564427910059634,3.782044406642187,0.23023240406999992,0.33356592
48,16.193182643029687,2.505554526004456,0.18596749448500002,0.15842173
49,11.607263077428161,3.073421867436739,0.14449464488999994,0.053943206
50,3.4059876396672193,2.1292879712667983,0.20959566955499992,0.34150115
51,23.339686958419264,55.09297453963556,0.5578696775549998,0.16688116
52,26.057806192220227,1.4868410359313553,0.33035470493999985,0.2529351
53,13.966110216033819,9.651339404098744,0.06242016379,0.19448727
54,5.356217381837627,5.882287428396152,0.16369122107499995,0.030370843
55,7.86289799034993,1.977601784392322,0.19489922788499991,0.19613086
58,3.986898029252787,5.6488413185571655,0.23515552880000004,0.38917002
59,2.7367346493655975,9.568328945369618,0.19364076169499986,0.0744971
60,3.278011021134716,6.619492236946475,0.18679770691999983,0.33340812
61,29.30515894413046,2.598700325052895,0.30821490107,0.32939845
62,15.887580559577925,6.77773489052229,0.3049344813200001,0.6910367
63,3.7969287114928623,8.142022586762216,0.21984639661999997,0.5304999
65,4.490108771627976,3.629321518899871,0.11450055213499993,0.1334146
66,10.456102140380585,1.6092763945096824,0.16632086196499996,0.36840597
67,27.5431281956692,3.098632645813303,0.28540550158000044,0.5275992
68,5.421073423818212,3.0011605200763976,0.21579550828500005,0.18840995
70,4.531706434317342,1.9085735634966208,0.13270255405499998,0.2075103
71,4.443475476108429,1.540519432949654,0.22143218429999975,0.06057141
72,8.452685354222378,3.574911406115271,0.1344071671900001,0.26649594
73,2.9769227766315027,1.0618716394643135,0.07054553593,0.054099537
74,3.864976270904716,5.898416949896816,0.18687367583,0.08389276
75,8.337744857673778,6.030809388460703,0.13070378564500001,0.06268624
76,9.197866424761388,3.709117122646884,0.09589173217749991,0.08368722
77,6.214864930543325,9.920555545578416,0.40692573847000035,0.28077427
79,3.6567011367201907,2.158605456048884,0.2154859924250002,0.37448627
80,14.741442397001698,2.0098563238855376,0.15144001501500015,0.2114189
81,5.8908361560367055,2.2727392987563717,0.14285018634500007,0.10543798
83,6.122953110509772,2.440468826610839,0.17516572365499988,0.07939515
84,7.427872304688772,4.553896965935776,0.12355136123999994,0.10607667
86,5.330451046433451,1.0318078099927337,0.140452911068,0.09903389
87,25.44056731799385,99.26097091768824,0.4478643457400004,0.06839842
88,21.033270730906498,8.450442092084524,0.13020535225500005,0.15467611
89,3.709025945598959,1.0049501607661753,0.057393322089999976,0.023880363
91,5.624879251590941,4.665051065180836,0.18445738377500004,0.075746976
92,20.56699386594388,93.9926275245418,0.29095029109000015,0.39994332
93,15.326465212710131,1.4530240076356296,0.138911258923,0.15997097
95,30.48711521119174,83.06214389245112,0.471507231575,0.5499139
96,11.619455704579114,0.4988951210300463,0.1109817511320001,0.06773496
97,14.75226243539905,173.0633295014429,1.1181212986650002,1.0880909
98,6.548380113657527,10.488696839109917,0.23339946121999997,0.41099527
100,5.547353881027752,6.124439353009297,0.13334647067,0.051457386
101,6.744944187334181,1.7654069617119348,0.12835713663499995,0.058056965
102,24.55514301881502,0.9616146703422328,0.14463066179499984,0.074028626
103,15.74080924288118,0.998245453137525,0.16010031217499993,0.1464125
104,2.2598170693077524,2.3696569777758936,0.11124015898499989,0.14543825
105,4.081260208676466,2.6652713877938066,0.08920809869000002,0.053491812
106,24.957763674139134,59.79629673178012,0.4310832114850001,0.15464899
107,3.1614929258155917,4.635604494772584,0.18909605933999984,0.25531107
108,2.7178332211213285,3.1600468758478604,0.15231566724000006,0.0914042
109,6.054990594630061,1.134771674943597,0.171131778235,0.16703507
110,28.55086892019157,0.3712209779155333,0.09566189837700005,0.032097325
111,4.733420681131292,4.897499047100397,0.387654003325,0.3842071
112,7.526273395740638,1.885022326923273,0.13071055753500013,0.09455922
114,40.48303523422839,3.989249100307157,0.16890594970499978,0.3508219
115,10.469180010197965,0.895003042337605,0.18572893819500016,0.21289314
117,4.025332747570111,0.7066099103523841,0.040684446764999944,0.063124344
118,42.03770452190883,0.648005570484755,0.27725444998499993,0.21451624
120,11.630956925709263,4.488767834270637,0.22640102317000008,0.37478784
122,4.506784685833856,4.478268354515673,0.3012731788099999,0.2350774
124,8.074979855788522,7.865961153441762,0.10680145980899997,0.5518862
126,11.527023735176694,2.7368607729210552,0.04943729434000004,0.023535797
127,7.982101464386483,4.186558198778429,0.15764661199800006,0.16315393
128,7.523577510728675,0.5485357844264801,0.05282018514749998,0.024697771
129,18.42325288311997,4.331623628750611,0.22470140295499988,0.07673071
131,2.9414129018832624,3.874036709088971,0.23796165275499961,0.16236597
132,5.478796153452239,1.642292965417239,0.2795409525149997,0.066423014
133,15.075900656214658,5.189082079822657,0.24762581316499988,0.39075768
134,5.524201230515657,3.673454564579069,0.098081154351,0.2570479
135,5.097517505084799,12.300075051224756,0.3590931841349999,0.451852
136,3.038402564466913,1.147404642335246,0.13704698942200008,0.02373993
138,11.08578289158047,1.6135937872835415,0.06929506604750008,0.027006049
139,22.630426875426952,5.722887512904047,0.07185247222000003,0.11625991
141,3.8744197057655323,2.759780202552649,0.05343413664050001,0.062059786
142,86.11371211501508,107.1967421090087,1.026785440424999,0.078775264
144,5.95680332212458,3.966496075391442,0.20371578341000007,0.077864274
145,6.104271892532953,4.375748252758421,0.20059062928499988,0.58838785
146,2.9428328457889283,3.813634465519548,0.05293615914249998,0.039662056
147,23.152801233361355,2.475362219024632,0.4749716867250004,0.14118896
150,9.829091299609468,3.2764537825846345,0.2974092808949999,0.3011013
152,6.995912594189665,4.099727807189108,0.2510962306849998,0.32485604
153,6.906809039038292,6.171353439127744,0.15698281465099995,0.099318236
155,4.994440283194392,2.427474765716488,0.1508156504849999,0.1121914
157,18.433381876352627,1.7863699646895717,0.17800003659499997,0.048774216
158,9.387420423825194,6.308576576045693,0.17632326003999993,0.5104719
159,4.105623517079729,0.301550607236945,0.18002172523500004,0.24021967
160,15.078762808754544,10.8018856321137,0.36604460875499994,0.3291053
161,7.669424540372833,5.486657548760089,0.12228960908999992,0.08840401
162,3.6912540576332042,2.085323787565324,0.10483209005400004,0.091367505
163,51.48945542536184,6.7879363638648185,0.33791471268999973,0.08342457
164,24.1433338631235,9.46568151103886,0.10064134467999997,0.03490344
165,5.13329380874956,3.95387927511727,0.140263510888,0.16400082
168,9.41670179299811,1.8871043785965305,0.11292534852500005,0.07628153
170,19.70378755177724,69.406011114874,0.6505462357099997,0.2844753
171,5.86384232237543,31.420082371851656,0.255912381075,0.09597807
172,2.8697915889649512,1.3248720371629306,0.21826821406999986,0.10188326
173,82.49962968148047,157.2699416827666,1.0290173543100003,0.34060037
174,81.90740174416518,3.0430468122740755,1.5493629056999998,0.60701066
175,2.535657021716186,1.3099180885856485,0.09740641367499998,0.07780931
176,9.672021365675072,5.27018660378237,0.28729692950499996,0.37492955
178,3.34933151053693,1.2852210883664414,0.1914878853749999,0.3167344
179,8.825044946716782,2.6479930417733524,0.1177922041799999,0.028361835
180,3.97184636260028,2.2264049232356404,0.11597810738999989,0.06937059
181,4.4140076679982725,3.371517940303424,0.13664926507800002,0.14341465
182,3.1294301767479475,1.423946143536254,0.062762082588,0.15604362
183,22.034300539455604,174.67094856840805,1.3219732937249984,0.6058673
184,3.691925723350662,5.116958019727268,0.11155803451000004,0.16522412
186,5.70982039797747,1.6007323872364705,0.14049666886000023,0.15103032
187,2.4343265456896552,1.3626028588693968,0.1146208565810001,0.13016742
188,22.316215998666003,1.7809502144276887,0.25241509089499986,0.078356355
189,6.101586071626112,4.844446920520034,0.05103256215750003,0.10324466
191,12.321817108152011,0.9827135954235652,0.05371811693499997,0.031110745
193,9.571921522373255,7.608464302188563,0.3112706541199996,0.34912062
195,8.780900315551936,1.1886804900454588,0.05081530085750002,0.03063992
197,9.86191369087657,0.3913105670684423,0.23664861184999986,0.20071067
198,26.74136525241314,2.222260682074233,0.2091013262149999,0.115975685
199,4.328436129346281,1.1361854856953844,0.15214808003499994,0.20537889
200,16.0747112412889,3.9139625102045614,0.34007337941999993,0.24842444
203,7.866212895135741,6.408959470304533,0.13595731264000008,0.23075487
204,4.505388846983948,3.2691110401416426,0.1765148210949999,0.26039
205,2.6166715294355747,2.5981395367742053,0.17815808917,0.074715406
206,19.596279957136133,2.381834378917931,0.1603520731650001,0.14951009
207,2.9722055661272897,0.7006585007610395,0.10520479400500005,0.09775533
208,2.849512574615014,0.6903740842169303,0.18287303037499988,0.22009163
209,4.233926199635204,4.201658611821467,0.14491604442500006,0.030291164
211,20.416627963644352,8.037675724163165,0.3736577204699998,0.14059131
212,3.6228066105250605,7.027830416486567,0.26619647361999993,0.22244066
213,8.908027224642355,1.8904940694931176,0.17849598786299992,0.27099591
214,32.268999869466526,26.63488459598099,0.4989251858899999,0.15125597
216,6.0308726400754304,0.6520487231789469,0.12009217302999994,0.15958567
217,6.216895881401634,4.022820371043433,0.10869969031500004,0.06747312
218,3.1819673825279557,1.4306354107005383,0.21217448505999997,0.15675293
220,8.071640598108296,74.21102266485728,0.46236682305000015,0.039686613
221,14.400982019468952,2.86118283103302,0.19452500804500017,0.19921595
223,5.296067315992284,9.622091305157364,0.4637236750900005,0.51831037
226,3.593434802228915,4.15253036960946,0.09148093296500001,0.06355572
227,4.953317642291058,2.4038081806767453,0.17762360135500008,0.083944745
229,8.827509228459558,1.3184185306651248,0.23397472743999986,0.14620481
231,13.541923600983932,2.560351821576779,0.19027542128299987,0.023105145
234,24.572988080709028,4.58532472195302,0.2192047339849998,0.0752451
235,4.417960821953003,1.297773839547291,0.05241614805250003,0.075252354
237,7.350880841504087,6.846292872582094,0.2502274354699999,0.31085896
238,10.77014644919863,8.828866720757318,0.12643982997499992,0.050156984
240,34.79094784365006,6.4048490413683705,0.23302128749,0.060727917
241,94.10713266416079,73.35440850647912,1.859722680279999,1.3146763
243,79.77856164698859,119.88586195477154,0.7302411528050001,0.13683823
244,4.349435735187475,1.829315601867107,0.08823939260900009,0.0905809
245,5.694840561758877,7.339022543500445,0.18257477413000003,0.25333366
247,72.62512083922991,1.867219357222183,0.157919746748,0.109542154
249,5.098855623996996,2.017832895926746,0.24870256674499988,0.119473845
250,6.40220978649166,1.7253349984050912,0.12485614115399997,0.047764145
251,17.626969548760474,3.1278288444181115,0.25218118158,0.34229392
253,8.781382650481778,5.486138211591908,0.12551202174499998,0.07582796
254,11.299477942415152,34.106848249450515,0.1711142858050001,0.14136128
256,4.9448025707724135,0.9993750695479235,0.11316583399500008,0.093948826
258,14.726889643434777,3.940169856638278,0.5262570664300007,1.0302612
259,3.118950530816786,2.3118563491518334,0.18132201531000006,0.17661881
261,2.8800104091468146,2.171800581827142,0.06172795611500001,0.025247678
263,14.979012220039651,2.4489464169070425,0.13700359949500013,0.11339015
264,14.754304315018706,162.35927810841835,0.3827707273300003,0.16470718
267,36.25736287083116,160.12482395008868,0.30505461394999966,0.78268117
268,9.787872055171396,0.5951604696891044,0.25594141739999954,0.08465531
269,11.838069057997659,101.16568707888923,0.41654499007499973,0.625617
270,4.178845868332408,4.30323676535676,0.22178469533500006,0.40473527
272,9.368034788355994,10.510834742891866,0.26152867595999973,0.49008015
273,3.764434567240633,2.496299095156938,0.17376205274999992,0.07955867
274,25.541205554186355,176.44142071811996,0.3930688119999999,0.39787614
275,110.24841369989917,168.12337807944704,1.6353021322000003,1.7449977
278,3.1093642987201053,0.5264166899554706,0.05528694994000003,0.016293917
280,5.755671580455245,2.118900799655846,0.15339794165500004,0.11465928
281,4.4713373160142655,1.3809804124307148,0.19844493618,0.1981211
282,7.360555827993519,3.8068611488101176,0.04787185994499998,0.024538811
283,3.942707023129828,2.0729591407588392,0.12710305548599996,0.03835189
284,3.8968061557083837,2.4216722215126185,0.13022886711399984,0.15261944
285,22.052708321182262,4.7364157168981205,0.29682986539499984,0.70975226
287,3.0198129743280813,2.06275405079699,0.1428792389900001,0.07357401
288,31.19251244796576,4.108883373641883,0.23708361629499997,0.29301065
291,15.379248638598469,3.809141774743647,0.57853415069,0.18652175
293,10.36198737722738,1.7285105885466392,0.09244947846499997,0.10332669
294,4.63931423307706,2.6986073085004647,0.2317062902849998,0.22614326
295,15.348965651737004,2.08009768725455,0.12927186114800013,0.32387528
296,7.382580436193798,2.885545141639774,0.27370879186499997,0.42476708
297,8.858006632540619,1.5339929079743626,0.12214116879499988,0.0305879
300,88.88568675329304,176.6533747246418,1.3650779623849987,0.18347572
301,3.8207137821525636,1.5968628943433316,0.17143634118499992,0.29582047
302,3.344741436090164,1.1232793726114303,0.0730371005,0.07397977
303,6.00572215538179,2.4445096897643857,0.21430982586999978,0.00441152
304,22.34583737130975,114.22025986805497,0.317740651965,0.3092544
305,4.610483802639507,6.319958343579815,0.15179498524299995,0.059362967
307,3.4787795034503257,1.4318605761204903,0.12667152526500006,0.055440452
309,5.4158126191076725,2.4818491744101125,0.21324790973500007,0.25805828
312,5.244483830255823,4.915774682873698,0.2083987158850001,0.14311191
313,7.4993782760889465,19.584489383672125,0.07390505077000001,0.118522726
316,16.79175265038936,5.9691769221853646,0.33004798528499985,0.27714887
319,2.636628270022274,1.943408541798736,0.19325809974099997,0.19636041
320,22.43088603590515,0.9684856104790592,0.25129838737000015,0.17187013
321,4.914306512893977,1.7514468251792954,0.1996891190699999,0.2098554
322,15.042823383674019,9.409338908632114,0.13687958326100003,0.18576568
323,8.920924618628295,2.518408296726892,0.162866501075,0.18411486
324,6.887178029104307,5.106706198256389,0.23829316306999973,0.048925653
327,15.779031097921429,3.913344334750324,0.3953230693199994,0.36809462
328,3.5645846351223853,2.050127697291612,0.17311369897299989,0.25075665
329,4.221622627367514,9.105977256399193,0.2170834815599999,0.18587542
332,8.156356542336049,3.7203315363183274,0.1359895811780001,0.16065532
335,2.6257416778073157,3.3957859421583727,0.048519521970000035,0.18074824
337,31.421905296865283,102.31324553695534,3.0196953331299983,0.33545268
339,15.552878565815469,1.615759084994564,0.058010293564999975,0.07663306
340,14.497368113767664,108.44036230417996,0.39274177123500065,0.43680084
341,8.329263243951402,0.9699299079890168,0.08158253431250005,0.09733276
344,4.717098457445446,155.54155822114083,0.083571034695,0.42707258
345,4.567941972893781,9.180926426429735,0.197379438915,0.4630098
347,3.786304057708709,0.4202517145697548,0.1376889763099998,0.07088056
348,28.644132499502557,1.2545930930286198,0.07409736584999997,0.009069943
350,5.553551717634438,3.0769434042969244,0.2253493385199998,0.29596522
351,9.580598378233034,0.5485892955535073,0.11588530622000011,0.13056351
352,47.96648263178605,1.5439459317713196,0.22035814478999993,0.40656996
354,10.71966989951262,4.965081627843105,0.6967778636699999,0.24069491
356,14.224924836511605,12.77754132681172,0.50680983636,0.47822705
358,28.879007834343078,68.87930250851784,0.40744196496000035,0.44052315
360,5.888849980689248,1.0943578170114787,0.15103075867999996,0.13141498
361,3.4084508935307047,4.028388432866775,0.06947686594000001,0.1042799
362,12.076168272770214,1.154130825660738,0.09642647799000015,0.035122905
363,16.867790284042798,4.637613788490948,0.24256043475299968,0.144057
364,23.47204387767585,1.8101735109817387,0.06950426380750004,0.07469973
365,17.42533893996409,1.6912838126352767,0.09161379465800006,0.06989228
367,4.320422907829459,4.00234309886724,0.21605588866499992,0.3115735
368,12.816258572399615,1.5337665830093794,0.20900937267499986,0.13863535
369,115.85055891338855,89.55502432673495,0.9585491687049996,1.4161143
370,65.76536180832102,141.8141736608203,0.37388508275499993,1.205779
371,24.99314847034654,27.68135262851217,0.42954382164499966,0.4942224
372,4.044365497403235,4.379920908239458,0.13863086279500003,0.36250192
373,6.664725869216031,1.2254840805952845,0.19887089506000025,0.12102493
374,5.7346513096372975,7.838608478770582,0.21158984671999995,0.07372461
376,2.8598383633725177,2.180920814515334,0.131734226263,0.27262264
377,29.52915871797722,127.35136079817325,0.084962214675,0.14264092
378,9.54391882810064,1.9096535366771652,0.16428599016,0.12477057
379,12.56776713493644,1.1150122818533488,0.21604931251499976,0.10326018
380,19.873519903367242,0.5495582388565446,0.12207419124999996,0.21327008
381,10.247025225519899,12.811275189716254,0.18198603646499986,0.19656286
382,15.873863415849494,17.268900773794492,0.07422124788750004,0.14880614
384,9.688617140378238,2.985965529214759,0.11247644107000002,0.1320631
386,4.679471054168334,3.862894218128889,0.10954850924500008,0.20062096
387,6.602745966906244,1.368042880129836,0.41847369404999996,0.35400322
388,8.449347332767882,0.7977618546680474,0.15859401776800006,0.076149404
389,3.40599446811427,7.17562635922767,0.25070466413499987,0.38103986
390,4.65247964921662,4.839500358114463,0.10097035750500007,0.09353405
392,21.4662264605224,3.955081998474415,0.21569688677499982,0.50963074
393,8.743827129037301,1.978759899024665,0.06062681313250003,0.041111544
395,3.3013592632880715,1.393915966348829,0.1570622067499999,0.1393242
396,7.485276751624378,0.5049326891261876,0.12857071559999997,0.040088233
397,4.00639310270768,3.953135625576962,0.1909151512550001,0.122207284
398,5.5207787315233645,25.07730663985121,0.217948363095,0.1743429
399,46.137067280201634,0.4579136403847842,0.1829632633949999,0.05690071
400,4.0563293153646685,1.0831644633911344,0.052718022474999994,0.013651497
401,10.272344119845602,4.977173637400855,0.13020568316099984,0.33854243
402,3.4828352894586767,1.7439203712363291,0.19229832152999987,0.26681557
403,9.603225046938496,3.5402861237600254,0.13190045838999978,0.11356719
404,4.046083659546351,3.416121622267525,0.11224180584999997,0.08146443
405,3.773420238207425,2.601342899662065,0.08672625172500004,0.1819047
406,11.475195274132814,1.5595989581732197,0.10368902648100016,0.02860704
407,31.86238430708338,1.8378406221535928,0.13925483865500005,0.08512968
408,22.445093730462244,169.8816462666623,0.44213014884999974,0.44751117
409,7.70561418675053,1.44454904054409,0.13622172411499991,0.27442566
410,36.69894839092916,1.4290303555650752,0.074861243821,0.038436256
411,4.8509749411622645,1.4153615724674744,0.07213871913250001,0.15241079
412,5.360440342264557,4.110478012086395,0.2519958518949998,0.17857648
413,78.53734910202708,93.4622175162441,0.5569567707200005,1.193387
414,7.536434367116914,1.1970335697416576,0.30441152222,0.26745734
415,16.275390181125477,120.82846497376224,0.7173252486500001,0.41416684
417,3.2466598155506357,0.7540233918755762,0.08078356051600007,0.04284712
419,10.58399206819563,5.038673442083507,0.3260686015449998,0.28386438
420,46.30566571562008,0.7332923237191266,0.11672099873500008,0.09349245
421,3.3830120231479457,5.00993808871816,0.151671845008,0.045804836
423,10.98159921481086,1.0030977951754032,0.063851829015,0.03532181
424,7.974317546839192,1.3817574717694745,0.10288812082500004,0.10177158
425,3.8144205927763393,1.3350814658274095,0.0464876988905,0.041743632
426,5.649152428497152,8.083647127059121,0.10434159318500004,0.11304108
427,2.56536595583099,1.6047787958583817,0.06028866508999998,0.06767989
429,20.6950135681475,2.4785277057858184,0.14190569387,0.13752036
434,4.15913728532737,5.5768244065667405,0.12384992570999996,0.52436066
436,3.7760210337136813,2.3945862109939777,0.12646256193399996,0.23414497
437,19.606856722017092,6.898373382961006,0.119383413554,0.07691588
438,3.4394681763370056,3.652216958250288,0.13175020075000002,0.41159105
439,24.628687918640793,3.3789549609721017,0.17605930109500015,0.08813319
440,2.9765665818257285,3.726937242110285,0.07520484269999998,0.091261834
441,26.322571800144328,72.77651527443057,1.3963723788499975,0.13800889
442,4.802284420414591,5.071458892194805,0.0899520163775001,0.07262367
444,22.546964623926414,2.76970280217622,0.10620015820250008,0.21133634
445,4.038340196205127,2.140161992787515,0.11179210831999989,0.2540859
446,25.72955158698224,1.8065284754671505,0.19399741159,0.3220999
447,4.593846287090591,5.358031442295125,0.14874145984399997,0.361513
448,5.230472360315707,2.2999939554530737,0.2555767219099996,0.18665706
449,5.631808773138532,7.527187616431585,0.3065050480299995,0.17530511
450,3.9002718939098737,4.0912030336240335,0.08602413054500001,0.11334521
451,38.603394948834946,8.502133679433921,0.15438686121500012,0.04829642
452,2.550392266411042,1.084937287238206,0.11721910870200004,0.19889325
453,2.2070999030055267,1.7626974553261976,0.038921414739999986,0.035301406
454,3.1644206434749487,5.936065416815416,0.12909128199999992,0.03749174
455,16.00697879067817,2.5383814186081968,0.158992122169,0.058170382
456,21.371594611053162,22.158957457227217,0.47324052943499934,0.74075454
457,9.896232099128154,12.129183943415873,1.0092375519499994,1.4853522
458,3.3189052161408545,4.2421899006755925,0.17808976355500017,0.088746525
460,3.5851133580238717,5.039340219341539,0.21555075708499982,0.025299203
461,91.51537659979851,170.43318505787178,2.448795090624998,0.28758243
462,3.186903650252102,1.5537284065598225,0.11332191544899993,0.054928992
463,3.5816186537701977,7.014905105642379,0.13036730822999998,0.30788925
464,4.708354778925552,3.157638040584652,0.13151178014799997,0.18603282
465,6.7748828639719525,2.164913922834036,0.1854188754700002,0.35526055
466,4.914401442631239,6.2448474813824495,0.18229490762500003,0.039045595
468,2.7351009218109485,2.04354347983903,0.04968764296249998,0.031584598
469,2.064642538332451,1.3311905379980415,0.11927207821000002,0.14660995
471,2.6921916889962705,3.2047656803990785,0.0942100994160001,0.098927334
472,90.70453643056499,14.34149017560307,0.62806295674,0.44576883
473,2.342034838100302,0.2309345336687147,0.07539169060500003,0.05740067
474,3.172280688242757,2.872219742418804,0.18262917868499995,0.12023205
475,5.880069872379217,2.665688422900086,0.19191541846999968,0.26440066
476,10.151923545699075,1.816765677216408,0.3060206937399998,0.27054682
477,29.335086268135726,2.5183523830897574,0.06291212065750003,0.041232027
478,13.672714709158656,5.004421259057214,0.0817678515,0.0697422
479,3.3559033439909536,1.188945397650713,0.17505245706500006,0.17601395
480,3.362403318900174,1.633805344901868,0.07441335348499996,0.0538414
481,3.579821756691381,0.3858603674190017,0.21068570388999988,0.1515335
483,3.7325331909806727,1.8423183475899625,0.2080318800699998,0.10162677
484,8.059608554177364,0.9185394699496686,0.22933913117500013,0.32071027
487,8.563145740502822,4.964124332243671,0.16840507046999975,0.14345917
488,3.3121012414434783,0.976343220329316,0.06641004953500002,0.084030986
491,6.870895537138495,0.9167685979805368,0.19049810990499996,0.25319782
492,35.462564773465736,7.283543673128586,0.5755194790000009,0.33186132
493,10.462765133502682,3.881198617436848,0.2639671632249998,0.45921502
494,5.756965615519619,0.5953181757305759,0.12163044054999986,0.12772216
495,7.34666741107199,0.7752710216740215,0.07908519543250002,0.028548269
496,32.07587357727366,3.879119590895445,0.11437605681300017,0.1415627
497,2.9993125990001626,2.798929276802886,0.10121370216000003,0.13959986
498,8.148127741201426,0.9049099798344716,0.19289852044,0.13410202
499,58.563810576405224,2.3664970628846467,0.13165679025499993,0.054029223
500,6.556584053081438,4.471895857703655,0.24787684488499986,0.25979304
501,6.27663850757665,11.859383494661897,0.38093410147000006,0.24257539
502,7.2969546636053835,0.5990292174979651,0.09090039764500008,0.01646199
503,33.43311024596007,0.7985453951468662,0.11370364587200005,0.11223928
504,4.519313184783351,1.7119686577106,0.1407258987700002,0.12934262
505,20.506270710280315,0.7965478712651375,0.11699906283599999,0.1596344
506,2.9541472252037284,2.519774485867857,0.12522659867500005,0.15688197
507,5.0241166029925735,2.1080738928153213,0.2636259365849996,0.3427809
509,3.329278960750018,1.2069807274992208,0.1577951279849999,0.16190173
511,10.953994825612599,3.935980642723652,0.28584435272499975,0.19880772
512,7.885835710133852,2.1617732351989623,0.08280038129500003,0.08370669
514,4.225649084492485,2.74907037867553,0.12793386545,0.13799576
516,8.414160674782856,2.5561700869418984,0.10405698628500001,0.19538721
518,5.119481479473929,12.212342250883411,0.22174310376499964,0.056253117
519,14.01225326194241,4.456108884196026,1.039539183649999,0.18558489
520,25.937699378116513,62.19692338250863,0.5424079679250002,0.29268113
521,3.093396569536543,0.5661179434630594,0.19129401021099995,0.11510937
524,3.587540457804981,2.894838253311732,0.15804755102499995,0.26362443
526,4.2662744982867595,1.125690046092583,0.09849835039299995,0.08511825
527,4.118108965165193,2.3705403926233406,0.1323726405050001,0.13277355
528,38.28091668191359,3.2983244059294425,0.30419571047499977,0.17390488
529,8.569166557508447,1.99518164906075,0.41899450794500026,0.4019436
530,18.335973441019675,1.0442052420347294,0.17946438671299994,0.08414393
532,4.542811016900401,0.1301461687970886,0.18928959485500008,0.1231706
534,2.3315169814316388,0.9846486990007988,0.19069298439500013,0.17252865
535,43.35247789205554,3.1397616056467004,0.233203874983,0.19198647
536,2.7699676665277257,0.3778043759491473,0.09630341844800014,0.096149035
537,3.598642749921159,1.8761754962758197,0.15568048929399986,0.24782135
539,3.536371005372719,1.4303621162502158,0.09751557998100002,0.111715786
540,13.773259054550458,5.489679512755068,0.21144317121499995,0.119928494
542,33.75218017734459,3.8135530267810704,0.28066535880999993,0.18910718
543,7.768901555839762,0.6857670611630928,0.13689225057600002,0.13903141
544,3.873257640800224,1.3048800365861906,0.1180362101650001,0.14620434
546,81.84764401329689,49.76560450182049,1.0084526804349991,0.90443504
547,5.36183765916191,7.972309479456849,0.25769084798999986,0.69507277
548,6.600200066938199,1.5904701451042331,0.14092328848500005,0.22181411
549,8.133030990077565,1.6168371438008768,0.08443802159499997,0.07142244
551,8.593918891215576,0.7976788471622681,0.08288722372999993,0.043038316
552,31.094443397630897,1.358339745230683,0.06259089689250007,0.041033596
554,53.9239375087076,3.876039815103797,0.143436581043,0.24109249
558,3.09157257866028,2.1368247897898853,0.13060948325000013,0.09030746
561,13.296032732545905,1.637652881804915,0.12652345269499998,0.124281816
562,6.784928654182555,11.894731812563872,0.1732323951149999,0.0708991
563,3.8969408821847593,3.462736512560093,0.14710866258000002,0.19351314
564,10.692160059033656,0.9585605706105268,0.06445725186899999,0.050909095
565,6.220387539941587,2.070903044567043,0.16093457185500007,0.094026364
566,5.741465976300539,5.79463749493565,0.17198170546000008,0.11623543
568,4.736960514328843,3.281603221669153,0.052273680034999964,0.060857885
569,2.3076015552600677,1.073705923203573,0.13456833350999994,0.10328388
571,3.2390658853615104,7.370147108017427,0.2519202842999999,0.08322773
573,24.891356281053085,3.608903857607773,0.5545254172550007,0.29047695
574,4.5425486808917235,2.943982393504162,0.16348770156999992,0.104087114
575,13.13008346638037,2.084400899039472,0.127280515695,0.08790632
576,1.7093767510709137,0.2070783502743484,0.16300827169500015,0.040831458
577,3.0556806142240545,2.26550910327621,0.14173316678000009,0.21614324
578,4.280956234289437,1.922071152799549,0.2311649664450001,0.39918673
579,23.79881933524733,1.9904503517371557,0.14938551573900008,0.19237137
581,4.994074473655513,3.0654419097536096,0.07659329542500007,0.014686252
584,4.510763205179348,4.88457906541584,0.10891507623000006,0.20979212
585,4.449217055204727,1.3513502921074514,0.1342096625349999,0.026170067
588,4.64928322100919,2.004727623143113,0.08560038250500003,0.027063753
589,7.14629903148541,2.257860546251949,0.05039854728749996,0.05903008
590,3.2810264802499525,3.921058940303797,0.14953241404999998,0.15500388
592,9.434327231972908,10.054386363169938,0.05954673734750002,0.052769694
593,35.48827000220575,11.016820264821602,1.5727045620400002,0.13675898
594,4.79108895260753,1.843760648664156,0.07411470863500004,0.08903805
596,3.771359550026063,2.611838065918783,0.12858497848000008,0.11278923
598,7.695260737568842,2.6703266298365675,0.16535004935600012,0.1444093
599,3.3194646139472916,1.6704799502401393,0.18893977873500004,0.25488892
600,4.1733278468535415,2.6532065656125616,0.12496507773499997,0.027985461
601,4.5864909248840435,6.282211572651191,0.15667682108,0.2575135
602,13.296365224681265,0.965748425367848,0.25548893603999995,0.21232961
603,15.246326401926273,2.259783699569096,0.10149055816500001,0.036402427
605,6.819453350391525,8.765270877819159,0.32878181531499984,0.11890964
606,3.033391802089948,1.1393833979968224,0.09968491933,0.1050804
607,6.509767810684033,8.860273527853504,0.21079403748499978,0.3840394
608,11.369557008321625,2.753699571901638,0.2500989399849999,0.037444077
609,4.998441781493203,6.612867708985711,0.18121711711000002,0.07928876
613,2.9446576493384065,1.2687123287961637,0.09962417726599997,0.01669759
615,4.094733755544273,4.738970115513096,0.133705946928,0.06738002
616,4.953159053515853,0.9826864870529484,0.09598476783000003,0.07468358
617,3.8341862190568943,8.308360654210063,0.14837968011,0.5078826
620,12.316586542996959,4.919269529520343,0.18323818904000017,0.1303897
624,97.02826835445212,68.2310460710119,1.085863380985,0.93448114
625,3.816088966564061,1.170519845936574,0.22967116020500014,0.15515283
626,2.566447406059154,1.531828881221595,0.06893608434,0.06981934
627,6.444748372624735,0.8900768385568323,0.13712089205500017,0.10137964
628,4.449839259001106,0.8294401536430148,0.059829144694999996,0.10242547
629,3.990926422743377,1.1095424578165132,0.060976196922500024,0.04328362
630,24.310443320169274,5.753997115573132,0.12130851003999998,0.08170214
631,6.800179939449658,3.6572382993937538,0.14200871599999992,0.30835956
632,19.572394868975504,12.770031338989297,0.3740972494950002,0.2186327
633,7.212400337282576,3.2251753833907064,0.15655561702999995,0.087133825
635,4.754753159363126,6.086969403120848,0.09588604745699998,0.17850457
636,2.621537323858291,2.079924116028989,0.15089203598500012,0.14889485
637,12.346689171391834,71.52557818885408,0.2732546901049999,1.2167573
638,18.33393368554022,0.7192388935782539,0.20692841951,0.17093037
639,3.3859375016067053,0.7060881725191426,0.09384694060000003,0.06313593
640,3.1895560929543314,3.623527417223873,0.19143668663500002,0.24965544
641,2.769638399134414,2.256105462990284,0.13514500921499997,0.077489614
647,2.911556970008428,3.8497572129428974,0.109161660715,0.09066174
648,9.573703158381496,1.1308572593453083,0.04957314075250005,0.021560118
649,8.794804999340874,96.25480317806893,0.8827818615249993,0.14492175
650,5.654491299721268,4.40991980520355,0.14042563356499993,0.26830688
651,8.475134117325444,7.83358980820587,0.4573960737350003,0.86871827
653,5.7117916287639074,0.744430092551997,0.11433832905900002,0.074820906
655,4.254785894067954,2.249987739291462,0.10640891158249995,0.21460065
656,17.310652732959003,31.108484458579387,0.2746777559599996,0.39154276
657,6.249960577492892,0.9713446270529418,0.22473141994499973,0.13757674
658,10.023506747479171,1.2339110845096732,0.11486916077299998,0.16562411
659,6.7712166623162116,2.3594986629344046,0.1991103154499998,0.2591303
660,2.4221858519626234,4.067465794153193,0.05364104461500001,0.14325777
661,19.688851350695508,5.672797862030465,0.12437778553800005,0.061757594
662,5.096170442554821,1.350067072494016,0.16666161946000005,0.10217204
663,5.529160762427953,3.4403172110863705,0.18298048874,0.035230815
664,8.719012073554318,0.7657473829505101,0.17356096395,0.14892676
665,18.657706378464585,3.1970061895867388,0.24356210535499975,0.28986773
666,4.037813046171606,1.0319232920175527,0.06475621395000002,0.04286281
667,4.828029569043609,3.24465456385665,0.23755631912000003,0.56407773
669,9.115675520910123,1.4434019208384608,0.11450595406000001,0.1569452
670,3.714231193580165,0.7948744027960463,0.06673103564499992,0.021822073
671,74.3624034921053,22.176179169251263,4.11160582055,3.9920466
672,2.751473508306626,0.420985137684809,0.18640201631300002,0.17495173
673,7.346748350319881,2.016185462347944,0.16284945461299988,0.042217206
677,7.93872628468912,4.315082756209328,0.07525436313000006,0.06146902
678,8.213461149002377,0.9247758532319452,0.1577956100399999,0.052051086
679,6.290596214937347,0.9351383742274808,0.12411994351000002,0.16994016
680,4.868995481090411,3.24339733766689,0.13435137895799998,0.13950822
681,9.170964045668535,7.817451652441008,0.2634162784700002,0.4999899
682,7.0454038551582,0.4344750937826608,0.1087351474425,0.108044125
684,2.3518125211958054,0.5280687004501499,0.15267973994999992,0.07901685
685,12.899485567275654,2.233379519860114,0.18446729680000015,0.14135148
687,13.808431043925655,1.349346975647834,0.10976557666500009,0.1423518
691,6.511719641551987,2.686341284157181,0.2315063027549998,0.2767781
692,9.481712979547193,1.5077892108046576,0.06913734516000009,0.06268777
694,2.6611873100990406,1.3525149099504976,0.05137629793250002,0.074228406
695,25.429942245138303,2.121009739488447,0.18711915131999984,0.036192805
696,2.654777916037071,1.032709978280736,0.103864257805,0.059194576
697,8.906802995976538,1.843481240291586,0.04902214292750004,0.009530374
698,9.001821189159244,7.399526516556235,0.23713736645500003,0.395825
699,24.01975900694984,4.024993185413038,0.18303543467499994,0.29183635
700,40.85198717838493,57.313250427968605,0.26750877526999944,0.2786883
701,5.571144572409156,3.7832133877730127,0.17052600491499997,0.37502053
702,3.357413093494892,2.4571420128199946,0.046947237300000035,0.20422263
703,12.545122047855546,0.8920183913033005,0.14468277150499997,0.016803415
704,7.585743819371299,1.9035402979469875,0.24801534863500002,0.38612154
705,14.66854709759321,62.1779161460175,0.47443447564999985,0.027657647
706,3.8223258343137583,2.0075128222299807,0.07775725947500008,0.054483667
707,3.973055961908868,4.059654925086307,0.24470591730000005,0.30680102
709,36.296589927796006,1.6197204184117062,0.40176689642999996,0.31823015
710,7.117253590426626,0.8559361793294522,0.10980330836299998,0.112378396
711,9.203982877543936,1.4219757094465195,0.2635036380750003,0.114937395
713,4.677569737931886,2.0458744937429536,0.3120982458400002,0.24268682
715,33.0089925510649,2.1001463565276457,0.13313745889299997,0.21655571
716,4.362350904107354,9.068128559786471,0.21512904572500002,0.19929604
717,3.0145209234001573,1.7150278826246494,0.11950316951299994,0.015903667
719,2.346959374345786,0.6698265266149038,0.06049270163800004,0.054904632
720,2.8660262167073682,0.9007258585852024,0.20971003723500012,0.07980158
721,34.344420385569094,28.983160130972937,0.31178352731499936,1.0856477
722,7.063899400841989,2.461093954643656,0.06873049474750005,0.10188951
725,4.173546859957007,1.5125006653761672,0.10165229293000005,0.079354934
726,14.768841194319526,3.2827858275205863,0.08068873413999997,0.0855469
727,27.688698310419845,10.51012033700712,0.18858031921000012,0.039294828
728,5.870298013640491,5.894126040474721,0.30039421027,0.33106855
730,5.141902829675021,2.366254879135429,0.1447393098049999,0.061976478
731,2.8113056796735583,1.3591661785911773,0.17370503571800003,0.20288706
732,6.024485103539612,74.9759245265192,0.269401054395,0.19677693
734,6.918532360281056,11.456187771216936,0.3283906568200002,0.052928913
735,25.902247612677783,14.055576093092748,0.48452965372000023,0.23116158
736,105.06883792320885,168.57891132096614,0.763381944795,0.72029305
739,4.032007646893444,1.3470567097655106,0.13437353687249995,0.035698604
741,4.103726508256358,9.141718845732594,0.18205257433800004,0.12639657
742,9.934892838678484,2.488569306198828,0.1520324749249999,0.19460306
743,3.8166758830079623,2.761251755507105,0.14309850511500014,0.079444386
745,4.106079015694562,1.8209078210880525,0.10168726958800002,0.08102825
746,6.531501720276476,9.0334753298709,0.1331226772199999,0.034749508
748,7.352477837119682,1.6309433683702137,0.18633385566499996,0.016731624
749,52.20059803699882,9.15165191374398,0.28092783904999996,0.23631209
750,4.470940270357311,0.9766464180306416,0.17665404752499989,0.30946735
751,12.89309964923886,1.909353398851033,0.164427337615,0.05101704
752,30.263884498141874,140.10979764429874,0.39537390454500065,0.62961835
753,2.698497668018532,2.113431900449335,0.04864263340999999,0.054399244
754,30.348380955250747,1.0939835596997682,0.12439267999000007,0.025205601
755,12.689854485260767,1.99444522660222,0.20884860938000002,0.04608727
756,4.713666941398977,3.535341068988168,0.20268695114000007,0.4984023
757,2.7979894043062274,0.4718964843460009,0.128497829854,0.17266989
758,13.37570133144065,3.5156561284376084,0.3590014040900005,0.09772084
759,3.489772092201307,1.0090190757025297,0.12422158610000004,0.12382881
760,23.172534489779174,65.1718966544908,0.37829987376499974,0.5012061
761,3.4536530700646773,0.4287048878597902,0.22456259021500014,0.22435565
762,6.598219405871844,8.60556651870173,0.2441320615,0.3313285
764,12.670124984777202,10.742788820050617,0.297093054255,0.20818444
765,98.07057047643647,84.2946622516077,0.8591635189249999,0.7430842
766,10.46746776173903,0.586858268130328,0.21391628805500018,0.19491796
770,6.266375123036006,4.979534326691696,0.11249849436499998,0.105757885
773,2.593508888012891,2.5802362941163213,0.1306100561699999,0.17573851
774,14.331395106998734,2.4166550008117333,0.2432375659549999,0.20049278
776,93.7767809452671,15.541967241012951,2.7275069391299964,1.4424921
780,2.129751263926747,2.832441389123213,0.13049021352600002,0.15319464
783,4.01609347563444,2.1819109064508173,0.19848171602,0.4265399
784,5.962761143460227,7.070448709706894,0.14080090457000005,0.15811346
785,2.8051222276468533,1.9130004453217608,0.14617776123300008,0.15045157
787,10.301744945698552,1.5238303630754249,0.13671845010499986,0.0148820905
788,5.496968436243358,7.686429789726036,0.18173515055,0.2244732
789,17.271214506813884,4.049240472660982,0.08679153910499998,0.041551583
790,20.89603971250689,56.56029183826449,0.6386402340549996,0.32519642
791,7.5238974091057935,1.0305603427590455,0.26426417357999976,0.34104255
792,3.37001113385237,9.725321032103937,0.2235970898949998,0.045433924
793,16.52720228421644,2.004318936050271,0.4948314069600005,0.48875162
794,11.41105711125413,162.8035124586193,0.6514415878550001,0.37702233
798,11.655999248729318,3.5514538174292527,0.3376809277599998,0.713031
799,7.223062557209943,2.2500732033467936,0.06860629064500003,0.0855757
800,4.761669869635879,2.9967517677353306,0.20335140606999996,0.028739821
801,6.879782948788172,0.3740715040104884,0.11035259740750007,0.03187352
802,9.32509010221221,1.723512785398706,0.05109459561999998,0.09662716
804,3.269268772636061,1.1680950016591631,0.10428806494699995,0.029632332
805,38.04194237122517,5.066403532511669,0.25214450454,0.15043612
806,6.619355892882586,2.4659919851506684,0.307989250485,0.23348853
807,7.064894028209972,7.963278613910337,0.42402086123000027,0.26447892
808,16.44450642527087,10.22468927092477,0.9364846886399992,0.5236845
809,4.340386451186047,5.243553061370813,0.12967288525999998,0.13151428
810,13.490070619459631,171.91068725826122,0.4328107675899999,0.07278789
811,15.380658578743391,5.343530093105043,0.2216892546199998,0.1712886
812,50.25411105883245,12.530878823307184,0.4760771317700002,0.9453556
816,15.458086370781114,0.3535570948396023,0.26071798787000017,0.2633267
817,3.8094178289941327,0.9117314293444608,0.10675178839200009,0.09353733
818,12.29176953170481,4.4492429638406,0.06996994574000005,0.10906065
821,3.4796636084813217,0.8035589685371053,0.05590382248750001,0.056514002
822,12.94432989342994,9.846068960419055,0.10786827876700004,0.13296679
823,3.7786223649312776,2.1921074157500646,0.15260491808099996,0.12671591
825,9.37670756044905,12.331394215200415,0.5233342027500004,0.09852484
826,75.11491905520617,113.27719079566717,5.003447501400003,6.408077
827,10.211359735247942,1.2823088129649594,0.10259150983400006,0.056599036
830,38.86772220691247,14.654901051433228,1.1443076505099983,0.1997195
831,11.96091797153624,6.7635124983951656,0.108565231845,0.10460913
832,10.868682029177366,0.6496613077494415,0.09680277338200009,0.13781601
833,4.667048118469015,3.1359415948097022,0.11057420406499993,0.23179546
834,13.472914891189124,4.013013052649012,0.24825678872499982,0.08352051
836,3.0775858714444193,0.5720114660977061,0.10615099843000009,0.05196675
838,21.242475301980445,10.93445065522418,0.20063845082,0.22065008
839,4.960874875592216,1.7742318631646907,0.1383192318999998,0.107867345
840,7.819374879783103,0.5501569141639073,0.14495747738000014,0.1023223
841,5.497220256067245,7.525926778900304,0.10779844069249997,0.052421413
842,60.334169636647545,0.7754874479108415,0.39965200303000015,0.39358863
844,3.046438227841687,1.1804972865101435,0.1262051256330001,0.041326545
845,20.275858684445733,80.99316899125135,0.6882114521199996,0.17209235
846,17.71165384475122,4.176331153630129,0.2998924253550001,0.43810436
847,5.789045997101227,2.675969940719781,0.11378669497799994,0.24868318
848,6.337394961137303,0.7669530949397324,0.09153782415500002,0.04924568
849,4.873885614289808,1.779756654761648,0.14926121264999984,0.04777616
851,3.436622744260782,0.7402101772842758,0.07215642770000008,0.032846216
852,2.7304504340603937,2.80809257052536,0.170467201943,0.21074775
853,4.1830460301305274,6.520559845095697,0.09606163045900006,0.11565029
854,8.650724941299622,0.4681247392709211,0.11673409126499995,0.16376945
855,7.039067311126639,8.482668282229175,0.08460090017499994,0.27753466
856,5.78957799435953,1.1239383723281025,0.08931095942999998,0.087555245
857,4.377194436369243,13.498853808021554,0.23930087898500024,0.13061595
858,3.0745713136308486,2.732632232153259,0.11875084691200005,0.10258716
859,5.353675663077258,3.776155998801796,0.2587454372149996,0.1784303
861,20.133656115749883,4.059468948172116,0.30401303987499967,0.19795638
864,2.3743287410032514,3.127479225538615,0.08152460373500003,0.032361545
865,3.2596570666672107,5.193958104587585,0.140757859685,0.20078176
866,7.297878830795279,173.59491726210226,0.7356152735449997,1.6937805
867,3.078669555430676,2.4296651120626027,0.07140361057,0.15172952
869,2.439122478117212,2.65806751106389,0.05607875078250001,0.05956834
870,4.041031983727402,2.58902034013742,0.11917398106999996,0.11517951
872,22.05465931897744,70.3532494619046,0.347557486615,0.3934716
873,5.254639114306048,0.537264787179023,0.2166508008649998,0.26970834
874,17.371547771872255,6.034991477864437,1.1846802502749991,0.37185684
875,10.285699198630452,2.778784251446856,0.058172178095,0.06004086
876,12.653273812077739,5.821146303260663,0.14481216022500004,0.011985446
877,4.86377788732003,0.8162559794654107,0.06469299973500003,0.01063553
878,13.841336363531095,1.8797827980377928,0.28704917612499964,0.17340344
879,11.191130712464743,2.096897044352368,0.14127947443900005,0.11795721
880,8.538148543115314,0.7920545070998207,0.058955801469999985,0.07227652
881,3.9471557977676075,1.1279858927628927,0.1079648811500001,0.034900002
882,7.220334175940518,3.6998368731124422,0.25329590745500025,0.20610148
883,2.4500289896932004,2.4322343176476195,0.1468781711300001,0.25599042
884,6.052791283469625,0.8444277888718056,0.1007116578840001,0.103276275
885,5.206775703070565,1.288272711681866,0.19608146227000003,0.2238512
886,7.170942614492012,5.292029670056578,0.3126797315350001,0.38295177
887,5.743798041774472,1.674970049398355,0.1992428313979998,0.19972713
889,12.093465034868721,2.04609635866684,0.14027215588000017,0.11480609
892,13.503892179518061,2.170487863448401,0.09018906991000003,0.03965816
895,4.9241529554056775,1.42149140542204,0.153851521575,0.11352321
897,87.48374967018866,13.404973175636885,0.8222587916099994,0.5684324
898,19.609459624849418,15.033508554760267,0.273963423035,0.17821841
902,7.185697293377342,10.451997837099924,0.39074419328499993,0.14247546
904,3.9665897154932184,0.5226932558560983,0.17723121835999983,0.18129797
905,11.820556662464572,3.417859675187416,0.219838932555,0.23875307
906,6.060939537249602,3.932301615247554,0.20006248918000008,0.08399015
907,61.28212246580016,3.4838498493257912,0.4550659363699998,0.48854905
909,4.970462319091329,4.077815243139441,0.14194430413,0.4416591
910,4.892815342356393,1.6655531761793625,0.14094626043000008,0.13893284
911,14.062097086931482,0.7160955951724127,0.10034031878499994,0.1386879
913,4.667617977131915,2.0414269404458323,0.17685192193000007,0.1891298
914,4.9779678203567,2.5629274272050613,0.21308553876000003,0.05148036
918,7.142160854616126,4.174502954235926,0.18821945543500007,0.04459533
919,4.421386724843199,0.7339535909645132,0.22545616901000012,0.25417742
921,12.482690334086293,1.5930897279946536,0.3716574502900005,0.66307867
922,4.003435342352441,3.837850473897913,0.17212601919499995,0.20783342
923,34.64602189035887,61.79969619877959,0.22583815250999997,0.268416
925,5.523143524793569,7.669326625033484,0.09861719326999994,0.20002617
926,5.931287270234986,1.4082626466814976,0.06581415577800002,0.087277144
927,5.199345797083396,5.354533388985829,0.18200757681499993,0.18290423
928,8.349269640286915,1.059380770562088,0.10021074628500004,0.05099749
929,1.8482996392957225,1.7780337830554365,0.11359991736599992,0.033361677
930,4.275590582318695,1.163805007345978,0.14915387933399987,0.06368535
932,5.167291204718721,1.0638089347964204,0.08400711215500008,0.08754989
934,10.303268263658545,3.233413828654908,0.21616289234499997,0.28263777
937,4.606805570658451,3.446323602675684,0.16758890380999994,0.1216884
938,7.1863601583991885,8.94036935844264,0.13069824683499995,0.18028294
939,9.569864216851414,5.960137664551392,0.50019755448,0.10201426
941,5.982046657684655,1.3846452282040975,0.13622569726999995,0.16612834
942,7.391759903612758,15.298748625908932,0.23207703490000006,0.1767131
943,38.98020560913526,5.787410776324029,0.1591649274700001,0.092905335
944,2.849678947716268,6.980059905745248,0.14871268738999985,0.057336163
946,15.463444068731711,0.4733670094263857,0.16206313425000013,0.138927
947,76.97331600613002,132.86206033666662,4.903356334475004,6.4958453
948,7.513557756175076,1.4290741557668332,0.16433588569499996,0.09278856
949,14.126092056535926,4.410572454534986,0.35092757939500013,0.44335407
950,12.549105757378902,2.4557078844355504,0.18627883589000008,0.05746451
951,4.416008351384455,1.3872993033268264,0.22448678762000016,0.048851095
952,2.96551592426753,1.9763552358696448,0.16294909185099984,0.2585687
953,2.975628031249892,2.477624048280829,0.10511800112300008,0.05698538
954,4.209147862098933,1.3823464830379215,0.154623694073,0.10288625
955,4.164163057993264,5.684663844095431,0.26427676059999994,0.43883526
956,21.613408819779302,8.646714233416578,0.2752182999399997,0.06990303
957,4.107881974973347,3.054379196337989,0.12070218980899995,0.13904953
958,7.05717341622006,10.869687958333254,0.17713576230500006,0.46104136
959,13.003957280631345,4.347495133989685,0.17042906751999978,0.3355226
960,4.560317034246662,1.6601865102623448,0.1728113068199999,0.16629459
961,29.68835943723411,4.416818334031481,0.07570020677999996,0.08933067
962,6.2437616653587655,1.4411699093233172,0.039556139085000004,0.054271895
963,6.44786236443129,2.254679553438637,0.2414737336749998,0.46413612
965,4.687197736074044,3.797301841024655,0.20190718581,0.2752802
966,2.376916443852038,0.3679512982538251,0.05878290885500004,0.08534214
967,11.051882755942843,5.376165339660735,0.4024182235750002,0.08052425
969,7.6387216911455535,1.6926974291130965,0.1739840615000002,0.18350995
971,13.173885573883172,4.259755064300978,0.6451184425150004,1.0107716
972,10.418979018047226,7.981285119419677,0.11744934266000001,0.17694075
973,3.6488493398216058,1.705873841567008,0.2211241743100002,0.17933533
974,11.823375797938384,0.8734682151814507,0.12398887460000017,0.07285584
976,3.523362379036155,2.5721336080859523,0.07652297392000004,0.14153345
977,5.0321827637642835,0.6747720357337721,0.15669039176500005,0.10091613
978,4.294200510335804,1.0156157419182013,0.1323389597499999,0.118642464
979,4.209250131240946,1.1782091977205953,0.053131653575,0.038043603
980,45.17913028456426,33.75493252078999,0.35033482253999976,0.084692396
981,4.324547923943282,3.0375162648767446,0.11662897838399998,0.13679038
982,5.054806242084099,0.6633605075360463,0.21342183603999995,0.19460209
983,9.698025712047489,1.6946703645804106,0.17411896468500007,0.18738957
984,5.910377793775118,1.553498325249296,0.11109576030499996,0.04363343
985,5.157722078783746,3.28768701047984,0.07104704564000001,0.060160104
986,7.605977570898215,1.0616290730331617,0.06675394148,0.062060654
987,6.738537743498523,2.6352941749577985,0.1002611659050001,0.13250633
989,5.138319829755862,2.09669439514957,0.09979561273000005,0.08499015
990,8.39501795061862,1.742600624382742,0.14168126699500003,0.0977673
991,34.947046371238116,4.053452931053628,0.14549032986700008,0.1320631
992,9.564996725821091,3.1205179666839986,0.3843803391000003,0.5897749
993,7.802910151524378,0.983915286879406,0.07809801579599998,0.05379034
994,4.78653149160853,1.825121796075243,0.18569238140500008,0.16024345
995,11.620878413316198,1.9493356192929183,0.3173637157949996,0.34823096
996,9.733054898646543,11.62130736673616,0.33464333422499976,0.08421648
997,2.28170705540885,1.573617502449894,0.08067293281000008,0.14543724
998,10.382862348117554,0.7022512491099928,0.10141815410500005,0.053708725
999,4.468795056140074,3.020150724479265,0.2145855517599999,0.06783776
1000,3.7242201571463522,6.464106626626886,0.1412175096100002,0.03221839
1001,29.70713186059908,89.68972407205668,1.3594136972550006,1.1940434
1002,5.737867868619507,0.7974494749304768,0.05541380640049997,0.07691504
1003,6.818233003414648,1.4219692739883705,0.06103102859000001,0.048663996
1004,5.416419659770286,5.231144600668539,0.046732159489999994,0.08261776
1005,21.30621962677091,3.527615298584958,0.4573507277050002,0.4770832
1008,3.817967954299368,4.25323417223968,0.10929788334500005,0.06772616
1009,12.783276391530649,5.743979633375902,0.17190122105999986,0.20450823
1010,2.853814514082684,3.323085342975345,0.10850343178499995,0.034866612
1011,62.68553210327939,63.61817528783997,1.5304074728949997,0.41488576
1012,15.345797396012415,6.41487734279852,0.11456592970499986,0.035233226
1014,9.846537223763336,0.3202484351922736,0.107613876555,0.116577744
1015,6.51115699525447,2.9246387843915884,0.17098956828300016,0.093204774
1016,20.80618579893926,4.696154344064171,0.07848867733500002,0.038883746
1017,5.075197791186665,0.9242161470763092,0.13193888500999995,0.09436834
1018,2.650560174356506,2.226096201247655,0.12676657486000006,0.06121221
1019,55.81300009754254,45.76880636551664,0.4163207316499999,0.15254374
1020,3.9289682169807203,2.1069792231266,0.19374550243000013,0.2560815
1023,2.0696056344895646,1.7378463113181912,0.05578059450000005,0.1878615
1024,7.356343403971234,4.981512771338626,0.3536137945749998,0.35107908
1025,3.8405526813256445,1.1482916778401768,0.17257405963500005,0.2915385
1027,69.64904859042161,79.8213538640022,0.7981509180100008,0.46462092
1028,2.1616117496376077,1.7757690892572031,0.11221323033500001,0.055451877
1029,19.973852657194712,1.294222251800199,0.07064322986500005,0.049058158
1031,25.507739041016038,2.253925682677279,0.1894917803350001,0.35838574
1033,2.6350525590130167,3.766604035723932,0.052275505114999954,0.12831096
1035,50.58820692097406,2.2487454425691613,0.09191506632300006,0.028072765
1036,5.882215953117794,164.00343853857842,0.23703959042999997,0.4311184
1037,23.932666766515535,25.098201801004567,0.9034642524299992,0.5821095
1038,18.22736485613372,177.65896769081752,0.666774800175,0.43340257
1040,2.6123921773297063,1.2034488175487708,0.08370434991500014,0.027444674
1042,2.0804590741274893,2.0228235991879955,0.13796294966599995,0.09712533
1043,4.394223403680513,6.614418597582273,0.2755752992550001,0.34835252
1045,25.21744375768974,80.65649367132566,0.46013959541000077,0.13071668
1046,14.030471361939556,3.358203918301471,0.20225204784500014,0.48674887
1047,14.61660859100456,0.8990175155732468,0.15312049824299998,0.1254623
1048,4.397029785046382,4.116249320467768,0.2206054852100001,0.037557673
1049,2.5562308851617908,1.0983540016101474,0.05581330170500002,0.081818566
1050,8.644766020603022,6.582886745364346,0.25534297709499965,0.17417656
1052,3.823279170426023,3.9321799338803705,0.13356460904499998,0.28405648
1055,25.772796779393843,14.609908057659448,0.08557960294499997,0.052474946
1056,5.747731623304644,3.480463020131122,0.28208679056999986,0.5284847
1057,3.280371472396895,0.731797722230847,0.162432516333,0.24550183
1061,23.920730670052745,3.129453194364192,0.18646371190000008,0.043531343
1063,2.8428819673272727,2.8873090323509363,0.11230778112600007,0.13930318
1064,24.9203828640143,0.6673706214809837,0.06610413945499997,0.035673026
1065,13.720226121317348,6.589274500421352,0.3069451985349998,0.9499138
1067,82.91125656154631,28.630651530368773,1.8659803395099996,2.8630593
1068,23.347040398556736,165.47236052818891,0.46675006011000064,0.14852506
1070,3.521091252354218,3.951801123291451,0.167818700585,0.33852354
1071,3.770628131559518,1.1800209567866036,0.04764280281749997,0.08214024
1072,28.808999499944026,112.23999407318378,1.1544169283299985,0.4100822
1073,4.080384299691176,2.515941037550634,0.16957616434800005,0.20641926
1074,6.060877489522199,1.0935818376038011,0.06956210466500005,0.05097453
1075,7.27661878951644,1.4981455470273188,0.16530443631999975,0.049884357
1076,6.935716542127816,7.297450527174288,0.2762314620449997,0.5915506
1077,44.77570878802775,2.933390799577846,0.12239780958400007,0.2948221
1078,25.20757413720792,1.3103445169394283,0.12915417659499995,0.13576524
1079,20.400590524623258,5.000587221209967,0.15178599960299996,0.04172502
1080,15.167084942015022,177.73668957859988,0.433729991165,0.32018834
1081,20.725702406775476,14.972087932776867,0.22875992866000008,0.2413722
1083,17.096551975353666,2.722982218450529,0.36439144431500003,0.3060822
1084,3.8194801697173313,0.8155249000264766,0.1359293727449999,0.054737393
1085,6.776628539582588,2.311648742861455,0.11904071261000004,0.2012131
1086,3.9936353229379624,4.915258865242411,0.12021033363999992,0.08589047
1090,64.96640432840849,129.379354568176,0.19013535306500004,0.23401524
1091,9.776740165873946,1.783628327423999,0.2582545859499998,0.11260973
1093,16.359250664927856,33.46956850621373,0.6066884769600002,0.64294094
1094,7.405898993489252,4.6512530417925575,0.1560918728779998,0.21200834
1095,12.320387566235901,1.8939561575152577,0.08128395782499999,0.17686228
1096,7.7092463991944244,2.4537587661135056,0.18219351360500013,0.16095868
1097,10.748649878112994,1.2059215111642827,0.055247127330000007,0.017325643
1098,23.476846644892724,67.90154571408489,0.5547593320199996,0.4960235
1100,3.4135331673351423,0.9762108888859368,0.10409965046500001,0.16925836
1101,2.7214589219520384,1.9520186192171625,0.12388429757200005,0.11246992
1102,2.854816395454362,0.7437303238939016,0.20491747645499994,0.1854588
1103,4.793388760428701,2.4032058120056394,0.13385164323500007,0.10036546
1104,7.968160703543281,1.7336207062223492,0.03748994479499999,0.019125843
1105,18.338806019911306,2.0285785809513124,0.21631281079000012,0.34133917
1106,10.047346532953155,1.4979900553119765,0.05982318296499998,0.048762586
1107,72.82009770176373,1.8461304633131963,0.2705564280799998,0.04848387
1109,4.613017968835482,2.622857907151262,0.19947954976999988,0.17761157
1111,8.381359660435653,1.9645584740044888,0.6318012436849999,0.5153604
1113,25.991178155943427,10.250457409706412,0.36989499943000015,0.058878206
1114,3.499331307561627,2.000260293297677,0.17452294119999984,0.27369502
1115,11.2409956300556,15.944098573034225,0.20409858551999985,0.2125625
1116,44.18210282127777,15.512576744051978,0.43144832227999963,0.15238366
1117,24.863705743865808,1.6855696287699582,0.1770580427949999,0.17572922
1119,4.0765556213731395,2.485320072031545,0.08857153709,0.035117645
1122,5.559303245556735,2.229621260442527,0.20128888219500005,0.060614217
1123,7.165770011634462,0.8877097515188815,0.17470426378499987,0.16215286
1124,2.884932406597102,3.716391162155801,0.14941356212999996,0.29668993
1125,3.9354126603220823,3.8351272201641855,0.19523243744999996,0.41292116
1126,8.72523564982515,4.211255867640743,0.131386637573,0.15019846
1127,4.767238646475523,1.5849494737585714,0.20442701872499988,0.18193135
1128,29.592937313315918,2.1231820381543183,0.11648299311599995,0.045575548
1130,15.945762981472512,35.05804426518999,0.26789946069499987,0.23570147
1131,5.986370465540788,4.006625931588889,0.2128180044699999,0.23254377
1133,27.00488981472901,3.0654103192998954,0.1902817963850001,0.11458439
1134,9.094707195936342,0.7221133089712708,0.07553906471499997,0.083195545
1136,15.50565601794765,116.65892151797216,1.0800593414999993,1.2132361
1138,2.2249333540401555,1.7150969043755655,0.10948452411500002,0.11633065
1139,11.67135358297813,2.043165844862465,0.05322547873499997,0.027238952
1141,11.064460852409452,1.0081806661677393,0.03897428923,0.036309775
1142,6.490861357298362,3.8656689187563193,0.25318099993000004,0.3343246
1143,8.57280858432888,6.494643565310736,0.15751248243499996,0.034923214
1144,81.17405409666489,119.455305465185,1.832905678184999,0.24662879
1145,10.646126320403233,4.340728921116071,0.5368295451050001,0.33811018
1147,24.05297916260322,11.926847114907702,0.6201520894850007,0.34225914
1148,3.9849634291384244,2.047679553768498,0.12592809070499994,0.18209048
1151,4.245755569119663,9.940820648549828,0.10912097644900001,0.071093954
1152,7.577052277750563,0.7462554526711358,0.07188356840499999,0.07318244
1156,5.184766532707033,1.800261254943293,0.13805781257999997,0.23644134
1157,2.816125920533386,7.082720949443945,0.14044499146499997,0.012974253
1158,6.57667253354731,11.131411705960948,0.12813059114999986,0.07398306
1160,7.8591425185063075,3.529048938355213,0.148824019043,0.18142933
1161,3.5729136040274185,1.0253969971955548,0.1824387004899999,0.3440536
1162,3.6473401174385494,5.474548190740845,0.15405832473500017,0.18770644
1163,12.3525393611345,31.52144264906788,0.169566617805,0.31113073
1164,20.673284853144665,0.879185505369544,0.8181644848949999,0.9378404
1166,8.261215718320733,2.0682490153713378,0.14216063087299996,0.07459012
1167,4.417653031059098,0.6883410638305646,0.16972013410999992,0.33073372
1169,4.259809468048018,4.010435335082634,0.06457433974750006,0.16839972
1170,2.951147847623835,4.6320926405164045,0.11994379478500009,0.14146917
1171,5.499823060403302,0.6013259684755389,0.12947927550000002,0.23270465
1172,2.4881843767997425,2.658406189682826,0.046579497902499954,0.03759174
1173,16.509415097132244,2.984265446760868,0.24072379586499967,0.5526402
1175,8.707869308435944,2.907194859551053,0.05637213895749998,0.06438517
1176,4.0103185235113905,1.8110218228231505,0.23160612226499988,0.46299657
1177,7.246324546918369,1.454901297036666,0.06806983709999996,0.0733037
1178,17.854503608992808,1.0022133065128611,0.16675029470999983,0.16996495
1179,5.474079398193599,2.0169841767605985,0.11711890526499992,0.1960432
1180,3.416300117976631,0.8378742964388748,0.13295687213999996,0.113307476
1181,3.841715987341636,5.91767155426548,0.05581964988250001,0.05315671
1184,5.982917561057583,2.0044992090685563,0.2799533596600001,0.4832333
1185,31.75438813404865,6.114081193560256,0.3434407778250004,0.258802
1187,9.758351756140998,1.7648158554492872,0.18600187534500015,0.10117752
1190,5.8035936300200595,3.8346459647351288,0.20352866801499978,0.20277391
1191,3.917385799791961,2.1711509849210886,0.16211722995999991,0.30093372
1193,2.9669036175933905,1.42086479611023,0.11163886032300002,0.037246164
1195,5.922337688314753,7.630265301906651,0.276379244105,0.087211505
1197,38.57652905401867,1.530559638450151,0.9965841344250002,0.41007367
1198,3.8469338333124083,1.3187023317599953,0.18695395500999998,0.1873629
1199,4.893695800901244,5.287543956472722,0.11284780933,0.18610774
1200,8.36622339046199,4.461305808055939,0.15207240933500019,0.1365937
1202,2.7058807026524447,2.057600617996078,0.11377837021500001,0.091452464
1203,5.603041899164542,29.769967296345705,0.25080889662000017,0.2721705
1205,3.2565511412851063,1.5938649766176367,0.18762795703000004,0.23791003
1206,6.040735978548265,1.5919874134980645,0.2576787214949998,0.36602494
1207,19.287426857044316,6.6725839028465135,0.08920061150500004,0.049641617
1209,7.960243745674084,6.398211403719138,0.18357619813500012,0.020298805
1210,4.52244134387643,1.903630929231105,0.07121523264500008,0.23993738
1211,2.8538899435118417,0.455923077611121,0.23025162471499996,0.34379652
1212,7.503956087591385,2.4960822356793213,0.09804315978499999,0.08086864
1213,7.280645534058562,1.814645625526695,0.40729129473000003,0.49568886
1214,22.736224089361116,4.23887473939252,0.2061438936349999,0.122193635
1215,9.356819788047723,2.329261428885546,0.26230764172000004,0.26692957
1217,5.9698654226915195,0.5239140452514229,0.11570689756500009,0.2640797
1220,5.441039350987251,0.8570111423376549,0.190386222353,0.54690903
1221,4.17852230310084,0.6160557279556256,0.08110080425500005,0.07066985
1222,5.88652390846991,2.615409081487309,0.12565156128999994,0.20073538
1223,8.913234351209697,2.2860708426607537,0.07099080663000006,0.053462863
1226,5.571766582402152,4.879046461308546,0.12851838828000006,0.2822287
1227,15.929968734560449,1.4062088331582394,0.3548960183199997,0.29864344
1228,34.29602089770517,3.765994740232897,0.20831852792999997,0.11042145
1229,5.006552910400939,1.4941745592987337,0.14621775567500003,0.20539217
1230,3.649286071054368,1.3631555547283047,0.057767491917499976,0.090331435
1231,3.6889395167450356,2.149750698778003,0.05057333441249998,0.07660453
1232,12.846738735712629,3.770306296713748,0.18655670850499992,0.047305077
1233,7.747701686433251,1.057644051732011,0.040074741085,0.060584143
1234,14.559611898508372,0.9570323836688244,0.3690678057549999,0.4809386
1235,3.220101642843369,0.5767393626170152,0.15592613390800006,0.22022386
1236,3.797982023972094,8.655129961662373,0.06957344982099997,0.124794014
1237,10.766610990802896,9.747177156907576,0.30463693041999984,0.40513346
1239,3.991539087626519,0.6958246927756423,0.10720618045400002,0.06637227
1240,2.8027752316152266,0.9625547550857227,0.05256691599999999,0.029583879
1241,17.435675362312196,6.067765342028732,0.15787444453499988,0.048257735
1242,15.993531624655793,98.26477033774876,0.29482837524499983,0.5668458
1243,49.947004777267246,1.7831314587420024,0.6543930044250003,0.13367161
1245,8.753563668101252,0.8258193033676366,0.261543892505,0.22685966
1246,7.8408890184277364,3.603753329094445,0.04957590275000002,0.069324456
1247,5.536420275043595,2.8343257388116947,0.20846750072499978,0.2929055
1248,2.9463336984222432,114.20038524289224,0.20253551522999985,0.2744461
1250,4.167602330684462,1.5865185036682772,0.14943933247499996,0.09303665
1251,5.840972803535924,1.473205169693891,0.2136565276300001,0.27075225
1252,19.604373222016907,3.141106967822949,0.10467887871700009,0.08552894
1253,3.514530178425531,5.212770166056425,0.103163437675,0.07390474
1254,4.9199607845508835,2.0328745784258264,0.21714052703500006,0.40428913
1255,3.095968849378878,2.935999111462182,0.16521593377000005,0.12380684
1257,6.732881176368678,2.98334502774366,0.22143556913,0.28227952
1258,21.835174741447407,4.064611635242502,0.09822555883000007,0.0596429
1263,3.216967589134058,2.3562095175137587,0.18140774602099988,0.10397674
1264,4.919146509997602,9.395334466649128,0.10779312367200006,0.047595117
1267,15.068902864612838,53.08726238252414,0.13840597141500016,0.14180972
1268,76.66517454981725,1.4747523557321494,1.3718667013949994,1.0580136
1269,4.521096957825602,2.1845944362541347,0.07867071130250007,0.019484293
1270,3.041347189543505,2.6889507122583685,0.15673399952500003,0.25307366
1271,2.4768834973916745,2.114435461145789,0.12755042509000006,0.094595835
1272,4.061195568760727,4.319600628036719,0.0637062507075,0.021150863
1274,5.1335415243801155,4.301033549217916,0.11805237903300007,0.15707864
1275,16.517677126428268,3.738058143525021,0.26922849831999957,0.23711921
1276,12.681467438357377,5.676454152217229,0.401651739855,0.20255877
1277,12.761474489554944,96.43320819558892,0.13439004207499994,0.35705662
1278,81.3260663881983,4.537482397151952,0.5278661283000005,0.3161666
1281,20.7302140477792,1.723226933628254,0.2698323354749999,0.12149369
1282,3.84186918680751,0.4190126388727846,0.11090324276499999,0.10691934
1283,4.985758516060548,5.688373485637702,0.10167226856500006,0.039703023
1284,25.743719965455224,8.737361311454784,1.3270574976999996,0.5435
1285,6.831604945871316,1.7943961325352689,0.203289142855,0.29976648
1287,19.66472546009827,0.4939455784536673,0.21557146558500004,0.14585571
1289,2.3405195051601457,2.237111718374616,0.04481963719999997,0.09670258
1290,17.70285567621424,87.98115787388225,0.11746615791399996,0.056436
1291,24.797349443202087,1.919126362767405,0.5297911756650002,0.19171394
1293,3.8535333983752778,0.4390750940258338,0.07633226860000009,0.09082359
1294,4.153751659195528,1.2328303380854746,0.06334156786000002,0.04609782
1295,2.9013434392036226,3.462758414370475,0.12830277305999999,0.08577157
1296,3.281049265836927,1.6855728687903804,0.14658064512100005,0.12551202
1297,6.225075360384347,2.725336945418729,0.24032168502999995,0.061352722
1298,2.6392153361563997,3.379056319498738,0.20288241676499996,0.21547684
1299,30.313500117216055,1.9258734363676837,0.07439644325000005,0.012309269
1301,7.46148825650506,0.6322164282894961,0.2223824408649999,0.3646529
1302,2.7713328838764597,1.410629820017894,0.1180384661820001,0.14301632
1303,4.700467671900526,18.442666614497742,0.11296310730499991,0.08225147
1304,28.660348556330675,0.5152422083881226,0.4198645306100001,0.08345708
1305,2.9029692849099846,2.0942725350606164,0.12306193435000004,0.094671555
1306,30.11440978339366,3.514180074477864,0.12237428347500007,0.068221785
1308,6.18216659777994,1.227707368849643,0.05518486721500002,0.023052476
1309,10.201134851556455,2.4538459515495266,0.15326026581700003,0.023029277
1310,13.477906901913194,7.853253155882958,0.1801715877350001,0.20369624
1312,2.6969742821380236,0.7112555062975192,0.11116591870999999,0.102754526
1313,7.899806292473283,3.022905106704956,0.156817047013,0.098622575
1314,5.768209056488714,2.91382863493566,0.18295507625499996,0.12499418
1315,9.704572980456273,1.6452016569623802,0.05829715138750003,0.07532768
1316,6.122249628405631,1.728723281429706,0.24967018184500023,0.2619282
1318,49.57065156648936,2.2221043310171398,0.269352730825,0.14770524
1320,6.5850898346893985,1.5652863831954544,0.08072017157300002,0.06307924
1321,3.088004990747842,0.5229990677793842,0.16172168071999987,0.25668344
1327,3.782033612967311,1.649254593828614,0.1604335824900001,0.3300727
1328,28.099116780067202,4.14870368904515,0.11526908143400001,0.14622633
1329,9.221974955188802,2.4459551266777693,0.12665136983999994,0.054723915
1330,13.229444475092487,179.06363464037454,0.16195847152000004,0.2429354
1331,100.7797534574301,3.7401559288243407,0.5625167301650003,0.656994
1332,7.362569613136532,1.4750902980422276,0.2051199313399999,0.2772625
1334,19.611980397369013,11.335779941337329,0.29118622264999955,0.17406055
1336,6.025092139953743,5.623681691144728,0.41870661900000067,0.3319314
1337,6.293334366583613,3.2763085599416204,0.13605727945500007,0.07963694
1338,4.89396226269252,3.920100310204177,0.2690924114049998,0.25808787
1339,13.561979689572533,2.99256634451226,0.14336149200499995,0.18359001
1340,2.7447672173048705,3.664499411808421,0.04483215135749993,0.06255461
1341,5.416896300922287,2.391192994826163,0.045009625125000036,0.04385902
1342,53.63286111738617,0.5840220563904465,0.3466474209749999,0.5207551
1344,10.097970362213202,0.7570244407602843,0.47362395938499957,0.3747456
1346,14.009816728824124,7.07941739898671,0.086149192175,0.025622476
1347,8.193683269402536,1.189945051000891,0.08089896513500001,0.08759371
1348,4.947670970041443,3.4359363364350872,0.06517055289250002,0.06284168
1349,3.6734519415698776,2.054316130736367,0.08472140499000001,0.05816411
1354,4.537969256746068,27.77436601335201,0.2621064177349999,0.1790032
1355,21.307747003208462,79.06304856760593,1.1824437771249994,1.9365935
1356,20.942312331368463,114.72115872644684,0.7759877640300005,0.5381057
1357,64.55443026581374,67.88017534583541,0.5352316495800005,0.027366454
1358,38.329537272193406,176.40017754166516,0.7908737391350001,0.15066825
1359,54.108790174873235,50.46618828429685,0.25938855282499995,0.3542996
1360,47.010226000448576,3.2136362250730723,0.6503011145599997,0.21030271
1364,27.364259069959086,1.750816341097199,0.62102557025,0.44391614
1365,5.936246552442691,2.1675596258386274,0.17410048774999992,0.28054082
1366,4.993992809289374,1.8778785568886132,0.18073492273800004,0.111236416
1367,4.737824623011394,1.9278757924178167,0.19993411998,0.30464822
1369,5.999979512137605,9.970116368211617,0.24799609271999987,0.20716877
1371,3.8709659621384174,1.0526898730043082,0.1420457417499999,0.08929698
1372,5.57242583343723,9.265328914144742,0.14358310597099988,0.21801825
1373,31.370644707454485,4.105410050522702,0.13022844826399987,0.12984341
1374,28.745590806490533,1.301420278068806,0.2353019078450001,0.09814301
1376,42.734059902313575,6.591543429776514,1.4636454107149992,0.3912942
1378,19.27396434212454,5.956601343545044,0.23049929002500008,0.25770432
1380,18.52986254549331,0.8007584165023851,0.10095385486800006,0.094880916
1381,5.627211075167754,1.6572915695924493,0.1286522815149999,0.06271875
1382,31.472235375965965,0.1349474288402846,0.3596669234449997,0.35596314
1383,4.308647662140543,3.3220043275054785,0.04771430924549999,0.021993013
1384,10.50870609796089,1.8442264810756168,0.1613367327200002,0.236181
1385,3.4653284641442377,3.222229815245965,0.06865337997250003,0.060757484
1386,3.1390132425813806,1.7722481201620734,0.10840747975999987,0.047313735
1387,2.497388036012812,4.515273459269616,0.1257519917,0.038561285
1388,39.26280041035381,2.206908076905324,0.1398862127289999,0.116395615
1389,9.36531490940657,0.5759907657864148,0.2455701911900002,0.22985256
1390,2.92771626655844,5.579322771368004,0.120567613291,0.1160366
1392,7.097976341051488,1.9157349856829884,0.16253265976499992,0.47750676
1394,2.8764785569779288,1.5505593714870072,0.1344352053649999,0.06749717
1395,8.743591466776023,2.281672160320131,0.21096662358999999,0.15897776
1396,3.280160968931785,0.4228297666610474,0.04618106958750001,0.03199579
1398,5.601251265371292,1.0486210581001123,0.05032158117499994,0.09183116
1399,4.546036973423273,3.6663061947853848,0.18870117025999997,0.037187945
1400,3.8166485467406046,0.8510849954443145,0.19829073823499993,0.1362601
1402,17.988590977082005,2.226364718009814,0.30851513548500015,0.42533007
1403,3.573800828217163,5.060442930464247,0.10955500672899998,0.20105964
1405,7.234621434775874,1.9358068542298548,0.13387199651500006,0.1495097
1407,17.872059953771235,2.241005311831965,0.2825778787599999,0.28835106
1408,2.527105850357247,0.2114195355492318,0.11730975933000005,0.14095283
1409,3.578592658108974,0.9480239511229566,0.048775467469999986,0.035971195
1411,7.50315779286468,1.1986369149106555,0.17421636804499993,0.15206994
1413,2.6860379148022098,3.927020677224165,0.17831780325000018,0.19785728
1414,12.922847950938296,2.0437470037023435,0.06788431613750004,0.028548252
1415,5.645792767575792,14.340013973999678,0.148522003735,0.13787699
1416,6.927516400755279,3.003698191710386,0.24997940485500017,0.43847024
1417,4.190242561275995,10.300207325759056,0.24304044184999993,0.29974777
1418,35.021117677795495,0.8329915618913134,0.2613970076449998,0.27381632
1419,26.792386459274564,2.020659690316422,0.25855906097500003,0.21572334
1421,7.0001435492343385,1.3697375871239847,0.12578873072799998,0.27312192
1422,4.337392759331971,4.750551210588862,0.1434391478699999,0.28486755
1423,5.717499029757021,0.5929136131286054,0.4279572324000002,0.07030096
1424,4.634426548918126,0.8701144903950635,0.23587826176999985,0.32133895
1426,4.6157894286190855,14.97567585596222,0.1451136567579999,0.14962997
1427,38.03272925828841,2.207670486104158,0.3720226696299998,0.3188927
1428,16.821222034893502,4.112724839096048,0.14742876386000014,0.19976036
1430,13.491419032681879,1.6168074220362851,0.22243951387999986,0.6807305
1432,10.575735622076014,3.176946301426304,0.4271400494400005,0.15153325
1433,5.104423181020937,1.1059126108373531,0.20432754746499984,0.14627092
1435,10.69276916033899,3.326374427726743,0.48930134209000054,0.37832236
1436,12.740274568804582,5.806084827242346,0.16374186628,0.04439211
1437,24.443759934293112,1.42726446613063,0.22832844437000027,0.063976124
1439,16.065064306037936,8.057645086046143,0.47632076726000017,0.19096112
1441,12.699438912957254,1.3558795220179836,0.08732717614999996,0.07521942
1444,5.449141440331408,2.4072180930216858,0.2354695301849998,0.15026502
1445,41.75808442104377,2.475047563151958,0.200423843995,0.08010574
1446,6.543837750559423,2.5265337861553347,0.0972237042635001,0.02456393
1447,13.326818563693775,4.159572105473057,0.20786345548,0.013171638
1448,10.072712057872147,2.48110419060644,0.28713207962000015,0.58494455
1449,3.27308152816876,6.273801960916367,0.44082088631000027,0.6414831
1450,18.594204929821174,4.540043474313396,0.4265553004500004,0.5128955
1451,8.701315264109034,1.7346495625206229,0.08877253392000005,0.047965474
1452,4.687257112804904,4.412861487512557,0.1185775937149999,0.14341463
1453,5.492738621837577,0.6384106808251205,0.21752377442499976,0.2843966
1454,4.192983986849445,41.60748677482524,0.09241052543499992,0.08083794
1455,19.57304424385575,1.302990214963272,0.46355696315500017,0.30388707
1456,30.092166447896638,13.36937142941551,0.05332967567000001,0.014852991
1457,23.933318373902406,0.4265516949466517,0.4059895904700004,0.20925896
1458,4.596444006655658,2.5636616799544294,0.1820625936449999,0.07564983
1459,6.029946448965905,0.8969920969617831,0.2860057242400002,0.15432885
1460,2.7410818152626244,2.268091519669776,0.1408051102649999,0.05777265
1461,7.303985413542552,2.171676128576212,0.23711067664000024,0.15590222
1462,9.348201625944823,3.890211607911527,0.07025490729500007,0.024096828
1463,77.82064410085557,2.233611639381494,0.2370700126899998,0.09767919
1465,3.5627971272701133,0.7140515310211419,0.16184788280499998,0.40797263
1466,5.632692815063519,0.7577507793707102,0.18835419845999987,0.14762652
1467,3.050164117800815,4.543009394490329,0.10328470025,0.030012272
1468,4.964393358858497,1.0238748105120858,0.19987392437999993,0.4364159
1469,2.4333214283085134,2.513105551664967,0.11743291282300002,0.050001334
1471,18.604684815287463,7.1831478593544,0.3342815731649998,0.5323991
1472,8.271552304780801,0.9330194628658398,0.7173693709500008,0.7074214
1475,3.9737002893772684,2.727575310915804,0.03905053265249996,0.04354455
1476,5.050894650447309,2.8348068198210754,0.059806417534999996,0.06650292
1480,3.795956007626907,3.5869050451448485,0.09237397801000002,0.057360332
1481,3.45862161156897,2.6420289688370646,0.15598068495100015,0.21877818
1482,24.058555496072472,1.7820776501688522,0.14610040048499992,0.035501428
1483,24.999740865930256,3.4717930966771475,0.23782806878500007,0.10235544
1485,40.18630226910712,1.8243113638684871,0.05189410316049996,0.043099992
1486,2.9998294277222186,5.693622285949289,0.13269810713799995,0.24544656
1487,22.721714468316108,3.431880849745258,0.1391676046149999,0.15003859
1488,3.7303877740727325,0.7884819310646355,0.08718266830800009,0.13087441
1490,9.968599025460405,2.227956962775411,0.4505968706450001,0.20808716
1491,20.53398162946672,1.6424509130631568,0.3256504127699999,0.30637738
1492,6.218470394782588,3.4761476333909918,0.06693548867999997,0.046189647
1495,7.6732001679921975,0.4790193013700271,0.04943603884999999,0.042812422
1496,17.45498316101869,1.5868560160146663,0.2699082730649999,0.10941318
1497,36.60193513169542,3.2811266540694586,0.36973609099499966,0.4222813
1498,5.233198938535201,1.9257101315100935,0.24138794748999992,0.29163018
1500,76.02610267776814,1.0219950808727507,0.7020200821650003,0.5347046
1502,3.1561610731286724,1.0605162446409508,0.12681677617699996,0.115936734
1503,4.291005588707262,1.601228465894042,0.07155342269000003,0.06058421
1504,4.613793992513376,1.919047981628115,0.21125804909499993,0.238431
1505,6.12103034170255,6.111972365415821,0.4295112971200002,0.4361634
1506,21.086490624657667,9.110883956971984,0.22590890748500006,0.29663107
1507,30.228525021896253,4.55218067454867,0.09693175855000007,0.065565206
1508,5.78084090893887,4.463139016880329,0.09388275012500003,0.110980906
1510,35.56235438199531,1.2159691210483203,0.1716189498450002,0.17553495
1511,12.213382275483726,1.826876727641896,0.17460807882,0.12292551
1512,3.3816261320920544,2.092800795571641,0.13318750829800005,0.06358555
1513,4.914870024288595,5.631823532885982,0.17812595719499996,0.11322278
1514,24.651292957945188,111.18455495620536,0.6622930071300002,0.6349796
1516,13.560418371744529,3.227732268387263,0.18738749235500016,0.2128247
1517,5.789980185797728,3.910318298969671,0.2279646889249999,0.07623256
1518,10.90295112713154,3.019189392033188,0.16162214943000022,0.08632462
1519,24.489738601788236,0.6080055796152347,0.9951571689750002,0.3748719
1520,30.724348983228342,4.356191041481232,0.21266950203999987,0.12370391
1521,6.032232205011262,1.3392529734339105,0.2866686100899995,0.46727365
1522,7.478945032735791,45.146072283516325,0.24476347753499983,0.2723186
1523,43.73286811787213,1.5004853950915098,0.4723511628050001,0.3136762
1524,3.4518584999771735,165.2996181468298,0.18063016109499988,0.15540636
1527,24.52178097006028,1.5968879747240805,0.07071467380000004,0.04960283
1528,18.427831454316184,1.114599911840743,0.13323420965000002,0.029267663
1529,3.4539549411386083,1.4232727537275165,0.15804669534499996,0.43074816
1530,2.756566382981936,2.939354169758304,0.10431546039,0.10275232
1531,3.00254334352085,1.1154968596590635,0.1387555994679999,0.061022736
1533,4.835801095359762,0.8674971202412212,0.22623559321500009,0.26382172
1534,3.66319218243088,6.7882367544244175,0.04968218194500003,0.041696377
1536,4.58526033280115,3.769001724180904,0.11614908208300005,0.14755635
1537,22.18046901922116,153.29870944735774,0.20868442232499987,0.08022433
1538,41.19542836990873,1.0290465113813871,1.889981649229998,0.10285788
1540,6.780064093944144,1.1636847902819962,0.24825809764000004,0.08434544
1542,2.38825439679803,3.6543351459543785,0.0471215040555,0.03157393
1543,60.66634038867573,4.1676846588724015,0.139798027777,0.05668767
1544,4.56442781162475,24.51932045624179,0.2613629567199999,0.7719922
1545,28.75228261946979,0.8970672736922507,0.38948598092499975,0.11126788
1546,8.83143645327803,1.2841415214644358,0.18934484331000004,0.2924589
1548,4.447092058858243,50.15774256676647,0.105169632655,0.05836263
1549,44.546170271937854,2.451915688586398,1.6744252850699985,0.72987914
1550,4.01560662921905,3.032669015052352,0.06804913528499998,0.029329764
1551,9.845799404559328,4.27878948159367,0.13267538901999992,0.13793561
1552,3.3914183441825942,2.8060879048645955,0.135894450925,0.110740684
1554,65.27603221246693,82.74848458480342,1.344644938249999,1.1576146
1555,44.25885943758298,1.3417175639979386,0.7445311554149998,0.59174985
1556,8.902585892174308,2.9047366587230417,0.11796657147799997,0.16713007
1557,4.070869233820393,0.3463354612029656,0.19741976103499986,0.1214157
1558,5.380640838072561,0.9461881667489912,0.1369561521650001,0.04350431
1559,21.613471686446555,3.2840131242518984,0.07923260139250005,0.011965545
1561,3.9005732864808835,3.6585714452149536,0.11484256892000003,0.064233325
1563,11.223540009277743,2.0081578441466457,0.24397856360500003,0.3251339
1565,5.606318021006845,3.83973968687208,0.06769738610000005,0.045967776
1566,2.427659042449769,7.489694438520962,0.05385269545999996,0.031332012
1567,6.586619534219522,2.001161034158052,0.1411267662499999,0.2608388
1568,3.3826430305337722,1.0130144822939957,0.16765454874999983,0.19299638
1572,4.73238768128479,3.1758930713983564,0.22511313108999992,0.17321469
1574,9.55881341984499,1.688083554735471,0.12666657784599997,0.21220538
1575,4.219126514298899,3.135473567403698,0.15752867643299998,0.031039275
1577,2.433335835153154,132.1955102367062,0.045362962432499924,0.054558877
1578,7.381002577403367,3.749526241592192,0.5491269514349999,0.041187797
1580,19.251175489645217,175.49666251979167,0.09445652377100007,0.21066874
1581,9.50939339526586,1.337395019121021,0.33481730122999936,0.12397345
1582,7.9769143686254305,1.1197654775377952,0.047056180432999986,0.033742364
1583,2.6389517659765858,8.459503021896595,0.17140147542800008,0.15425819
1584,5.508147578546483,1.5826066097064628,0.24081098936499984,0.102925695
1585,5.13306477121348,1.6935140338587125,0.17692264533500013,0.08807412
1586,12.74844268831611,5.289875957589552,0.1490493515150002,0.078917295
1587,11.266152624245029,2.800998672368499,0.2617432402250002,0.12919903
1588,7.147177397460048,0.7499713229311098,0.14287011113500003,0.16962822
1589,6.21193731620039,21.441875321331807,0.17272203258099975,0.11762169
1590,10.016681406597408,2.854660054222524,0.13124458295000005,0.08748461
1591,31.232578953960648,11.893578003516929,0.1911626773649998,0.017178897
1592,13.694648332811989,1.7756981015152014,0.5216566924550002,0.756404
1593,5.0496967659256145,2.5301415009431967,0.15371582165999992,0.39175776
1594,6.5435477314002455,3.9402702193967354,0.2615468760249997,0.23507969
1597,3.0157837103147824,11.936174911179316,0.03728807429,0.04929212
1598,4.017376960094179,1.2567009282428865,0.21476065211499973,0.20303458
1599,4.87336318822117,59.730246174414496,0.04798369492549998,0.023761973
1600,91.17561989108953,6.972194802686238,4.3484603395,1.0588735
1601,4.474415944344205,1.352286522568741,0.12832320057999985,0.3210347
1602,10.022731595892507,2.9958500717384475,0.189388883845,0.04928848
1603,15.051329616214673,1.2154419782093755,0.1234807964850001,0.051219974
1604,53.54409971556424,2.556319628579769,0.11164893850600005,0.09075255
1606,3.895601004655388,1.2119498742651449,0.149616010055,0.12535693
1607,13.358050949340159,2.163669162348908,0.07131091861750004,0.050262645
1608,3.0979241699106677,2.377139858375857,0.12554835071999998,0.24276355
1609,4.117157230401788,10.079356044521198,0.1080945359700001,0.13913295
1610,9.120394074079586,0.9581766365010816,0.09346482730000001,0.115114436
1611,32.85779176408199,1.5658827421137285,0.25106509643999975,0.13988961
1614,4.660924325258143,6.248695503175746,0.07204155717499998,0.049864326
1615,5.132030932592081,3.3517430735162907,0.18460582173499993,0.6541657
1616,3.5387771169955933,0.3630980135550511,0.15671389058999985,0.22939862
1617,8.289089430850998,3.897173199086008,0.17372017817000007,0.19464666
1618,14.427662754614222,5.207639167288426,0.35231906410000013,0.25917327
1619,108.69274257621677,1.3834618964010668,1.2146239344499987,1.625316
1620,42.8575348681008,5.803508682197995,0.06633034514999996,0.07784657
1621,3.484985913022761,0.6756354925503112,0.11619451554599998,0.36975923
1622,3.1804187128052464,6.644013976056033,0.164659103491,0.15314707
1623,8.864491066784876,1.2114610427917585,0.07041224496250005,0.10242094
1624,29.13417037431337,1.6942820914359424,0.07348651711250002,0.15460247
1625,5.643108678703502,5.5542755088369455,0.0805963496549999,0.058001954
1626,11.88786404214905,1.3276154992025289,0.3783196253749995,0.4024016
1627,2.432980554140339,3.970545220226025,0.04578383677000002,0.03850307
1629,5.312976731278342,7.930874593259035,0.08183412703500004,0.07677942
1630,4.924105872100912,0.45917957813296,0.15254560379499996,0.09412566
1631,3.956720262595253,2.9798484886271672,0.051730340807499955,0.07910807
1632,2.6358000565062394,87.86232642211333,0.05199718847999994,0.16723229
1634,7.49378023705822,1.79131861081562,0.12095950155,0.07735038
1636,3.690279411794522,1.2937081719937,0.050810683984999994,0.12603934
1637,3.045457902265164,2.0017434011638717,0.13081906903999985,0.014272251
1638,6.498060945286463,0.9687401442940508,0.12837486325499997,0.024248827
1639,14.398078286612051,2.736766983169105,0.10702433206600008,0.06420401
1640,8.884844341228641,1.1353278005740286,0.14410737747299995,0.031656202
1642,6.97980711314606,3.033163786060648,0.24541081128999995,0.356467
1644,51.02835550639355,4.035192381928173,0.29486181754499985,0.30194983
1645,11.879878789256395,2.1176883624318084,0.20579447359499983,0.0721055
1649,4.152340763629381,4.462115581291514,0.06355474659749999,0.023248596
1650,13.14024646950917,1.1702451488089252,0.06863168788000001,0.09820392
1651,10.971918635795062,2.332285363445396,0.10853500023800013,0.25659698
1652,2.763601419944008,2.608378044997465,0.11975225512499996,0.074867785
1654,4.247750062002975,2.783391797011994,0.33426470582999984,0.18613596
1655,3.6519860887546525,3.974493437032007,0.19561021720500002,0.4970097
1656,11.674869479187835,4.367749369337334,0.23742854078500003,0.02177592
1660,7.676531696248917,5.868406350695536,0.17056520264499997,0.1208375
1661,29.71775362145955,2.1843566590198367,0.3899378353350004,0.07494761
1662,3.6588442902079477,37.71045297283067,0.16649493506500004,0.11618166
1663,51.42493461431825,9.23648770918129,0.3697682637499997,0.6962616
1664,5.376219539461187,5.495421781494592,0.268705906535,0.14590482
1665,19.686263984119304,2.4331129074560063,0.12048258667000004,0.08097787
1666,2.956750173410197,1.303044411729967,0.12743918602499998,0.08719737
1667,3.796201301169143,6.900855484818029,0.12924273771800007,0.078952216
1668,31.359905641776255,2.8108109200334064,0.22113610820500004,0.75701046
1669,11.065706357059012,1.8086824377407065,0.08632475017500012,0.037200086
1670,6.625274439764483,1.8375474845015651,0.1467062335230001,0.04350856
1671,24.09484321737714,1.271850941204339,0.16079497513500018,0.10600686
1672,6.447763638800013,1.733015378496103,0.111102983005,0.13168526
1673,5.776249709150311,24.78161477520572,0.18777969844000014,0.26332244
1674,30.067416207210954,3.8589366215351126,0.3205465087599995,0.1422428
1675,6.536397091380444,1.4717683051555597,0.13015430438500006,0.25706857
1676,4.5315981554025715,0.6210070970114872,0.10979188662499999,0.09344989
1677,4.864451287824463,0.881905186143783,0.04205627365749999,0.017609667
1678,5.830202152269066,4.89627248766074,0.08684183211000004,0.0596012
1679,16.38710771356995,2.6046952181593666,0.26916977871999986,0.2394209
1680,3.291356277915575,1.063647209266535,0.18498242970499998,0.18682502
1685,22.935463259304388,1.911185288371039,0.2576770879550001,0.26313886
1686,7.161748892385601,1.9570859385592485,0.22212051920999965,0.094362825
1687,13.338108145852564,0.874589495667516,0.47839337671500054,0.22326967
1688,3.902999480461728,7.40399120764739,0.07643576708500001,0.09384
1690,2.021837485704376,3.739280988186634,0.04932980980499999,0.021723757
1691,8.598818004450166,0.8149846726077302,0.1142073243380001,0.109702505
1692,17.253003045946333,2.725598756211125,0.046273138137499996,0.09744416
1693,10.12347454408139,5.635411497359644,0.16920306326999993,0.0881552
1694,10.986506499488145,0.9106846104403042,0.3603037668399999,0.46521574
1695,31.37457398877099,1.0145913592906672,0.07438954001500002,0.036857683
1696,9.817904440894118,71.79836785077384,0.10924056972000004,0.034058966
1697,101.76449575446084,2.688475955230384,0.8123111809349994,0.9415846
1698,4.369295980192721,0.395897540752166,0.06106231904000002,0.08564894
1699,9.906839394001997,9.970622658465375,0.14139393714999973,0.09411302
1701,8.160540376132003,2.425377311341067,0.06816152256500002,0.042024795
1702,5.009053407553408,6.534156337738571,0.22004786687499986,0.087656215
1704,7.3417070252754515,6.6172627844605465,0.14599508577500006,0.13891819
1705,12.007905733328519,0.565101883350328,0.26758101441500004,0.063299246
1708,7.076491438226705,3.9069984307458,0.07355581873500004,0.15114176
1709,11.633577598838556,2.8690990229010707,0.40153438099999983,1.0019885
1711,11.16998830492712,25.76661323626123,0.4207357190200002,0.83689046
1712,15.840854129906598,3.129534440455342,0.987299009594999,1.5837948
1713,6.660271996087795,3.235871791069567,0.18021569085999978,0.17914346
1714,3.6339402734513095,2.233150224999791,0.11592348940499987,0.03861646
1715,7.510650087788407,1.4936258829569704,0.18252160555499988,0.22730112
1716,4.308842714904142,6.30881356926924,0.19355795709999998,0.20711963
1719,3.3274232023537085,1.257611629312304,0.1437300941329999,0.17450131
1721,9.91869249798631,2.092240638414991,0.29135478289999983,0.12855251
1723,10.815086605587153,1.6982115004839693,0.2521822772299998,0.779469
1724,31.3913150208027,2.921152659985533,0.09914447214100001,0.18395224
1725,4.08934353166531,15.62805144731514,0.11651243747000012,0.07518492
1727,4.213506449356339,2.841391112627662,0.22655906773000012,0.21672261
1728,3.422374705632127,0.6698226259250969,0.27153737629999986,0.28785294
1729,4.668363656292125,4.307155586228738,0.18483150432999992,0.21070267
1730,27.0307547096933,1.3228774132863932,0.3522178706799996,0.08143861
1731,6.496897883369686,14.189988285784032,0.14245624816999988,0.14399737
1732,13.54406473571475,0.9747206501337652,0.15533124076500007,0.06528533
1733,5.884639382025182,1.9950759765455808,0.196344583445,0.12289594
1734,44.656185158833985,4.459640357364868,0.2971663059000001,0.026266875
1737,7.330647512549316,3.182052899858808,0.06276484478500004,0.084217496
1740,3.9833904910190756,2.4216897520932523,0.19531065911999984,0.055527713
1742,8.734321863932212,6.44060806788871,0.32334395887999945,0.4251815
1745,7.438415010978924,5.01298411238521,0.20517756836999979,0.21446198
1746,4.846730509111975,0.7274319695955138,0.0547353916,0.03337659
1747,3.4202419656481187,3.427325734814449,0.14547015126999985,0.2348823
1749,10.526362587942304,0.3370012360791367,0.31338116109999964,0.29883853
1750,5.301084298255858,3.6679715725508726,0.03933827628749997,0.12927495
1751,41.20890676046449,109.48773741282312,0.25234385043499974,0.38922596
1752,7.248834799745376,32.59161027323799,0.09152844096499997,0.090577126
1753,15.797740148459063,4.935765975717731,0.5484001172100004,0.50870097
1755,9.218215975943217,2.2534216080747607,0.06094075290499999,0.14931917
1757,7.567762700042255,2.843469250673382,0.061302778025000004,0.071611874
1758,4.783061571979919,0.5493529744941842,0.23232678388999983,0.30331677
1759,8.269992759535798,6.396103782318995,0.20239402643999996,0.0886107
1760,2.680332935239402,7.996884351774721,0.0714222426500001,0.121336624
1761,28.309197352356914,0.7141375084205169,0.20146694781999994,0.1244552
1762,6.16917263015211,135.39051524557314,0.14838185442499996,0.26073697
1763,4.834352029646943,3.2331123086667874,0.10412887722500003,0.14834222
1764,26.55152959884842,3.501916083218469,0.9004503008799997,1.3794374
1766,5.513373027749023,2.4122562031434733,0.11572591821999995,0.058863483
1767,16.15829705460189,3.6307632058916863,0.22210879374500017,0.13459276
1768,17.184828634654817,5.149779118673562,0.22450600793499986,0.20785925
1769,17.568931741721233,2.558737987801868,0.4495499555550005,0.41219547
1770,7.106882458028373,4.517666304450377,0.28988841882999994,0.615589
1771,2.9282370021789266,2.2551853265457007,0.10258207238000008,0.17293707
1772,19.748560704408927,0.2644530992995361,0.6468909601799997,0.46453902
1774,41.99601837116273,5.044555652901096,0.13969118176800005,0.07549026
1775,10.680407734178665,1.540478067851099,0.19585354544999986,0.5045745
1776,8.214341437713978,2.2884714808365287,0.14887835105000002,0.23470631
1777,17.228069753108436,0.9847507291888858,0.10586367964500006,0.02093453
1778,4.874144143706175,5.221335400128614,0.055933918845000014,0.043871067
1779,3.4250769500217286,0.9759670450491704,0.05966086187500001,0.032701783
1780,23.3336423114159,2.3211702221864137,0.3979236041250002,0.10409591
1781,3.323370242149691,1.9198539063794384,0.15520052111999993,0.20771916
1782,3.25229148243052,4.259022408818912,0.1416543359350001,0.14843144
1785,6.123075841262366,2.437845200173629,0.4646068887049998,0.37522674
1786,19.93814499265634,1.3621874308304047,0.16217738671499993,0.17285137
1787,15.342876857070667,3.2440873516745903,0.15627410853499996,0.046392497
1788,29.68430088387812,2.4104805106054243,0.13567187985999998,0.18928157
1789,4.9230855751992655,1.313562962178747,0.084060950375,0.22462754
1790,3.887789014539706,2.8049634132034704,0.1206839721629999,0.10322701
1791,5.900002640982155,7.12085918679045,0.128287327548,0.05697881
1793,12.940264564921263,4.049134586709627,1.1957265451349997,0.9069212
1794,6.671634891400139,7.22879845865447,0.36557316748500035,0.19502139
1795,6.304806563344823,1.375908508875412,0.078455659595,0.070406385
1796,6.733218257629646,1.9841054734824533,0.07342740925000002,0.040083665
1797,2.5199095239789586,5.003236748496947,0.05625334831749999,0.20802803
1798,4.32968788121871,1.76696927767481,0.05654673625750001,0.032245185
1799,14.488473402879377,16.602498054828963,0.04667159461,0.0534373
1800,15.12385393273396,1.7635806011070023,0.15973148959499991,0.09867873
1802,3.7582752181287513,2.182921021558583,0.14036914418,0.25868928
1803,4.355028339899729,1.1347761951120283,0.16861202039,0.19747666
1804,4.961400244862954,0.5518928233265056,0.3017728273900003,0.3947859
1805,2.1101639617240333,19.212672507720104,0.052392743469999975,0.026504235
1807,20.61766654784453,8.439674443631333,0.48818266546000083,0.29737177
1808,3.5515000060660293,1.1617892210456302,0.052352289384999945,0.053547345
1809,34.514672040080995,7.320282322143778,0.19434032359500006,0.031098774
1810,4.253636582373306,2.26405428579941,0.061391862450000015,0.08425114
1811,10.556318660748538,3.410851429985516,0.25742491940000006,0.26638427
1812,11.263273884620663,0.8859458937027098,0.09267940142300009,0.03910606
1813,5.069392849052227,1.019925550725414,0.074615121,0.11095162
1816,26.917140861919894,3.621928899672142,0.1636669249160001,0.09440105
1817,2.535149278758377,8.307950419622431,0.22247840518999992,0.4007031
1818,5.779874702268674,7.4462165460751395,0.18566448388100004,0.085081644
1819,16.848972597014996,6.431836170380009,0.26050554141499976,0.18679635
1820,29.218352654622578,0.9985899869003046,0.25519305797499975,0.17596589
1821,6.908599869637806,9.551192038893504,0.20455844652499974,0.08049124
1822,6.134550717774779,0.8862940526517591,0.12211565212999996,0.06378062
1824,2.123466380642796,84.62363824328328,0.13721554750299997,0.03932215
1826,27.76262890696794,0.7851289415089115,0.34291375729499984,0.29280597
1827,4.240772611699286,3.130913864357753,0.12570715040499988,0.19177647
1828,6.778788162582044,1.0496489962165043,0.14097939226999995,0.1101687
1829,2.6158847288041986,1.1416660192342096,0.12292388094999998,0.20678417
1830,8.664602701997795,146.1855658456181,0.08509138445250003,0.063837215
1835,5.3729916986327995,0.5359927052753235,0.2147520306249999,0.20881568
1836,2.7427141188446726,0.6507792507015926,0.12998424470299996,0.06549929
1837,5.397219350634019,0.3357573343257537,0.07221385232500009,0.09232111
1838,2.825904409490846,0.9649707558562092,0.13415773757899993,0.22619306
1841,2.1596987861277395,1.0503236595807406,0.09600766327999999,0.08036682
1842,4.1262573319674525,0.501457860401547,0.14122580184500008,0.11410688
1843,25.469338530252784,0.623674266675736,0.04397339491499997,0.015298721
1844,7.3375126421560255,3.776517139435176,0.11956508116999996,0.10791931
1845,4.149318595462746,0.6206371430743026,0.10468035996999996,0.120833725
1846,4.704422896544864,1.493762210761676,0.24744669218999985,0.07680969
1848,11.617948399473548,0.6918950217848757,0.08133719317999999,0.02236913
1849,5.796146243321266,0.5796695684219134,0.17434429966,0.11174821
1851,42.83450978724202,8.065371571614637,0.2228762771049998,0.4312269
1852,9.46500104187068,1.963307702932184,0.2257761570100001,0.20899884
1853,5.8783069650663435,1.3152976766327624,0.1735739958649998,0.12253084
1854,2.7465000464787015,4.649304129122911,0.1660290418199999,0.15536626
1855,6.845129466351632,54.91083816545755,0.105008594205,0.09421659
1856,2.768295414035846,3.176688898028836,0.12614819278299996,0.06887497
1857,25.74266787018747,2.0092571517896776,0.8018756930050006,0.5049768
1859,6.3658957641047405,2.15539087685802,0.34847708049999987,0.27211612
1860,46.349971052725394,38.19604825639257,0.2447240635599999,0.25589952
1861,3.7585645987600653,3.9795951471480846,0.2584031460849999,0.28394085
1864,17.744285009481146,3.1746465977433176,1.1670341266949982,0.46529186
1865,9.3592628328394,4.672378955843888,0.19838457815000002,0.09360546
1866,26.04106125984984,0.4795566050170238,0.3352770541700001,0.45070168
1867,6.71124290138435,0.8531897233338553,0.31890700362499974,0.38396168
1868,11.177035225710823,2.666072887296446,0.045620896857500016,0.067661315
1869,12.029831689437028,0.2949999527745653,0.17693441319999992,0.08909207
1870,10.127958667631498,1.3282151091564134,0.30011795748500003,0.3640212
1871,3.6657484067139823,0.6597694114798485,0.07062621214249998,0.054145787
1872,7.870858441370669,1.454378737800582,0.11769829182400002,0.08395183
1873,2.3107080098590727,1.7210148028143444,0.12347395057000002,0.19959769
1875,4.4015910101580795,3.279489898951192,0.20866661388799998,0.18179587
1876,4.914959544296039,1.3104337038352472,0.19671896465000002,0.15851457
1877,6.935379101781045,59.32312070084531,0.18814249330499994,0.04675339
1878,10.433396048415377,0.9878848848989916,0.17198125413499996,0.14984715
1879,87.7190927457085,1.1956543401987436,2.4457838314799973,0.80752265
1881,6.713354937530987,3.2419780996217,0.23312150765500017,0.24490514
1883,12.522662020506411,98.04948008096122,0.32436203321500046,0.73266923
1884,18.178990971675834,2.0644077511543584,0.0756357583450001,0.02393588
1885,21.97519602317241,1.5208761795381844,0.6250055345300004,0.64595634
1886,14.358873731614288,4.6293971798095646,0.28850608758,0.41948125
1888,14.32331291090749,3.9031021441207816,0.1652198271100001,0.068528526
1889,29.257278425031668,1.0307268411937156,0.15781928699000022,0.10826201
1890,5.488808076849649,20.6910587749722,0.065665827405,0.06289371
1891,3.420893878774066,4.353855354123707,0.13008803604299995,0.21368201
1892,4.817443943530724,7.3447436171752125,0.1370425814350001,0.118838474
1893,11.991973237057959,4.189216877166042,0.31322066681499977,0.46317202
1895,17.047022725355777,4.25655771064092,0.13273313251500005,0.014588489
1897,4.281846013688414,5.228349411958583,0.15353464665,0.175978
1898,17.08796526338485,1.8692193503288912,0.3436653101449996,0.14405271
1899,17.355366053460312,1.851191762466992,0.3394743829699998,0.48780438
1903,2.7258129533337008,1.3943091628655908,0.04864906499050006,0.07709061
1904,9.064032129075297,0.5544591607999569,0.19786683940500002,0.24626684
1905,6.158435375102648,7.175309480229178,0.154592639995,0.1514222
1907,13.759660609799765,2.2495727279010023,0.1326796222550002,0.20606633
1908,2.9796162420551546,3.491287881566465,0.05540761117000001,0.08041336
1909,9.126925908924845,16.69141450660704,0.1780495902299999,0.0801871
1910,4.039437657836061,0.7157035771409923,0.14035694973299997,0.1527097
1911,5.209959005240323,1.2981885114474947,0.1997515507699999,0.10228724
1912,4.999460754398118,2.271570940451029,0.12576704852249998,0.08895034
1913,3.1578160416975902,1.3412879880743938,0.1282775696149999,0.13489746
1915,7.858649506378673,6.4621345991005885,0.13621246604300008,0.13206893
1916,3.9938900162540136,1.1439365838662647,0.045176306162500034,0.08862433
1917,6.1348910032975255,2.9770420028499247,0.14316110333499993,0.13091849
1918,11.537292660035373,2.6269924921254484,0.15872488502999987,0.19845979
1919,28.95816171674466,5.33292911802756,0.19228541228000007,0.14856216
1920,23.46572994944125,0.5271766631482209,0.1395419678199999,0.19571547
1921,16.546270128269967,2.508672956363061,0.14557420339500005,0.22283855
1922,2.2693480302022,0.6686302952300334,0.11838236275499998,0.029025914
1923,20.969995406981397,2.567924693737218,0.14948543499499992,0.12734373
1924,27.445913287442266,1.8618639057324229,0.07335508175300007,0.024098318
1925,3.5063499774371922,3.0977534477884845,0.08034553380500005,0.064833544
1926,5.532420123332804,1.0601597705179886,0.1500430744249998,0.10974514
1927,34.20855135140596,0.2937343462656968,0.31471443744499955,0.6222561
1928,14.314883132118494,5.445107842060381,0.06142031921499998,0.023159105
1929,10.32000521325715,2.7080691181170744,0.09582387257600003,0.036497295
1930,4.925223565394935,1.5525785292824328,0.20190007543499988,0.23269854
1931,3.6263953403896716,5.18453473431911,0.12471084695999984,0.2513341
1932,3.906169365055191,1.217752868490768,0.15798920312499987,0.038897697
1933,4.554431975552049,2.64898651134961,0.19776235181999993,0.08626169
1935,13.552604471085814,1.304221422071961,0.11559217817900005,0.17688414
1936,8.491919861314543,1.3993900685518643,0.17190774142000018,0.17277376
1937,33.022621029825245,7.708478919501919,0.15410657644499987,0.08822826
1938,24.917543677003973,3.4066854484620466,1.2723468192599983,0.34757885
1939,36.3166801098744,42.57233219389722,0.23696912736499987,0.30923203
1940,8.9070931021219,24.423943788193725,0.2710925775699999,0.2770735
1941,39.99012231494922,2.436418495218289,0.38695988951000004,1.3829749
1942,19.00948332287808,2.219896904678029,0.9282458285049994,0.30840534
1945,11.461565259663375,9.784540631889316,0.15732149902,0.15273543
1946,7.087207946661765,2.954277543401133,0.23226613263999973,0.29560405
1947,34.62220166971774,2.6275251485694704,0.5884953920500009,0.08348295
1948,2.3133129080057757,2.748218922209454,0.11437057745800003,0.11854084
1951,13.380597781467209,140.92448285277902,0.07916750772499997,0.055939607
1952,3.0871301268247078,0.9789683291279015,0.17218712668000008,0.346037
1953,22.790213075654293,1.5482871061178474,0.5061197492150005,0.25937453
1956,4.944721780351625,1.5704015851622657,0.08233979668250008,0.12151694
1957,4.3112119014589565,7.9968114849170355,0.24863715340500017,0.44755515
1958,4.469330379143823,0.3430684437149549,0.20376544381599973,0.32795572
1959,18.3071557088815,3.3804776041315256,0.6944437362949998,0.70000154
1960,4.493422158853992,3.6812205332941006,0.1444782338249999,0.054851044
1961,7.338795429974862,78.51898136354967,0.251882766165,0.2421239
1962,2.6760318505315377,1.2780441688838815,0.14549403662500004,0.22069176
1965,29.934875601469063,105.18621201157828,1.352487917724999,0.5091541
1966,89.84588267252549,1.7065260734873318,4.499653011950003,6.212059
1968,17.88244829139211,2.058649524624134,0.1745424562050001,0.13234809
1969,12.583481669854027,2.950210094157953,0.1290079671249999,0.16731228
1970,14.369773487529057,1.9720567314442772,0.18108497513000002,0.18440397
1971,4.102823538025972,2.752938699039854,0.09865007950600008,0.06463811
1972,16.01304003653099,4.749119958802595,0.10936458169000002,0.19626302
1973,5.039817979652441,4.994750691619535,0.11462591816500003,0.10437262
1974,6.822912748258982,0.8164889471782985,0.07451207842499995,0.06913249
1975,9.886034861403076,1.2164151082151198,0.3241307324649998,0.5204564
1976,3.440983409060786,5.253274697481661,0.05551376017999999,0.03399341
1980,3.4079080021459744,2.220318859197905,0.060481528105000015,0.1284611
1984,34.302383106044005,3.64003802298381,0.25155083389499977,0.34658024
1985,45.77372235993912,3.391786489155689,0.46584020175000035,0.6405578
1986,4.404747993869946,1.5418050874867593,0.2083839069599999,0.8199899
1987,3.564520224066551,6.087253711561611,0.2554295254449997,0.0625061
1988,5.333166510382726,3.031264055808262,0.10616637393900001,0.114740446
1989,13.556409306412185,9.972535421273372,0.11252501634499996,0.08571599
1990,12.508135506845797,2.5591760720257493,0.2829583032999999,0.15516509
1991,5.336339909333913,1.1602196018307518,0.10540303983999999,0.15962303
1992,36.91168293919161,1.709926873293158,0.3470317088449999,0.36354765
1994,5.460229645090659,1.120736044538199,0.18526530295000007,0.11470265
1995,5.040721917868351,1.8780507313102484,0.3008722540549998,0.29423192
1996,9.04336044689077,6.81027700741329,0.43378264001000066,1.0943621
1998,2.6535376375582653,2.853193620436592,0.19577151166300014,0.036520954
2000,9.647978316446512,1.2218290915624637,0.4219416443650003,0.68139225
2002,3.2581726040845176,1.9378319102604264,0.055928826700000045,0.07785232
2003,4.205618693248205,1.6992360184298425,0.129313076715,0.030476473
2004,7.714731491996297,3.559409594141848,0.07256878010000001,0.022479277
2005,8.036129862584435,2.5536093676517897,0.21012101556500004,0.1701613
2006,7.6671162434236955,2.0111726983826554,0.16945051694999985,0.09270838
2007,3.7603012739701738,4.229174902690298,0.13496891962799995,0.038911697
2008,45.11054422403901,5.834758960895582,0.060346049129999975,0.031253647
2009,9.484162276452674,0.6525244228072038,0.3391987733199999,0.3127309
2010,10.505855091305282,10.707328316451967,0.13451537507999992,0.095928915
2011,4.373577745144365,4.84952970395118,0.180801846455,0.42272508
2013,12.20956455269132,5.073326510342493,0.15790968313500026,0.1738594
2014,5.5716234527162385,3.0311644637987576,0.20702064819499985,0.29276335
2016,2.8273320618288404,2.964835361319003,0.13211342136999982,0.12957191
2018,5.996272202537149,102.51733982977528,0.15973032815500002,0.24560222
2019,4.700967157567306,0.6324042151648417,0.140455436793,0.055414625
2020,17.04111070804169,1.9415699985582109,0.5552949458950001,0.44217154
2023,43.201938243767465,1.9160008317729775,0.18411841828099998,0.028995736
2025,4.895092496914957,1.88106053201589,0.15521604385600002,0.070839904
2026,5.988639762233566,5.445343763851101,0.19605539778000003,0.22888282
2027,11.491416343134967,1.6913404818551054,0.14673617221500007,0.06159296
2028,8.508565641828005,1.3747198071225435,0.053250620155000004,0.044583805
2029,7.784003187834128,10.121815456527456,0.39329255011500025,0.061844856
2031,13.5422879503749,10.140012847814766,0.09977583067900009,0.094088264
2033,49.53997685157108,2.0864035056320462,0.5194956149800002,0.06410821
2034,3.7750424123319157,0.6588009506098434,0.1858010812199999,0.3812574
2035,5.0995401700599,6.824682101102639,0.24233373679500012,0.32032123
2036,3.6077468527696577,2.969306422417229,0.14706120772499998,0.21504723
2037,5.657280342480723,2.621142912139093,0.10720582752600004,0.12947272
2038,31.32679487964908,0.8704903435384438,0.3116558312449996,0.4191103
2039,3.43294156047429,2.464706107601352,0.13630738125000005,0.58826256
2040,5.43742578018003,9.600110882385035,0.18500774212000015,0.047438838
2041,2.345704494022682,2.524443691179591,0.10627864040899997,0.05047388
2043,3.1108122818881636,3.6652286676154207,0.14793661562999996,0.21522714
2044,9.00605920655516,3.3100742953225724,0.23217974702999974,0.2444113
2045,2.639579964757143,0.570579851644707,0.044558884519999974,0.039316814
2047,3.8329926221651256,1.0034216491843564,0.05625003488500001,0.059447322
2048,3.262448353343574,2.077774872943624,0.053509194919999975,0.09139936
2049,9.350444880644924,0.6589481440237445,0.16527802740000014,0.124163434
2050,4.636373580449096,2.967060802771864,0.16344803562999996,0.08963432
2052,56.948528803472655,35.002785872485084,0.09396595992400007,0.028702617
2053,3.560015187805514,1.733218124228361,0.14630409509499992,0.029233532
2056,5.887312702407896,2.608705074917756,0.21735215052999973,0.20242082
2058,11.81190504659877,2.303388196045618,0.22520603345000012,0.23617558
2060,4.488108205272199,4.840622694609487,0.10734613909000004,0.16917059
2061,7.661066776339125,11.524292052359826,0.11613671021900006,0.07862551
2062,111.316039230378,2.820890859974876,1.0813814410049996,0.14257365
2063,11.766300854660612,2.1022242438672585,0.3944370425700001,0.14595391
2064,6.72327006944903,1.6279821855624403,0.3439229322999999,0.1607087
2065,15.59476765118082,1.7045124542280683,0.2716009015249999,0.43075734
2066,13.78641586166551,1.7132018130634885,0.17016256344999983,0.08258861
2067,23.6609315876482,2.787798593037223,0.256781041275,0.10555312
2069,4.965012725883514,1.022005630085759,0.2528690270899998,0.29114586
2070,27.567243383351343,0.9529072208864056,0.15099445785500007,0.0628874
2072,5.321977438901063,3.0875763945866783,0.09426012413999997,0.03595826
2073,25.43519951768974,0.9494800397448552,0.097447742485,0.035540584
2074,38.104879572850265,1.243141574669154,0.9877527658049995,2.0328734
2075,5.455035219771759,3.37198224608274,0.12425726036500001,0.030466171
2077,12.96067284179305,8.727096224372579,0.11456074722499997,0.14487219
2078,3.436353186247631,0.5836540654971302,0.2051127231399998,0.2023407
2081,3.006435208678985,1.463415430004692,0.14414642591000018,0.19057001
2082,10.553648783915078,2.5873983193106898,0.11664470175999998,0.031878572
2084,4.927937898110489,1.4968757144270997,0.26758437894499976,0.08480016
2085,34.5779399708335,1.949098867747999,0.23975341532499989,0.34181437
2087,2.6249492342929024,2.7643885259051397,0.03987143763500002,0.07622663
2088,4.5924820967681415,1.1534110193671534,0.0502460876475,0.03286663
2089,3.0580967781333963,1.9823931603893736,0.13963420582500008,0.0743942
2090,2.2729815237303264,1.6304109317575264,0.13624905038500001,0.14393742
2091,3.923369015964644,2.2351152443008147,0.1354827576099999,0.08273768
2092,9.996485898052985,1.7040906411436352,0.12241990023500002,0.1215636
2093,3.9934302552949497,4.202103643794283,0.17910834806499995,0.09342328
2094,21.0486600798121,2.82084187737551,0.09867161534999996,0.09440298
2097,3.776269734541089,5.516190225577101,0.127624028785,0.17894004
2098,4.647848902175402,0.5139215025806998,0.2932049764349999,0.71370304
2099,29.098589831396506,5.292222419922302,0.23902823900999984,0.2520757
2100,13.709182937078966,2.8292443690441917,0.2523175016050001,0.048874196
2102,11.118753873902147,1.8350962516804523,0.1328567362049999,0.18903321
2104,3.649935036972932,3.4390999792200634,0.06725965909500004,0.028414618
2105,7.446952604910993,7.464263879297678,0.24854252206500013,0.30068657
2106,17.845408601841402,1.2659924990231068,0.9123686663950005,0.27304244
2107,16.22214148376428,3.993857993941754,0.14677286414999988,0.19846348
2108,30.72246469763931,2.091305060636309,0.7409767144399996,2.0461993
2109,2.8048344288662745,37.322448830027554,0.0961472107530001,0.04770716
2110,7.701961083297586,0.7881879316690337,0.1826226933,0.16961864
2113,22.844203904043717,2.2478031067506445,0.11336868136100002,0.12951289
2114,12.091236357736504,3.416331144437646,0.18143938949299998,0.19182833
2115,28.301273939017793,3.4117448019907903,0.07676268538999995,0.101136535
2116,4.596709395883391,0.2960383293069971,0.1691018572349999,0.05710044
2117,6.349924061069933,1.070168067082887,0.19226508269999978,0.03348102
2118,4.945085088110841,12.776339629513773,0.11331572956500001,0.06985512
2119,2.4715873124288765,1.033176267248224,0.04017686807499997,0.04898048
2120,10.372689866384512,6.835115404822252,0.056694304397999946,0.026163638
2121,12.976516123804839,0.588670151812294,0.28444058866999994,0.27072176
2125,14.279506760935105,6.390592727812644,0.15434854290499983,0.03992505
2126,18.758891205469926,4.519763845506176,0.14373557408800008,0.071871325
2127,4.820446808884601,12.778194446155828,0.2857645887850001,0.34979838
2128,11.28718401062091,1.3635168368032804,0.09549578587500004,0.25659254
2129,12.758717472351854,1.7656527192153475,0.053865138265000015,0.018211382
2130,11.11518736418815,40.68589945960535,0.8413079768300006,0.45373395
2131,53.484899131896164,4.4390842071768,0.219652226145,0.2013064
2133,10.619435421902162,13.36612078230036,0.5676056237450002,0.23920941
2134,5.056152778138352,1.0400460400023577,0.06158574053249999,0.048401337
2135,57.38466323031366,4.157212191971603,0.5427260936500001,0.6017823
2136,11.660779545117071,0.2909906207423891,0.7078196678500001,0.6125922
2137,3.4417146386704798,64.78288016937694,0.11455039743399997,0.045907814
2138,3.3875763574147957,3.6905463924041433,0.11211017013100007,0.08457743
2139,10.198007067778335,18.372470260668315,0.16286252834999992,0.2172609
2140,89.2099020271369,0.9319779847457502,2.1814175342799995,1.666428
2141,3.5702090328463516,0.9821477941542396,0.13749757237999996,0.17491499
2142,21.70048416101597,0.848718945473263,0.20786167365500005,0.30668974
2145,24.48706328394033,3.5261976407527627,0.1498755716860001,0.11199778
2146,26.49199531725113,1.249905725554438,0.5092743128200002,0.3262596
2147,48.98618120318763,1.0039520329494678,0.35722720105999967,0.76763445
2148,3.0225614882166383,0.7243175658287887,0.13943784978999985,0.35392618
2149,5.7668043670024405,14.784726380530168,0.11956512741900002,0.080088764
2150,6.281803506680673,4.815106246325571,0.09902568182500009,0.10610381
2151,3.6819957969836175,166.40575708427875,0.13113995035300005,0.029517675
2152,3.7897014652591223,1.594957732620954,0.19269003554999992,0.14641786
2153,3.8501686742681556,1.1721130257758492,0.19929347673000006,0.19874233
2154,20.58321498465416,2.12060317428449,0.4259988684899998,0.59722215
2155,37.18370166936013,1.063492147161844,0.47614932224999995,0.5136501
2156,16.435528991069894,1.135566805164769,0.15545281457000007,0.11702443
2157,2.394891748233343,1.2345644290708135,0.1605355223130001,0.12557217
2158,4.750227085362427,4.530925580834214,0.09471791854000008,0.058774084
2159,11.520157144934746,3.569350957810362,0.20975857384499993,0.2310814
2161,3.5896899333942223,6.300812465556856,0.18338728062499984,0.14763027
2162,3.741417158925168,6.612594264190534,0.23929098106500019,0.35116062
2163,21.69525569773559,1.5330028039934966,0.1482129442509999,0.06308163
2164,6.649748156753941,1.7965152016093582,0.11561758467000013,0.08733586
2165,6.604697688022438,1.296692332656988,0.11635827471000015,0.03695357
2166,16.552384476488925,3.3646932221122805,0.15263317952500005,0.08380201
2167,10.170204886599889,0.3102002951340564,0.1046225220650001,0.16368222
2168,12.863606455309997,3.212470460587617,0.17371558493999997,0.2044589
2169,5.971330409612856,4.184486467279288,0.14149860335499997,0.02740191
2170,6.3085738508500775,10.930854920335806,0.21879765911999996,0.2756133
2172,5.878978997398937,1.0611246452688925,0.2658232555750001,0.25611722
2175,4.47808479808593,1.843585460712804,0.209816007365,0.20692138
2177,6.611138377971595,3.6335339861640064,0.19500918864500005,0.112384506
2178,14.679461341471878,0.7386801397097018,0.05633640859249997,0.023997797
2179,8.263162674535089,2.8495250502841034,0.09087954684200004,0.059338827
2180,36.097623461463016,1.7414940195118616,0.8583859025000006,0.11491927
2181,2.268240679917758,176.87300540843898,0.07542248834499996,0.15289624
2182,10.711086186601333,6.106469980986556,0.3038873924150001,0.52670616
2184,15.621510007719506,1.4264492920796477,0.4764573489499998,0.5291096
2185,10.14949449188988,5.172445585063941,0.30532977492000046,0.48973513
2186,16.3149032784231,3.333580193484169,0.2889559811799998,1.2461059
2187,6.2352099550899345,2.515388306708378,0.0628375156425,0.06595254
2188,5.595478540492074,6.046432571475175,0.28957622015500006,0.50394106
2189,25.597453221808614,1.5084010211667631,0.13031958045499997,0.10765336
2190,3.664131423746797,7.001014447790272,0.20742530616500016,0.13144493
2191,3.108652086271523,0.9493576695365468,0.183525028385,0.42055142
2192,8.079732012321301,1.474552505307902,0.11279972347000014,0.15304786
2193,11.990968137676322,2.73324690504915,0.16374420271000012,0.03627947
2194,18.945427529119584,2.9350331430826877,1.0641078922549991,0.57090235
2195,4.79564506812443,0.9931200534372114,0.17020738732299998,0.2938389
2196,7.567568849633559,4.119415635334843,0.11976359958000009,0.06619232
2197,3.1993459094634766,4.75943634537706,0.16699362078499988,0.08824366
2198,17.049554776387897,74.52508221029882,0.16550817314999983,0.13622957
2202,6.544594938673832,0.7586339177458802,0.07552691535250004,0.031466886
2203,22.508849487963015,5.290934567004528,0.7692769193799992,0.42861572
2205,3.3181220264991147,2.515893849739858,0.05081555677500002,0.046088226
2206,58.10962040064792,2.598489626736764,0.2851297861799997,0.26309365
2207,17.291288660861277,3.7431284442192863,0.21275734117499995,0.23592603
2208,6.365484018378291,5.681984319635793,0.10672080105000001,0.04371509
2209,8.56490291446446,0.7799149769163796,0.22589808772999986,0.20944569
2210,3.8474054008346443,2.1394325216898307,0.32506833489000003,0.05084243
2211,2.4375425088896425,1.0367096861059168,0.05393403312600001,0.047557622
2213,6.066014477010757,9.410366073022606,0.14198238088600007,0.11680733
2214,11.836040068550421,2.549589910938177,0.1096786508610001,0.21144105
2215,19.519412098298375,7.369440272520538,0.5190383025449999,0.041534666
2216,11.36880096175706,10.443622046423588,0.08686791225000007,0.04659348
2218,3.327295364110421,1.787588436496433,0.23066656087999998,0.19347125
2219,11.473144746615217,2.7032346542872525,0.23360396740000014,0.49843436
2220,3.804006792484592,1.0954109735729047,0.203660540435,0.4316533
2221,3.9895590094052493,2.820088614957633,0.11291838685500005,0.06973784
2222,22.089644796912722,1.0910847528645469,0.22309037424499992,0.039264344
2223,6.649406122549972,1.7241014676218611,0.1350118108049999,0.17640445
2224,9.731129368672713,8.1527069555842,0.17469474589500006,0.1442935
2225,3.351602099884013,2.3002474188317983,0.0560386857475,0.014023106
2226,3.9842668191957564,7.651127310278261,0.14621741569900015,0.059724063
2227,22.38663288447638,4.278841273087288,1.5921434959099983,0.6804585
2229,33.65767063403455,2.346637773141842,0.3789420024399997,0.0466738
2230,6.297651286387775,4.918164836641116,0.2507798732199998,0.37974936
2231,32.0830484307719,1.918888943007913,0.19695447176999994,0.45283478
2232,20.348700053304285,4.201790613549987,0.952653984264999,0.82193655
2233,4.4466229791529885,2.6801435327048178,0.15630182509999987,0.32755014
2234,7.784661162376397,0.8940089984124505,0.19310966739999993,0.22781947
2236,7.435959125741721,1.6339056087168495,0.2236705406400002,0.160368
2237,3.2398388839621104,1.1702539681154325,0.12098717747100012,0.11520588
2239,2.4629944012128204,0.5631588554733277,0.10870117855900005,0.122943416
2240,6.9168887398378125,1.7530340363126828,0.13087316813000002,0.20478426
2241,6.142726983371798,5.206255476751846,0.2114908758029998,0.24145399
2242,6.571535468582012,0.5341647356747005,0.21022304282,0.15804371
2243,35.89877509529166,5.152545049445617,0.31637524325500016,0.10363787
2245,3.457886321598485,1.0531124835384746,0.10412172873999997,0.09534667
2248,38.00449851983771,125.56651308841025,0.08266059109499992,0.12937793
2250,6.310107810651817,3.2564467535510797,0.07017453422749996,0.09715333
2251,17.974788016280467,1.3674200413740292,0.334451013595,0.1573839
2253,3.1986219343506894,2.00585209365711,0.052055963795,0.039225653
2254,9.504264052595653,0.6910521941347234,0.129983362047,0.06557941
2255,8.080883685872207,0.9120932242517978,0.22693509212499977,0.07169942
2256,2.794166957959427,42.057837108616994,0.05324475450000006,0.04622734
2260,3.8926945143380305,2.8410787281722154,0.05731167155500003,0.053861257
2261,6.7345162297026295,48.48300627531286,0.17186998391800012,0.07670363
2262,4.2198937249682436,2.68697872926503,0.1971399923600002,0.12673196
2263,3.4290332887538186,1.489902103036259,0.12624933324800008,0.17176843
2264,13.41305833936264,2.352717769381566,0.23192586508000002,0.16600639
2265,5.701475199514309,7.212733609725531,0.21184380343500003,0.42841232
2266,3.510500836485721,4.045992932344406,0.2790180108350001,0.23940144
2267,11.603889093695193,2.3779559135515496,0.19305638429500005,0.1052698
2268,6.002521082911727,2.889735860191622,0.37168653072999985,0.58822244
2271,5.900827922666634,3.644592793366493,0.12541203105999998,0.2930267
2273,11.86445432784347,2.207527387600644,0.2762116697300001,0.26121235
2274,3.2048392657814997,2.827324431506094,0.10482533002499998,0.04738808
2275,4.529716827753155,0.7577108270393236,0.1158111082999999,0.23075713
2276,20.986769665678665,2.876639345273837,0.042665815530000026,0.0525297
2277,2.983059548114927,1.3046465992808425,0.16992017977999982,0.35632208
2278,4.783499722666397,2.149836571675197,0.11227794648000006,0.08031535
2279,15.404016709642917,0.584598141192439,1.4100027127249999,0.67835534
2280,7.348311429656771,1.1478155773807093,0.11842502706500001,0.15318215
2281,3.6097565526769273,0.4889721937575372,0.21832001669999992,0.35110402
2283,8.17035405451851,13.02979593263353,0.13501796376499992,0.071061835
2284,10.625115281177816,3.529492683445324,0.1574600957779999,0.16624747
2285,11.887476961435127,0.8999657336851532,0.23251358179500026,0.047383893
2286,11.803645993603716,3.545067035716018,0.16930777274499983,0.091321014
2287,12.790878293819167,1.4127939055274708,0.10875534730999994,0.105676405
2289,3.176594432504571,2.25981907678021,0.14516347846500008,0.02953321
2290,5.481472247128148,2.7706637723451952,0.183031703352,0.025304018
2292,6.353262972738122,5.627559128861707,0.09613534865999993,0.18287313
2293,6.342392069087017,3.545354286573616,0.23588829545999995,0.15575415
2294,19.696694243606622,93.21192931625806,0.4201044724149999,0.45074934
2295,33.67267268775097,1.9442345809548405,0.3481689653549996,0.13120778
2296,6.809017261856537,0.7438705239742673,0.10246145278999996,0.17543235
2297,75.04794921577724,3.124261491047742,0.9856015319499986,0.5135902
2301,3.865031895603071,1.383804440538273,0.11329628447000002,0.11495041
2302,86.3038147138216,1.416582233847292,2.379774229579998,1.0457774
2304,5.775782275331383,3.517256306618638,0.08554394950499997,0.01498648
2305,20.48467460828097,4.734677330591036,0.0368240230575,0.022730779
2306,8.618215710878044,101.19334706707916,0.23731372187499958,0.26314998
2307,8.864236945755062,162.19836462703935,1.0065781998499999,0.0948763
2308,3.899923195494884,0.6089597774747826,0.11912212713199993,0.2949417
2309,31.420747213175414,3.3912240388340087,0.7469306035099997,0.74126905
2315,17.84459501813583,12.302038462010044,0.13813345168500019,0.12787642
2316,71.46269756133837,1.6204743855274506,0.08336181717300008,0.029546537
2319,4.205006929641403,7.7510725715498845,0.06430033460500004,0.10659232
2320,12.485226965622294,2.272852582066853,0.11568108243500001,0.15217696
2323,7.656526430850322,1.5472494591866977,0.0813709028875001,0.0282386
2324,6.232981639837595,171.59620839513386,0.14524451972999983,0.19056077
2325,4.742006210390858,0.9650582094148616,0.08074167845500003,0.042744905
2326,24.178206134393644,2.1723147012907384,0.15417515801999992,0.040039778
2327,33.190292653142194,162.49871869494214,1.9078093468099988,0.9564106
2328,9.562480783778186,3.0229859875331835,0.7312689165449998,0.2304006
2329,9.975901979022757,1.0840623030220058,0.050360182617500006,0.05147602
2330,21.7910663231225,1.1053355924861312,0.33824687635999984,0.4157507
2331,4.278669138498861,15.941189830928188,0.3041534819699997,0.18150958
2332,4.175006911168424,1.268663139044533,0.14062467314499993,0.30229485
2334,30.35170371201303,8.208111414358811,0.16046290777000013,0.284513
2335,3.447103886583638,2.3054468048097414,0.15483617692499999,0.1965011
2336,51.48177689574917,2.074282639333884,0.39417724501499996,0.29677677
2337,6.6605832765680235,27.79247010807382,0.3160805532949999,0.31332222
2338,43.39306651685599,2.3060164959365874,0.3663592194249997,0.3906382
2339,3.597604473812419,0.3967292960316531,0.026435333864999994,0.015666083
2341,3.946601147685616,72.38111811689036,0.2794062431159999,0.044141807
2342,5.578354174636852,1.0306769318169546,0.123788242071,0.17197438
2343,15.700921226486285,0.5196828629902518,0.16468071044299987,0.16081797
2344,38.334505061890724,2.330734210753401,0.13992628827000014,0.19108786
2345,2.022090394325846,14.299404880219535,0.12037132144100003,0.17590101
2346,4.904476561752087,1.7318356234593626,0.16049098573500012,0.13860726
2347,9.175544710745637,5.672135888384098,0.3172260991450002,0.44674173
2348,26.13297046823246,174.0535644750387,1.2203514919299987,0.62831175
2349,11.006143592993702,0.977452189394515,0.19376196735999976,0.08805971
2351,9.164364042863841,5.323835999892134,0.13446540750000002,0.37241012
2352,8.565414232097954,0.7863908803364976,0.04366742170999997,0.07631347
2354,14.312267028331673,4.104314614700898,0.07563305230499993,0.05296332
2356,45.206510233682174,1.71059756055832,0.3157990492849995,0.48118943
2358,25.02275727665444,26.205397158859952,1.316899590004999,0.9345241
2359,14.656945996940093,2.036399592228637,0.13824681328000019,0.13266574
2360,5.322213887564804,1.0169943570819011,0.05382954489000002,0.03260576
2362,4.152068466182262,1.3393507209205613,0.09227711079900006,0.09434281
2363,8.588493426096568,0.6860045667263441,0.21373223335999988,0.07259346
2364,11.53101328888626,1.5260676441973111,0.13682678111999994,0.13064629
2365,13.82059630117725,3.15578917750132,0.18148693136,0.17831963
2367,24.573350728199287,2.3371112514042114,0.09943753041200004,0.09792538
2368,7.340379434231003,1.926790737539372,0.30715264344000015,0.47288474
2369,9.913419341598704,2.519392688993865,0.13523242435000019,0.12000448
2370,6.1823173808359675,3.754271941433398,0.17600786531299994,0.2054091
2372,4.8609492642050265,1.391312494726488,0.13047117114499993,0.11439339
2374,8.22666914577505,1.7300133444780013,0.11599986985699999,0.058278706
2375,4.371138508275249,1.941755915969918,0.126620937643,0.07185616
2377,3.7615466426315116,1.121364316972811,0.058472627705000016,0.069647305
2378,6.039373075151875,3.90513915203888,0.2524159668900002,0.33574805
2379,4.171623958429727,1.95507420659813,0.07327111366249998,0.19708179
2381,7.3272210363711,2.3649036597126813,0.34318707036999996,0.5502033
2382,3.3829128034279545,0.6285824449957573,0.21413328465500014,0.2854533
2383,2.7041547156287713,1.2048589347695724,0.04803295628550003,0.010229081
2384,4.464563846739534,160.46708445863862,0.05889879724999997,0.045525335
2385,4.172826527914181,30.256270565681017,0.15029617122500005,0.12594582
2386,2.4425667055907883,5.554508504031692,0.13457657383500007,0.14958258
2387,42.450911318996766,1.6080440824749318,1.0578733484799985,0.5940244
2388,46.19554684991297,3.926474643328981,0.24471345785499993,0.04703175
2389,53.29553683253692,16.419748030167106,0.2707109689199998,0.054483924
2390,2.7016739575706357,0.6917480748011439,0.11524630500900006,0.09058142
2392,41.20228705219515,8.85674881200654,1.109482903405,0.7777572
2393,12.001481705284307,1.86798748428117,0.10560574371499999,0.019737342
2394,3.7876158877471413,0.9180905956443474,0.21460528821500005,0.41727033
2395,45.08009739847798,7.297291939002547,0.4505439686350003,0.8067003
2396,5.517984979185161,3.7706530631270208,0.1870367368199999,0.2034924
2397,5.752405721750956,1.477593562305289,0.08941887738300004,0.052789494
2398,5.620097321006509,6.160688562343653,0.253964954225,0.28291312
2399,9.033313036920623,36.02836243547626,0.09776456498500002,0.102681324
2401,4.063224999327841,4.352527184365536,0.15409281605000005,0.047199402
2403,7.434200258782701,2.0402218698631005,0.10488032327000005,0.08366188
2404,5.718432566151107,3.666412505094653,0.212923306635,0.34829432
2406,19.804391121037536,1.914425611246779,0.12705511110499992,0.3198181
2407,3.7252001619276047,32.54048516012973,0.18076419829000007,0.12936078
2408,12.100197892019173,4.097271509706393,0.08663293299800003,0.05326039
2410,89.52177870182354,3.398797104145671,3.9113329118799998,4.738252
2412,12.323633546187386,1.8917771898107272,0.08130796396500005,0.06605687
2416,3.227618735118442,2.897828028639808,0.04963479360500002,0.12655085
2417,3.5399050472517986,1.2114669643002924,0.18903913744999976,0.23403282
2418,9.37830983813165,1.2112364953791517,0.30821058864499995,0.13900937
2420,2.2801884195187205,4.491367028432922,0.09104848258800007,0.04088202
2421,102.23900854567684,0.9222620169300924,2.0671382787749994,1.4156076
2422,3.40153748701062,2.463951839607257,0.13650478344099987,0.0387956
2423,2.2507611977989166,2.4887528170701136,0.04194818521,0.08396439
2424,16.238110287104597,9.814394189210624,0.08298417137749999,0.10208637
2425,5.599806541279538,7.854301766611377,0.16289693146500014,0.29609936
2426,3.7582613306581267,1.294055671278035,0.1617793824399999,0.058128495
2427,25.4606986007981,2.647514682583739,0.22636776238000006,0.04164808
2428,16.35410999438606,0.0835329995291899,0.20073754917499984,0.44671938
2429,5.402095718190551,36.33598752806715,0.2454115128699998,0.419042
2430,10.952451696270735,1.883694136093509,0.08181144626999998,0.08542254
2431,6.350773960277167,1.478522878432692,0.12840369314,0.15675193
2433,17.09085781752552,3.286653760677649,0.6444077005449997,1.6186094
2434,6.866324309230648,1.8345604652871008,0.16475341067000013,0.22295672
2435,17.256716365724095,6.267443823519807,0.4852714547399999,0.34891686
2436,7.3279702130559405,0.3334238079536565,0.11550684901499995,0.14586578
2438,3.401621119826842,0.7035355453394565,0.18870676985999998,0.073658064
2439,2.8323936112797314,0.6584146567335667,0.13097954648,0.062731884
2440,8.850754378818458,1.861351099849951,0.17091218624499993,0.064848274
2441,4.495773260546736,1.5725999557990602,0.1098830371749999,0.05199637
2442,9.772328428221481,2.604838722395452,0.05949602993499997,0.042384785
2444,7.027271173429914,0.5928109591800753,0.206807042905,0.3889205
2448,22.979425998237758,11.340957948291416,0.17475861296499995,0.14016777
2449,2.8284336553117826,1.8718796401066904,0.15101129002299996,0.17765911
2451,16.254060013966306,1.9507386384423069,0.13038086068999996,0.049415894
2452,36.234293207968186,0.5613890480229607,0.5723905650950009,0.74469924
2454,4.118973419106381,3.704273273614122,0.17019738355299988,0.025807882
2455,4.685260034950614,7.021399086658859,0.21423989896999993,0.2686566
2456,3.6099519137720177,0.2071494545530764,0.097706690155,0.10679654
2457,5.118223364643641,3.7624918706910826,0.08839113969000008,0.082014434
2458,5.816174904745601,7.239212852348775,0.053760266055000026,0.05619303
2459,8.163118193935167,11.230708181491751,0.19448800473999991,0.098424576
2460,3.6380820502243747,3.233774666870789,0.17400246171999986,0.10264405
2461,19.777041937003556,1.5127201935769157,0.07911019583500012,0.19740732
2463,5.766606031811875,0.9975955557414552,0.1760720963,0.04955436
2464,11.38252364561187,1.3569271063833743,0.23647024346500004,0.3438813
2465,3.7034004122560997,22.48934866813471,0.124980616137,0.16931081
2466,5.539848380379682,2.4025321785104974,0.22697402644799985,0.4180291
2468,3.6071735841653783,1.6772599685311766,0.191833761015,0.12526654
2469,20.166701687925784,1.8712107682153687,0.13040607823000008,0.0870584
2471,28.9260269581584,91.90276081363012,0.767294407079999,0.72554713
2472,7.237583032560675,3.022018304766712,0.09125931548900007,0.06080462
2473,1.9514521940981564,1.148902776326962,0.04729524073000002,0.024187926
2475,7.539783637981569,19.71357600162608,0.28579113444999993,0.034362823
2476,11.078453981151085,0.4017458090699992,0.04489918655800002,0.056579933
2477,2.530949651177755,2.604483708307672,0.20304986150799997,0.12531035
2478,8.156648711165216,1.8679672936022829,0.2663918857700002,0.6343606
2479,10.435026211676252,8.575585006441383,0.07921672789999999,0.27864107
2484,5.078663293714081,90.35792632368188,0.10703168313000008,0.14382109
2485,5.079080589851609,2.8149297804680904,0.125468708112,0.07462789
2489,5.882637020212579,3.842794380576216,0.19714320353499987,0.09893097
2492,15.225843891911923,1.953776266479136,0.1644548673750002,0.11037507
2494,8.198705791252586,7.009952478994739,0.3310763492999998,0.19392914
2495,14.391946861596262,0.5347583177921074,0.20287851786499986,0.038995795
2496,8.424865939418385,11.920680740631,0.12690094279999986,0.102641165
2497,8.16353994399069,1.5755564312297408,0.26479457946500007,0.2935149
2499,3.3979794925974938,1.1831425077841116,0.11964367722900007,0.019223671
2500,6.362655128033002,0.716464718477015,0.6043518091750004,0.58371824
2501,3.4074602014974897,1.1854777941076122,0.12123634869100008,0.017362747
2502,3.2706713747961427,4.491042521516994,0.128222444735,0.040880047
2503,10.203245215469012,2.868393613137725,0.17071535413999997,0.29794902
2504,3.810586371578741,1.6159971327707805,0.1669869287000001,0.28327632
2507,13.30704255865345,29.7751817570637,0.24132756517999987,0.10213347
2508,13.476093073742408,1.1628913103397678,0.17226370498999985,0.13484536
2509,4.796402610994775,35.82209299343166,0.23061173932000031,0.62274736
2510,11.051377468139856,2.601145876026396,0.42654510439499993,0.41345608
2511,78.36719219832831,169.11257241111178,3.3936442217000007,0.272352
2513,21.6302592737475,1.454114135104298,0.32023692226999984,0.15091495
2514,11.322131229825986,26.01033073329249,0.1866929529109999,0.124307685
2515,9.588649453581162,1.0685401668367909,0.31134492516999984,0.41995692
2516,3.5035007366365227,0.6888120307561034,0.17495605720500002,0.17978418
2517,4.3150173609967615,10.276968173770136,0.23065536357000002,0.14430338
2518,35.359803998735345,0.3832206029858752,0.3951827194,0.17541146
2519,2.89735886766949,4.024639092221707,0.14765269260800007,0.13049553
2520,4.475275572621199,3.9412751049147134,0.13111275974599987,0.020311678
2521,4.977016418374007,9.097796627817468,0.11627158717499991,0.08954407
2522,54.30890914425299,4.577173109191717,0.10555673065499997,0.124380544
2523,6.760674070731336,1.2688862586786231,0.1895906452099999,0.42032024
2525,60.24823827073098,4.409152151168446,0.19138836306499984,0.6347434
2526,3.286408983089075,1.563827150868093,0.08311595151500004,0.05257671
2527,12.287340578051667,4.883649190239568,0.18899704517799998,0.091065556
2528,3.754959310750138,1.4354630450164867,0.12345787675699997,0.06148466
2529,12.913523401280735,0.2047555693992002,0.11358474197000008,0.05771153
2530,5.440091345120638,17.68524963642362,0.27278676989999984,0.08326371
2531,16.15571091598657,0.9824616360781968,0.17054213122999992,0.11267039
2532,3.942847257939529,5.25638468713615,0.06270027721699996,0.011515517
2533,28.57955989232346,0.7560775306535082,0.1316813509890002,0.104822055
2534,96.61467957953607,1.3907548893580213,0.8658157600449999,0.19101349
2535,4.812249049109477,4.932731052760356,0.15447061363000023,0.118020594
2537,5.949681607167651,2.7063914361165606,0.14037628188999995,0.08774324
2538,5.46088592752519,2.334548726275542,0.1499972533609999,0.066622086
2539,10.2784836168982,3.4248375092995205,0.3621214508650001,0.6642248
2540,3.9704074074117983,5.07669271807804,0.12049373974999993,0.11322115
2543,19.732302274723537,10.054577424294258,0.6218267778999994,0.67762053
2544,4.961894808080442,1.728320664931995,0.24249659656499997,0.3186558
2546,3.1803611496539457,7.84765372337725,0.1633897875049999,0.15920867
2547,4.781690022298255,2.3993302840943045,0.23870814651500002,0.52344054
2549,30.32020665303186,2.0218651078417094,0.5069775840800007,0.22137345
2551,7.600788895812116,2.494758986170188,0.17873771591499998,0.06206007
2553,10.009041621971988,1.502579230355068,0.2880121488399998,0.19980992
2554,11.695516039681511,1.1570188296016388,0.24469225900500022,0.26135433
2555,4.033343413365593,6.098599942555203,0.236679273985,0.2097835
2557,7.085796386481232,4.02409808679483,0.19814083747999997,0.11464052
2558,5.312730677312022,2.986806138041651,0.10458531917499996,0.14111875
2559,12.493798366368516,4.969225751666047,0.08222677162300006,0.08769036
2560,3.8623248541207884,2.831109911033597,0.13661150874500003,0.32134134
2561,8.051776761939331,3.932817596609008,0.17704686649000007,0.2907732
2562,12.306980538863373,1.5148859142874047,0.06479039680000001,0.07712832
2563,15.0075911448853,1.5850089392837168,0.18888065213500005,0.16965023
2564,13.968341491760865,0.5741294914669055,0.3446806022700003,0.45068124
2565,12.057332475783172,1.3281255871412858,0.10792803531999998,0.13990277
2566,6.883793525459267,1.9516381872457804,0.05651856205999998,0.027053729
2568,4.203018859395667,105.7784464416444,0.04727177311500001,0.025017302
2569,2.9757444792671386,3.772096296762218,0.11385793224400002,0.15286498
2570,4.700397216507338,6.266518058940547,0.0660030720925,0.04118456
2573,3.298167981992555,3.239409968145252,0.14962762755999995,0.16502202
2574,4.213377630830934,122.20251061392,0.1439460942599999,0.09245791
2575,5.521291066747247,0.6321903587849383,0.17880408774499998,0.029530726
2576,11.319760023991158,2.2354000879464357,0.31846743275999967,0.4884458
2577,7.231468019705245,1.333181104465054,0.16898585407999994,0.11719294
2578,72.50902952049618,70.51547303441687,2.0545719527899995,2.8256748
2579,4.128864236052613,3.89785018039539,0.12720804135999997,0.0807358
2581,2.9546797495081147,0.314146980970707,0.047584840855000005,0.041349676
2582,28.103693888566095,5.187966424939919,0.4295165164000001,0.10053021
2583,9.084805404419729,0.8966315311332127,0.29916084315500013,0.49313426
2585,3.994300456741903,73.61858489072429,0.05783889707399999,0.13195206
2586,3.711180125847722,0.9880911769202044,0.2733117507749999,0.30529484
2587,13.634475997623316,2.1450108482886283,0.09254795486300002,0.046764966
2589,7.400524385483118,3.885859047437813,0.2837722695849998,0.4796038
2591,13.52528155111504,5.439915766851786,0.2645463448449998,0.31826764
2592,4.15696810015221,2.357300940265288,0.16294438361999986,0.209763
2593,2.967203288588985,4.415203729813094,0.14055988673500003,0.15360604
2594,3.317091412031415,4.040135540893482,0.129487435283,0.13490665
2596,10.073036216566816,1.5192887385407303,0.22085480467999993,0.05299536
2597,4.696354339006695,4.863429136958387,0.20686455474999985,0.6357386
2598,4.188861752150935,6.905399313755943,0.28077194913499975,0.26751685
2599,13.885347194724726,0.5995068922863038,0.1939796732100001,0.106705934
2600,23.613073938665913,3.2656830474754948,0.09054782943249999,0.108506545
2601,5.263407013904741,1.648821812168461,0.09295021688200007,0.27747193
2605,5.830865424645826,2.70386169082882,0.1217114217520001,0.054515738
2606,5.7469215421624655,4.110282958528365,0.1410881404749999,0.07706766
2609,7.78095293041591,25.489015796891408,0.11652069167500007,0.12656713
2610,15.269154069215197,7.457025365019762,0.303394856815,0.45278913
2611,13.744907172276456,4.157084919430059,0.22544981457799967,0.050862618
2612,3.161418141155261,7.879181195885723,0.08423794807750003,0.04210754
2613,11.969128578365437,2.019684950419494,0.4114986729700004,0.17783444
2614,44.017266424105664,3.7304954663279775,0.39462802926499985,0.54661953
2615,2.750477169196072,7.282170822756142,0.13041404196999998,0.20092559
2616,4.8363229163980535,2.771390976063615,0.1639088888799999,0.23370734
2619,21.47503684440553,3.677356662981677,0.10383372274999997,0.21186534
2620,13.186969572684072,4.482199110729887,0.6514106185449999,2.1511629
2621,2.7845753720337685,3.840219734672937,0.136048950125,0.038307447
2623,17.995216987427447,26.05330703269573,0.13357135469900006,0.01891682
2625,3.7754876215575606,2.1840110323159663,0.111287835238,0.29876652
2626,5.558393371902789,3.313419853075024,0.13773973089499988,0.08519362
2629,4.3752529275673115,0.7994097085934725,0.05138404846749997,0.04765761
2630,3.9521603229389717,0.8451810032966299,0.12519345229499995,0.17526734
2631,3.166204084678563,8.28987131265312,0.17968597463,0.11096472
2632,7.804925131808782,175.89222246911714,0.30828626995499997,0.07731264
2633,5.1387513668379174,3.2083339936527144,0.20246738879499981,0.2967631
2634,4.210818426111597,5.324574673774968,0.12102300166499992,0.23305675
2635,26.593844313583094,6.970271785289816,0.6736270219000002,0.24491787
2636,22.25381420420031,0.4837652859052492,0.5296153959200003,0.45881352
2638,12.808527937157828,164.66202672092516,0.06488619187999994,0.08817907
2639,5.335412570093986,1.5421961647154234,0.3702015226550002,0.30207363
2640,4.029574675278842,1.841180095179246,0.13787297799500003,0.09229587
2641,82.75650625809665,2.249034129626822,0.22597967201499977,0.43660614
2642,108.23504074634764,0.4070263107880904,1.2981855476300004,1.1168633
2643,4.643770880628557,4.814143788397868,0.1758628898749999,0.22628443
2644,5.191105622900071,6.3677906382299065,0.16834255618500016,0.14700723
2645,4.567427684209559,5.878619664391662,0.11811662515499989,0.07467733
2646,11.235883598578228,1.9666172291053647,0.16352869255499985,0.07273648
2647,4.385916735804527,2.493151994884346,0.2737539233349998,0.15775359
2648,3.128736045283611,118.98623624242012,0.07493258868,0.027704546
2650,3.692512574391565,6.2324642031950805,0.11258286726500008,0.15266137
2652,25.798405494010098,161.6478581020235,0.43791425572000003,0.19441748
2653,6.147074243332086,7.634115713331682,0.12110460756500001,0.18968084
2654,9.126446071249978,4.348868503243133,0.17540188514499996,0.29112607
2655,6.100103316346036,1.0350410701416684,0.12275908633299995,0.05856151
2657,5.752642577661298,12.283588532707048,0.16505235103999993,0.49024773
2660,5.585483070394619,2.615817931801998,0.2057216707099998,0.28563935
2661,3.9795308847508686,144.79422583521117,0.1730741192800001,0.102290474
2662,4.819361387177632,97.13252168876708,0.29807423888499973,0.22475494
2664,14.331710927942796,2.951283359085459,0.13476708335700002,0.072942905
2666,21.895175801274707,3.365667994043907,0.3933481983450005,0.61553144
2667,3.0256993510175247,2.21889119018076,0.06166880770250003,0.044481393
2668,20.537464821847266,1.1919622966704138,0.23450307545000001,0.116118826
2670,5.032097867854208,113.51435936580349,0.23966138887999996,0.248836
2671,7.166346397539939,1.7210050362153697,0.072840331565,0.034848895
2672,14.96620230055343,0.9660774233068574,0.038353924479999996,0.08033923
2673,19.858574763701025,2.395785901257106,0.3718559188750003,0.272947
2674,71.67059362860488,12.482746347380264,1.2850800957499977,4.2844257
2675,4.6114495272848055,0.983524796674103,0.06230283702249994,0.09249462
2676,6.379127740863592,3.350953879165421,0.29564721213999995,0.39404944
2677,64.13680248969916,1.6515907482971983,0.17275801310900007,0.34534982
2678,20.093231032596883,1.9040995608339304,0.6185690809850004,0.56785953
2679,14.954738707747953,2.174723715434059,0.10304627483700006,0.041779365
2681,3.371011041873625,4.048574436972407,0.19446461883000005,0.08275809
2682,5.781000846726574,0.4892056441430438,0.21744899183500002,0.20339988
2683,9.971117247206152,2.0757174435938195,0.16996175366500002,0.23559454
2684,9.06144614979902,3.130212391833032,0.09782058169000007,0.03896866
2685,4.801938916716555,1.2571321760916985,0.09728436987100006,0.16509834
2687,7.060494800285493,97.05076596850516,0.051265888469999965,0.111752234
2688,3.578066025051776,2.264824603324147,0.12479696794,0.23101936
2689,6.465172801698353,1.3927410792855492,0.12092573382799993,0.03895136
2690,2.981969756764858,2.079230531986654,0.06779944377500002,0.07265323
2692,4.070723564407644,0.9179432889345136,0.08064246744500002,0.09294987
2694,3.76204406386421,1.584179700378963,0.11848346132500008,0.20933749
2695,6.4420578115194065,4.653265322856133,0.11680924771899999,0.0649897
2697,9.44701833980794,1.1572345951924874,0.2507511131549996,0.16086268
2698,5.572080952344461,3.0105451425516816,0.17915992346000004,0.16687869
2699,9.125034103318397,10.1045680754618,0.23171320580999982,0.28254542
2700,25.04807671296303,3.143427244151641,0.38220680380499994,0.04067121
2701,4.715391330030045,48.06495235152129,0.06407027423999993,0.05875844
2702,8.674433343640121,3.236623078421482,0.2701530799,0.40394756
2703,12.4136491398659,0.6325845749002342,0.39318338367999994,0.23190685
2704,22.61011175012334,2.46648598931112,0.2205485564999999,0.08273931
2705,13.526178419869552,1.1138835558278335,0.5083673731949995,1.1129031
2708,4.55362031940319,1.88315992906728,0.1546048523349999,0.14031363
2710,4.3071546073556455,2.255403608617754,0.22436964582499982,0.07383479
2711,5.392298975480475,4.598779190125693,0.1383277573649999,0.020386377
2712,4.061777328606857,5.9237630262276735,0.16541814581500006,0.05288015
2713,3.0774680000855894,5.237116402220715,0.12156636262299995,0.26541108
2715,3.8038288553019117,7.338441036050798,0.14850720875999998,0.029173736
2716,12.47023714556623,1.8091588112493144,0.18433320310500018,0.15852411
2720,25.427002568993508,7.394546037058287,0.042694744999999985,0.016389845
2721,17.203002901157298,3.221347528019648,0.13717903224399988,0.107649125
2722,2.1855385700401495,1.7316201941299605,0.11381689356700012,0.120316446
2725,13.207700517919276,10.492982032798032,0.5255950669750004,0.24003218
2726,2.905344776595,88.26771475934,0.05573579433499997,0.039650105
2727,3.9693331567432795,2.6103602726502726,0.1515289682899998,0.21874818
2728,4.913795356580501,7.542963604662187,0.16240668126499988,0.13804786
2729,4.212444553873704,0.7773427615017546,0.14867425282499988,0.050672468
2730,17.220556578199368,14.003847826215118,0.39944683739000025,0.54638654
2731,18.937559695984817,7.586614414122841,0.0687363824325,0.03001919
2732,22.62311810818296,2.4548161944568863,0.09987495962500001,0.19179009
2734,5.610779883551272,0.7618490688849627,0.2391734580799999,0.13184127
2735,5.629464500054605,7.899254951157318,0.5079261537900006,0.7712606
2739,18.676947433635828,3.753198923278211,0.39563147105000007,0.40190008
2740,17.98343270975532,1.942277987050372,0.1180286341500001,0.15503833
2741,24.92360701678509,4.946046136140493,0.41154224767000025,0.5365646
2743,6.530264357375842,3.084623543730557,0.16660933093299998,0.10066938
2744,8.408390491406847,6.554946461407996,0.10910686230000004,0.06399737
2745,3.4489228004692474,1.330929336282705,0.15505319171499984,0.08109881
2746,6.7310626410278145,7.298280152528997,0.3177362850700001,0.13161115
2748,5.095856409772814,7.699134211987811,0.09578567658000002,0.06703326
2749,8.461576485797005,3.2626952535118745,0.113528471213,0.23237054
2750,13.431678502184429,3.306747046403563,0.15598901708799995,0.052376978
2751,36.93223759549209,3.131543932228121,0.040934715848000014,0.012591823
2752,11.632552131638219,7.077080153629409,0.2027347128700001,0.25960705
2753,17.77820246104739,5.147805632859615,0.22699287114999997,0.08972388
2754,12.960983147931705,0.5546564631661681,0.07568984535249994,0.018121691
2756,5.182093599789633,1.9636070855368284,0.2441783142500001,0.4415995
2757,6.387359528964626,1.678117563050044,0.25250121921999996,0.17502658
2758,5.380996973983104,8.971497722579803,0.13345880255500003,0.15351927
2759,14.144597985223676,2.551569036859896,0.5595429560399997,0.11559119
2761,2.258291729658971,11.358766420292824,0.0739693194350001,0.082542844
2765,4.114260672463627,0.6094188920627986,0.08832524528000009,0.09306213
2766,3.745265713595957,16.746547545279807,0.22414670893499988,0.20086303
2767,16.53543402646373,5.283337951842708,1.1605873817799996,1.1069005
2768,12.172742228339654,3.081529011395883,0.220916728765,0.21422176
2769,2.848718407132056,5.382195764344033,0.051006090348000056,0.017290954
2770,2.972461037972465,1.3682385050585066,0.2002123254449998,0.1939354
2772,6.290652940641455,9.681107794128827,0.1518486163049999,0.27690426
2773,3.826562242711564,4.095923100732961,0.17322028821500002,0.42519966
2776,5.494500556622382,3.634644902389722,0.3761388991500001,0.14862205
2777,4.756562016623106,0.1629091543619048,0.12025872505,0.05054229
2778,4.464710725828151,0.4846156087724562,0.09723484666000007,0.012125971
2779,13.763865323348123,1.2403752730189976,0.6407108998600001,0.5133403
2780,27.696748680249637,0.9214520887476468,0.22590626293999996,0.18023337
2781,3.2028188840612706,5.326785926971766,0.09195174077000001,0.08771705
2782,9.71200824269387,4.243124811196849,0.18852343645999994,0.09593988
2783,4.089044205221969,5.334281703718293,0.1584178550249999,0.17397836
2785,2.5421882169295307,72.50116181099547,0.17483381454300007,0.06365817
2786,2.500606853667553,4.758070877186359,0.07616534854499998,0.07955978
