speed_score,E_T,E_R,rejected
0.03165912297534517,0.0074550295,1.6558425176829676,0
0.031402175349599715,0.042440843,1.4752263072896374,0
0.021564393634093026,0.050461385,0.9266748354804926,0
0.053199894331796636,0.037719883,2.4558227213672383,0
2.0763133435633896,0.29158258,115.34847870705666,0
0.04635527882331342,0.103292696,1.999764003380327,0
0.02025143140497193,0.06946409,0.38941527917887436,0
0.1415224686103794,0.23485295,5.94874309679262,0
0.06010028408605078,0.1802727,1.5232491869857712,0
0.04355643513664677,0.2557964,0.474118547631405,0
0.027803171560779626,0.1009307,0.8376752182619823,0
0.061610514013278404,0.09948075,2.3154922756459637,0
0.22958239039426676,0.10449,12.387246426395377,0
0.02876077103682518,0.09182709,0.8739164478886473,0
0.01781910675648778,0.045138657,0.6198288984655915,0
0.017903254014597705,0.019970346,0.895798059112456,0
0.029061021611360226,0.06603806,0.2594284260001965,0
0.10514190037443988,0.07583952,5.421643701035158,0
1.0298469164939408,0.14439063,56.20619350873525,0
0.06298267482597153,0.13674335,2.62252413737256,0
0.032788837599661114,0.05198689,0.8471602243993626,0
0.07534995273054872,0.09004421,3.7731274281440217,0
0.11111852841240219,0.09545553,5.010379574445829,0
0.02300406421099419,0.045967527,0.9790742864823792,0
0.07288144092886777,0.054719873,3.755110863767248,0
0.01630598428427728,0.024948074,0.6075161013345246,0
0.08197882957490107,0.23367614,3.026055227301152,0
0.022665738195294233,0.024325382,1.068292416250848,0
0.1470443898303256,0.074756585,7.391395150052104,0
0.028970364245078258,0.05892447,0.7353355911932412,0
0.03529046932454216,0.112455234,1.233138409160132,0
0.01520971555267047,0.06450968,0.3137606261200895,0
0.057607991596087364,0.25930938,1.6140268468619334,0
0.012127542709165549,0.019267108,0.5137634451791698,0
0.03227888181171123,0.053659413,1.3292819411513075,0
0.01833049244296834,0.09974528,0.3713146106086443,0
0.18239309998430003,0.5730221,4.349843318164207,0
0.37000086569197466,1.1371491,13.51960453455441,0
0.031054287532962823,0.044418756,1.1009888395153125,0
0.013822027049395879,0.025008338,0.49593360754059557,0
0.026861806805954493,0.03949959,1.1953760292497029,0
0.3005180776311113,0.098931976,15.438022200221317,0
0.01771452831953234,0.011146187,1.0149677087741775,0
0.016817381234670872,0.043487336,0.6118657736013531,0
0.07291642487485855,0.08544685,2.6370556261212914,0
0.0938419602626005,0.34600624,3.139084377084126,0
0.13798031474326689,0.23572667,5.927768932990957,0
0.03530179160821407,0.06687411,0.5390009692265388,0
0.13135359181104167,0.42065784,4.980155447485332,0
0.040679960678227337,0.11060697,1.5049935599004385,0
0.03366331761040344,0.07640655,1.3496841761566085,0
0.05563224222218917,0.21478587,1.7584294930555084,0
0.04375172136970898,0.13717933,1.0450987231780158,0
2.18690795362448,0.49262652,118.04652777769147,0
0.057960325244660826,0.07713751,2.1393826596043035,0
0.04108575992811003,0.037656985,2.0645077757932477,0
0.020701366480644617,0.045278817,0.7976316259333774,0
0.032604257365727904,0.035289813,1.6203575411327158,0
0.03397441628334945,0.026393278,1.6711233989381638,0
0.022304967887131544,0.02692125,1.0926544913974288,0
0.0177969666318628,0.01876594,0.8622088985517912,0
0.020209446827550007,0.03323001,0.8216902893044152,0
0.048298884294177176,0.13960852,1.261089529166405,0
0.032834965221429466,0.06143619,1.3880986218665676,0
0.03228423162357083,0.033572875,1.5428498071248873,0
0.09313864047317835,0.072169304,4.5549118956451995,0
0.024325803282334545,0.06553995,0.8031259999183421,0
0.032602708379500564,0.092966825,1.2114156680743857,0
0.07081282819926316,0.20917794,2.7250895217787336,0
0.024910244539304547,0.04431962,1.0076332039852727,0
0.055655298564340566,0.054196928,2.6526816982759227,0
0.15673570182659086,0.05435874,8.626452341709365,0
0.05515122725049303,0.12660232,2.1788769476031895,0
0.00829024643148692,0.0100831725,0.3435327726290725,0
0.566673672589968,0.07559838,31.757288970329885,0
0.044192133749698326,0.04622571,2.116423109497699,0
0.042408547119858774,0.020263964,2.064714678873508,0
0.05289418355017099,0.08676571,2.4156523803728334,0
0.027109075368291106,0.030812584,1.0538763660998334,0
0.12385351652545556,0.09097766,6.380195162873186,0
0.04624518693278673,0.06673327,2.005166722109077,0
0.044882083974589655,0.04594296,2.2347637094638997,0
0.022400639469235397,0.04747898,0.7893339854674923,0
0.013226532188472768,0.021210805,0.4205748637399038,0
0.10564068590408332,0.12469879,4.51284583121717,0
0.0477018681760112,0.049967233,2.3894585152257934,0
0.03614125885463412,0.09098257,1.2609839859369936,0
0.06603556780376965,0.25569615,1.716492653721304,0
0.01728915004434529,0.07402639,0.4718670608001194,0
0.05784040961823562,0.038111508,2.9065627714371773,0
0.050349806602644556,0.041404948,2.4534572669426695,0
0.05747635727451506,0.03483969,2.919342043230516,0
0.08325104426087047,0.15569365,3.0160160294262877,0
0.022694702791584444,0.02204292,0.7946164478010646,0
0.05875470722573496,0.09307346,1.7826461031561798,0
0.04667330117062834,0.047629055,2.2803308266192426,0
0.03498398467521141,0.06031905,1.4343827087207628,0
0.1194893340571408,0.27317306,4.810286841307111,0
0.08989197330842064,0.12073295,4.343203868482694,0
0.028649020173365392,0.05692809,1.1741698788819905,0
0.03168156001580192,0.063261665,1.1463437341881657,0
0.05038281232635904,0.03327549,2.614361482750249,0
0.055326310815275774,0.09132407,2.5716450839798863,0
0.038855800220004316,0.11465133,1.4489558930319195,0
0.04804774581454771,0.13678777,0.6630823541389885,0
0.03543214164126772,0.083674766,1.2838303385131522,0
0.03094267671971229,0.032336175,1.0498143302740783,0
0.036638622741229504,0.056263927,1.5135028780870579,0
0.0520517617824564,0.07757561,1.9308244496447748,0
0.12435325150342082,0.076911174,6.6308051206688114,0
0.03974984535120851,0.07652974,1.7099200068993643,0
0.03116121901200688,0.10196231,1.0900780286030018,0
0.04339232252415605,0.1651352,1.4055286822934145,0
0.02464913898638398,0.039882556,1.0767927672005781,0
0.06089757810070404,0.19363292,2.101500255436203,0
0.20005438551315124,0.15968646,8.720043859110595,0
0.05419092634914681,0.09892064,1.8212435873857926,0
0.05159475131194104,0.2657438,1.101075072993244,0
0.016952899854009808,0.027601155,0.8053851636772931,0
0.0481754867424013,0.08591558,2.1921200794567053,0
0.08105918601859509,0.09448421,3.9140686785856125,0
0.06956513060505715,0.19540271,1.8535555112205933,0
0.07269118400106694,0.21475677,2.0608685225313557,0
0.03366029907292911,0.037066825,1.3098187562762618,0
0.18984311327807024,0.11290105,8.71366819368043,0
0.02496291445299912,0.054063253,1.0150469415301338,0
0.03106102917320511,0.03188541,1.4000487673648292,0
0.0331313026534135,0.0055963383,1.8982838118111791,0
0.01924288762392968,0.03679371,0.7405522554213132,0
0.023683502411241557,0.035007514,0.8122846267827715,0
0.05450062795184577,0.2138339,1.7169887305562879,0
0.06299709520893998,0.15348548,2.2906573995129937,0
0.18568757255012694,0.17241368,8.831698884812198,0
0.030966390586777442,0.06713913,0.8020670177583423,0
0.04260039825328106,0.083660215,1.1695460620929319,0
0.05949309633435745,0.18849273,1.838758736187092,0
0.04574173722780754,0.06040562,1.913317699643467,0
0.07923164739752939,0.47051677,1.5515996447182714,0
0.03972035382146344,0.030972412,2.048383425735875,0
0.06461840882463782,0.12372568,2.731255199820357,0
0.06111450892912496,0.15138477,2.554464724985773,0
0.08875883482712257,0.059091624,3.773007233899502,0
0.35121359192188656,0.06503874,19.094660874799768,0
0.0353029481894999,0.14682938,1.1047539622405038,0
0.024987930885959,0.035740614,0.8577098355771894,0
0.04630140341430938,0.07994211,2.0183924222695877,0
0.05874119744867259,0.17995955,2.2462274765918315,0
0.2587743576532217,0.27237818,9.813921599369746,0
0.022661836821010476,0.012463129,1.149342652265605,0
0.08728224945208207,0.111310445,3.9054016211324196,0
0.03942833616181691,0.07898342,1.7181891854757003,0
0.06901072523591242,0.19802979,1.4839282859453573,0
0.030368537512317648,0.10109502,0.9703719048608002,0
0.027195190511345585,0.08765521,0.7064470775661449,0
0.027197886719970588,0.042117644,1.1017184508336146,0
0.04832812017170706,0.08566985,1.5488384504870445,0
0.03827600874265653,0.046585694,1.8865476845344153,0
0.035248527879254116,0.038065694,1.3364023165216596,0
0.0230501290942722,0.040582187,1.0593959126294659,0
0.0612176621724533,0.13464627,2.375572996697771,0
0.17157758732026318,0.2291828,5.752736196836287,0
0.19687119164319122,0.30271927,8.879678806027185,0
0.030113172327504795,0.07318571,1.2131026190710548,0
0.02277216720313715,0.08137128,0.8147651738710273,0
0.029685803245649088,0.06706132,0.7399809083653136,0
0.04136119582776579,0.09817286,1.6077035259003958,0
0.12455774263476628,0.5656013,2.6971572740945127,0
0.08792460500442713,0.29666004,2.852582496563573,0
0.06354666054167461,0.04151802,3.2760602520629356,0
0.19044469742111142,0.418658,8.283165962264777,0
0.04836630744952685,0.04545332,2.27646476078738,0
0.055187483562342377,0.045281556,2.5032529255783444,0
0.06674405405475249,0.18455999,2.6929246150400816,0
0.016740668483619013,0.025153529,0.5542850276443975,0
0.015058178990566327,0.012780739,0.7227046946630347,0
0.04896966473932632,0.13112375,1.9445188988447881,0
0.035441574142329575,0.06088961,1.6589897682795087,0
0.02258942280057583,0.12736258,0.39912135928541514,0
0.08505569532490981,0.17778923,3.652500511438452,0
0.08572809015678204,0.32263702,2.024987798988235,0
0.01206231556542315,0.018422574,0.4037339074750128,0
0.026468842232165612,0.0470016,0.6518205838909606,0
0.07653729903456544,0.22313158,1.8156721256150543,0
0.043326548465497064,0.023910422,2.32508021947514,0
0.04066080058186453,0.07336459,1.6054247683478797,0
0.1735457443837428,0.28675422,7.574793134507718,0
0.03623906547898237,0.19180377,0.847984541593264,0
0.06783515503386445,0.12911028,2.6157772417910143,0
0.03398161245116242,0.058566913,0.7451700384996586,0
0.2118572000263685,0.82313067,6.586441510245312,0
0.10697093820912805,0.09590216,4.46989256105781,0
0.27285367998493626,0.32846266,9.892436611097986,0
0.06987574496740871,0.25452486,1.4053650949928918,0
0.05807267482569064,0.12242002,2.3109783795916314,0
0.0671651090097243,0.11793715,2.3585590176303968,0
0.03781288565411168,0.011471822,2.1665187591913764,0
0.05326502649205831,0.042042468,2.7867615883198593,0
0.04323936291251717,0.07317049,2.013151001611822,0
0.025695619885347812,0.05582519,0.24714493974365076,0
0.015032862171639221,0.018453836,0.4420841726874272,0
0.05482030863120381,0.07504342,1.7159099083534808,0
0.0631237619704341,0.028469855,3.2954105310569632,0
0.04767177225073545,0.0983453,0.9337237686993279,0
0.07032320988453858,0.025843734,3.847220584827498,0
0.040718725009076064,0.1139613,1.4852231975952763,0
0.9804108693172825,0.06376925,55.43676205501393,0
0.03432989995463323,0.04063723,1.3331292032475275,0
0.032476570222589735,0.06034912,1.3652480799364388,0
0.011303996911042962,0.014626978,0.483122052366157,0
0.036557997236435824,0.0466929,1.4533352093297003,0
0.018877898420945425,0.02407305,0.8485899106687722,0
0.04406990309921856,0.16400865,1.2568588682696973,0
0.044770302271264946,0.03910496,2.035460406849434,0
0.052562768956748857,0.063297845,2.3804830581177936,0
0.052350876994917216,0.09779267,1.9093205869558856,0
0.05036834602295916,0.09248386,2.3203980609575368,0
0.1572434431847958,0.5388157,2.6902517248490607,0
0.6973352028007552,0.7194555,33.86195737636266,0
0.5251423833018667,1.5173705,20.01893080858853,0
0.06775080081056331,0.086230785,1.969685067117644,0
0.058034674837413966,0.24462847,0.8845379716773325,0
0.017309295422467275,0.017697236,0.727835706917399,0
0.11077931274215673,0.15967302,4.846524400672903,0
0.07241196043379464,0.15220919,2.047406111758844,0
3.0807090217982593,0.2536795,174.93285480479847,0
0.018785150495564545,0.11819409,0.2506235867158734,0
0.05128541689058075,0.09252808,1.4611393110249264,0
0.051952496891288134,0.09915002,1.9807997236897326,0
0.023563382715531062,0.07672265,0.6470407107374224,0
0.0699969017964428,0.09790884,3.4110866518399474,0
0.03463267506883057,0.10077199,0.8688605575394582,0
0.18163053212508862,0.7524026,3.9185671911448168,0
0.014105033702694387,0.024704602,0.48969892976394813,0
0.027129358923679577,0.035474565,1.322831889439918,0
0.015057945231021245,0.051160805,0.50419949941407,0
0.06442812518435369,0.15127283,2.6372739577956525,0
0.08283809809589646,0.30437946,1.9474729774483783,0
0.03681075712336951,0.058499884,1.5601779301633196,0
0.040897579726048655,0.06936776,1.7537752322204723,0
0.047760564012034545,0.054379024,2.124558949022223,0
0.07800462187260483,0.09782713,3.80754327256681,0
2.6331084945838388,0.12869288,148.8860990255043,0
0.018114186783801,0.04265556,0.6166851046908635,0
0.24653029779728733,0.3825254,11.555731299853475,0
0.07019147321990735,0.11246193,3.2043014727714887,0
0.01381956414993985,0.03386885,0.5519624487462775,0
0.0371268329548488,0.03001106,1.8522205888261722,0
0.0713829229863802,0.14591722,1.5938911267017748,0
0.036486439702963655,0.15535563,0.9614624810956485,0
0.03626177836871844,0.060883168,1.5200991031875906,0
0.05363815489431271,0.094465934,2.174914633652804,0
0.01730851920577005,0.020488247,0.7169007097884866,0
0.045256907607072114,0.11485375,1.577785465547875,0
0.03842178006301561,0.027239768,1.9940221792635493,0
0.018053230475354717,0.023193935,0.7940461563071994,0
0.07755768658429613,0.03404635,3.6612926414174423,0
0.021263239562806468,0.0854672,0.48864606767224955,0
0.16750231581051267,0.31592458,3.8442013318091637,0
0.10313460507967892,0.069502495,4.865333442339395,0
0.0893037633291611,0.34906182,2.601472511394589,0
0.07856550159941089,0.32892334,2.4879681750347693,0
0.044488396829531,0.1417244,1.3575080140802063,0
0.27126728927558247,0.36285344,12.996860145555187,0
0.061875131123738776,0.12519614,2.438068048914261,0
0.05024013042804404,0.17735094,1.6360210864112636,0
0.018661590426303092,0.022930047,0.7899187756249505,0
0.7622211212703782,2.782365,21.803098978461787,0
0.04500475505655655,0.020732528,2.3230218168980166,0
0.012741196127628005,0.01687306,0.3839340937051547,0
0.018215217440760413,0.041152295,0.6397588359716848,0
0.05212178357505374,0.03736094,2.666901200718387,0
0.0672531916681879,0.16277133,2.480491663248727,0
0.03390291890768854,0.060322482,1.5607746373883893,0
0.07548547586471799,0.44935316,1.5311130763556138,0
0.07735501295344605,0.08747152,3.86856646294804,0
0.03447972218422933,0.06247059,0.980325087487488,0
0.052593052417285326,0.16586162,1.7274169548506002,0
0.03247008433768826,0.061555352,1.3597862142653723,0
0.08330626853626734,0.10542918,3.448500972402751,0
0.04621866631630982,0.13861643,1.0070319427209433,0
0.05720343551647,0.16841765,0.5615421451491038,0
0.03534896288588797,0.0837112,1.0056497265316042,0
0.023611584145206005,0.040844645,1.0715692184739458,0
0.024232540954173955,0.064795464,0.983286531322888,0
0.02851411544970035,0.11102872,0.4516837359393962,0
0.024916050356507784,0.02102833,1.1088448386822485,0
0.03163760177058303,0.057145543,0.5410235654116734,0
0.013198176741908308,0.020291751,0.567244922367128,0
0.027856387784477236,0.048923634,0.8388263978267151,0
1.6808264208997965,3.2595255,70.4662025041607,0
0.025528451985226783,0.05966161,0.6159232259570977,0
0.06824957683597378,0.13438417,3.087071608180757,0
0.009923159538961628,0.02586076,0.26263752479709307,0
0.033411202817498466,0.116379805,0.8597833512259627,0
0.043230525913467266,0.043824945,2.027478835883764,0
0.12457886666224981,0.27890113,4.1516495664208755,0
0.043640341833041774,0.13270947,1.2802046737675987,0
0.11515542322566377,0.089022845,5.194741257154935,0
0.6949904932683126,0.57623094,33.51760545512511,0
0.5417296023172633,1.4242923,21.865526601331247,0
0.02177167362138745,0.0507052,0.6056797002953014,0
0.029864607734227073,0.086078666,0.7210675733520427,0
0.09569590123102845,0.07602237,4.71355759759106,0
0.02860431639528501,0.0303243,1.2391278425013272,0
0.09183934666508357,0.021827139,4.806276672044223,0
0.021739712777971605,0.051795542,0.7439243462340436,0
0.019999997555052287,0.049126722,0.4465454871889989,0
0.09993002918447158,0.09449664,5.146799712798524,0
0.10873419442145274,0.10184662,5.617468925775389,0
0.1186871166303323,0.49103492,2.6490163573105403,0
0.020373923836935915,0.029495776,0.9202711483262767,0
0.05538862772920092,0.082305975,1.2873714593031254,0
0.06436198153429909,0.043693274,3.167684293128326,0
0.019110365557413862,0.018567214,0.872990784804362,0
0.019960323054624085,0.07692149,0.606632679159693,0
0.39757653145180116,0.64626426,17.790427995559487,0
0.08006205256593431,0.1592914,1.1976622706999387,0
0.02374307030957043,0.036480725,0.890806591572319,0
0.28775066198730664,0.7459958,10.437128862955221,0
0.034333718391249095,0.03135709,1.558484972456606,0
0.01807918731702592,0.036868084,0.5484569634900703,0
0.039182591912986106,0.1329777,0.8848922927844922,0
0.06123137562832436,0.24257968,1.6365895752958088,0
0.01458538091238192,0.02878923,0.43673403516348425,0
0.04510075582009239,0.07214045,1.9216706717051784,0
0.097117269673896,0.25975224,1.0487466404968848,0
0.0859229738180847,0.36757803,1.6078552724270598,0
0.03985027946269028,0.03252673,1.911461323236729,0
0.027996221781830043,0.05974707,0.8162407024122569,0
0.0749411113099826,0.27017948,2.005001686710037,0
0.04194856654947336,0.20795189,1.038175432892886,0
0.04429771440067039,0.0343806,2.283719647844009,0
0.042972756469693424,0.13882005,1.5008466604483115,0
0.1566311365424065,0.1502911,8.05968630628256,0
0.027160205532733354,0.02960827,1.2937753999590889,0
0.02442957286227231,0.03272021,1.1731381440120492,0
0.05567030132133272,0.09572171,2.0887088210389386,0
0.10236033979283066,0.029046772,5.672570287232388,0
0.04706611239191894,0.024472235,2.355339154986316,0
0.05825070456411934,0.13336566,1.8097058859288275,0
0.2861179289732767,0.5722751,11.772616662878617,0
0.05038865425960857,0.02432128,2.645907657416516,0
3.076159177187827,0.72912776,164.67000815476243,0
0.1172474652917594,0.50709146,3.382090216702384,0
0.0747897097531466,0.090805136,2.3472341749599646,0
0.034958805526791564,0.07610502,1.3350911332609396,0
0.021709364204010023,0.05388035,0.2295752681498516,0
0.01544435105968736,0.032785885,0.6189241911682527,0
0.07308907994317043,0.09784549,3.4680635564691067,0
0.03535257050016236,0.06826652,1.2612753003193786,0
0.07021296035443232,0.026906898,3.6524511088750016,0
0.0987143514465814,0.28652182,3.5832126359064262,0
0.03653271123368698,0.074775115,1.196822458408271,0
0.05243308960701512,0.15505631,1.8970027207207654,0
0.06431921676176419,0.08384135,2.9044101519234924,0
0.014346404642467829,0.022924399,0.5905704757020112,0
0.07127449606924255,0.043734312,3.526800376625469,0
0.023099685633489006,0.016568765,1.1202866050543223,0
0.02673327125688877,0.048015073,0.8521147875815136,0
0.03863790490497117,0.05885507,1.497039661034669,0
0.04156074187199195,0.05168488,1.9703115152399522,0
0.05952806792943894,0.15496315,2.045870053555823,0
0.049718008889913394,0.05345224,2.4893605229857036,0
0.04736403641910716,0.08925037,0.7444380514422567,0
0.09355832557257993,0.06318817,4.740863819498329,0
0.04566758817359666,0.031224854,2.261707029431589,0
0.07930202795640495,0.017318351,4.238484249184018,0
0.0715262128460356,0.3247038,1.9795281063752583,0
0.047897823206741526,0.044716645,2.3064904257718077,0
0.043394696471292946,0.0459257,1.716348927252134,0
0.06570694697986375,0.09577141,3.081730025685624,0
0.08983487901248095,0.0936366,3.8915437606887004,0
0.11756167761114476,0.733334,1.954186391968676,0
0.012353166179106229,0.04034626,0.3759124642286245,0
0.015238662012067814,0.052070044,0.18660774474448727,0
0.08775779515585819,0.06729163,4.204058809560373,0
0.11349821285745035,0.15939872,5.535225542493287,0
0.01258636416172004,0.025510436,0.43041480859997755,0
0.035466955620802335,0.07640381,1.1174965146174576,0
0.016040778963915148,0.033905033,0.5625418112397798,0
0.01913064986583776,0.028591374,0.9128055375085975,0
0.017959966045402627,0.03177016,0.7658840900552815,0
0.2658730069673252,1.285647,1.8675115743615396,0
0.019147142571969075,0.020600174,0.8983103237353287,0
0.01405678664730455,0.010286595,0.6643845859601871,0
0.07474623265745581,0.05810038,3.9323716882191855,0
0.01861506187841241,0.035475954,0.6320133318597041,0
0.01989586354231591,0.03573616,0.5412436564035602,0
0.03905772177568001,0.03208582,2.025992718729653,0
0.23206789883855722,0.56942934,5.282443597519915,0
0.3106993450539995,0.38757688,12.13684965590183,0
0.01642726706250629,0.024369096,0.5129185091495464,0
0.027565021492952924,0.09724672,0.8243204541636305,0
0.07226001209439314,0.031101728,3.885861755069802,0
0.1438339712064118,0.09288442,7.405728528859973,0
0.08748567108099883,0.30593106,2.6013445687850703,0
0.07281694535909833,0.10123499,3.400824330963793,0
0.02875322509187764,0.030272746,0.9571557820532226,0
0.023854353922646423,0.027054425,1.1283135263598478,0
0.27304873100326676,0.8406219,6.263352756279393,0
0.07064960456346726,0.19835015,1.5404955539856096,0
0.030391123311114817,0.050511185,1.3191123094412163,0
0.21252201155414413,0.1510839,11.111126896554083,0
0.012491495963438312,0.022962369,0.4926868330892681,0
0.01800956405168192,0.02213798,0.8888048409644038,0
0.1721181699972912,0.121484,9.071101655071523,0
0.021967145456024746,0.015899468,0.9568388171991389,0
0.02166018552231179,0.015179448,1.0660472737752182,0
0.04866136547953741,0.029254029,2.443856109980765,0
0.044642803385776836,0.083530486,2.021122351768199,0
0.14016720074957825,0.091711596,7.396933977364184,0
0.05530143117137936,0.056466516,2.7493929763584424,0
0.19112899621960297,0.18738009,9.751664544033195,0
0.07214419033207733,0.11314109,2.6160899054814664,0
0.05377834070780695,0.061820682,2.0061176805353504,0
0.02451562782630898,0.032831218,1.0211660248503645,0
0.08854120950956211,0.043753598,4.808248232552603,0
0.057112626186623924,0.13890493,1.8748876430073158,0
0.048319400635328316,0.20674655,1.0318589492804968,0
0.07049233975506922,0.09577597,3.3536032172216244,0
0.03811254630095064,0.20087917,0.6768007225175003,0
0.018732427538879375,0.034212366,0.6258065798572469,0
0.038097390211472515,0.05558159,1.543450090326286,0
0.05218256047812996,0.05039265,1.9641775456269428,0
0.019938972596695387,0.022908326,0.9570027270455825,0
0.09584802286400187,0.03912709,4.997875500124498,0
0.09857775664122968,0.060193174,4.720172352170808,0
0.05498820884050694,0.014471997,2.8806070512484383,0
0.10996901240361508,0.20429467,4.890838275085651,0
0.06308303001915813,0.11026453,1.8250301596225327,0
2.077264338268103,3.1351695,98.5217170241826,0
0.029058141273103355,0.16724849,0.651621263768363,0
0.08639501048281839,0.10548704,3.5494247766742864,0
0.07010869249205624,0.016385855,3.7470514559091597,0
0.057350564952786925,0.22712602,1.8969291332895264,0
0.031785181632427544,0.050656002,1.2686120638222649,0
0.04825441758132128,0.06099115,1.5443798548706862,0
0.024802691778158456,0.10973583,0.6228311038051947,0
0.037169638204553164,0.024639485,1.642195302045395,0
0.009178666273591431,0.014389981,0.34679839235215215,0
0.059494908076542896,0.10217748,2.5547112428625014,0
0.07754617754626046,0.059640545,3.994464800933346,0
0.07131454771460247,0.13288431,2.10573283582115,0
0.05391986304020431,0.1528842,0.826198683303887,0
0.06442729996518248,0.040346395,3.4392640674275228,0
0.23607032838484043,0.1814983,11.981284067724575,0
0.026390779062880662,0.04867792,1.1688379862082952,0
0.07100116706928755,0.2140992,2.068574797498851,0
0.031151102832819286,0.020142466,1.5367022486925628,0
0.038294238129544925,0.06471748,1.226551982801264,0
0.034236613444279154,0.07498965,1.0985108910981276,0
0.049911225636643866,0.03568587,2.5900797679211114,0
0.060080084574228775,0.2852372,0.9711549079351657,0
0.008610480955081636,0.029125085,0.25740203021289915,0
0.20468496386536109,0.3360908,6.363994952186494,0
0.04683625510122032,0.19403237,1.3785982307453089,0
0.028832231531403914,0.062473044,0.4550729260614545,0
0.03864144485711126,0.02051252,2.024407357767335,0
0.02805620137233395,0.059391253,1.0611783080655712,0
0.019160187955713545,0.03737532,0.6659300325596178,0
0.1914985915734589,0.44722205,5.4768379326536465,0
0.28904278684785245,0.38297567,12.183778161608876,0
0.008430787453637047,0.041707955,0.20542920366943962,0
0.07258659378035659,0.23510975,2.548615805254547,0
0.12438293468201539,0.2703067,1.12596517758675,0
0.058082840049668925,0.17565602,2.1448786817873997,0
0.03486747477737607,0.052891474,1.2846094908279466,0
0.1788909861609133,0.6921379,2.195921921268034,0
0.02814739560014257,0.08691062,0.8536977613849812,0
0.02794512562897712,0.02784604,1.0862534441536624,0
0.03296053051849406,0.085071445,0.8836924446181212,0
0.04889398748171232,0.1195886,1.7169496509398867,0
0.09718405975739196,0.11951306,4.460523957694189,0
0.10106410452450437,0.07913486,4.939540884071809,0
0.07556049811660792,0.18281049,3.0282294191440964,0
0.08371691439188457,0.014549606,4.484331210165776,0
0.0690668839574939,0.022266354,3.714274210716493,0
0.14358444205689172,0.20055541,4.599827006484666,0
0.024126546483592446,0.114838645,0.5888363728190632,0
0.06107961205331298,0.035666026,3.080628708679272,0
0.06847769989387147,0.030912565,3.567921662500973,0
0.035702559731379396,0.10291995,1.4195450881262843,0
0.03579944675843213,0.06653332,1.3710131071096696,0
0.02209524198948763,0.015852084,1.0939548037150357,0
0.04666926298677946,0.04638881,2.2915417034544414,0
0.021967196116135554,0.029576581,0.9762547449368673,0
0.052210971747505115,0.042341705,2.713047536683022,0
0.044632556223428946,0.0549876,1.792002919318018,0
0.019931944935929986,0.020217158,0.7785456711995982,0
0.17169692538343062,0.42910385,4.9705806202356175,0
0.08281772897637192,0.08622037,3.88858759723671,0
0.014950483365203113,0.026168156,0.5486551036500893,0
0.05357798406001935,0.09330286,2.1929667733970684,0
0.11425357980127067,0.05351411,6.218181578000803,0
0.0431475695669024,0.08117167,1.9646923913676715,0
0.04732457847512121,0.068843246,2.2204174040462985,0
0.19161068793197655,0.007980484,10.978483728100553,0
0.6335416728601824,0.8802422,27.138986531035002,0
0.03632937561664165,0.048993587,1.537803326630419,0
0.03267330471822261,0.07152938,1.4046220957872086,0
2.7924273834977007,0.6465876,154.58756861287785,0
0.05807891556773277,0.2347955,1.0478155179513147,0
0.031600028472742736,0.13169444,0.7413128852671604,0
0.044576985394814535,0.05565954,2.1850719165054078,0
1.6247511801945627,0.064441994,91.70234283259056,0
0.0712319929571987,0.2031177,2.1488055830968147,0
0.0270912507781745,0.073658064,0.4596024167278948,0
0.1060925430763704,0.10722667,4.939510029895656,0
0.04168069285337159,0.12982082,1.5960358722747832,0
0.05885262073448538,0.05062917,2.687790500190841,0
0.028981630708591978,0.13818939,0.7908165920629754,0
0.03357645662277297,0.05113135,1.5816450429627735,0
0.06509792298040826,0.056237914,3.1329769062114963,0
0.9294789886929659,2.2534673,33.757811297253404,0
0.0497288546427201,0.021501912,2.5988272998519646,0
0.12844486966574858,0.10679494,6.4088054857081085,0
0.03189646700060994,0.09235592,1.1291799286601822,0
0.05663661156417192,0.072187975,2.229493092300889,0
0.15498791947321808,0.2959754,3.507616506429688,0
0.04882864308023022,0.109507926,1.9905208710544862,0
0.03986191781056529,0.04593818,1.5104450732075665,0
0.04155068199693869,0.14579308,1.0774788341197767,0
0.05044763959366811,0.049223375,2.585602557609672,0
0.07636741770292822,0.13147548,1.91912021292658,0
0.1705666066925508,0.10032016,8.787847605022053,0
0.035472471973339206,0.07642856,0.537979677003761,0
0.11740911096724652,0.23609096,1.2797397259498917,0
0.008323075683044506,0.01604903,0.30307881030934153,0
0.04380245605346408,0.06641915,1.9874098145558339,0
0.05612697635974159,0.16770603,2.1644356133485294,0
0.05574656355508376,0.085116066,2.626056822486279,0
0.03125934257893287,0.14500122,0.8802884148760048,0
0.08537207113652684,0.21861891,3.173636159025855,0
0.06498527614222073,0.123584725,2.858928926174863,0
0.026207083220895013,0.050002303,1.1470907221378202,0
0.15622406544972356,0.5523444,3.3938544569918196,0
0.1122888343832156,0.5748184,2.307134266608026,0
0.03464724080770877,0.013155293,1.7651542707727097,0
0.184848263277247,0.10693624,8.199024573435759,0
0.12074278663284214,0.22098586,5.215237148806746,0
0.7323765738352251,0.06983487,41.50823295101939,0
0.022183445657311396,0.03543887,0.8158256169583696,0
0.07569812999418697,0.06665872,3.7607377579478656,0
0.055156593803030604,0.06858732,2.221456575909042,0
0.06261842873753198,0.12689067,1.6979405187722143,0
0.06337115933871793,0.15234387,1.8250829068860204,0
0.014673474873201468,0.038128227,0.5648866958460823,0
0.025310116624160377,0.055766743,0.6284190138835031,0
0.052218989355940756,0.1961529,1.4229907729431446,0
0.03179148795900533,0.0954749,1.0486893302593254,0
0.023082803652577956,0.051533967,0.5697691883888824,0
0.037826063532358026,0.11126452,1.0758026297189158,0
0.025403533292583082,0.0566034,0.9913767809694516,0
0.07389745279930215,0.04299299,3.9120135659175514,0
0.08274690759214955,0.54730195,1.1513273950467529,0
0.09293155931294828,0.10398837,4.012213201229562,0
0.0532835143702976,0.09791201,2.4548056279014685,0
0.10570734888446932,0.18566827,4.317604384481496,0
0.060922182812077584,0.043526586,3.0795478386797512,0
0.041314059774194695,0.013156662,2.0797300846290074,0
0.03842314102788991,0.22173479,0.5952899145680902,0
0.0872458191697689,0.320808,3.069527621238267,0
0.04376184361618076,0.14303932,1.4975557830967388,0
0.40158632244878256,0.048902184,22.215337890774553,0
0.024430089064539792,0.087676175,0.7220713983061496,0
0.05968416223098567,0.20516321,2.183942166480992,0
0.04826779583454536,0.14542955,1.8775539100581915,0
0.019767044409464384,0.057094764,0.6416306023512989,0
0.03238611030289779,0.07883804,0.8374556385787058,0
0.03153930604218469,0.07978682,1.2724067192368012,0
0.020309058712393302,0.016976848,0.9160939595289624,0
0.0557171569551052,0.1082142,2.5298072856677636,0
0.03992951223949197,0.10232167,1.3245912484557223,0
0.7509763931610876,0.2789056,40.65590223180336,0
0.24102549976179205,1.1616727,5.673759155846325,0
0.0430084742894312,0.030235296,1.774382328027565,0
0.023989622471736124,0.038428452,0.9222536025774503,0
0.015933425691000407,0.05016353,0.33911710811889584,0
0.039905137550349565,0.09383796,1.4231499644715597,0
0.06730732239183837,0.08443177,2.7966107697989346,0
0.040350065424015626,0.03386557,1.8496606291558162,0
0.04080085157506546,0.03820574,2.0675751169171126,0
0.03128553892191152,0.13024396,0.9991936364932669,0
0.05326358690835937,0.03893331,2.5277802254713655,0
0.06320203570764843,0.03791382,3.182826216998012,0
0.017900613823423277,0.044544976,0.5382803109305041,0
2.7358566827117725,0.40646636,153.93565760852505,0
0.04472576471785681,0.07176639,1.1994872029370611,0
0.054016817683246475,0.18103677,1.4009030866861023,0
0.06722059980541303,0.03687302,3.449098625516968,0
0.013858109116782855,0.02641071,0.31934946257006463,0
0.018567579729528216,0.035782978,0.8330201925537037,0
0.06122656767108084,0.09234136,1.5837024331215366,0
0.03859409103886314,0.0672532,1.7038705540585986,0
0.08768216056447382,0.20320739,3.69717814361015,0
0.043981799225765936,0.13053998,0.7833433674731534,0
0.034861628504991665,0.031668622,1.5222804698514643,0
0.06554257877664074,0.070939615,3.166411617384946,0
0.048878795092489075,0.035819415,2.4653944588826056,0
0.041826568808487355,0.13177326,1.0600304333062793,0
0.01684477837396793,0.024622079,0.8034529775891479,0
0.04460040732850497,0.0602874,1.9373805816014649,0
0.03486166597802641,0.04629874,1.3940864228402612,0
0.17250943397445329,0.50362915,6.696593353521316,0
0.02077498632813866,0.041536305,0.7978461744124976,0
0.0493607723885139,0.07205324,1.9796553471100153,0
0.15055888287942876,0.25911498,4.782338028631872,0
0.29436010108935773,0.57926553,13.010523398882547,0
0.12374950577605152,0.28989652,4.262150102604491,0
0.052619254776522614,0.091522574,1.02354603428416,0
0.7050595781465451,2.1709473,18.28884351624332,0
3.1329319622641645,0.5378396,175.34340868997043,0
0.09445477561268054,0.08848137,4.8730674616962295,0
0.07210314876608591,0.17831509,0.8959657776663248,0
0.07841644657192548,0.1529892,3.5487294972164642,0
0.05576527063318927,0.12385642,2.1552539946018667,0
0.06097516005142683,0.21675688,2.140545618010414,0
0.038706166864721496,0.042742528,1.6252509946963365,0
0.050423937330723374,0.09188461,2.310438936099173,0
0.12752375669811544,0.041337796,6.9718806236743145,0
0.015429828401247856,0.035288617,0.465713838761401,0
0.013867081438043946,0.0119240405,0.6093991129492226,0
0.04903783369468687,0.07643593,2.2414256670482944,0
0.04334384264732921,0.083871946,1.8995036580232214,0
0.049596262946115674,0.15767813,1.248810328209627,0
3.1765404979277108,0.7865913,176.95378355485101,0
0.02342015767315064,0.018632852,1.201014010638329,0
0.046834847823201464,0.17298885,1.6245339699255048,0
0.07671187358982151,0.056231536,3.767549478790353,0
0.007606507841014184,0.021261461,0.23885192090037183,0
0.05308970606311608,0.09376666,2.3960575121142327,0
0.03358481821848595,0.025488412,1.4259787722850636,0
0.02489664919355633,0.07940043,0.800356578586928,0
0.04188037703017117,0.10531564,1.266221258556654,0
0.16470181429737998,0.60656875,2.97285106869574,0
1.2108037794047537,0.61953986,65.45237192207756,0
0.019249189642927995,0.013857421,0.9522111995619831,0
0.057710462618564454,0.18459389,0.5835575633527516,0
0.015581487197388427,0.024670208,0.4658889633386201,0
0.015111888187903839,0.02597188,0.39649799813581293,0
0.03633227450273861,0.016483128,1.862902703645168,0
0.1474502455234892,0.10545196,7.7730628782538895,0
0.039495766189036594,0.054216184,1.8637312020405623,0
0.025905031505758767,0.04040811,1.18506339577456,0
0.06809398641245229,0.058547873,3.32901372017817,0
2.9180641412622057,0.9578781,151.75873997721163,0
0.051955162334603545,0.037163243,2.71073998578769,0
0.10495104737162148,0.23723108,3.624701619945819,0
0.035871550988718075,0.10268704,0.9284317006987183,0
0.9752357383627136,0.6944874,44.75542031770232,0
0.0167177230226345,0.013257147,0.9578549722656464,0
0.03324559579931022,0.04501694,1.4034396123110693,0
0.029565478850605294,0.018766494,1.5492916727492259,0
0.018731020806198657,0.021033961,0.730671863289411,0
0.03606376147676063,0.03110624,1.7696046852678322,0
2.6247506465558272,0.07258312,149.22412439456755,0
0.04293774859099379,0.14119834,1.3120631440361827,0
0.10089716810572368,0.06677911,5.269814808664423,0
0.03889980834345898,0.07149631,1.6079353955097337,0
0.03704905914702694,0.0724164,0.6017768234952624,0
0.08611777505895514,0.12210958,4.043326199893848,0
0.0399001721142019,0.112572566,1.533569011921865,0
0.036954385773456375,0.040002774,1.8287392388348334,0
0.03807111611630119,0.023730235,1.8590922033149688,0
0.03629240315486562,0.11169907,1.2549118920890865,0
0.005450323224067688,0.028578898,0.1558431054749743,0
0.019795135332616825,0.055606328,0.5629989779603973,0
0.14972720610789225,0.31945977,4.711823255230794,0
0.03148578817172375,0.09769674,1.0968040297242272,0
0.007361654545567086,0.004424383,0.421791735694292,0
0.033055567885381054,0.023293272,1.5603557156191414,0
0.01860855342344398,0.037979223,0.7818949282847693,0
0.03691055068421882,0.04139698,1.2843196907457635,0
0.01891321070636534,0.065528765,0.6218566199887865,0
0.09237482903992024,0.1121228,4.4433879648847086,0
1.251325828140263,1.3458848,54.826801724753985,0
0.010135836014540815,0.017696848,0.37206213796693455,0
0.0558377757120197,0.27304268,1.4621317196052601,0
0.022883750626788806,0.051009532,0.9754970428139188,0
0.11699171085738043,0.29189366,4.649278445681104,0
0.08700691437774366,0.26457924,2.3826706679487106,0
0.075982024485756,0.21904714,2.8271416326251275,0
0.04565668588280163,0.2599462,0.5864633703066007,0
0.03920917210122503,0.08255147,1.3739221118330218,0
0.03987536201047386,0.026044711,2.0851073532372473,0
0.06849807526815105,0.107527554,2.4481182521077147,0
0.06926395138456774,0.107617795,2.8461654135192265,0
0.03202996222552883,0.1461845,0.7758033049614101,0
0.14680402094596362,0.3327935,4.8193273288909,0
0.034994699247419825,0.08115487,0.8045251115355765,0
0.05071315071214533,0.058782224,2.448902905708698,0
0.053422273333358,0.0904022,2.350523916599231,0
0.10148123976001264,0.4207161,2.3304107848363818,0
0.13737327553159856,0.05168289,7.496531723287993,0
0.0368437176873922,0.100074604,1.2702899280959432,0
0.02898127165031576,0.16483784,0.49589902694670446,0
0.04551795522162962,0.05508439,2.049001323187504,0
0.05036490053157294,0.06275358,2.299224124045444,0
3.6213241874713753,2.2254477,179.89282431183904,0
0.021881757526321738,0.030388758,0.6527803482582565,0
0.016794579692540924,0.054024387,0.5257841007097768,0
0.13121679730905103,0.37828767,4.443361810438677,0
0.0974183087045952,0.22471759,3.75215227985682,0
0.021397284591190134,0.06538676,0.523570892806321,0
0.07729567934758869,0.1424968,3.2928938418891955,0
0.03134918328277038,0.048867747,1.4997331168254089,0
0.058435373598752206,0.14477558,2.327882502395004,0
0.06117789160882708,0.09493753,2.417391186473498,0
0.04948403043924094,0.10529403,2.188117807159969,0
0.022637692731900375,0.04006401,0.7366738674377503,0
0.04328304821393086,0.06981239,1.4444980919657784,0
0.10002485117410528,0.04760015,4.830743505783296,0
0.021539067029443894,0.021338008,0.905988714602755,0
0.03980224853629209,0.06095867,1.657333286130255,0
0.029998434693313005,0.07838329,0.9761281067643306,0
0.07901369140147128,0.10285237,3.442501953094887,0
0.019522124163446286,0.01959417,0.9362657472785211,0
0.035325401976990856,0.047771085,1.086445830707816,0
0.07527468980936432,0.347928,1.8378804679606453,0
0.6193613530927349,0.5805666,31.246848718715878,0
0.06073905320908864,0.10721805,1.2638580855986146,0
0.07572478851327107,0.22613414,2.7354434069811497,0
0.021599220834176768,0.05837075,0.6116964155203307,0
0.10867119776989488,0.28158396,3.9318879410832985,0
0.04207979665964616,0.1080393,1.429122934943651,0
0.0437231859366843,0.09213375,1.1313225143054075,0
0.025793072127004973,0.04883928,1.0925993114103014,0
0.2520101553340849,0.6026126,7.954313435260753,0
0.02711902106484607,0.039274562,1.2093068247841852,0
0.0421340920760144,0.05933344,1.8400150163401416,0
0.04441452949978626,0.0344945,1.8823303348417777,0
0.01791022908292938,0.043668523,0.5936891430181273,0
0.041472257505003704,0.07041404,1.917908550190877,0
0.06418750592852909,0.089101,2.501199249458887,0
0.04105626816374892,0.121927604,1.2724089746585014,0
0.5415013501164342,0.13534309,28.136565326646455,0
0.025442593375339082,0.018019952,1.1707339704355297,0
0.0544661443552993,0.20943058,1.8601026191255041,0
0.02615007244071253,0.025019003,0.9644876765888668,0
0.028379737670744278,0.037938066,1.304193741620204,0
0.018925133471848085,0.0422147,0.5242321377159909,0
0.06042659015344326,0.020738062,3.2251784339582685,0
0.12988752250723862,0.28442648,5.648437381400583,0
0.01781728094527662,0.024543533,0.5285539082914693,0
0.03371691534709292,0.045789093,1.1282411259916434,0
0.0657971980127704,0.22494549,0.9343073079656741,0
0.14890030554814215,0.060272917,7.277254275510854,0
0.01844754657495168,0.028417537,0.5815079682853165,0
0.050838366305449925,0.2498128,1.126817404091308,0
0.06419645015152245,0.079623155,2.8631975565196517,0
1.034956468089966,0.054925952,58.96172173852201,0
0.034672989773672974,0.06143284,0.971995538072856,0
0.1045583401078235,0.50192815,2.2725865815530764,0
0.09206940871551147,0.3927503,2.137893118127481,0
1.198743225285126,3.4103773,45.04734306630647,0
0.034808593852897834,0.054654516,1.5024993069155492,0
0.04644048348326067,0.055564586,2.294756261476166,0
0.0943934835587947,0.51692915,1.6134242553847393,0
0.13021351437654824,0.2406981,2.1586949708328786,0
0.030039355910785732,0.06136449,0.9464074896249308,0
0.05750710501407557,0.18326986,1.8337741952551005,0
0.05832122135671623,0.07150243,1.9287533526609264,0
0.00995101844576019,0.024207316,0.34842692983673385,0
0.012764717954195988,0.040022902,0.39213847792741174,0
0.03942301208460679,0.093578935,1.2781724077296461,0
0.030029652888141124,0.1269094,0.5791845811743763,0
0.03621835137631774,0.07385634,1.3087501382894409,0
0.04743963287817887,0.14135626,1.6832502785249566,0
0.022814725118696536,0.03219553,0.9352296318816715,0
0.03887831228230177,0.06462688,1.821793409164701,0
0.05681805508740117,0.10511738,2.091172450117165,0
0.05486619643131427,0.05399856,2.7194959980594726,0
0.07390557022686621,0.06795758,3.7013155713820085,0
0.5252416491692382,0.39744055,25.75646441021549,0
0.016264677047729492,0.08652071,0.11285206855268484,0
0.050065143475572484,0.020328471,2.6860239165667963,0
0.032802207684376375,0.081604,1.326694253391141,0
0.054299165672266475,0.24265705,1.3964473938236979,0
0.02761915311042632,0.048534468,1.0930442889451664,0
0.043010304234600345,0.15609536,1.1830626433958271,0
0.07653761449175496,0.32652795,1.7991585808682615,0
0.07873311124128907,0.13427928,3.241668850165673,0
0.09687737640037629,0.15929078,4.3578660678785,0
0.09411374903969597,0.24612093,1.57743712775419,0
0.022095153304476242,0.020365825,0.9146406481598803,0
0.11429951956859134,0.06088691,5.6647110697388925,0
0.04334410387988852,0.045705587,2.026471991979603,0
0.10118233802364626,0.19406071,4.326996886284641,0
0.31366484160677693,0.24395245,15.263376948845373,0
0.03144509404831762,0.035011273,1.1186119709153362,0
0.03140960440278408,0.11702841,0.6333135985666211,0
0.040722158708849765,0.0375565,2.0991924989858326,0
0.03236862321036989,0.040795814,1.1425890238006617,0
3.083426037781521,0.45449853,173.35608672902833,0
0.18466723423220488,0.8401654,4.4383532346127055,0
0.1348232955161821,0.21667118,5.104485486873547,0
0.3377285451232229,0.3832589,16.59278687454861,0
0.05339346133945956,0.0647127,1.903392218386248,0
0.026788094435094056,0.02098403,1.2906093805640062,0
0.16650900140789265,0.27668604,3.6003096189594403,0
0.12258190206896866,0.46435785,3.223853723435961,0
0.07361087276948863,0.11885297,3.4479417007708397,0
0.08417547385593407,0.17306042,1.993881566903264,0
0.021172952680362254,0.047515087,0.8851888254889568,0
0.43698796285495284,0.09352489,22.98593231629676,0
0.053096744876968256,0.13237387,2.085367514335492,0
0.017597964601218007,0.052013356,0.5717684548028734,0
0.05013546810884968,0.07222017,2.4168171864338577,0
0.04162344657677994,0.049741812,1.8963183771700238,0
0.05563228557179218,0.1096181,2.52866867424744,0
0.0315327715413015,0.0702743,1.1519188543269467,0
0.04081586297749529,0.031781495,2.1162560693634576,0
0.02387316985979311,0.014501955,1.1194511669434821,0
0.048295541373995145,0.09195573,0.9173037269256473,0
0.04104477441566126,0.11432806,1.3190329495402342,0
0.06229857314652467,0.009197019,3.5694453109829087,0
0.0882654701215016,0.08111877,4.332432953717551,0
0.15010070449792018,0.028585706,8.325013408128033,0
0.06425714598717654,0.10107797,2.9599200071511653,0
0.02055591394524779,0.045544308,0.26245698423969355,0
0.012858195774875172,0.015180174,0.49567747807569684,0
0.04632737729790676,0.055548657,1.7159684142106553,0
0.05996680882974969,0.085324876,2.581361551134897,0
0.023269159534370844,0.024034832,1.0983548924663942,0
0.0252837780391929,0.018194804,1.2205889796082496,0
0.09375584173164159,0.08176009,4.607553754000704,0
0.030807850149046946,0.03854415,1.1084897678769514,0
0.043033484437259455,0.038491193,2.2020688404668123,0
0.115529584948538,0.051717173,5.743346164920662,0
0.1357788071019974,0.49411938,4.419102297383457,0
0.038754082355820216,0.064674504,1.0057915164874043,0
0.0289757947540137,0.017207699,1.4048297979323685,0
0.03240467406349372,0.19033198,0.5447845238571124,0
0.059327510344117956,0.22109318,1.7485933767670958,0
0.6760925566346778,1.0542964,26.99346036249714,0
0.023852966631232143,0.03821439,1.085592022170128,0
0.1703013847942386,0.6715939,5.6040903615437285,0
0.04310299712801638,0.05089014,1.892935422231446,0
0.026956163012988695,0.042498484,1.0448088955708605,0
0.015495140090905881,0.060388573,0.40304439280605336,0
0.037362949425291885,0.08371885,1.3358039731431999,0
0.07840457738115683,0.07741249,3.9732188467546945,0
0.0387147458044326,0.08852634,0.7268085284644078,0
0.17752465583145224,0.10598751,9.483901584479185,0
0.04073967821126968,0.08880756,0.9468800311565319,0
0.03019313572941334,0.06367682,0.7872608708647931,0
0.025709936433131457,0.021187723,1.3000895449493852,0
0.061284729964832835,0.026241032,3.0632526903793207,0
0.06820904781301221,0.08356053,2.8598351788301586,0
0.057458619929621695,0.07613301,2.711847868958403,0
0.046996503076173646,0.21228622,1.3419547435835677,0
0.02221388366657805,0.033696137,0.6743712553822268,0
0.07483615328551262,0.17148691,3.1179985238942813,0
0.02460480237594058,0.06547984,0.9559857400335015,0
0.06886384279293316,0.036707025,3.634185184602436,0
0.02541972071188024,0.041821092,0.91892272704618,0
0.060124126851655545,0.17990766,2.2152857132458257,0
0.11319463326168333,0.48669812,3.4947947809923,0
0.032909994841459234,0.041966602,1.086329041761656,0
0.13165617816669306,0.2806686,4.311364007981479,0
0.3422862889994766,0.68111104,15.026170302185072,0
0.16153162395384105,0.112829745,7.371025348424042,0
0.030316750562609,0.054423593,1.1269797748089685,0
0.029317611414960906,0.035924375,1.344454786060307,0
0.026740603238970952,0.050288297,0.4118743926537788,0
0.02286692395277812,0.040994175,1.008889570667395,0
0.0300067878359601,0.061228946,1.2770241462119338,0
0.14790156860118153,0.5690504,3.6635886086559077,0
0.035521894823158005,0.049320858,1.1040515283924701,0
0.04041923996689077,0.024265746,2.0279622958797834,0
0.031214452375587096,0.015389644,1.574286794863572,0
0.037748672357584404,0.08284458,0.8422941425543552,0
2.4060796387923915,0.08761527,136.31241084110061,0
0.04446565406190681,0.053764742,2.123457788071159,0
0.02628692681064079,0.046857055,0.6335507245091052,0
0.11020185672702064,0.15433918,5.281273055681421,0
0.09029275066394254,0.3676294,2.6340764762142075,0
0.29353123383106583,0.26100892,14.965340537878927,0
0.0987602693949973,0.18013489,3.1273009250598656,0
0.0391568825582171,0.06001926,1.595770793180089,0
0.07224963396481318,0.068572626,3.549325718461581,0
0.026881778956881975,0.07465273,0.6406349448769917,0
0.05036109363950515,0.12983759,1.1525750280703888,0
0.022936216424359702,0.016275775,1.1107775822464039,0
0.09163994638121331,0.44311416,2.002824437343271,0
1.5723276577390148,4.537341,60.68244253634271,0
0.030184596976791874,0.11314965,1.0228144897173077,0
0.01397472003236585,0.009282234,0.8006924777314884,0
0.0925844685222509,0.20963842,3.26169900058607,0
0.028613081187857353,0.040012427,1.3631171802752162,0
0.14572015720110226,0.19169152,6.3887648968414466,0
0.03999570332347261,0.0511406,1.9474231059966374,0
0.030964544657820992,0.051018026,0.6711861831025614,0
0.16641265434800717,0.076004155,9.076259206679659,0
0.11006146843162877,0.12220954,5.296516715394177,0
0.10412567833402687,0.026628386,5.628229863752034,0
1.3951157192592305,0.2788898,78.21161803098126,0
0.03296053054008684,0.113922015,1.1621515743538997,0
0.04629319542137067,0.06281721,2.046660586735578,0
0.12680555003203592,0.31275818,5.235680152092338,0
0.07013297167996348,0.047509436,3.603097859596097,0
0.03744445346322242,0.079552256,1.3068373166625495,0
0.05854789463839944,0.09052449,1.9149294010513982,0
0.26803310974476735,0.21574363,12.438315352188301,0
0.07109072047164858,0.04479351,3.3151244608524624,0
0.19470210974527305,0.40810293,3.6434255920585974,0
0.05489474741514852,0.09045989,2.1932759934944657,0
0.04166330671606515,0.10560833,1.2689147289813767,0
0.07972079901763698,0.15716599,3.479274145271218,0
0.030976366306858124,0.061551623,1.0150775846455058,0
0.05679739629740051,0.27249095,0.8825261759374466,0
0.9643148068716271,0.49899852,46.349803067073644,0
0.05186085442413117,0.032220513,2.6089609705284587,0
0.20280500326934375,0.83389515,4.806965375152225,0
0.03780055274957267,0.084382765,1.0839711093761348,0
0.098349172862361,0.47705916,2.5257450584627765,0
0.053745893336395026,0.18390337,1.6130064576969003,0
0.03483199998082306,0.2091541,0.5448964406643099,0
0.049348966388724665,0.12222553,2.0127958200601275,0
0.05988065308704229,0.117217086,1.895457731685057,0
0.018008274974323807,0.02463151,0.6151884693982131,0
0.05671260917208289,0.21162634,1.1510277700092433,0
0.04243603327402433,0.10623468,0.7741389643935954,0
0.018349307018380584,0.052504156,0.6789800280189731,0
0.01587897783760972,0.02628325,0.5039902741011837,0
0.05771438725568447,0.08854274,2.4715095243345915,0
0.0557706276092369,0.12161314,1.6514888038268822,0
0.11008626555904538,0.3984944,3.8657098897156406,0
0.16919269534920942,0.247008,7.603019595066368,0
0.07687858078490051,0.05951217,3.8658416899439993,0
0.055143898037208504,0.10725446,2.4643215622776133,0
0.03029187477055024,0.024259832,1.1961855898407643,0
0.05554635936430884,0.11130049,0.712711521991795,0
0.023144591471985592,0.041317385,0.9086232329398842,0
0.049127153669683815,0.058047052,1.8478555778346688,0
0.07114996571095625,0.0787268,3.378234506521662,0
0.026727442279278715,0.090422526,0.3817698284067635,0
0.08453023444847077,0.25591323,3.148026510891286,0
0.030378657309904848,0.077470966,1.0175911396909765,0
0.06511268973532408,0.19379413,2.3770282538717846,0
0.040908873669450056,0.036077663,1.6544945255200298,0
0.03312162027323575,0.12104589,0.8008043001253017,0
0.014147931930698408,0.0104469275,0.810616788467393,0
0.023234405584800843,0.031112602,1.053524104390921,0
0.08214461519770822,0.18681416,2.760149503956222,0
0.056042109552072235,0.086800836,2.500623178366428,0
0.37919449401424354,1.9954381,7.324858558534726,0
0.14078015895353224,0.314588,6.079221431813542,0
0.07400804672488276,0.13677056,1.3170439842765984,0
0.45121733159690314,0.16709131,24.10448274657045,0
0.06724573343965647,0.0143655,3.639656409537481,0
0.09973132855339759,0.10931995,4.951155764712348,0
0.036832444038655376,0.10594393,1.3814452810542859,0
0.025594621681003592,0.015862415,1.2228192935148268,0
0.3150508535470256,0.2376081,14.423495213077304,0
0.29923816449264007,1.4951191,6.283554005749053,0
0.051941908843768876,0.02175461,2.659335377653212,0
0.04864316197062138,0.059662063,2.2303322372490926,0
0.06526838292000223,0.11412985,2.4367059796875674,0
0.04834421730772257,0.07825851,1.9692823864876832,0
0.029891987868593654,0.055498235,1.172689243293525,0
0.048625295797461214,0.057829596,2.2095468159497083,0
0.023379235340408176,0.06793438,0.9149736779079606,0
0.0702439610361842,0.01688677,3.8814096141591516,0
0.06942617925823878,0.025247782,3.81103269242573,0
0.037371261156024974,0.04739324,1.7849307274596102,0
0.05649566471737513,0.051591136,2.670532839819095,0
0.03265426379333426,0.035763506,1.6474418421486512,0
0.06358408984823213,0.048369985,3.2999752742862576,0
0.03573712645028414,0.010433613,1.8863651048516281,0
0.019373834778347622,0.04098119,0.582804604197054,0
0.1853742178866368,0.34607354,8.429481744049728,0
0.10681453180432655,0.096893094,4.673296016178141,0
0.059314960590103626,0.08526474,2.78125137448237,0
0.14800671896471157,0.13648795,6.530655940283492,0
0.025329559933601833,0.034268808,0.9968022836053416,0
0.05341948758339962,0.17178828,1.9107004923376207,0
0.8022088952792572,3.7119334,19.834884421285803,0
0.06412031468762752,0.110742845,2.586450039709737,0
0.05624222093538882,0.20218521,1.991119078688885,0
0.012535404545213211,0.014094759,0.40139800540782306,0
0.034143538771059814,0.026283242,1.3765037967861908,0
0.028242110630174747,0.032530364,1.003381062979858,0
0.1796782469731992,0.5585135,6.541522357850479,0
0.17345859217485846,0.19486235,7.9559749478979285,0
2.1627846052071042,3.3066113,98.80778922091135,0
0.011455549629187625,0.019427883,0.4171153706052149,0
0.058735755504095565,0.12777223,2.2445158075204885,0
0.8040346819120284,0.3405132,39.62599314755913,0
0.034542031230431224,0.09756095,0.7398659207507149,0
0.06399265607106816,0.07990882,3.1136516166122075,0
0.0334788149370354,0.04114111,1.511471574749821,0
0.03508681226478082,0.014084208,1.7918590035185136,0
0.045691805990975554,0.08765592,1.7828137950502516,0
0.0852233046092408,0.23957856,0.8710951414397399,0
0.07537227496619113,0.07338485,3.8750091080943925,0
0.15539944523022303,0.062387023,8.250338631837886,0
0.04644500557997063,0.12183398,1.6900262034760132,0
0.14373061409233967,0.5733989,4.740966410511731,0
0.03451802095489595,0.039770436,1.4436718334950944,0
0.05670511381879734,0.09714849,2.3669034108962297,0
0.02797365928137973,0.049984876,1.0773464919958924,0
0.0439234609589853,0.14577219,1.38218189785575,0
0.01668832048040927,0.061845284,0.2023356388472481,0
0.04147467468515531,0.06342372,1.9238850418832494,0
0.05099694155948617,0.061402716,2.3966631164222707,0
0.07117799053322581,0.2680416,2.326440411992344,0
0.042060312743860975,0.05119969,1.49720174117829,0
0.0357355355191719,0.033754267,1.575396903964492,0
0.12412176362378902,0.4545794,3.656746724345627,0
0.03260338751121521,0.04650465,1.4460918812498307,0
0.06182648110489299,0.12259456,2.3679307807983148,0
0.05641648631349667,0.032196723,2.7999727865760304,0
0.02441392703285319,0.11500777,0.44385976548032,0
0.04018291951304763,0.07658923,1.6270842111842214,0
0.13638550238238176,0.099032626,7.073562368877689,0
0.21043400630100942,0.13087472,10.018163837186528,0
0.16799233472114908,0.6869547,5.228735414075013,0
0.12407252983998573,0.61804515,0.18856831610256292,0
0.2425509923906471,0.17426674,10.435715671367378,0
0.026279295224360486,0.08167471,0.6974095059370219,0
0.05180730004397724,0.059629396,2.193979696581465,0
0.09932475794093756,0.19006072,1.6385125833962788,0
0.03333594309035049,0.061250232,1.1768868087032138,0
0.02652853649450211,0.05417327,0.8507911034730108,0
0.05602094146364949,0.17566803,2.022495312290214,0
0.031210493075068225,0.0862996,0.28767741659838153,0
0.06188259511578241,0.17874517,2.2182138858524243,0
0.06445645536586961,0.16356844,2.1158328399750217,0
0.0328056274357237,0.04732864,1.5542820491775815,0
0.0310543416054999,0.053155754,1.030860302297724,0
0.04064461253443229,0.102075785,1.4030027323329646,0
0.02741185411226178,0.038375802,0.7163191966061528,0
0.02659113513465168,0.015100017,1.5235598156775794,0
0.06951758301536767,0.07933477,2.731800666819541,0
0.08941213000583235,0.15857382,2.841914691343659,0
0.013461388578960032,0.02142798,0.6078113666146572,0
0.058429024873577096,0.028705822,2.7372267374658974,0
0.06319997175180293,0.19089141,1.4966614103518887,0
0.12707536341074308,0.26924574,5.646241217441331,0
0.04130658735632632,0.05987648,1.4371026680199188,0
0.051935174551748974,0.03757044,2.4836651058119563,0
0.023965097867396937,0.026986374,1.208692334714067,0
0.02545329492667655,0.03527912,1.2100284597827484,0
0.09935299471765328,0.09975394,4.763678925422052,0
0.07880695330974521,0.36610988,1.4231780114910817,0
0.05365482109432078,0.17198275,1.507073954910535,0
0.05868139967678898,0.035450995,2.7171329282559946,0
0.05222032184696992,0.08670248,1.3974402492894664,0
0.07176150849706688,0.17261077,2.9119420311118858,0
0.15584590830039285,0.29372162,7.010856736441578,0
0.027177793385775032,0.02937795,1.2387997576617549,0
0.5999986628191303,1.8066732,11.82658581231572,0
0.09028582420497346,0.08638189,4.636316910648845,0
0.026641477191166572,0.028616503,0.9231581396529951,0
0.20501007463193052,0.72658294,6.730783209076947,0
0.13115626285539506,0.24298885,6.04892571418198,0
0.04248877912571963,0.0632773,1.6227657657259653,0
0.13464084927930894,0.07107339,7.212291568135125,0
0.03263214296132497,0.025886187,1.5743447407689748,0
2.403343940063016,1.6272525,114.70071878411783,0
0.05771729742825696,0.11005451,1.176342788317926,0
0.023580221518103784,0.031030519,0.9217456645301058,0
0.06879400006325538,0.028205985,3.7038388635894686,0
0.04466680298533984,0.037154373,2.2624470156763095,0
0.021171530509234288,0.14512604,0.2885020564726012,0
0.05418687689238671,0.032922972,2.789203211810443,0
0.06019551066932907,0.16952242,1.9873144781441665,0
0.033388142819952074,0.07439583,1.3472317283575546,0
0.06706679955089913,0.2263525,1.9592216036326815,0
0.08333802785242266,0.3899613,2.3379258367076594,0
0.014350179066928696,0.015334425,0.5839423778172546,0
0.038924442012314764,0.09116888,1.1807807649636783,0
0.02697250902280961,0.012664351,1.3521798490054773,0
0.05020934187118913,0.041242592,2.5575014661608977,0
0.18975323749076944,0.5359318,5.955992582233915,0
0.18392773714966515,0.3881354,5.995192566030326,0
0.03121230960655009,0.060941085,1.2112242992709854,0
0.03924762677576798,0.047350712,1.8918361409456237,0
0.04912519079088848,0.22721826,1.1163319857280676,0
0.02424281293982352,0.06799959,0.7399649887422786,0
0.07592231688423529,0.03279046,4.101017106862169,0
0.033979117380632196,0.14267696,0.9688693493412263,0
0.01655713749109434,0.029157829,0.6929608981970784,0
0.032654787546695846,0.07519495,1.2370345646603889,0
0.046299882353968896,0.07300813,1.6887279938285091,0
0.07003669663070179,0.17134169,0.5962192928636563,0
0.03641756929580082,0.024607498,1.8858175660490732,0
0.015128429449612566,0.018411214,0.6828805753339937,0
0.05435594217073013,0.056996617,2.6733216065860956,0
0.0310775406481901,0.017686257,1.5314857026902307,0
0.05496536247741068,0.12186389,1.8844371625127923,0
0.06280058480580569,0.21417458,1.8216616363320621,0
0.048976191102695715,0.061561402,2.179018910064767,0
0.056116909997432574,0.13502863,1.6570840031807914,0
0.04515412438591236,0.08897913,1.9807531453132114,0
0.04137546880651642,0.08186958,1.7068759246703644,0
0.04654284580704801,0.13792403,1.0706468880529447,0
0.03242401756723744,0.1290509,0.7747938084109066,0
0.008440932743501623,0.031943083,0.26469060213153994,0
0.0047355107963085175,0.04165121,0.09001568355836133,0
0.18450122859669654,0.3591326,7.768679025176338,0
0.016162125463251097,0.025298174,0.6154037567796427,0
0.155226377189521,0.08004892,7.329883321815197,0
0.023871002748974714,0.05817792,0.9325212734791493,0
0.01581104542863379,0.022130163,0.7074151925389265,0
0.34514929985446186,1.2610853,11.146831521103051,0
0.03955215344840278,0.13848436,1.357035291791329,0
0.0706540875208628,0.075174004,3.431879551187344,0
0.025084665576266586,0.03263589,1.2345258269771682,0
0.009135736810745948,0.02075577,0.2522192336068663,0
0.09745361406148795,0.045460485,5.262746790146382,0
0.16066392341245236,0.15875702,8.18367792818284,0
0.014896434039000582,0.03747449,0.4885579221501691,0
0.06545780449684356,0.16654368,2.479409596071234,0
0.08737483332706383,0.15221241,2.6879394609428306,0
0.06902712622254835,0.13112329,1.4349395238700642,0
0.07397790478140592,0.15469569,1.3365923770634087,0
0.11471480066918463,0.20832735,4.947848868832626,0
0.04024820541656111,0.0829636,1.698782158590254,0
0.06488687529617097,0.048823692,2.7946789319328476,0
0.03894364115214012,0.030118952,2.0321840244483056,0
0.09086264832492605,0.20835845,3.503661634413691,0
0.014343246569338138,0.014331715,0.537314879484041,0
0.1701641804031275,0.1885143,8.091075785268561,0
0.03490194534531786,0.049509432,1.3473229265781206,0
0.3244369796876559,0.15038702,15.158967005503925,0
2.2729248435886804,3.9747787,94.34902660055754,0
0.022915893551765504,0.024409559,0.969874954179905,0
0.05613012850265175,0.06720087,2.725240065899054,0
0.034101762031450586,0.016737184,1.709471120151069,0
0.03263512424041837,0.045504127,1.1696826928112376,0
0.058724661427736115,0.07847475,2.612765927596044,0
0.02504329446588202,0.059129056,1.0499338873086503,0
0.03405492260054927,0.07194925,1.4325096997403954,0
0.15812926974421848,0.057216875,8.314985185205552,0
0.19940377690415423,0.44353548,8.733731468852708,0
0.025240614556198086,0.033068262,1.1673779406758282,0
0.030697790125260523,0.057901397,1.3200178956421857,0
0.07193684198864653,0.20307855,2.7753643359957345,0
0.03159643026083188,0.051061828,1.3952408232730185,0
0.08924622266676177,0.12884389,3.282441954587169,0
0.05711967961224831,0.14312425,1.8962247035072048,0
0.027322175882931975,0.03742079,0.7770197139211874,0
0.04482076701730978,0.18647993,1.4171281895527719,0
0.0507373719474297,0.124027595,1.9593586673959604,0
0.034962062908588665,0.067230456,1.4760852655203096,0
0.019581169970141116,0.012513341,0.9850200485689691,0
0.03448253621874103,0.063411385,1.4541805360180127,0
0.024704235939886313,0.0414251,0.9013172781789932,0
0.1015221931643099,0.0662183,5.1275271630951025,0
0.04462102434493234,0.10364276,1.9141576370853026,0
0.015647904745948182,0.017399358,0.746511423508657,0
0.029008745781464534,0.022444323,1.3867098341402795,0
0.08314745038840422,0.23483565,2.9183259108747195,0
0.1900920786335492,0.5411854,7.021706780008735,0
0.17164880642490887,0.16338605,6.3503207027961555,0
0.041370145088883675,0.033807658,1.86936637591268,0
0.03276308229292946,0.07523488,1.4226199610439725,0
0.049946016751489436,0.3263136,0.5714613907716711,0
0.06910452428287181,0.09592056,3.2685204303047857,0
0.04090609163493045,0.188366,1.1918393791242026,0
0.02681739849823704,0.030658701,1.2378116179778822,0
0.006571409104116574,0.006775644,0.37651400711972505,0
0.05094308228589807,0.052282743,2.5142587525859295,0
0.024862636552863436,0.06673538,0.8127474598224546,0
0.022512497793309272,0.013920381,1.0475190827117815,0
0.53936987677688,0.92444116,25.10560185741102,0
0.5696151164481613,1.6616601,12.801841816797495,0
0.06862313597734512,0.10654137,2.5144334613048756,0
0.033251046264498756,0.06376444,1.51422242010319,0
0.3247515624122354,0.012437124,18.447950812140675,0
0.05430671876763546,0.044113386,2.5569203367192124,0
0.013272848275819489,0.03536237,0.24557797443819018,0
0.021571309278143047,0.11803923,0.5199278718626504,0
0.11768264066240595,0.113150164,6.009406524090343,0
0.022042975723300797,0.009841297,1.084886955140718,0
0.024935789026902598,0.025770994,1.0532277948002549,0
0.05778837643303177,0.09745692,2.619958844740947,0
0.08690124135162251,0.30169433,3.1299703336269555,0
0.0658857981609846,0.11717901,1.655189895417445,0
0.033949921842945624,0.058518592,1.2385115323213527,0
0.04414127357941296,0.072199956,1.5106463646873958,0
0.02000785404811066,0.03622104,0.5880956533086978,0
0.07821198980961633,0.041870516,4.080038665517085,0
0.04019254501103357,0.07732843,1.1199441220494832,0
0.0295540596071331,0.06546757,1.2016339463994101,0
0.09199168124677735,0.10169397,3.434733065859722,0
0.4471697064816255,0.26170564,22.54863158769095,0
0.04723971406731356,0.15848792,1.3235991338321969,0
0.036411089047796275,0.12976252,1.2786848994858249,0
0.09946519327642937,0.43570498,0.9818777956742025,0
0.14751699915096528,0.19581495,6.207428729282504,0
0.05239941642156676,0.17458478,1.844406192275012,0
0.02226724081752502,0.039899707,0.7902812093560713,0
2.72508615202013,1.9356463,138.4637087674834,0
0.05216682144422533,0.02531862,2.7121735645039347,0
0.17372803255466301,0.41229057,3.934550457969451,0
0.03330542525730877,0.09639973,1.273630127110151,0
0.022505528731235437,0.050097495,0.8170439555414074,0
0.03997148758515111,0.069576584,0.9612172169931966,0
0.021416627100397153,0.023556052,0.748821292794859,0
0.06113867246065273,0.11639305,2.797183629038238,0
0.02222061262085744,0.022620818,1.1187327925127808,0
0.04313912747873408,0.10399832,1.724766915758738,0
0.08631303479155004,0.068273574,4.354542784460452,0
0.032852754939195636,0.0704322,0.858599549057807,0
0.022466569429175187,0.045923773,0.6936559354721896,0
0.02858765991400508,0.041491404,1.1112232782795075,0
0.021781427059598873,0.04546388,0.8977693343696698,0
0.01968283423140199,0.013897706,1.1277433303149575,0
0.024764668325562192,0.023008402,1.0988764861195537,0
0.10538270336195649,0.24168642,3.921727928835988,0
0.047000856715609995,0.043818083,2.3655437378091526,0
0.026923603182845028,0.046686932,0.7904237905871893,0
0.013378021517966838,0.022907505,0.48453416540015004,0
0.062332901079283874,0.090012975,2.7040953658516016,0
0.08296546096213843,0.06407011,3.5913956083551524,0
0.021548081019476886,0.020049494,1.0249644439964154,0
0.03924857095615843,0.010061223,2.2487774677076198,0
0.039275608670342146,0.06730616,1.7035664497422167,0
0.024356309400228832,0.027492367,1.2260336212503942,0
0.05663475044015455,0.11299901,1.8690255704179648,0
0.04067634569620284,0.251802,0.7958078382807767,0
0.10730306143474676,0.13848473,4.852662477196004,0
0.13380256031965132,0.28685218,4.012785932315942,0
0.10752137187572891,0.24167457,2.7439054466221333,0
0.05973575246864649,0.04034882,3.0302792626273365,0
0.03250761790517793,0.064871095,1.3867274344736897,0
0.0723317524515791,0.091486655,2.0719231470147554,0
0.053171138145211405,0.024097167,2.7401660460838637,0
0.02025325982544359,0.019830799,0.7668857771228852,0
0.11301810318236288,0.3248788,4.4592179331264825,0
0.041155710417509525,0.063318595,1.9262894672652007,0
0.03378588058901953,0.041177712,1.6270177373027432,0
0.05868113383498415,0.061815135,2.9036254034398663,0
0.14441947712729347,0.46800017,3.87446583007515,0
0.08631757475354812,0.14265218,2.0457346195159265,0
0.08681681551307799,0.13104743,3.0150607489403374,0
0.01979627119044678,0.033648938,0.5482101572835484,0
0.030675262620826045,0.06122146,0.4979474943012211,0
0.21079363660901507,0.14356229,11.160074675315476,0
0.036677276861075414,0.08124416,0.7365613118465839,0
0.052808284704203734,0.054476123,2.625727378302707,0
0.04622112916459524,0.058122873,1.8915656907820995,0
0.06881864620722511,0.121130295,2.7359581344927744,0
0.17593525965776266,0.53549117,1.2371687388237322,0
0.016578209885326614,0.021583177,0.6286801635649032,0
0.07785170151724521,0.30762488,2.5614278732972853,0
2.953753387640676,0.25395605,166.42676804151222,0
0.06236132702940777,0.23606288,1.5595781293719837,0
0.051393664345290656,0.15261099,1.9716369247465049,0
0.035176938119914986,0.036239173,1.6644057472836253,0
0.019372109720257512,0.041986816,0.5991530746138779,0
0.04053797107638217,0.22975257,0.9420557091607302,0
0.032033855990370036,0.07154917,1.241148303187639,0
0.02220295130916889,0.047200456,0.6303048743212724,0
0.045490582856125325,0.041486774,1.9624621405209806,0
0.047741290807402595,0.05617585,2.3862563159369836,0
2.222119433798625,1.0262753,116.55320120151654,0
0.16067716704438184,0.4108575,6.537765208419666,0
0.02296301148841703,0.04077793,0.9992570672471743,0
0.17676766449977666,0.13914107,9.246010938012923,0
0.07036623771491761,0.14830351,2.9733675981368006,0
0.022685672868327386,0.027222674,0.9722987334351673,0
0.11624077833914902,0.3511983,3.2620730202458623,0
0.03314939873794444,0.035266716,1.4394134284948488,0
0.13198556863223784,0.20512864,5.085501294085895,0
0.08893262944082315,0.19506659,3.2948851632062413,0
0.041331002752352346,0.028000766,1.8385349679627137,0
0.047247594027642066,0.032539792,2.467284137081768,0
0.04835957425265101,0.054171138,2.3520400187435615,0
0.02104285314330304,0.062281217,0.7769398886501138,0
1.2021204356673458,1.9006373,47.40991297264555,0
0.015689084503934525,0.041869037,0.4880749507234511,0
0.03885964639832758,0.053474467,1.3249552922169583,0
0.052271738346664744,0.04223179,2.427882824024128,0
0.022554280940941057,0.016710944,1.133580496820131,0
0.1315007228277901,0.29317948,2.8583766439268015,0
0.04147312358931117,0.11465196,1.469931807837705,0
0.013893898855289074,0.023159381,0.31861809547088993,0
0.050019083459837216,0.054713834,2.452454788840553,0
0.013173868263563471,0.035941284,0.23579938582850374,0
0.034110293689079,0.05103232,1.2328290261654002,0
0.02037181428675953,0.029234754,0.9679694215595366,0
0.03853532838060127,0.24186538,0.6409575333400379,0
0.021276344369191208,0.041653298,0.6810607770598631,0
0.02567783968775557,0.048574153,1.1053025887086334,0
0.07772459702320589,0.16025677,3.3252849920269383,0
0.4324102488321666,0.40392166,21.99235649023927,0
0.5751642163193875,1.4310986,14.925499420959124,0
0.021399082202189012,0.046663146,0.30897820427122497,0
0.06927198046130223,0.112279676,2.2402370890692413,0
0.02106871298868229,0.07160995,0.6890520184954532,0
0.053658772319154766,0.048931785,2.5460921816187385,0
0.02512652491632788,0.034341346,0.6801558774952989,0
0.05136321357730602,0.065928526,2.074771166345774,0
0.012472984866607853,0.046130408,0.42675347549612713,0
0.012687742828428447,0.017044438,0.5603740860321281,0
0.04653842855372234,0.10622784,1.520177336294727,0
0.12918577530218206,0.28427288,4.790400665964749,0
0.11215043651316121,0.19200714,4.6659843015933795,0
0.10411568248208658,0.22377847,4.195552063717897,0
0.2560126642186118,0.9644952,0.8511449329671104,0
0.07316068668480946,0.18503484,2.423180638455565,0
0.01099316042036203,0.019014083,0.4872072450461926,0
0.020193006010030712,0.0355496,0.8245161363518554,0
0.09196423125066092,0.22405215,3.5342786862756994,0
0.055807760353254285,0.30559075,0.9809834860244877,0
0.10381953051769588,0.13966656,5.064970911911119,0
0.07309061410072064,0.3039938,1.578254869187121,0
0.02105359731780728,0.014166657,1.2062822698783073,0
0.032485702052324816,0.13139454,0.9156117764556395,0
0.02378962957581435,0.0512011,0.9804841542642463,0
0.027244787822205723,0.0449488,1.2299375460388786,0
0.016781444700336136,0.0460719,0.404175966123331,0
0.032648838350403164,0.030085927,1.6218523636670001,0
0.06356852870645618,0.18291163,2.3314914744727147,0
0.02796806116131892,0.07679821,0.7706965081840357,0
0.06794561880513876,0.24125135,1.5483509865549379,0
0.04976041975653933,0.23419109,1.0703460246970367,0
0.10223259332031082,0.26120165,2.415617594424795,0
0.07217525848697667,0.13702002,3.298234727812948,0
0.18463966910289617,0.2634073,8.859351558867576,0
0.02161909853336509,0.025677389,1.0505862831624686,0
0.06606434021024835,0.16976365,2.222936246907398,0
0.030242278724492273,0.043600477,0.8995592601071691,0
0.05406510714871135,0.16617434,1.2501832456058308,0
0.7106710751420227,1.476929,19.715539567603244,0
0.04976288650087453,0.1385452,0.796500830205572,0
0.049175376843690444,0.09891111,1.7772892243638934,0
0.04675418103916165,0.11917144,1.637428977553274,0
0.1318642889135046,0.1534925,6.470980562191839,0
0.05227105973766201,0.09365282,2.022141484785858,0
0.02701823623736909,0.08472475,0.33881752400249227,0
0.04552621260183312,0.05022363,2.162842796520944,0
0.059168286936417167,0.22958769,1.1348585736386245,0
0.1120048774822496,0.06810304,5.306018659992396,0
0.4143810489110376,0.43993813,20.797280958747283,0
0.02456053512871468,0.039057627,1.1112470071873353,0
0.02603208981091026,0.01553596,1.3419993485323505,0
0.08560974876501966,0.31644332,2.4833506896958193,0
0.061998628019433,0.09616403,2.617822501260948,0
0.06060852813851295,0.22525154,2.072987041982067,0
0.015677172220763605,0.039809156,0.345690094320708,0
0.05509728535675815,0.16196704,1.2537326447512012,0
0.013013505702917908,0.026186883,0.49614455978418914,0
0.08324999947852937,0.06369185,3.670270361048283,0
0.01806393204433252,0.024686726,0.6935123469659727,0
0.03960429220715761,0.1663546,1.1043013005871063,0
0.17369772538156586,0.695199,5.4133078601074045,0
0.029684333367135315,0.029225519,1.1744915955776452,0
0.10701272734415092,0.05465928,5.719299111566107,0
0.06464715065535577,0.14597699,1.1094291989537672,0
0.1046416763338206,0.015180001,5.8223265181493655,0
3.1614787109109708,0.33278483,177.74903791912845,0
1.5696222456273698,3.541945,57.074752724492924,0
0.02004388957465279,0.052815355,0.5634997606840065,0
0.040811902347558104,0.08944716,0.48555998731550815,0
0.8743227351991217,1.9515824,34.11018287861616,0
0.018457382249132147,0.034130346,0.7188994632477721,0
0.1814976308033276,0.17892902,6.814418538051251,0
0.03955296980047135,0.057392273,1.6647287799364914,0
0.030374219831899727,0.033482607,1.2745207272155552,0
0.040227034768791047,0.051108677,1.5292296594966928,0
0.03108239192239268,0.06367777,0.9955376480836309,0
0.052474608866077396,0.044164315,2.7020560121029074,0
0.06882341022004523,0.17084211,2.5689844122613366,0
0.008186282326596597,0.014961816,0.2723388770423734,0
0.07783079206388785,0.3215433,1.8363646940827385,0
0.07575557353482201,0.07048408,3.655553566813986,0
0.03285264728697691,0.029603163,1.4918316648948462,0
0.029147991011375364,0.0647957,1.1757890530103319,0
0.016061559448799268,0.03688781,0.63469704357925,0
0.41256417420307634,1.5389392,12.808901394287268,0
0.015302785733661128,0.08065794,0.3898383864825136,0
0.1457781545554181,0.8280495,3.2309918289937873,0
0.0264224688923572,0.0712076,0.7765769775840452,0
0.029170878367792343,0.09174191,0.9004325439093216,0
2.961645544832791,0.27222383,167.41799365572822,0
0.04369406124243147,0.034310035,2.087636301674251,0
1.3208121631926186,0.21660817,71.02853466063048,0
0.017453603519072595,0.020906186,0.7603411982373575,0
0.07113396794218799,0.04462152,3.7742562398151835,0
0.06504658984910688,0.116338156,1.8900040583697844,0
0.03478671349354859,0.053277798,1.508275893678108,0
0.04598796354462596,0.0943317,1.9989730473402725,0
0.09796917921395323,0.024166798,5.215484248561468,0
0.15896519593622055,0.6865821,3.818618502594566,0
0.036811156396542144,0.065339625,1.3690184225161859,0
0.08631432304633048,0.06954748,3.8664489954980397,0
0.028039111848921713,0.03051835,1.3795377882745097,0
0.0934042987533324,0.44550875,2.498696327658564,0
0.018907076405871887,0.051228542,0.6955150792745212,0
0.045045773393269026,0.17012645,1.2595929049234948,0
0.06542682821683135,0.19360062,2.2573752724937712,0
0.025514916205763082,0.032467756,1.1482973351742203,0
2.191510522089234,2.7972243,97.7278455137229,0
0.08590095015608826,0.2552252,2.4831433888013,0
0.13475458492845827,0.134875,6.768459404443359,0
0.018273618545298513,0.019689659,0.8884017452702402,0
0.028475353129629215,0.1187682,0.5222991021305547,0
0.025205836459320667,0.06378151,0.9652635612686583,0
0.1059689794636926,0.23520827,4.361778189795314,0
0.17304418878401923,0.3709159,2.37935268760709,0
3.102347353117822,0.6204694,173.81938569838601,0
0.07751666253749662,0.16741693,3.371581083895184,0
0.049170338748328116,0.09055622,1.5843657493932164,0
0.051408290066753626,0.036790237,2.6443343452927723,0
0.02755934550217034,0.038084775,1.0877357415712825,0
0.04578079506584265,0.07559608,2.0126305196330896,0
0.045292987269514,0.07251832,1.662927628476682,0
0.019823054038500515,0.009921407,0.9643305939948095,0
0.13028359266039752,0.20845386,5.481132596104505,0
0.02813789942244613,0.02751607,1.188177837684753,0
0.16282376467703635,0.598324,5.458649942793882,0
0.03450656693078512,0.046383455,1.0375489634184065,0
0.05730477115070745,0.10590756,2.6269393398041445,0
0.11130948123718937,0.33478552,4.103080192102888,0
0.3543855806767577,0.7173223,15.651635671464765,0
0.03548040968669765,0.10749537,0.8729430958012648,0
0.08998305489331783,0.21135572,3.6074808163221848,0
0.06996214635328377,0.14329691,2.5588196293697805,0
0.43727475089468,0.72977895,19.67204343568225,0
0.09799274436838247,0.070081055,4.61423290876025,0
0.08144412981651947,0.06773039,4.153298789314287,0
0.20607088350176173,0.07909303,10.991298964792621,0
0.01814606903334985,0.058242504,0.5420423857856815,0
0.23799342006763258,0.88062876,7.1486958834580605,0
0.05046669100147456,0.03493208,2.4672799779403003,0
0.05691889159470129,0.17986669,2.1354410605870857,0
0.06356998559161067,0.052378416,3.2927506774311284,0
0.027170029392083725,0.04908679,0.6270511152450844,0
0.02310003323860936,0.06629704,0.8679478802179847,0
0.019348525036570134,0.04786252,0.7573246818244962,0
0.04119210971468858,0.02492696,2.142506773276205,0
0.192691147208885,0.49519998,6.426140358245628,0
0.16999988764942936,0.5840242,5.609400294988386,0
0.024561968855127847,0.034623545,1.0068311280204256,0
0.11606369372973083,0.37710452,1.4002913503795817,0
0.08766562141369366,0.2283681,3.386733624604399,0
0.08233497448134636,0.15240084,3.129707706548192,0
0.026792844938886593,0.035474632,1.1526483272973267,0
0.0543779013789951,0.29229748,1.0301903361585483,0
0.04016747360495114,0.1069935,1.0437881415389119,0
0.021183219050838968,0.03218794,0.706945723966037,0
0.1684205497022143,0.22848563,7.334731201187982,0
0.0391553456134654,0.0772088,1.4408520559235085,0
0.1111792438402349,0.13053332,5.117693302573741,0
0.07313905391564227,0.1493764,2.040864641163994,0
0.012765950104618529,0.011908877,0.7314350624692334,0
1.7614435295586763,0.01567864,100.66450295634701,0
0.042125121729606474,0.09138594,1.7722417793547012,0
0.020436239305226964,0.03453793,0.8553421547606327,0
0.021860416752963845,0.010883563,1.2525096183419073,0
0.06568813334287718,0.16614497,2.760272829242005,0
0.08802046182466311,0.31720805,3.101371789008605,0
0.032975406011915065,0.085801974,1.2925296625373404,0
0.01674006857423574,0.02524588,0.7401628550476919,0
0.06714642733935375,0.20439899,2.307741594274356,0
0.03136105624476604,0.090587355,1.1127268609084102,0
0.03618870982824349,0.1923113,0.45069437057713646,0
0.033611578091249934,0.06253195,0.7761485018963954,0
0.05811035454262327,0.027109144,2.965224819916345,0
0.04277957692279384,0.20647474,1.0733431481309195,0
0.026518338410619915,0.020205896,1.2592065546161642,0
0.02821828930387575,0.048334427,0.9112967218299132,0
0.020495348052636767,0.032638095,0.9604833539281427,0
0.02922177516673088,0.027072195,1.1621415417623941,0
0.023705266663455692,0.014665176,1.1205424932728905,0
0.31185591561680864,0.22159176,15.72902277474347,0
0.0520910071647335,0.09039438,2.2450552216073323,0
0.059362712232465545,0.036159124,3.1447240231925875,0
0.1151392101250488,0.40227172,4.074665969173012,0
0.0266776893600975,0.046900887,0.4894806421529844,0
0.01840034857491323,0.037760526,0.6597419439939821,0
0.06395720608570403,0.07239889,2.8967375014148575,0
0.07185057877991846,0.26117876,2.4776903691087804,0
0.02944157187962751,0.09458436,0.7332550165878674,0
0.04605330356982078,0.11866618,1.6435738291528659,0
0.045143918236032456,0.10523748,0.3721241330992192,0
0.019219144459213522,0.054587066,0.5545873069922607,0
0.027839153131381647,0.043629725,1.0900023587455492,0
0.22386568708060522,0.05115362,12.476301317306804,0
0.037583663584920275,0.020688172,1.9323920234996048,0
0.023261431658011505,0.044362918,0.9021832553831844,0
0.029596170091775044,0.0771873,1.0284359191358576,0
0.051921959189698,0.20978843,0.9717789934823583,0
0.06215337880898919,0.1208474,2.288101009852259,0
0.05587508646939386,0.12874146,2.163775608417276,0
0.014691485962611026,0.03410772,0.37140081742681685,0
0.029762289552164704,0.066736646,1.251467177391361,0
0.03723349178050258,0.012415728,1.8862761010321667,0
0.08058442940863143,0.026088776,4.168404804723185,0
0.025014585732625917,0.06178823,0.937461334729077,0
2.9791014399771782,0.19539171,168.53277319963462,0
0.06123566107297468,0.030952118,2.9066516967622524,0
0.04326380229136006,0.05238781,1.94215153647557,0
0.08972112339807602,0.18703318,3.5862446482087553,0
0.1058569833176825,0.22578405,1.1860690915520138,0
0.04315705750475207,0.06798939,1.32379202775251,0
0.06478776390541865,0.07111784,3.2407808890357392,0
0.13511598808814865,0.049550805,7.385975003060935,0
0.05196141804361546,0.060388297,1.9843229814904573,0
0.07402180502249049,0.06380289,3.7698952682982423,0
0.029803637144575755,0.09797265,0.8712598755182319,0
0.011558276566313466,0.027966676,0.27967025778149557,0
1.907914736543462,0.1890149,105.68033038431548,0
0.013820195427357934,0.021814844,0.6314335048818724,0
0.07385702876477264,0.08601371,2.927266401187051,0
0.06653986027935949,0.07564036,3.2479806638173914,0
0.0782135873169381,0.17010948,1.5439866684915715,0
0.019566277682086144,0.030532528,0.7060470431821206,0
0.046730334616207514,0.033622522,2.3324055333253426,0
0.11065450073933249,0.0443462,5.741333830524533,0
0.11953652504557448,0.1386418,5.946169655169067,0
0.012228687349756684,0.02459769,0.3769700429677026,0
0.04252346337941658,0.21614991,1.060923098888777,0
0.04303643556956421,0.058791306,1.6523238698067417,0
0.03251133186734041,0.14729565,0.8525480957989249,0
0.025456050595843726,0.018424686,1.12898388313992,0
0.21353628309228107,0.93435854,5.992088998849959,0
0.06600833779566259,0.06196238,3.083240987556272,0
0.03594626206874729,0.04534829,1.1093775210271632,0
0.01795750277851125,0.05550331,0.4874952424591407,0
0.1151575564293286,0.0961277,5.500304097597747,0
0.03206805536313483,0.10464927,1.1909136117059347,0
0.03815932408611802,0.08068832,1.3839052485166856,0
0.04386093432613511,0.07948532,1.1171158385960869,0
0.050151140845786195,0.13422787,0.7528186183567253,0
0.07063829415152356,0.13384417,3.159217012074152,0
0.1286837042833766,0.61805403,2.8024993663116966,0
0.04938382820735198,0.04888365,2.233587532941845,0
0.0200821847686512,0.010724034,1.0055783066476038,0
0.042785746128919305,0.11247026,0.9149980260132546,0
0.179698358991631,0.25344732,5.074047416287967,0
0.06728778985546752,0.18620306,2.68838413315385,0
0.07660341195943686,0.116233006,2.9153375025269646,0
0.14826450950175343,0.020263989,8.367035193736717,0
0.5144075329340354,0.5990853,24.80957715741068,0
0.027432225559899878,0.06498826,1.0871442899482642,0
0.1989186280485437,0.42021713,7.890313637112486,0
0.041748023147938046,0.06936238,1.0009298863977718,0
0.07817047357147021,0.016758256,4.287387215335935,0
0.018938175735182253,0.03026649,0.5098270565734867,0
0.06584358356556283,0.10089605,3.1229172091970425,0
0.9951463461752135,0.088032946,56.43099106029894,0
0.10694220937929011,0.19465266,4.933338220049421,0
0.0591181666781456,0.07701763,2.522609940930716,0
0.006225736023784902,0.013998351,0.18940682348844548,0
0.10863328441767683,0.2680855,2.0876958225750237,0
0.027539627195803662,0.07565168,1.0328324201103445,0
0.02154133861942608,0.03762913,0.9198967460596092,0
1.824968647333022,1.3449774,93.63604837999524,0
0.021296221723076693,0.04264261,0.5755190476206659,0
0.0264477193845444,0.02897527,1.2233397851056664,0
0.029150138140290174,0.13987775,0.7990630037255259,0
1.4865500167667025,3.8415,51.418916476169464,0
0.011550921469303874,0.017850913,0.6618190496781636,0
0.015800042788086353,0.024922393,0.474357772445609,0
0.21903759864656291,0.43392545,6.800853011022975,0
0.055250619153784285,0.1336822,2.1130814815192025,0
0.19095123767270533,0.08856648,10.36806314129057,0
0.2526692691042115,0.4808995,11.018324878867046,0
0.07183318127098168,0.3870327,1.648717756959617,0
0.10788731792757197,0.18904926,4.884511896478719,0
0.01759160768118037,0.014403095,0.860850625027083,0
0.11981163568932848,0.06889207,5.5661527536306785,0
0.03961830276871775,0.08605709,1.7136779037452134,0
0.05418974658140026,0.17565355,1.5748111750324556,0
0.033293644844262206,0.014948728,1.7599032907746057,0
0.06862359174133437,0.05684155,3.3497473139208673,0
0.04823103349402674,0.04927881,2.3869833151691706,0
0.04270518692696652,0.016069748,2.4468269742324393,0
0.052553241958747686,0.07289223,1.7792230776944804,0
0.017206844759787916,0.008443163,0.9858795834726444,0
0.029232881516631525,0.079026096,0.6520605253901365,0
0.04111307097199472,0.20677115,1.0668506723647297,0
0.03272199926123544,0.033365596,1.4619386883505643,0
0.04627238688529839,0.08343304,1.8492183876486656,0
0.017837975697584788,0.033426117,0.5728299063482313,0
0.09630906460717989,0.13204378,4.301580605815853,0
0.25260384998639623,0.14686072,12.754986533437823,0
0.04296514167151443,0.050101746,2.013942352905598,0
0.024658541300771754,0.027247174,1.1740794021785907,0
0.047812372482337634,0.054647166,1.6640562784850883,0
0.020560862942753753,0.021946155,0.9456594863529904,0
0.027733322452755373,0.041838575,1.3071396846397545,0
0.04795840496912087,0.013813562,2.747814196909861,0
0.06370568026128771,0.058309,3.086728188608054,0
1.5958616523305598,0.10250856,90.78562347865636,0
0.04360667496570368,0.12822947,1.2296955570011605,0
3.168348449111372,0.5079751,176.67250134703937,0
0.45904167015537495,0.745418,21.521732279012173,0
0.023242385865863104,0.019263208,1.0995479073262253,0
0.038557622130106106,0.107856974,1.4213453182919913,0
0.12931473862103066,0.26509276,5.32357533427683,0
0.055065874332427114,0.11229077,1.0185863428225346,0
0.05741415874132053,0.06413096,2.549581686139445,0
0.03851903138971002,0.056346603,1.3582839697016613,0
0.04006966162270052,0.07387641,1.6715738364884591,0
0.011101905534000239,0.027075056,0.34257973302609895,0
0.05969730324999902,0.08781077,2.588413005735573,0
0.31889201363906794,0.80736744,13.216629294425159,0
0.0417207362689956,0.11890539,1.5859157885623,0
0.08055035663926818,0.12880968,2.9319921493411574,0
0.05517045080288181,0.29977572,1.1375172321328286,0
0.07046777799639893,0.13924374,2.0963321443516216,0
0.08704095069631002,0.037629444,4.577383295750591,0
0.053449893704504786,0.1762765,1.7436712216782337,0
0.5141674814041615,0.3266369,25.248854297604556,0
0.05291569861688081,0.041179903,2.6912825633503683,0
0.033644879221336216,0.07144216,1.3200485152474104,0
0.025920289901395117,0.0954853,0.8333001199212094,0
0.041084630695539165,0.027195994,1.8572929095577497,0
0.056344475073099864,0.10235492,2.3345254378343903,0
0.02558650250794505,0.061931178,0.9947246248202591,0
0.05966401917721824,0.060180575,2.908279435651555,0
0.05434269451665659,0.13249193,0.17810208814544143,0
0.039928176523402754,0.05051481,1.860275929995746,0
0.04464979350535921,0.060859308,1.6891750825332907,0
0.048520831176949775,0.043505292,2.10081591225767,0
0.02950033448822693,0.044479232,1.0409615418129272,0
0.049312985299082485,0.046205834,2.04355571568164,0
0.027930539419373873,0.061094493,0.9338906094978049,0
0.03246436040027824,0.13809541,0.8226279596873515,0
0.024146040634606347,0.044797797,0.7428047214508906,0
0.03321566058185577,0.025157753,1.6957779282622842,0
0.07875604667773117,0.2071415,2.8787582071857014,0
0.03496698951006248,0.0787974,1.284417131921647,0
0.12068253168305632,0.20172176,5.53238992542653,0
0.031301028014944415,0.045008507,1.4092633485781467,0
0.07798207908484829,0.17966242,2.0391930953109507,0
0.029908362447472876,0.16503328,0.6748302484128017,0
0.021599364007601256,0.015301046,1.0985915721483968,0
0.029508796833907846,0.06970591,1.2002119046063495,0
0.025482676219790668,0.11604314,0.6826331310890451,0
0.04486938779170149,0.020364465,2.39060960731115,0
0.02311198045565064,0.06567644,0.6474944655033418,0
0.036286112634710065,0.07049497,1.3480612438823485,0
0.08645454792122939,0.064191274,4.531243490388805,0
0.022646965341434393,0.020466112,0.9466546072748558,0
0.1303964709449458,0.7617656,2.614632729307555,0
0.030763366014847,0.042760707,0.9437726336811815,0
0.01261219847947359,0.052707855,0.12485569481513834,0
0.16773047106301886,0.49512422,6.339738148647791,0
0.02107367084171791,0.018850928,0.89676260438206,0
0.052424681098304414,0.09484669,2.1132001623418346,0
0.24689483029677273,0.06743515,13.660472704373062,0
0.13302819677426767,0.6766524,1.1032537040529347,0
0.033725534701745954,0.036376636,1.1433828529190102,0
0.02834920436900898,0.02759371,1.390651669754391,0
0.028763509550548228,0.071954206,1.0288859406469495,0
0.05437552211406564,0.034629084,2.667691012294975,0
0.10358879680580778,0.29027748,3.8436520098766933,0
0.05135916273961444,0.17177206,1.878017025661539,0
0.5139392117040107,0.3880342,26.425848785158003,0
0.062486057548182025,0.016816348,3.414739303450795,0
0.04881051507266484,0.035674952,2.4986699605488294,0
0.07093088639503557,0.26384947,2.2227994391272548,0
0.02360809835514364,0.008624664,1.3526443980794716,0
0.04332724166452675,0.10273384,0.5485734463652256,0
0.04265126220453104,0.07837999,1.4586594720393182,0
0.03825240847091139,0.041712,1.3487484824521416,0
0.11310250960268087,0.39903846,1.7361029772544516,0
0.022370135814303513,0.11703304,0.4386265006380786,0
0.01925463846889168,0.05581189,0.5922060360771705,0
0.05442119454757819,0.029302176,2.8611920004833284,0
0.027244804614697703,0.05007603,0.9171268098464816,0
0.0631439540403446,0.3403508,1.2439454484136023,0
0.2065157031938072,0.62584096,5.282655911879929,0
0.04936387294743578,0.10158242,2.122254926684713,0
0.05266274096748705,0.18030597,1.533193135910426,0
0.028138145017022272,0.06413328,0.9214264647842921,0
0.07225369796943215,0.12586728,2.7813312276079873,0
2.166713078084912,0.22491102,119.57024850627488,0
0.03404180368354329,0.07706356,0.6856437576010211,0
0.17661447093623897,0.7367816,0.7355622905835191,0
3.05893376180437,0.73432964,169.44256479459636,0
0.17193065079337413,0.09829519,9.0413551560648,0
0.07234242947908387,0.038584344,3.258959725274925,0
0.03221271161044744,0.053056747,0.8633075082062012,0
0.014046505897413209,0.03538185,0.5885227222615441,0
0.03503750175229044,0.058589615,1.4739403108662652,0
0.12136547409259238,0.045988988,6.674692817780865,0
0.08434727886029768,0.1592948,2.47905969067828,0
0.034712166307438556,0.08250015,1.103147575618843,0
0.046057826708646804,0.03272677,2.0776575203321337,0
0.016756040302131625,0.040490557,0.6801631656587367,0
0.12983244356696655,0.09369066,5.406003628814703,0
0.030511766247128643,0.040668618,0.9583855462804135,0
0.05337025480414461,0.0834711,1.878828519455018,0
0.03882069888702726,0.040872637,1.4089540486946766,0
0.08600114789687291,0.16810106,3.901193140278103,0
0.03537441161538406,0.008381967,1.9016892298461152,0
0.01591235494230963,0.044920933,0.40013436059043056,0
0.02462006847223238,0.06562655,0.6559425118531457,0
0.024250137812184967,0.064562775,0.7070232543433688,0
0.12365253927272453,0.071701266,6.0785562569339,0
0.10061707495569243,0.3892427,0.3475461498285687,0
0.0692555877149976,0.028931336,3.6505529275815674,0
0.08024533789768025,0.09047877,3.7785592854138677,0
0.02633698165427108,0.026324641,1.2833352205543058,0
0.10625345921707424,0.058715597,4.748980749893086,0
0.2893697228325917,0.37051037,11.88467333709437,0
1.0995861915001415,2.3418822,46.07993969248006,0
0.07944018936764038,0.22067036,3.0319553279140896,0
0.4148040300274977,0.53998595,19.67905799670965,0
0.044590777418114076,0.024113279,2.391618068161761,0
0.24318183756780662,0.16791968,11.86000033681469,0
0.021672409876235803,0.08070829,0.3442205586035426,0
0.11108890986852153,0.11355242,5.410980805721601,0
0.017598935618725896,0.06030606,0.23056243930809567,0
0.0954686380274938,0.16442533,4.36987741923777,0
0.020237878107683897,0.025349425,0.9662365077331154,0
0.09265783772904879,0.1831639,4.0696415218033595,0
0.10068806736145872,0.2060867,1.6879551672082613,0
0.06515630441192252,0.13174929,1.8375546683329536,0
0.029370780823190758,0.048099026,0.8784169033244212,0
0.15761730101811178,0.59511864,4.499250954278314,0
0.01409974671176749,0.018485283,0.5537403648625735,0
0.03808057723087092,0.023698712,2.0016428293563013,0
0.022739777477392833,0.020023337,1.1466515119782366,0
0.03715527514524827,0.03341913,1.448429867318929,0
0.02792193444932621,0.05333934,1.2528595357366175,0
0.06175030665151825,0.087200455,2.680452559129997,0
0.046520002922945426,0.027805082,2.4495976557169463,0
0.1384900200049779,0.37652624,2.3636786728305994,0
0.02890189226183015,0.08670923,0.37821855108011465,0
0.016355112437094692,0.030443221,0.6048643312109929,0
0.05469204662909763,0.014995905,3.007029930598415,0
0.11611517292472058,0.04214746,6.395948691499478,0
0.028361930006373676,0.027433524,1.100253533287876,0
0.019962483884114927,0.09263058,0.38564890806702534,0
0.03342000640153999,0.11778998,0.8547280921734465,0
0.03970864401475177,0.19692412,0.9083747042393585,0
0.02420157911535247,0.020749554,1.2137723042655164,0
0.053877545267683936,0.12514819,1.4305033860503042,0
0.058346762995153734,0.11272487,1.116487252936966,0
0.013883186090611316,0.08087538,0.25969155922895365,0
0.05281915804465293,0.36701283,0.4928533824891369,0
0.04372061784935626,0.027266262,2.2829451442189552,0
0.012651005556915942,0.003794352,0.724849225007835,0
0.07338286299541068,0.079168506,3.301541898341773,0
0.18657788879024245,0.29291847,8.848833149849744,0
0.15713460804955326,0.10636682,6.9696964593934725,0
0.03490482000500686,0.047673438,1.5522899208937433,0
0.01927655552082735,0.055259813,0.445078172089748,0
0.06661057134338186,0.18740618,1.9881731049187994,0
0.15557901519590336,0.4663932,0.7844617164528643,0
0.03561474089813431,0.047258772,1.6574859200789833,0
0.017999644476502253,0.044095278,0.5938620880923874,0
0.034986197145413955,0.025387542,1.754088662424848,0
0.07956305724426435,0.12999928,2.9742706652817485,0
0.05136795954490352,0.09420812,1.290011456021993,0
0.04869751921993037,0.03935731,2.182000519453138,0
0.07350421004720332,0.07354401,3.7259001323283143,0
0.04196037703749009,0.061272316,1.637835008145464,0
0.6314984946104026,1.1246115,28.753718919681017,0
0.06261050828954215,0.15081842,1.7150061457516264,0
0.030802660347204434,0.073377304,0.41924974877163307,0
0.11729329366580304,0.3470354,4.269597731943448,0
0.0667335507218177,0.012768567,3.616064482274266,0
0.2205709558730108,0.100328684,11.297231737141074,0
0.02952840757765118,0.07799249,1.1854505785197682,0
0.017273432647229057,0.033106454,0.6240496024767934,0
0.04801859368274297,0.13923463,1.3261025912731366,0
0.04043089927990473,0.18793768,0.863836304556138,0
0.03129578146872744,0.072334595,1.196034024166553,0
0.0449473003766352,0.11248888,1.3462109842705774,0
0.06040845018861887,0.13994595,2.4488726257776268,0
0.04201091757427068,0.14290603,1.0805431445043485,0
0.06721667847571539,0.17217758,2.7333676916540233,0
0.04559028421730939,0.14610653,1.5242255985300777,0
0.07219654644788251,0.14206831,3.0805160326554124,0
0.14252208185191495,0.42319107,5.2094493198198455,0
0.040616013405592816,0.056994062,1.470716903289669,0
0.0143506361475356,0.01917791,0.5255410473733756,0
0.18960522561830873,0.5689266,6.87642895280322,0
0.059752779040571684,0.026299858,3.2456362286536637,0
1.1187968966932174,4.115611,35.07567900079652,0
0.02810710021105614,0.01172025,1.470396710437516,0
0.0835119111636553,0.12235783,2.442312566749891,0
0.023554684694820735,0.029782776,0.8704987042166208,0
0.027194481659342434,0.02085228,1.2716794023919464,0
0.033185064533317495,0.007896098,1.9013641406283672,0
0.044026844252892064,0.15052196,1.452882518192052,0
0.015013688588246558,0.024556948,0.6737619359905712,0
0.019343616782786177,0.078102954,0.5289413948590925,0
0.05117281828093134,0.10250448,1.2803985337671744,0
0.2569938137200469,0.05477721,14.220368330553203,0
0.12748646386329054,0.15375774,6.063202801855023,0
0.20870143637448238,0.23337443,8.947417023353637,0
0.02279804506944262,0.059523035,0.6120002906914536,0
0.9600280981594848,0.7198614,48.448280802728924,0
0.021055030264699875,0.038139198,0.763703760282107,0
0.028484436617042433,0.19614562,0.2900724206396511,0
0.05512581641682315,0.039374843,2.8716203371027738,0
0.045427883204915344,0.05378067,2.2515695746043747,0
0.022000243136484424,0.02040797,1.0425198645098677,0
0.014357745856740455,0.041123036,0.3966657826815845,0
0.03888364469336167,0.06591409,1.750601847602691,0
0.05798704843839765,0.34635156,1.201240692359098,0
0.0690891188563488,0.034643363,3.573706678621756,0
0.09299700698932947,0.12264625,4.321746056973265,0
0.03135311086843419,0.065353364,0.7247120166368839,0
0.03690298339579133,0.058123577,1.2605986938030576,0
0.05517662880729122,0.046826493,2.5613022655358217,0
0.03814165248566846,0.057583794,1.6781081905561808,0
0.20150804297791478,0.35643032,9.214936571557125,0
0.042511927852675324,0.039315607,2.193036015690552,0
0.39104528850359566,1.2134976,13.893206753967915,0
0.026207628890832273,0.04852793,1.0054738151352318,0
0.07011156641987572,0.29689768,1.376244549129381,0
0.1045282891077769,0.048845742,5.6814472840879,0
0.04423084211895615,0.038655292,1.7183656768269164,0
0.01710900464285517,0.033301067,0.7779570177850746,0
0.022608027238708778,0.04908833,0.6411699426453292,0
0.05985595037087894,0.07025755,3.000830769407583,0
0.015425058709425917,0.0071408846,0.7498111460746093,0
0.04123912028823275,0.089955024,1.758975854912525,0
0.041376768041672896,0.11157055,1.6926473089091838,0
0.03544945985797354,0.030011715,1.7477810921147512,0
0.24455264479749972,1.1941832,4.921939484223389,0
0.101376843304625,0.28514242,3.8282576713176395,0
0.04224514528753623,0.1042589,1.4372177623096294,0
2.5772359415861645,0.01648393,147.49452522369583,0
0.3255347051233607,0.83486384,12.641886360552,0
0.19184661158632516,0.7737007,2.306139236509672,0
0.08440657713848934,0.014758227,4.56714630592247,0
0.07225969412660285,0.10379447,3.441552484591908,0
0.051015529682458725,0.04300698,2.0072835218042098,0
0.03405824918995668,0.10335902,0.19335628451586406,0
0.042333362445741096,0.047993675,1.78595982831019,0
0.08730382617121608,0.32612532,2.5848473948975053,0
0.16904764865933883,0.23347135,8.183464081283546,0
0.06734476512069529,0.09589555,3.0503510607726274,0
0.019925607385431934,0.023459366,0.6545288115696979,0
0.07253148188347912,0.15720235,2.1012510105186157,0
0.6246094912293882,1.2080946,24.13802632591053,0
0.08548831941526518,0.4538911,2.0422686112339745,0
0.08646651892868597,0.046721928,4.537140732888027,0
0.023317104930882432,0.046985943,0.7531490464442646,0
0.024268007323070332,0.040863845,1.0631954876768643,0
0.019601473242765295,0.054342262,0.624015667930393,0
0.05221673409199925,0.12230554,2.18603546415248,0
0.14390968722929293,0.13133599,5.678568159285122,0
0.04528919621940867,0.06983561,2.122006754847496,0
0.019852319278949537,0.06922221,0.5082576154969605,0
0.03233311186132763,0.05992773,1.3583170258150097,0
0.0163809616035013,0.0055948272,0.9385599642464779,0
1.4873629847607321,0.0696638,84.190937832211,0
0.019650167050640745,0.081885226,0.5473214789390222,0
0.02307848399520864,0.020226661,0.9946591845381585,0
0.03146225602595924,0.07725932,0.5161079926311513,0
0.12190959993506845,0.27952266,4.907589966930061,0
0.028128494006455153,0.037543163,0.7888276965427249,0
0.05726505068085794,0.09745886,1.4651517746390557,0
0.5824314599322566,0.065057494,32.9263394701558,0
0.021668258360755983,0.06768702,0.7850094497387171,0
0.12057145180692555,0.08603965,6.066664925580382,0
0.05739884668895839,0.038364433,2.720967877529215,0
0.030014503538491055,0.017344872,1.4955059520708565,0
0.05681722802121443,0.14804655,2.17004320281973,0
0.03524849925696259,0.046786334,1.4010173610629433,0
0.05201588620041164,0.12546189,1.4458041195603177,0
0.025811499000253788,0.050107528,0.9271161117289677,0
0.04728460084540067,0.022326443,2.5621065070312428,0
0.02099083167151649,0.050751828,0.7503786634130248,0
0.18860257097912891,0.038202073,10.128997413802113,0
0.03545290762553427,0.046913583,1.2099452103723662,0
3.0870433823211085,0.35840738,174.01123474557158,0
0.100915294665892,0.27580222,4.11602196794462,0
0.03383287329731843,0.062190436,1.4063093809591611,0
0.0422834817769712,0.027647037,2.222106215615938,0
0.0759183598257401,0.09820507,3.673970182010146,0
0.028391013077723085,0.023677675,1.366803811291693,0
0.043972506017152135,0.18441942,1.3796094634635958,0
0.03854613676812165,0.1064947,1.377129378278785,0
0.034960558675867844,0.079463966,1.31042990440675,0
0.0448744606257473,0.014883508,2.5711172017813113,0
0.04771071048565878,0.042434245,2.2253362122308573,0
0.06267625642385227,0.22104618,2.0459608553866344,0
0.014257232991155586,0.028487684,0.4357214784298313,0
0.031352714713227495,0.022184834,1.6281599815570702,0
0.039083697715283874,0.15853807,0.9771316050263718,0
0.05131743484854077,0.21370375,1.6526513597870904,0
0.06621753463108786,0.04560438,3.3404585154388875,0
0.023323031042220745,0.023446176,1.1554248497625341,0
2.7748265730230535,0.15466428,156.7880208641261,0
0.04208758865339764,0.08933617,0.9466348816183281,0
0.10329406025288194,0.056076758,4.759925037248521,0
0.15571996343537642,0.23929459,6.973416399817252,0
0.13484373685061937,0.062168412,6.665773281115823,0
0.0464198302608742,0.1156701,1.4016766519373351,0
0.06535597464823516,0.118097425,2.8378950112467636,0
0.02120179808322769,0.037129477,0.9778664625440558,0
0.0258512386348283,0.015601412,1.1811165520008315,0
0.03415234157138693,0.06673057,0.7895142411109444,0
0.06020510178051806,0.04467837,2.92163395072483,0
0.017806444618632865,0.028009031,0.8139573425656903,0
2.774442125232426,0.23594777,156.9426099404987,0
0.032434330193535005,0.060126677,1.1012647430623967,0
0.2340314905557023,0.28873086,11.037102865342723,0
0.038997889859096746,0.093803816,1.6647865938209976,0
0.030377315338331663,0.042129956,1.3262988585081112,0
0.029375364515150475,0.032400828,1.4863044439130217,0
0.015979149754633656,0.027238121,0.5574505530364029,0
0.11468385041515683,0.07214718,5.646563742922615,0
0.02833037017169754,0.061540797,0.8590823223519106,0
0.046812840970143314,0.049441963,2.33256038774595,0
0.02504452242820514,0.055105403,0.9170549323379854,0
0.22650247204762824,0.4318163,7.028467079107493,0
0.07855178319290379,0.3569553,1.8625553922270779,0
0.03829483020832603,0.018525597,2.0376873988797577,0
0.12042583351364596,0.11584719,5.905430762231736,0
0.06989850246057164,0.22046493,2.535545914015325,0
0.1560543262322354,0.0723894,7.4939924645826705,0
0.06158514070795018,0.010904662,3.528568643284864,0
0.03444547233109871,0.053145345,1.511167523195166,0
0.030098632474997323,0.055877715,1.2213350755460919,0
0.10259445049978036,0.08096765,4.545726449428114,0
0.02720606234243892,0.026946891,1.3175381283126693,0
0.03514979688443708,0.1068206,1.320827959175804,0
3.430026903164654,3.149017,176.73027986792366,0
0.059657936208436985,0.049487177,2.6688148422729125,0
0.08887325440230548,0.22062048,3.0684354993377574,0
0.04690986500459856,0.026717544,2.292985165189726,0
0.8336131811927643,0.66308314,43.515808065663435,0
0.010888856436496345,0.040853504,0.2460363844009552,0
0.04598457535490531,0.08147945,0.7723113576615485,0
0.014760523939809289,0.026288105,0.6549652836020246,0
0.023758113053998255,0.05247929,0.838547161318229,0
0.20658786524908623,0.7964993,1.4733024997394135,0
0.029932551513047002,0.04132166,0.979940711627574,0
0.0914932313242463,0.34698212,3.006788068793683,0
0.03964897996534679,0.14091489,1.1326413090541085,0
0.03934481837518105,0.046870034,1.30735728011872,0
0.0809665172167485,0.07130742,3.8091877958531764,0
0.034837681132180665,0.07397601,0.4847298426671291,0
0.03492453864313065,0.041546706,1.3115383578964865,0
0.15826061716956455,0.44591707,3.6089240276509735,0
0.02203658610543314,0.08463007,0.6744576035571508,0
0.028438737763079563,0.12997113,0.5040290157546375,0
0.16567759617385536,0.15695927,8.246112587908915,0
0.030645040192331868,0.110659495,0.9577976595729505,0
0.0787650803179758,0.16931745,2.2584129884733732,0
0.06514619780060857,0.06258902,3.2292766340986443,0
1.8802744834964682,4.0687513,73.64986544198761,0
0.036598079852497495,0.036683,1.6950159239273668,0
0.03505978102487534,0.037714038,1.6086400289197051,0
0.33182659342179865,0.47448987,15.421780162550863,0
1.0213578601210411,0.27125162,53.06959375736813,0
0.06539731069894052,0.23162518,2.0083498734026572,0
0.027661089643701557,0.052000627,0.4818423569866071,0
0.053051442219437,0.165493,1.4630550327629217,0
0.04756279019459449,0.13896658,1.2383205054717215,0
0.06643697899600995,0.123797774,1.829546370988725,0
0.03453207943690951,0.020213343,1.7217995740281722,0
0.019104734589819976,0.03847041,0.6529395144441059,0
0.1285570474507043,0.23806415,5.454403301647352,0
0.10508674386799788,0.08326804,5.202472330199345,0
0.289547232377819,0.6381633,10.9961847967032,0
0.019268354512165256,0.034112517,0.5617104948433533,0
0.0105500358619599,0.031508714,0.41377247303644626,0
0.03567619584284864,0.07327367,1.1101707086544699,0
0.02028544277979489,0.016597204,1.0113993821987277,0
0.023180854742423526,0.012467328,1.3281651422466871,0
0.36359127193088286,0.25607,15.851216772193096,0
0.08916523368344784,0.15646406,3.401148120599191,0
0.03274457596197078,0.05950083,1.5046095240099664,0
0.03303592288234744,0.06433416,0.7925287323203009,0
0.015090411815421353,0.03862499,0.372584060873733,0
0.11050040920194444,0.087031476,5.604346888003687,0
0.02855375251794961,0.020537248,1.4897626052689443,0
0.04247996585281358,0.084358305,1.1749985111086017,0
0.10676624238008338,0.21272422,4.739734420191752,0
0.0627853536445032,0.12677021,2.251246686473591,0
0.032933946044271224,0.050625056,1.2731077367515402,0
0.012853374427856156,0.013190286,0.4533300713974374,0
0.08226923792280466,0.060424116,4.343266925172208,0
0.04074708036271426,0.09992378,0.3335544434336785,0
0.41373356753381957,0.033238743,23.41533436468829,0
0.15555714794174333,0.10151136,7.232477588029154,0
0.04255223947315166,0.073455155,1.0925148633234771,0
0.06233013322634554,0.1283471,2.499766683816638,0
0.029556029189134525,0.06725087,0.7008887564941971,0
0.13102032829335952,0.52142084,2.814452353518753,0
0.053927504101178955,0.17485082,1.9022366383740674,0
0.899318473031618,0.5400395,48.23987424911447,0
0.01322086005379044,0.014045392,0.5471598851020646,0
0.09048774326102804,0.03636311,4.883082303772959,0
0.1176118975012446,0.17084712,5.24461962973591,0
0.04342463568645655,0.060202666,1.567267454788254,0
0.1938735951034949,0.10415558,10.399328460181815,0
0.023028199876742816,0.05501269,0.9164706654603653,0
0.14104755564801902,0.5198605,4.945078072497714,0
0.04640995052053934,0.16679299,1.585692498129943,0
0.1377307646878573,0.13857543,6.216751444311396,0
0.08548148688350739,0.30067247,2.76708506428825,0
0.09705558862800578,0.35069475,3.380755849659321,0
0.029262384082407437,0.12203566,0.827726648307265,0
0.0695437213774521,0.1796816,2.25096078419123,0
0.042031861517412644,0.098535255,1.651720082412782,0
0.07802539775646226,0.09588574,2.6883141606945107,0
0.06815411338484056,0.1498497,2.401518312127608,0
0.07752315232464257,0.28984016,2.0445541077710327,0
0.03947225486593298,0.10846579,1.600958985499689,0
0.10833968690162155,0.06431717,5.514625848359165,0
0.04010659280046127,0.09461365,1.442107043933732,0
0.04633380926587306,0.043672822,2.3700300384225166,0
0.0738250943069518,0.124813125,3.1217480676666813,0
0.04746420045172947,0.033200454,2.360440361780062,0
0.029852782237967536,0.058736406,0.7691719804298951,0
0.010633878316039475,0.008207824,0.6092763473647449,0
0.0856050271267008,0.03984575,4.35530411355275,0
0.31083982405321764,1.2640985,0.57495804861892,0
0.06063183827509736,0.11269118,1.6445652975820266,0
0.03679974871401022,0.05900438,1.1855269963133337,0
0.057832671949163424,0.29301295,0.3611402047382216,0
0.050603505900811654,0.11391273,1.445793458111314,0
0.023408143764132743,0.05347718,0.7791525479351193,0
0.03366292853719059,0.06778228,1.4307938590727642,0
0.08200226120133884,0.42515397,2.035539247118479,0
0.05464964512407021,0.078971975,2.0003218377737313,0
0.039711124021916025,0.03223308,1.975522466978798,0
0.08280711428538982,0.36083555,1.6819181780047499,0
0.07991201931896928,0.04140536,3.8349684784821276,0
0.1348115553824508,0.24267066,6.052457480417777,0
0.03332210483923288,0.07087526,0.9609301164973841,0
0.07317650402137331,0.33176053,2.025494140594792,0
0.10276676315960834,0.10753197,4.248999729713875,0
0.031749867381586826,0.15724811,0.5889365037097821,0
0.03980007200551849,0.076811336,1.5756672738312492,0
0.03248445770572626,0.029433267,1.509325644184994,0
0.04070974406014555,0.05927851,1.815412032668125,0
0.07469726171194498,0.10039389,2.8126505579185728,0
0.043347537409302736,0.18997271,1.2285332064818197,0
0.13058843598535658,0.31182274,2.8223930442259393,0
0.0187480363272072,0.04279608,0.23599086505600775,0
0.12502296209233346,0.031176642,6.7935117936927725,0
0.055556409014200565,0.044662617,2.7678752480872415,0
0.27011288586674254,1.0336995,2.7723737177518166,0
0.07995788840089066,0.21961217,1.4363299219517225,0
0.018718972434916277,0.01788506,0.7960954524335468,0
0.2175400936024811,1.0497972,5.220250024414612,0
0.05891703090540165,0.13182254,2.4196250481061248,0
0.21137901562231431,0.117890775,11.081279901739443,0
0.07648813130397147,0.38856095,1.5567890957458905,0
0.03134684287101723,0.03450949,1.2089970702467872,0
0.038808797534274735,0.020318503,2.007675999315145,0
2.926998588567844,0.34810305,163.85280107382516,0
0.03278903706223972,0.1365256,0.8255378823409181,0
0.12266425267197886,0.2814784,4.201007228461263,0
0.4139481159005675,0.95018125,17.794292545822337,0
0.013275331623671338,0.060761787,0.3855206784426907,0
0.026714682152290736,0.06627389,0.904720963315109,0
0.02452313029107679,0.030100977,0.9596719219787153,0
0.07486406680227652,0.051638704,3.55142850338149,0
0.030822244254296225,0.06012199,0.6741870963590377,0
0.08632935947819091,0.11440103,4.196876965432625,0
0.05272191815226633,0.074685745,1.4128075843113024,0
0.09704105661621384,0.33134225,3.4445436464532984,0
0.01981181200040634,0.05760597,0.6780263237431076,0
0.049936873656792995,0.10881194,2.088034122237103,0
0.06131537782756344,0.101460524,1.747721057959032,0
0.15333408253444075,0.16432974,7.77305737590994,0
0.00825544620582757,0.0136017995,0.342403579193783,0
0.029684577379140573,0.09880155,0.9525028172648619,0
0.03792602190763197,0.14590473,1.049034130555704,0
1.9738353617121993,0.40823865,107.83852183529828,0
0.15716350760436432,0.114195,7.834821488414085,0
0.07737778451383392,0.058351412,3.9752898110050503,0
0.05011737485485428,0.05135995,1.9240764282926615,0
0.5941411242174622,0.30102584,31.010732357907084,0
2.3313679264859326,0.22736579,128.35847091093763,0
0.021036879486349795,0.077479094,0.7159008004135718,0
0.24893270841356743,0.19869548,11.613837467070718,0
0.026423133952506183,0.05175848,1.028988865008383,0
0.04117229016528643,0.28280723,0.6115017105654241,0
0.03936016440160871,0.12909396,1.2912693922716574,0
0.06111735663945991,0.10163821,2.645334186329186,0
0.031966586464446625,0.0703975,1.0159630972294407,0
0.054721995190148205,0.1332033,2.1326116785989817,0
0.2780063268472991,1.5594618,2.139785380616434,0
0.05251198277509173,0.107786335,1.8020513995847849,0
0.09965596813687916,0.18739745,4.42327058048896,0
0.017608022056349502,0.042781882,0.4189049850778897,0
0.35648983862479605,0.6536385,16.282657519836064,0
0.0986331415652647,0.04244018,5.273515277777078,0
0.02822867966974673,0.12562627,0.7113640952126896,0
0.08698216183477059,0.22447523,2.438913975894443,0
0.07594258663153455,0.102110244,2.6535579204745234,0
0.057733531798944124,0.17392376,2.180903400482258,0
0.028079771102935178,0.1439836,0.3026824286246754,0
0.026099642725967064,0.15702039,0.46908522519247814,0
0.11614947277436491,0.072920196,6.0643973117346155,0
0.07787371441994338,0.02534558,4.250417284321796,0
0.06893426262496075,0.04487462,3.4338705022017866,0
0.025412481465519762,0.028073186,0.9056856559983456,0
1.3763338589532308,0.45443097,75.81782866891707,0
0.06502261784553362,0.33745033,1.5946611428519188,0
0.03272154013738952,0.07555551,0.7215376723069759,0
0.07259809929192515,0.29008034,1.4268183828947698,0
0.05045997953250059,0.023635894,2.6750710672592852,0
0.03700997873497163,0.076541185,0.8946641784435881,0
0.04615986013932512,0.04938492,1.9864663073280773,0
0.06728390336891653,0.11770454,3.1115828097730054,0
0.029355242649300124,0.1133122,0.5322210286030108,0
0.014416945291257456,0.028012313,0.43243553185918043,0
0.03591913276216964,0.04304239,1.374477233272736,0
0.01657908801129012,0.025367085,0.5340342525437768,0
0.1962232930277928,0.3252176,9.059257294392422,0
0.026685616051544965,0.062106814,0.6861760680915304,0
0.016419314030200364,0.014504568,0.9407573964304191,0
0.3219740861190936,0.9138309,12.068481225158447,0
0.05081971631720476,0.11933584,2.0736222143671625,0
0.039657968769169445,0.04437458,1.8098850692385342,0
0.021628549147180674,0.06328094,0.22476465351135524,0
0.031267810874186217,0.054605823,1.4543969113351638,0
3.195168858600633,1.9899068,164.85949768703517,0
0.353796554398969,0.3569681,17.825924039623864,0
0.034659058223426444,0.09866224,1.192701260959668,0
0.0589205561025283,0.0424844,2.6949813578199557,0
0.9717308936818916,1.7245135,43.22433425368126,0
0.016187862250320647,0.06596635,0.45753039956610103,0
0.6663169191323123,0.3798795,35.70656412814964,0
0.013485068703684926,0.035222575,0.383633437136278,0
0.14850610967894057,0.35547924,4.852398030204892,0
0.030636963815935673,0.03103555,1.5323163432607225,0
0.12357413590978719,0.064797044,6.362284024208186,0
0.060036096733523274,0.08948893,2.642107616511575,0
0.049664114484896764,0.11402391,1.147301819541314,0
0.0427531303614083,0.09669572,1.7945983830299377,0
0.07401997497420884,0.11906135,2.2834969613527245,0
0.05503336000114265,0.053998202,2.8097848031801242,0
0.337837581423831,0.07301439,18.19534289163342,0
0.016379272260258086,0.054948233,0.43305494671949546,0
0.020664287178425472,0.029594123,0.9182226926273165,0
0.05151522912675493,0.26246747,1.3662892749485347,0
0.061137439274626795,0.1641156,0.37949777332285606,0
0.15823411852554603,0.0133246435,8.907850408797714,0
0.031581844403687054,0.06340757,1.2154171265317988,0
0.0237878412658904,0.04260942,0.9985922833212924,0
0.05238196448337434,0.08646323,2.4102580765219015,0
0.058372253164026944,0.13936852,2.4636813879841357,0
0.02099410425076642,0.026352106,0.9920921828720516,0
0.03414451616008583,0.028763412,1.7396884451222783,0
0.033223852950884494,0.064359955,1.2029606892278486,0
0.45379618070353456,0.3220769,19.480287485060497,0
0.05709049271821452,0.044256642,2.3324161018359213,0
0.030585770466838608,0.18231931,0.6528855614991607,0
0.05790572339406157,0.022830516,3.041005394020169,0
0.05624419173108489,0.14996932,0.3657731195577516,0
0.22803744868710968,0.049951274,12.055415904817322,0
0.03494292652701046,0.11225922,1.0033249958436183,0
0.025412761234065384,0.05859698,0.8134662773948691,0
0.05130077548731437,0.06018355,1.8317803356955207,0
0.03410168251735544,0.055618983,1.145589305062907,0
0.023535845519007188,0.02990147,1.0798718613917992,0
0.048631804848101756,0.11227137,1.5879896784893968,0
0.06722413637161737,0.1090091,2.1913079698369318,0
0.01889001525525328,0.03204325,0.5195438586269066,0
0.07147393693018114,0.22494577,2.6443962845898685,0
0.013854713206560763,0.022646796,0.6125554054002836,0
0.012665825296742582,0.018414425,0.7256983335533834,0
0.07493073797140001,0.31945106,1.8540797837562797,0
3.1581736917781513,0.13874665,178.72918771295193,0
0.04893358490321308,0.011163205,2.8036878913991905,0
0.3070976783040976,0.6065492,12.338931676078852,0
0.08592054036988336,0.29749137,2.4351117286792876,0
0.02019899556169322,0.02008126,0.9195727985519192,0
0.01689834786984159,0.017303886,0.7711646887968702,0
0.08185747583852203,0.17292243,3.052040971094287,0
0.04374602455977859,0.053459898,2.1186472648028376,0
0.014248248532755137,0.0135914665,0.6797133252025018,0
0.26198665069393434,0.7789478,5.7904990648058074,0
0.04124213581142246,0.066799246,1.2653514611600796,0
0.056293205477283566,0.10101822,2.37804663966779,0
0.021135405656694597,0.023734782,1.0312707471581422,0
0.021192888787867396,0.011983796,1.2142630832349248,0
0.02481441746349622,0.05202512,0.5830178969161954,0
0.04427005366337546,0.04121303,2.1880610080746172,0
0.07123612369774547,0.33618262,2.0545741241293727,0
0.039267191818100705,0.071906276,1.4317689153966975,0
0.031027645952321915,0.14852056,0.8676430475513007,0
3.4230689967099233,2.0731292,179.64371140350147,0
0.1131454303730991,0.28822055,4.592930226912929,0
0.09320222690117375,0.41499853,2.330373092439095,0
1.84528608830263,0.23537654,104.2262217968107,0
0.04589684173308202,0.21180758,1.0940806484993435,0
0.09732965691167751,0.03589704,4.871345415714034,0
0.06423157371288604,0.15452637,2.594356062046048,0
0.011598011232748551,0.024297107,0.37476176681093404,0
0.02963909037945451,0.10832383,0.8617498112699495,0
0.03693709867688692,0.10663753,1.3014494151201088,0
0.10541504621453344,0.33657822,3.625705815911227,0
0.03260106445452926,0.077005625,0.8608805867759125,0
0.01922627728456465,0.045844898,0.7475925680994198,0
0.016228980159762013,0.013087846,0.7114816364022013,0
0.10595180739155681,0.08589866,5.263732877733401,0
0.028882934645703615,0.03581563,1.279618808376854,0
0.013572787092190192,0.011283203,0.623723559221547,0
0.028156442317163327,0.05774552,0.8775302037686179,0
0.6141248774165038,3.6529758,10.886507786180104,0
0.13669244132277722,0.05553738,7.397157744772388,0
0.08897594154351096,0.26365554,3.4464997822727925,0
0.041087821356648735,0.029163633,1.9213706198743465,0
0.042059878316723025,0.02341947,2.1795014359202405,0
0.054432316484949256,0.16078624,1.7415931594731,0
0.02414866763254897,0.065882035,0.6477692408248187,0
0.035413925841709853,0.04912928,1.4583312095663794,0
0.014014417315409571,0.03070577,0.486611278451551,0
0.26767937924489427,0.19791074,13.481683564828987,0
0.02037528302107096,0.055305127,0.2693388812502863,0
0.07241321316822177,0.062106777,2.892623724823769,0
0.08274918039973986,0.012113569,4.594289080286805,0
0.024603151219411066,0.024733407,0.9024375950408491,0
0.04821561755160496,0.12622432,1.8501704541253252,0
0.022372183466101002,0.039785195,0.7388424309762192,0
0.1669395675011457,0.12893608,8.244840859768857,0
0.07734696276378425,0.19452691,2.3288175043220996,0
0.01667243158482672,0.01601453,0.7608474872083483,0
0.046163809989742316,0.10335026,1.6491826612319185,0
0.11616455687750334,0.048071604,5.967020501750661,0
0.10591738151561339,0.23518862,1.2849418465600275,0
0.03945020539034865,0.029790483,2.0799667850598103,0
1.1521811964473447,0.21934703,63.57574227468873,0
0.12751715605583963,0.18077734,5.473025872018988,0
0.01923581818903214,0.102874205,0.32332752205998827,0
0.04889803878451713,0.19669454,1.5741345603836157,0
0.03221981857180103,0.099343896,0.6885418059489592,0
0.03580429700045708,0.0150222685,2.0514351065591034,0
0.04461360945767513,0.07678494,1.50251015730188,0
0.16145167071025315,0.041747868,8.770561464128798,0
1.5087412131337736,0.3728783,82.8636914133824,0
0.037570824825016065,0.06476755,1.3376641597351397,0
0.04237964625931134,0.09158952,0.5496583355337996,0
0.10121314430987763,0.39920476,3.1213382971879473,0
0.033063899209288705,0.044644207,1.3978803064089198,0
0.04984971084855393,0.031439,2.577011401522572,0
0.04239601715600144,0.09128429,0.632283033416812,0
0.07470283125750597,0.043687586,3.8351128947920006,0
0.04189390484038734,0.14856799,0.8715084350853756,0
0.06066821858500712,0.17951691,2.0301092556847378,0
0.7216180931267074,1.2975639,30.665464006961646,0
0.03258319569952295,0.08736506,1.3045690120062523,0
0.0323460472740817,0.05395855,0.6558975057561108,0
0.0667052600691764,0.1482471,2.328925332637311,0
0.05498666850424029,0.08421278,2.577007681365455,0
0.05672238901262071,0.09546574,1.8156230534081248,0
0.10887051722787676,0.2747823,1.2555294152141012,0
0.06253131938176107,0.022618365,3.4439436995049286,0
0.10703120439668619,0.15891357,4.460672249968982,0
0.055033903369066474,0.08055196,1.6396126187382765,0
0.07268973583842404,0.058105405,3.8079985780625245,0
0.020580626518036646,0.031092154,0.8028944442271656,0
0.02730301172612885,0.061763737,0.745069243889818,0
0.051695864843748926,0.06844443,1.861690586042178,0
0.028544783022849612,0.031459775,1.1615852666421593,0
0.020658412090318157,0.019294398,0.9906608200062733,0
0.02064134822241623,0.04630273,0.840573045839151,0
0.06530909354162062,0.13415112,2.891997302253302,0
0.04731920842386643,0.12532549,1.8409627736559022,0
0.01906810089613161,0.036344897,0.27834933515154553,0
0.014147224062610732,0.025738958,0.6030653319326641,0
0.03367079256905292,0.008332497,1.9291943070671869,0
2.6624085608793466,0.09768644,151.5309716741452,0
0.030018405405084714,0.08352272,1.2178046595998608,0
0.03700834620939997,0.08855379,0.9117573185608407,0
0.07500566153074294,0.13982277,2.311567164867298,0
0.023531300778714886,0.023349872,1.175822952345895,0
0.040022736973324494,0.23482007,0.4780087933252722,0
0.047753240538024634,0.060406674,2.2249088609549816,0
0.028861420435929274,0.0203028,1.4079624807947568,0
0.07053831070204256,0.091701835,2.9572689470134583,0
0.04602452641138821,0.129498,1.5732324195633076,0
0.031183434718842357,0.03111491,1.542131507274648,0
0.06434637291660335,0.13732767,1.849161864002183,0
0.035403765525662406,0.03243756,1.5889484892382506,0
0.03814328635020754,0.056798078,1.327533328725206,0
2.6111442448552507,2.5186915,122.37797810563812,0
0.23500372605306524,1.2179562,4.093719206904656,0
0.0498465881555831,0.10677272,2.110464499823513,0
0.056813855928751204,0.058514595,2.8266137193460583,0
0.040963150712861544,0.12902294,1.5371071875507964,0
0.0326704733981267,0.12127699,0.9810278983898756,0
0.10314246206568292,0.09391216,3.92462580864485,0
0.07288966448511407,0.34114188,0.9530020632853099,0
0.03149320796214606,0.049243074,0.9875805504769386,0
3.1418108130906406,0.15696505,178.51696641391342,0
0.06649415077907954,0.28157285,1.6743964753976393,0
0.04345230684846518,0.050623737,2.1354922993602785,0
0.10900699716142337,0.27787995,4.169373930747417,0
0.02947568516764407,0.052158464,0.886803424849995,0
0.013041226088438615,0.018071795,0.5880598848594514,0
0.06600780998864736,0.1436944,1.9252628964359884,0
0.06264350160127856,0.0742944,3.0306993650132488,0
0.026375125669380696,0.081487186,0.7201273638153406,0
0.04481385922234485,0.19919789,1.0684598823378257,0
0.04205453560240981,0.06589666,1.6806109882393234,0
0.09789592499875382,0.045000594,5.180085533090338,0
0.02724791461095967,0.029979976,1.1558859084535194,0
0.07409357687887183,0.19328043,2.1082260599762117,0
0.056357977772802624,0.09895451,2.173497240187078,0
0.022113679468473302,0.049717087,0.6721958700966074,0
0.06697521516377074,0.07777021,3.3094482440975588,0
0.08841414760723536,0.37891454,2.5985388593461063,0
0.014480677368794274,0.051009633,0.4024881564143049,0
0.6254985446625971,0.9333697,21.558979651140447,0
0.038353744615722024,0.019904038,1.9996749475929074,0
0.190175667880944,0.1541426,7.909561430491149,0
0.062064435405131804,0.087846406,2.437967513033012,0
0.09491579328163202,0.06285559,5.0272606605551635,0
0.05036697952047506,0.115588345,2.053020633129172,0
0.027129399626126496,0.041615237,1.2145198276802374,0
0.041145267647775007,0.027803369,2.1491784921127333,0
0.07527172420525224,0.041931916,4.0491803696068915,0
0.028878355617474954,0.021838976,1.3885369965873078,0
0.025800493734719234,0.036973596,1.172417243059157,0
0.052978389483301,0.1501747,1.1242483132994725,0
0.0320303700864315,0.08840704,0.06048169958642881,0
0.04088657567184219,0.03103301,1.9941625120532211,0
0.08308053861545917,0.02689965,4.334838044078168,0
0.020702655151509257,0.025988597,0.6127723265848954,0
0.09398799447787842,0.09646051,3.3596394587001415,0
0.07278769086647086,0.049163483,3.7241430335047827,0
0.08252529483584103,0.13421004,3.268588873764465,0
0.04173011652350471,0.08247741,1.3885603524646535,0
0.03550298921413378,0.062950484,1.2105922478683833,0
0.2749164267213464,0.62832177,10.600337557369345,0
0.03943072770797375,0.025972351,1.796217901715235,0
0.03747767865105601,0.121083066,1.1376585614510228,0
0.1627375511962714,0.25206074,7.201249391519587,0
0.02725978824738311,0.028310379,1.0493639974463251,0
0.06091286319137549,0.086322434,2.4830423193032374,0
0.043425349041874214,0.035459716,1.965883642533103,0
0.027658369357600156,0.054428525,1.2379676229383472,0
1.0183334231253423,1.4858184,49.3024203965225,0
0.056975335784084695,0.08903439,1.5981360379360987,0
0.02381133975080663,0.03717455,1.0494519426054094,0
0.045002086752840696,0.07293908,1.9190662296347811,0
0.07447530031555508,0.14752243,3.1780205760741844,0
0.07774388639071828,0.17975982,1.5253068732829482,0
0.42061316767614715,0.26619792,19.43447073972082,0
0.021713395993157112,0.041552722,0.5359640060298404,0
0.019560707764343783,0.02186792,0.9625266814345301,0
0.03506204642004207,0.11550995,0.7063269202672279,0
0.027214569287753558,0.06624037,0.9644980171849279,0
0.012791712528710844,0.023154518,0.5408664316020231,0
0.08370210853299363,0.085566156,4.144384175050519,0
0.10326033497440418,0.05497221,5.033571804314374,0
0.027978067940896814,0.03328404,1.206029164255691,0
0.1468749258141545,0.34748778,6.195191751916975,0
0.0673262772977257,0.10932128,3.18794697457287,0
0.029380804521795773,0.04070486,1.2831624070410945,0
0.10452818448494804,0.107630335,4.740695643036826,0
0.2817378722353756,0.64704454,9.937126154199197,0
0.018586559767180433,0.04292716,0.6353897446874275,0
0.04406868840897434,0.03113117,2.0379914642744086,0
0.035135069332511884,0.10290491,1.2605598860032325,0
0.030663513219826216,0.06610823,0.720807078117895,0
0.020755502833554092,0.029579349,0.956692135712394,0
0.04691752790289221,0.07740645,1.8805042235131706,0
0.04645166488916922,0.060627688,2.168273187887633,0
0.08008313817118587,0.16648893,2.6672778155115644,0
0.04805779348041671,0.06969946,2.166383917176759,0
0.027006316864886148,0.03838467,0.9732338645445928,0
0.01919182532849549,0.08205123,0.5493674046485185,0
0.06079185210898773,0.08951669,1.9312462420610916,0
0.020472944322609828,0.011867774,0.9407930886507915,0
0.04824484473186924,0.15372495,1.5644032604490143,0
0.03847679118317983,0.049756505,1.6163119172424114,0
0.10924502124890147,0.04283413,5.9793016991003975,0
0.038146065473352156,0.07262073,0.6272245914947447,0
0.023599991610874164,0.016181687,1.0721727623258486,0
0.18475403677898228,0.42430726,7.485888848046166,0
0.06937319139026234,0.4528804,1.1070119309199489,0
0.04411227153805394,0.026957784,1.9233795041409272,0
0.03564591555970102,0.031754874,1.4644307852974152,0
0.15361235071150256,0.25686964,5.131720780633386,0
0.12591627108721304,0.20209488,5.091243422574173,0
0.02513726816911174,0.047788586,0.6906446190658684,0
0.029709819704638152,0.063948765,1.1537814879927655,0
0.963184160614733,3.1194391,30.024221404200034,0
0.030266074610178925,0.013862811,1.7341183375913107,0
0.028782374097321223,0.050003834,1.2282161084681307,0
0.08322101261974163,0.015335751,4.641367772694691,0
0.02913549962387184,0.023323884,1.4999175463583205,0
0.012090822437598727,0.030729294,0.4239753342795516,0
0.036189282033305195,0.016359914,1.840492906608804,0
0.2706294567392079,0.04150842,15.200417297915761,0
0.06693523754559966,0.06455804,3.3165157481553753,0
0.023877962765047233,0.0293253,0.7222481241204142,0
0.037475376490038285,0.120493405,1.3582664718455653,0
0.03463639389668511,0.079902984,1.4342710374468737,0
0.04941717438564154,0.08601291,1.0413506491397166,0
0.0234212940991466,0.041691925,0.9786515714711415,0
0.06679324683632963,0.17640413,2.607322833184855,0
0.02557914620971936,0.028291734,1.1891731060741793,0
0.021835373862050065,0.009017857,1.2510747663857413,0
0.056440297097135404,0.10082267,1.9383160953300052,0
0.11899669058673863,0.09116035,5.456720495766038,0
0.05872281301634994,0.0081768045,3.364569346972747,0
0.027086811097846244,0.0728497,0.6372970946631562,0
0.02447724653857689,0.025189694,1.2510879297861597,0
0.07413029354434457,0.19110231,1.1872320514958978,0
0.037512276360034416,0.1462332,0.9964210820495433,0
0.026595046150662712,0.0072721,1.3858484969044764,0
0.00753890493466933,0.011535967,0.4319474349069022,0
0.10493797448822209,0.45995367,2.5827989026290097,0
0.10140437268003177,0.1568998,4.572764909647121,0
0.02586337001425239,0.023040326,1.1991837347477552,0
0.3295634225215842,1.1310318,7.783902913770648,0
0.028788422724153925,0.05161753,0.6444181843311316,0
0.030363373076679922,0.052921444,1.0171211201986228,0
0.030424964496242025,0.044968344,1.444660508305326,0
0.1590580221929586,0.6794505,0.8359495670538073,0
0.04492330433517336,0.16822918,1.1071654862123306,0
0.06786016283120148,0.045315593,3.5998933846264536,0
0.12763216800711186,0.19566934,5.927433936144577,0
0.04262641821857631,0.10880599,1.0807734918064753,0
0.016291236615253467,0.0557039,0.4622693971435103,0
0.02218784411654602,0.03508146,0.8316997401641476,0
0.02803373143240371,0.049461473,0.5924099434617988,0
0.0477420929037909,0.21399076,1.341546478708876,0
0.5483506666870694,0.938773,23.893485844250623,0
2.9190377573846207,0.40356,160.66799456652814,0
0.013409933041118337,0.035468627,0.3505858974945425,0
0.05164231764423796,0.11105708,1.3290690265310805,0
0.07038798069664587,0.14239049,2.961668890086216,0
0.07024921279923987,0.13344449,2.9572297529616867,0
0.06651779992740287,0.2068413,1.9122188107104208,0
0.08656677728403647,0.11018392,3.906115034885428,0
0.05613007141762897,0.10068745,2.069819633098274,0
0.15542384990694968,0.22684912,4.772532788876415,0
0.18205076896424244,0.124666415,9.393973498041396,0
0.09302836150088459,0.30598232,3.2873919554491438,0
0.052357245205675085,0.0480882,2.6597923345339263,0
0.04329945673879804,0.061932947,2.0042394326018655,0
0.26005886952772134,0.29694036,11.95504791957055,0
0.06303194891592234,0.08868128,3.0453373743774668,0
0.06042969048001066,0.07494681,2.4022880990368467,0
3.1301545683504512,0.114695475,178.25757143790898,0
0.07410405956630399,0.29315546,2.023840550872265,0
0.054449066253904096,0.12136037,0.34829608998357403,0
0.6991737863285267,2.1443453,18.969437030809775,0
0.11448166582063402,0.16968556,4.9851785933924475,0
0.36049061188240483,1.4789649,5.4289156247182735,0
0.047432692731225225,0.06075014,2.3028560423510642,0
0.03335483603403898,0.025148315,1.755977014678807,0
0.7100600803079339,1.0654294,31.864601805499692,0
0.03298716892276544,0.16943981,0.7291555069668013,0
0.07246079874200878,0.17746769,2.4197131992058263,0
0.03866058815807375,0.08832826,1.5460708120572386,0
0.034402679677677725,0.07796414,1.2968282756673728,0
0.10179276226721629,0.11534835,4.60338743013212,0
0.07415366702309398,0.24353547,2.5392542883206097,0
0.18064421734132746,0.22929785,7.003693446508514,0
0.06980116002584355,0.056437474,3.3996222793271933,0
0.04249640243309111,0.09874462,0.44792320076116643,0
0.10302941357532719,0.32012153,2.9630595634055745,0
0.03886776249149849,0.058652565,1.8072553914505274,0
0.023575219612758512,0.037527315,0.6284982290581405,0
0.5427224066410695,0.77119833,25.361133296520894,0
0.08683990065786726,0.020723704,4.840197457873383,0
0.03859488347147279,0.067145966,1.4002466537384122,0
0.0314987890414101,0.05659829,0.8873817627701406,0
0.0545770013579742,0.18032949,1.796752283749972,0
0.026237315174744796,0.034356967,1.2491431565642603,0
0.022136833312043577,0.047572102,0.46646599661484134,0
0.14240917205280906,0.5570105,4.104871342095417,0
0.08731148378793792,0.52950937,1.0019853286014284,0
0.07316976326721475,0.08236854,2.5050046988786834,0
0.15566615586077842,0.058916908,8.443826384233079,0
0.08031987645424632,0.2783764,2.5060232281736248,0
0.02959289490837208,0.098031566,0.9520785289342831,0
0.01688914468907332,0.04229261,0.6937114727189848,0
0.024022516935408668,0.0802075,0.8183647797287995,0
0.03511009637509585,0.051278844,1.6823301765971155,0
0.020318837874292905,0.036405787,0.9179103787100324,0
0.017869904416083642,0.015921336,0.8726221142185444,0
0.05386403893602179,0.0169428,2.8105870871622654,0
0.14836511475127123,0.68588996,4.222360882548033,0
0.03385387941941688,0.050002944,1.2320572827919056,0
0.018959103409962666,0.032265224,0.875497357822538,0
0.06734081570307032,0.12242039,1.542970377718556,0
0.06517032842388715,0.052616764,2.940068605287924,0
0.033940769905105875,0.086895354,1.2715072787559587,0
0.17221546877250596,0.34777093,6.251413857348892,0
0.03875095207900437,0.061558343,1.8292446932095785,0
0.03263024443106667,0.028079925,1.4853770695258814,0
0.024288273233293734,0.04834027,0.916240945080315,0
0.026566682934529323,0.0323903,1.277549456508504,0
0.06214700637061305,0.16960089,0.2804659222012946,0
0.01426034279889416,0.02982387,0.47081950634814124,0
0.04817933589496455,0.13190548,1.3968665333100074,0
0.09841160191341183,0.22450115,4.28021984244202,0
0.023339561695392766,0.012616031,1.061269459615046,0
0.030312750667877583,0.02117666,1.5029538153490938,0
3.020939707312597,0.103546545,171.80119979656521,0
0.023328361093542145,0.019189889,0.9465377532894135,0
0.3497936190346376,0.09401157,18.71400982848808,0
0.1445412496995963,0.08773388,7.703269898523899,0
0.027595574382645274,0.08905001,0.9819963271400943,0
0.13446955679057965,0.1672827,4.961514896510791,0
0.07071836256841177,0.08986941,2.3847591407571564,0
0.04338543728447328,0.041859753,1.7458964335962643,0
0.037269744896262745,0.04194655,1.804558276346312,0
0.020962831852229274,0.020726265,1.0636560244567506,0
0.057465460020917215,0.039080035,2.946203745193382,0
0.05433685199725996,0.07715584,1.976676946830862,0
0.025605193756847326,0.035930246,1.0471991579833073,0
0.012882139306319835,0.007910403,0.6125781358632592,0
0.29318408891695463,0.1381362,15.766191956742455,0
0.15919977070548075,0.094738215,7.883530174401239,0
0.043290290892337886,0.033098955,2.2594149263236774,0
0.04884724328701086,0.16656685,1.3727038907581721,0
0.025606189143406774,0.07345289,0.7666889603988166,0
0.02035390199799205,0.025251415,0.8182504117086652,0
0.038716102214243465,0.1553539,0.4921627387695529,0
0.5613237809085774,1.7544414,17.932683243255276,0
0.1291729758188006,0.15857935,4.403610290102527,0
0.03367096491475588,0.04951877,1.6181668918584438,0
0.11518291772157672,0.2302786,2.29020064404098,0
0.1512369841018347,0.11146412,7.762570031524248,0
0.023242014345848598,0.07777394,0.45211235936148014,0
0.05522713616357499,0.021471774,3.0173618863992546,0
0.11449781258405868,0.12695944,5.699427827612128,0
0.024302474342024635,0.03554324,0.724414085694111,0
0.053369029439955626,0.08644728,2.484323470041335,0
0.062087428807089375,0.029553011,3.2758604613280213,0
0.022546826246459876,0.0424172,0.9956472055053098,0
0.042059495992389666,0.06687434,1.9837167037834482,0
0.08318364996309228,0.24157335,0.7263515601328352,0
0.016802366749139402,0.019063178,0.7506012467108907,0
0.06624773173199469,0.110905096,1.9362903441233115,0
0.04785554083804099,0.10905949,2.0529625897685437,0
0.027682572678854055,0.02612528,1.4225331477459007,0
0.042370348305349956,0.04754059,2.113966737299628,0
0.024186285503223267,0.05028824,0.9273725263850493,0
0.024517450663091696,0.046682537,1.013425299751908,0
0.2760558133872928,0.06583868,15.348724935159046,0
0.02677991937771015,0.08962333,0.30217458472337033,0
0.013099177740514278,0.034000218,0.1549156700400482,0
0.035671418308025726,0.15743303,0.708888138886435,0
0.07128015259548273,0.08643343,2.9934689852479472,0
0.036053797555477565,0.08478492,1.390508819614478,0
0.024011972582784286,0.04775009,0.6968518770862185,0
0.040294495326353305,0.032823905,1.9915224075440412,0
0.02900575732571796,0.015843323,1.4186044787620977,0
0.04979566328453121,0.023015657,2.385715511738017,0
0.05663286519804638,0.1289397,1.179453499744978,0
0.039057776498890084,0.13999249,1.1076886062572007,0
0.01602129817167665,0.009695757,0.9179527675577341,0
0.1491267705761654,0.12880135,6.828263518007739,0
0.11714657458357665,0.04209395,5.837215610468766,0
0.05402110342487626,0.09800028,2.440489136084304,0
0.04689355976396463,0.11364221,1.581929462563601,0
0.155663608786949,0.06975279,8.237640747706529,0
0.3463397923711465,0.059298046,19.27051698592743,0
0.03721203363699861,0.14219402,0.9763379156293291,0
0.03080912129268979,0.029158296,1.3011412767952317,0
0.029637025341213333,0.06444515,1.1848458632161323,0
0.030323870670447787,0.101159416,0.7906363489677316,0
0.03480037397519063,0.058085866,1.5952203241045397,0
0.06666779156311178,0.36173537,1.4356201788666068,0
0.03170369356082918,0.09864227,0.3753136522706748,0
0.17024721945690477,0.032636303,9.405824928651022,0
0.044661034247939074,0.021520173,2.259486148168157,0
0.054149394858553614,0.07040985,2.537942535456302,0
0.014368928026225953,0.029786134,0.5786338289562996,0
0.029278294605390057,0.01634931,1.4849279728603857,0
0.20443034095657908,0.70166147,6.1561472122408984,0
0.08889442043611995,0.11551049,3.8030025399991594,0
0.02580791937545683,0.0456291,0.6884735927223594,0
0.025766634571575308,0.044513308,0.6647792811929711,0
0.054529774265388166,0.11945562,2.1691051847613303,0
0.0852603916731696,0.10765575,3.9160047822860746,0
0.042015938395469604,0.12063141,0.9132389983126631,0
0.051018461155857314,0.036979266,2.641179992868038,0
0.22743866317711733,0.13478212,12.057144633930688,0
0.03646797024940946,0.08698844,0.7697800829243714,0
0.09310630351298767,0.12847099,4.402898215814053,0
0.11068047060106584,0.37632665,3.78629564339114,0
0.15802633352471965,0.07023595,8.427422536073824,0
0.11745050935862203,0.17995484,4.891817136534596,0
0.1362603614152386,0.23353921,3.8570219651935513,0
0.023270715192920684,0.05068118,0.36217698004539545,0
0.031091565904582383,0.039649945,1.4393486121350596,0
0.07062875192981413,0.2912242,1.1733556854989602,0
0.015588740377039549,0.019636376,0.6003057010820424,0
0.03380814669581185,0.032461755,1.7299276132324195,0
0.041667404129884816,0.14334686,1.4443369088001135,0
0.035753393489952684,0.04858768,1.383062344116304,0
0.118457320888246,0.17745622,4.771372921610285,0
0.0558788094265174,0.045740318,2.635942236551803,0
0.0719346281822628,0.039536167,3.806516231069289,0
0.05477322155148315,0.0353662,2.9236054082626812,0
0.05172297710340791,0.07646486,1.9347041112330186,0
0.033287123198342886,0.05044684,1.2535620342183122,0
0.047589650770454336,0.12812483,1.2419785692937786,0
0.051655893575335066,0.23229846,1.466223016087728,0
1.1288555242041718,0.9360111,52.47423615132745,0
0.05851544711833332,0.027506098,3.1556349841711913,0
0.09468791345691621,0.25193372,3.365095941078634,0
0.2233970685022293,0.070409924,12.31021033369049,0
0.13846994620910155,0.1264459,7.115876272121921,0
0.11654896507119508,0.04117832,6.187117806499495,0
0.028343932775332897,0.0057264487,1.623987722829101,0
0.05903044769414782,0.12832396,2.0480997016236815,0
0.02475561472455351,0.027319996,1.0732680669325239,0
0.0322990645359069,0.01519818,1.6463926718084705,0
0.0340933165782463,0.047173336,1.4805305303592726,0
0.04936372617496783,0.20061381,1.3739850463191317,0
0.0602337150851976,0.12215456,2.5434935634878775,0
0.021486854125238198,0.060845647,0.8330522365145884,0
0.30220614866662077,0.30683357,11.791636304244745,0
0.05070968820886743,0.05143418,2.394932413900371,0
0.05152911278686846,0.040411748,2.700324309170074,0
0.18343104762558346,0.05114863,10.157067227803822,0
0.02366814082339911,0.052082375,0.8355328095669374,0
0.013619050885213037,0.018552268,0.47995125854044146,0
0.023925878397353068,0.032869842,1.0641890861414027,0
1.4273133485600542,2.000768,65.63814984974998,0
0.044394437841483156,0.061279036,2.032206549636767,0
0.02871486268567453,0.049746767,0.9494345029248046,0
0.05426837796034825,0.021226754,2.9212531723074755,0
0.03229009808899098,0.03282878,1.2831810663383927,0
0.15620998973797764,0.21816471,7.603818940458094,0
0.05759888157417755,0.116519436,1.136131754183931,0
0.029216213042148435,0.15867491,0.6067319942695826,0
0.008190854690517335,0.011307387,0.2764037354406062,0
0.2902804707649238,1.7365851,5.981472112944694,0
0.03269634854721298,0.06320434,1.3867768457602698,0
0.015547414161075588,0.016641283,0.7388842929944824,0
0.5050523485080098,0.8377986,23.53070508825267,0
0.04442028341184232,0.03374923,2.26509313360043,0
0.03470292469951198,0.09842354,0.3559001155968338,0
0.08490634932857052,0.07082927,4.34040978825589,0
3.214689880581833,2.888376,163.99682738580094,0
0.08472802019815552,0.21990086,2.965289646500719,0
0.033401921064176096,0.08160607,0.9013168667632195,0
0.04286571299554322,0.07003485,1.7072267996912471,0
0.14981338089799784,0.055128228,7.55073948905308,0
0.026853269718196966,0.047263924,0.7820061169711184,0
0.16746402574452554,0.05339483,9.20040968444479,0
0.06114295805842802,0.27144152,1.6212157990313383,0
0.03454442934749663,0.046826005,1.5435936481661467,0
0.01613790595102392,0.03188678,0.6669412424740317,0
0.02325053565469664,0.020208437,1.3321575644325578,0
0.012577215669172807,0.035393145,0.4411073833504354,0
0.024271477964198533,0.04538054,0.6017887589542438,0
0.036818188295469303,0.10768877,1.4348398586608517,0
0.5182414485153637,1.0145897,21.05867608223611,0
3.1528860055424963,0.51983774,176.4381519878167,0
0.0348582020639781,0.04287983,1.1857665416457077,0
0.02852417711093257,0.05903556,0.87118203536025,0
0.09142621091956904,0.15210141,3.8209857520916817,0
0.015035027622359396,0.04095348,0.3974646617974617,0
0.03098686043108699,0.032997407,1.0983184863802535,0
0.03459495334075576,0.01728324,1.815919372160572,0
0.024884666044317036,0.025715182,1.197750068124686,0
0.22602051830766806,0.40481445,9.566912119491883,0
0.11971537109652257,0.113150075,5.47378152505271,0
0.07186199578545635,0.09745921,3.413145389407321,0
0.04168410430756507,0.056025986,1.7961922191476298,0
0.022196700649378245,0.017384164,0.942770709223576,0
0.1164088161523025,0.07903743,6.165450218326935,0
0.06733593488441184,0.13116254,2.7837571237762115,0
0.06232867489824866,0.17927626,1.3987273900564192,0
0.0735984707816353,0.29152513,1.4277814773493054,0
0.020628869653593562,0.04890294,0.7946078064556495,0
0.1578711018674283,0.62431157,0.7201993119369469,0
0.5466005542244381,0.09188679,29.417757308531858,0
0.02567469388926575,0.06234521,0.9791217926879232,0
0.02333186990557053,0.02087163,1.1531607838460831,0
0.042967646221575416,0.07481856,1.3675009259933901,0
0.04598819463318172,0.029898075,2.1114103477039747,0
0.008019864164214909,0.011571012,0.24957532976663876,0
0.2379984199444848,0.10191579,12.961619067469876,0
0.04613019436836013,0.013386502,2.5038069595936254,0
0.036957014365093535,0.054751925,1.5464324155164269,0
0.027060738962364,0.04974356,0.8022794740418179,0
0.06168084864241955,0.0332036,3.26488874279254,0
0.1540671757165442,0.12762731,5.908822812332013,0
0.017586018110221403,0.031809233,0.7372770146275998,0
0.047219997722148827,0.19191134,1.3251675019106954,0
0.035012450081546756,0.109542444,0.6431666848929978,0
0.015888107888930688,0.010067114,0.6816292106711821,0
0.0545775386577955,0.09598811,2.302665405228997,0
0.24250387674300874,0.33320484,10.660737211857839,0
0.023709180946498837,0.07607849,0.8968773263245899,0
0.20917110385371945,0.12151118,11.165691156936333,0
0.09062971095339689,0.11598046,2.8595282330981875,0
0.04967406930946902,0.0485625,2.007952767873258,0
0.03657386370932762,0.060307276,1.09228519302565,0
0.04981141561223158,0.1885489,1.4006902787817581,0
0.05327440366107452,0.06945731,2.5571079051617787,0
0.045649157067934806,0.08955469,2.0058489302482285,0
0.44860001196232974,0.08136676,24.667881809436143,0
0.039086318428194905,0.023572352,2.0884626519038774,0
0.04744408235603699,0.15321712,1.2140468898218348,0
0.01620794708945512,0.03666929,0.5597425760309183,0
0.06365676838462975,0.116394445,2.3162148296755825,0
0.012324472539124944,0.01548423,0.5509984372745719,0
0.11703826947237032,0.1398781,4.103676741302733,0
0.07297947382286304,0.14324684,2.7320641066890983,0
0.21613553739481756,0.54123443,6.524918035398134,0
0.016569221412252172,0.018295702,0.528281489427409,0
0.02547316736530922,0.078007504,0.6311804593759159,0
0.06457407307373032,0.09153387,2.398915102191223,0
0.035216303755661434,0.036405288,1.1992506031135728,0
0.3705675500191393,0.77683103,14.309916367289098,0
0.09062675730508456,0.19444568,1.771495349057342,0
0.06009486070013763,0.26522264,1.8288071275001418,0
0.056352726085219365,0.24311054,1.3957158007089787,0
0.030374886572667,0.06550202,1.248324332128089,0
0.019820829297118328,0.034719694,0.3879617032549734,0
0.04872680000899529,0.099864386,1.4690340514859088,0
0.09926786072341834,0.11502066,3.790286579132132,0
0.01921672334020772,0.019252565,0.8451087012840237,0
0.0391626937834739,0.064290196,1.401570839593296,0
0.024847778394511272,0.038172252,0.6530170920614621,0
0.19863032790553956,0.22747824,6.978197372937986,0
0.02116078209037678,0.043590408,0.7608063811331942,0
0.09100488049821501,0.46001607,2.251985426731326,0
0.09297198380704608,0.14090964,4.047172749164512,0
0.0651315608040296,0.10432941,2.4524166085479617,0
0.19521896263925692,0.94449806,3.8729416430463433,0
0.042488400920508165,0.16550595,1.1406747339902004,0
0.12378483575875193,0.406545,4.522659028661219,0
0.0304635006395421,0.027900364,1.5292049963972472,0
0.06263920471084308,0.0846341,3.0540163101066047,0
0.03784013100784004,0.06717558,1.6586388312251386,0
0.07307321072066114,0.14318,3.039694611752738,0
0.05052015094608315,0.09561212,1.949863462518643,0
0.3085039633975236,0.3586415,14.089698437769888,0
0.01880387689051326,0.05050419,0.6389935757763496,0
0.052255335311173316,0.24652721,1.214518681071241,0
0.057378708112526045,0.11130743,2.1714014850478143,0
0.08184936099548314,0.108917855,3.7697111855168797,0
0.04776192657361667,0.17780039,1.232823326907313,0
0.0993622529290301,0.40606657,2.0905031231194378,0
0.061068339505154515,0.3218948,1.1707784270049981,0
0.04203802156851998,0.07873519,0.8968815290944274,0
0.01678788554437931,0.037982196,0.45590610087129885,0
0.02092139897075609,0.013943816,1.0249199156420556,0
0.04665265153163739,0.0062935594,2.673000035857358,0
0.04318369563434848,0.036605228,2.09259507776572,0
0.018625408987257352,0.019309359,0.8838129045977873,0
2.056252003931209,6.067784,80.18366494424222,0
0.040363128061616176,0.086749256,0.7648274409359784,0
0.08748401303540639,0.08813453,4.455658042342451,0
0.048928006677676994,0.023026546,2.6615816262783354,0
0.0276981770675587,0.01230905,1.5869886461771563,0
0.08407343816713979,0.015068818,4.604468914320483,0
0.05613179975009388,0.07407499,2.5777140356580253,0
0.017662521747306318,0.113860235,0.18530838520406165,0
0.01550483281871878,0.028912954,0.54617444795787,0
0.026857898569151557,0.09491302,0.845395245212982,0
0.0185780265263175,0.05000435,0.7013628888537213,0
0.10016066175553219,0.044519126,4.800438463439815,0
0.0392164104540934,0.03059258,1.7546268308505064,0
0.036968452866511736,0.027250573,1.8041215522588434,0
0.09242138081181094,0.157673,2.9056616178935544,0
0.03744357455257548,0.06996244,1.689962438859477,0
0.09653240067486617,0.15191144,4.571287982235007,0
0.28001886110120733,0.80881363,10.6975901235597,0
0.4114038250976099,0.36608055,19.949290682973924,0
0.09312136743677102,0.51396424,1.475706068714118,0
0.048025275792025146,0.030218715,2.2998336685195238,0
0.08482635223814833,0.054149423,3.9698156648874288,0
0.060621687637061224,0.05254422,2.8682300173474498,0
0.12311081388536527,0.29009622,3.6838681773806243,0
0.03484003769482622,0.16672274,0.8161449400406574,0
0.030750582198297405,0.07099977,0.625886744139625,0
0.10798792930879364,0.26636273,3.6213731380554304,0
0.011601791558895442,0.019358432,0.3403520258558666,0
0.03777644056932697,0.09065209,1.4137108575947746,0
0.12732776088233275,0.06896224,6.834858256146987,0
0.03366224622881507,0.04602143,1.5731025514117707,0
0.013145434840501282,0.01940264,0.5228348757472966,0
0.03693147496994972,0.048597574,1.040760069121385,0
0.6152090755147119,0.60034657,31.318712441990062,0
0.08267603093497858,0.14630984,3.7367949078130316,0
0.014372467749220996,0.030340087,0.49870702191651334,0
0.026215312511151317,0.030073866,1.0382838147314655,0
0.3470185800723769,0.13674438,18.971664659837767,0
0.057522829893642,0.14213099,2.1270560327836963,0
0.09030983280273691,0.32522824,3.029386577449347,0
0.023072211583854318,0.025496008,1.1135983538230747,0
0.02536207679790538,0.060419,1.081441865987347,0
0.09537693495219329,0.20688881,2.8316967573154503,0
2.878505630976096,0.9729657,157.89625517143125,0
0.04836170388622483,0.0658595,2.2913396300871103,0
0.03938274456316336,0.0131464265,2.102204346252239,0
0.15843789894379637,0.32732123,6.463205165777738,0
0.045918700463394274,0.08132471,1.6968619520009554,0
0.10938468299845826,0.2848292,4.3539122527923055,0
0.06515239004813764,0.10942297,2.2129597401429195,0
0.04628513559077698,0.09776422,1.6952095116380301,0
0.08966417901969993,0.2924977,1.617304652228209,0
0.024690123466503323,0.0176846,1.2238121889021332,0
0.018788184430683218,0.04021427,0.43252260538961274,0
0.16790222741820623,0.092396714,8.65893656433341,0
0.04507933691058055,0.17725684,1.3429250842501477,0
0.017378279221278197,0.03650384,0.697689321786402,0
0.04559671787586451,0.05254364,1.9019756719511003,0
0.04657538887414985,0.064443864,1.9375412130932133,0
1.4930741875311628,0.76302767,79.8050120729879,0
0.04676986538281091,0.041334063,2.3617007129291214,0
1.3583858355101754,0.19448277,74.87387008911047,0
0.019046418926919398,0.026971702,0.8392812974702439,0
0.03136382202443744,0.025397481,1.5556006346902702,0
0.049588054332635,0.14951055,0.8512264076546422,0
0.023767621408015905,0.049764466,0.9014812456299804,0
0.07367331950096953,0.2064328,2.198472499788142,0
0.03876261326784043,0.07270335,1.6518053755417261,0
0.07445610587631654,0.21165094,2.8733159189008672,0
0.0432626785060445,0.059333738,1.2186670754086273,0
0.08295263764226396,0.27866963,2.3673956704039893,0
0.06106054497983496,0.16391711,1.23033888744085,0
3.149327439374874,0.5430444,177.16767951302288,0
0.08680183253476206,0.17906232,3.626604839186165,0
0.07759416341647198,0.054902613,3.7865979419176865,0
0.025946479000062035,0.12176832,0.5390886718454312,0
0.03779595581753605,0.09224853,0.7094148521589105,0
0.06563423315161479,0.017247254,3.6088196390973746,0
0.018235729286581313,0.023941364,0.836596773092882,0
0.058140568251691234,0.11951765,2.2670157608679227,0
0.019202431049392975,0.02354595,0.9524125616757133,0
0.05383179570831386,0.021673465,2.7706089012750827,0
0.04699903271574131,0.038762774,2.2123631117097813,0
0.04168868276017924,0.05773661,2.040635008606268,0
0.02639782754723545,0.027465863,1.2202455518693447,0
0.05675213451140261,0.23043422,1.5225365938135003,0
0.05983074939767655,0.19060713,0.8092883034644619,0
0.0743938186202739,0.055868216,3.882921215153439,0
0.03554383565788673,0.084522024,1.1049647882853921,0
0.018736592288917595,0.024061857,0.6349565716116206,0
0.05511978192479221,0.03392782,2.5010938878518223,0
0.039082691488725424,0.027652003,1.6361915829875058,0
0.23949780584683925,0.616334,7.9814860109355035,0
0.12850878138468697,0.570481,3.929890709155648,0
0.00388991623185575,0.01681523,0.13755296521475233,0
0.11288190835799825,0.26038307,1.3985116576867471,0
0.04247821079823436,0.02084275,2.1454726374239694,0
0.01486248869416527,0.009968441,0.7142025175635645,0
0.04341393406050459,0.07124018,1.5434925917032367,0
0.018566957302915278,0.059430193,0.6057869051729937,0
0.07634902566143373,0.16511622,2.4087627979150756,0
0.0653510240000394,0.044622287,3.45516077937188,0
0.04297582161767071,0.05855507,1.4377143242912025,0
0.05024907433050609,0.098779544,2.1002677872297033,0
0.028260366685464583,0.03471661,1.1648882118219568,0
0.06071256150991777,0.134869,2.331848275716496,0
0.014087706155189823,0.0151169,0.539606971953807,0
0.020186745382688193,0.030682817,0.6113922603857941,0
0.014571940334171994,0.037146363,0.29160531064825534,0
0.021373424017013795,0.024794579,0.9578453341058508,0
0.15860571029353568,1.0348173,2.6727269092592407,0
0.034594275018798415,0.014667641,1.757688536086586,0
0.0061538632095846,0.014139344,0.1722008914628265,0
0.033474313066185334,0.107616715,0.949584229892549,0
0.02717174900689438,0.04465349,0.882496584202167,0
0.038996253104819675,0.20613697,0.9524068039183061,0
0.6052978921031261,0.6933067,30.11290891668881,0
1.6560394823550686,1.2850684,81.93453554476116,0
0.469305032578798,0.7068184,14.328216825078233,0
0.04145877358774314,0.020594953,2.198428368324446,0
0.027899420050630598,0.12073983,0.7615375536692398,0
0.0504791002366637,0.08378265,1.2521292303936575,0
0.08790532576505225,0.33850905,2.482047032574344,0
0.03504382088794344,0.055566687,0.8071814126523699,0
2.6158046861476576,0.17056048,146.02379540454925,0
0.04206457705659318,0.056945827,1.1910804944003863,0
0.019544220061543577,0.03236411,0.5379105607772651,0
0.024583740739477788,0.08839835,0.8236632707523949,0
0.0820619097051807,0.067896575,4.251423587022593,0
0.028567133210179986,0.017651755,1.449839451016989,0
0.03340277483863727,0.05759424,1.5420855266708722,0
0.030397243506070124,0.015428025,1.5227146995665606,0
0.10473368235294525,0.14442936,3.965052405602435,0
0.500067313490118,1.920734,3.769544973991187,0
0.034902480452153384,0.04925883,1.637106112067487,0
0.02160394546685586,0.037658997,1.0048545924913879,0
2.7530340276142504,0.054476842,157.00561673952217,0
0.07781023460286782,0.14169201,2.540566514012214,0
0.028589334427851082,0.062432297,0.7499068579178295,0
0.048040616854042664,0.14685418,0.8528639273233241,0
0.04085512172858248,0.0738816,1.5191611195776367,0
0.03711833178637365,0.0647926,1.655372185859508,0
0.49290603600666677,0.34913993,23.529414836700067,0
0.015789628867293067,0.041044045,0.4593903273614105,0
0.15338856883812288,0.44852972,5.697942824797017,0
0.0476662136987755,0.095464624,0.715003798561726,0
0.05163629483707026,0.19550447,1.7047960817911563,0
0.036250352272749906,0.08094048,1.4822441843237777,0
0.04327080196892335,0.019832775,2.1418023599974085,0
0.1116168780250341,0.053974025,5.936895579636519,0
0.028114371539824753,0.09792613,0.4787002421137972,0
0.0226358719378011,0.051696833,0.8935237422506753,0
0.01875334683011013,0.09809368,0.37319186894206247,0
0.024154491263629216,0.043617304,0.689090662072993,0
0.012006162327380934,0.015609856,0.49663889667606087,0
0.017114055378811645,0.015566122,0.9805631435590726,0
0.05184816478543289,0.14932027,1.3289275500934916,0
0.02229075469229952,0.10176726,0.6384256578708234,0
0.20973071103590796,0.63396585,7.962927176871422,0
0.055037218340076376,0.068836495,2.0179795614810856,0
0.023953905476105757,0.08429527,0.3934958509649404,0
2.7286093612735405,3.1053011,127.44984651046698,0
0.02195932009372219,0.09167131,0.6951751815637667,0
0.06658895771421201,0.1707994,2.6911087757606214,0
1.0192750372788764,3.879446,32.87470609712235,0
0.09659588731660665,0.048605572,5.133780301252087,0
2.4087811635981717,0.8145322,128.5876783147222,0
0.057992382654673325,0.017325731,3.166201730177594,0
0.0422652572700181,0.1432361,1.5224006307216789,0
0.1690820771429446,0.49765798,5.007470476253204,0
0.09681942411685618,0.16264072,3.6639794773072185,0
0.03083723308443212,0.0515274,1.4486246340856974,0
0.1291055563224479,0.106490456,6.706298638319076,0
0.6515333142161077,0.4869878,33.620489944547394,0
0.13770590964725007,0.20823091,3.5313176495599583,0
0.058841784165968504,0.09002986,2.79670028498889,0
0.18474444206885987,0.46435845,7.7773113425351506,0
0.459887743730897,2.9772065,7.646680270773964,0
0.025506276253847212,0.028113617,1.2322528690459718,0
0.05366228922604656,0.08834622,2.2734905940049805,0
0.07957431094978451,0.2452831,1.9540683381292503,0
0.07003261142351877,0.3042842,1.9368173158213078,0
0.035653038581740196,0.051441375,1.650247751151367,0
0.10478539334185694,0.102773145,5.211163550425263,0
0.022563732969869597,0.09615608,0.3245382417600798,0
0.06549601576438809,0.28159207,1.6206331049837635,0
0.03232535577501576,0.04688607,1.0841923975683845,0
0.04287329676477766,0.046047837,1.6246661949524759,0
0.045547731759237466,0.1445977,1.5035732220272235,0
0.05768184318815731,0.07982488,2.78867763330225,0
0.022006488074555276,0.055939432,0.34093095455173233,0
0.17265246799099754,0.29119563,6.851149307625725,0
0.026517692537555492,0.010566749,1.519351864827488,0
0.061885202911716036,0.13983727,1.404708372217315,0
0.062158644018888654,0.112868726,2.2003605852609325,0
0.08923845144387771,0.021705171,4.888356763976116,0
0.03291292337822988,0.07022548,0.77976835349827,0
0.07568822775608985,0.10771615,2.331228499590356,0
0.03352325620668435,0.18268286,0.6828412395436406,0
0.05146077792481981,0.00868919,2.7586417716755465,0
0.052052281821754,0.0653509,2.433431464301441,0
0.059239923454047806,0.054557737,3.0196647297463035,0
0.045376650177498604,0.07734283,0.8352931355711567,0
0.029391755023667337,0.11026683,0.7755904264803063,0
0.022180645173600726,0.030453369,1.023164173612025,0
0.02162485783566238,0.067872174,0.7513995851260109,0
0.02959499341546925,0.012475302,1.6956682174238493,0
0.039090550575402436,0.22544987,0.7386358174466239,0
0.041312448427081365,0.027176494,1.958481357782311,0
0.023324601337079733,0.026393186,0.7364691484534154,0
0.4493847556129566,0.13707206,24.429979814825195,0
0.03884361107363551,0.0827112,1.2162944637785549,0
0.03336228480620128,0.040292818,1.4659560865686982,0
0.12047341658750846,0.18576895,5.736430747880564,0
0.11812263483504462,0.30458716,2.049670474635034,0
0.08595493932557975,0.53644484,0.7271844854222068,0
0.03374194882065317,0.059575967,1.5158854434229545,0
0.0525652833740238,0.07755857,1.4841864061968297,0
0.03184026863535659,0.04766749,1.2660549167162614,0
0.03627762365814474,0.031936668,1.8367619476519426,0
0.029341463677410345,0.09765432,0.9854311842298299,0
0.06031948269133202,0.054148383,2.316249021841058,0
0.041083653197427315,0.011171156,2.1289352648396602,0
0.06316896399543216,0.036195863,3.348215593566761,0
0.18360123095584036,0.49337146,0.4966538232288493,0
0.03660462519693368,0.071887575,1.5844593876296094,0
0.09439070778622966,0.0936449,4.753071213635854,0
0.27793519731833627,0.3064819,12.14437717795778,0
0.0125556747467586,0.009127596,0.7193871719282565,0
0.040216308144682744,0.14920889,1.3935994648711951,0
0.023460838320981788,0.02884824,0.986573618934123,0
0.03909972503903123,0.030777115,1.9906373736389964,0
0.052346243838677926,0.041998122,2.2958820365275754,0
0.16521559218833154,0.38908118,5.059356509467825,0
0.09193616852764376,0.12793754,4.437252846790316,0
0.0253808028920642,0.049719438,0.9817545608529146,0
0.011238871501836837,0.023017827,0.26521976120922597,0
0.05899837070403599,0.31077614,1.4405531793546555,0
0.09235568682636582,0.17804083,3.9152095540124376,0
0.13926997106578315,0.3920273,1.1840222978313262,0
0.09620433621568289,0.1647766,4.259766974570271,0
0.012627766638603715,0.018872652,0.594370355126952,0
0.04017809783314233,0.09024676,1.7386773231744495,0
0.04187437316189441,0.087532304,1.8003011983439128,0
0.01965406535139552,0.037770502,0.7803867843380714,0
0.03363910538928257,0.025727194,1.761899089964933,0
0.03184692355014818,0.061928697,1.1212626255114806,0
0.02956666408997543,0.12887807,0.8226473978922587,0
0.31645984152312157,0.44903618,14.160715281112124,0
0.04186114673166182,0.06434219,1.9875534880044332,0
0.021617940879657654,0.056098636,0.523908500821077,0
0.03465202114654196,0.04597664,1.2340059759905262,0
0.038704541736457085,0.10936031,1.0415069046272158,0
0.015876535066948236,0.04434916,0.38166364552700244,0
0.07555583556327157,0.28850338,1.4159023072702293,0
0.04071522845871632,0.051802237,1.7868965706813027,0
0.03228526855437885,0.09629295,1.2364593348362831,0
0.01837746286320076,0.05094115,0.6645298081066879,0
0.0385417813599282,0.06897922,1.4117485878143936,0
0.3272901398642507,0.5200398,9.421261972834845,0
0.04008413181718938,0.04125739,1.8104668139793083,0
0.2126694234276557,0.17756481,10.997304797928663,0
0.12081029528956036,0.3181374,4.5546358127630135,0
0.08167350414483196,0.03717693,4.180252253087241,0
0.10691363687776578,0.2777927,4.174465383779313,0
0.3796950721529323,0.8518325,15.685387667146829,0
0.020877509762123447,0.036657978,0.962534612401681,0
0.018702260834024837,0.022067316,0.6433052442225569,0
0.11464219549316723,0.03450745,6.277925825470245,0
0.08654039697313762,0.26228565,2.8321530775860775,0
0.025194701798435772,0.052342467,1.1274660798670488,0
0.26691768692794426,0.5542967,9.999098338626268,0
0.029602180936826122,0.0633634,0.9732623498197593,0
0.2216056478441202,0.023658881,12.441423935369995,0
0.044861287632098526,0.07546023,1.4663430471186936,0
0.020231912198580282,0.052411765,0.6472997120724813,0
0.016917133883338202,0.043663874,0.5455145994523949,0
0.08164231338139075,0.18325043,3.2396193671840505,0
0.02188858265014333,0.042776898,0.7128352358820652,0
0.018520348821705807,0.06143773,0.672287842708158,0
0.09793485358870938,0.42097047,1.106326951815088,0
0.04800387987383728,0.1176221,1.550589627275115,0
0.04902505517055498,0.10058752,1.9450344192537012,0
0.1401898536780048,0.04302779,7.583029919627324,0
0.3611879534047303,1.0489193,13.102376852144923,0
0.029319852893134,0.04990577,0.9140998686888644,0
0.04471226760696734,0.033267304,2.273034276637927,0
0.07461235920840933,0.22369532,2.397084486847198,0
0.018728706974892532,0.021225035,0.6645541136100411,0
0.023103497613728947,0.07403744,0.8080444448545774,0
0.03926030492371567,0.12807894,0.7259109799137226,0
0.016814087069409803,0.010980104,0.9633762254426725,0
0.024556679995740537,0.07027024,0.9820636417525784,0
0.10105523039711325,0.24262072,3.8589469262886698,0
0.048398771685399376,0.21588968,1.0395715143717446,0
0.02156323701920206,0.046987485,0.869247250296776,0
0.03370027586277336,0.12191368,1.0685480735438961,0
0.019161400343301178,0.018056167,0.9020914692566402,0
0.017850510216198018,0.07343093,0.20755538289562617,0
0.0631776135788355,0.21188532,2.1317262679282822,0
1.006971139268636,0.20860904,53.25380481895658,0
0.2746701124082255,0.4252459,12.9926178252657,0
0.16118691921114792,0.6610416,5.262058879156787,0
0.052936565838241675,0.1093038,2.3679457840761753,0
0.0272335679441086,0.02045722,1.2720196353893811,0
0.05303878226359141,0.035031937,2.382341531051173,0
0.056808655808847835,0.07678081,2.1888511776167285,0
0.03613572073281193,0.14944968,1.0089276199906094,0
0.02025942456288347,0.020226395,0.8283986388224065,0
0.09080553509344783,0.20470665,3.4421335366475394,0
0.477653950744302,1.8067755,3.5961390109428906,0
0.3744049330799999,0.16815805,18.576599508288375,0
0.03966060470120451,0.012190669,2.0988620119348815,0
0.04562111734974973,0.22043726,1.068042537190709,0
0.11378433824211337,0.17395411,2.823526932387522,0
0.13813974385754818,0.1849604,6.731555824218687,0
0.31973529008092044,0.070093684,16.851142915967067,0
0.02385413117003373,0.031422812,0.8799649304309597,0
0.009003360656353357,0.00741065,0.5158545670431821,0
0.043574184030517854,0.10566487,1.4301945394034858,0
0.019840257130297512,0.018997405,0.8873409513546368,0
0.0402566729034841,0.019316671,2.060559690914089,0
0.03617559244708006,0.100111544,1.3071987221485972,0
0.3765330718121473,0.10541381,19.218318595989764,0
0.040827211856132084,0.13630179,0.7674657178302141,0
0.05138267914310457,0.056738585,2.5334040413029513,0
0.4244092626284478,0.99538904,17.86328998389891,0
0.08221875468414203,0.10805062,2.670650475944782,0
0.09436772617926523,0.13996834,3.9144704424199146,0
0.0747210866022749,0.04790841,3.8970343240411567,0
0.11404776294993017,0.1337663,5.258516058660741,0
0.07336819294601962,0.17882986,2.9710840143227117,0
0.884536787891427,2.1555989,36.436946987385475,0
0.025819738882152752,0.026764875,0.9652687216499852,0
0.050025453342738814,0.109753385,1.5141680695509787,0
0.07528672362313397,0.33749932,1.3593555582399475,0
0.0627295947251253,0.011429783,3.4633238825659918,0
0.035815613176559194,0.054501444,1.2206333956060753,0
0.10029671531356908,0.04294842,5.4188078467857785,0
0.15758187241892752,0.10816866,7.158499667894799,0
0.10680839848371698,0.05294199,5.026770173027452,0
0.039661979184164066,0.009936788,2.272464014388325,0
0.02671787410750355,0.051840167,0.9909928338365082,0
0.020386875040478564,0.05359558,0.22868820124432088,0
0.6331859853219141,0.18744753,34.02920492172697,0
0.02316393366394835,0.040448286,1.0768296623922904,0
0.020248600435401304,0.02669095,0.7628819532104195,0
0.01511257542060416,0.0738265,0.18674299067026556,0
0.02728064249465713,0.06229792,1.0490720643559541,0
0.052056834076759956,0.16191232,0.810306747832818,0
0.020151029908946266,0.03705256,0.6109348405935985,0
0.04250322927058477,0.055243846,1.9474180892322723,0
0.03758694196039292,0.043960333,1.8641175661539293,0
0.04977174306504831,0.046288427,2.1140107925225697,0
0.0389417827013175,0.09954933,1.0706625033869086,0
0.021883234428508487,0.04594445,0.7215187216843998,0
0.04387080727864,0.08228777,1.9110085761723132,0
0.03034176024575392,0.05353882,0.8521865872124463,0
0.029229088836321575,0.069035955,1.0941064005884165,0
0.036201596496105826,0.13370395,1.0045686552802422,0
0.02739855876779507,0.044085905,1.1444966177307179,0
0.04906460252215267,0.04074497,2.2254111578029545,0
0.05996624414523944,0.09519019,2.6819001040861448,0
0.02491956284606862,0.016018402,1.1507883103745251,0
0.1632376881255567,0.46377936,4.93131872691684,0
0.0606973740554158,0.1631026,1.9081285576759015,0
0.01953095548803509,0.060899336,0.712801837892318,0
0.1304682098473265,0.45009774,2.8873406816384435,0
0.02572207644756408,0.016879713,1.2495741323912055,0
0.018360122057328038,0.064428724,0.4274458285764422,0
0.02631650813602367,0.024678847,1.1167948635461797,0
0.06582110137448789,0.08645237,2.5744858854563812,0
0.12304166061901095,0.13027856,5.346562537846886,0
0.037764546700973706,0.09693751,1.4766739989567266,0
0.06643681800984635,0.048737515,3.4112795321872578,0
0.06623779958900092,0.11414085,3.100222103793407,0
0.06580395955241258,0.18155321,1.3442467321058984,0
0.08774433905042095,0.14291696,3.956122228550151,0
0.052495908242335375,0.0712493,2.4717424351567066,0
0.03139706917641769,0.08418809,1.1898153422600375,0
0.11251231303510285,0.29749268,0.6322082977723965,0
0.025319468150076123,0.09191041,0.6390874558450494,0
0.045732481999623036,0.06993104,2.138755578361768,0
0.16047054380266823,0.24916425,5.727434979506773,0
0.022621122370419244,0.028162673,1.0800746058445772,0
0.010579604029804443,0.014886086,0.3705827098222218,0
0.1348189827707315,0.3467074,4.794027414358413,0
0.043585705601723514,0.0351655,2.168732472602557,0
0.025179314841720143,0.08047262,0.9246297856542997,0
0.08504810130825369,0.11038479,2.666718837893193,0
0.02087096128223051,0.0349096,0.8755875114636182,0
0.08750694910922224,0.17644393,1.49215402997686,0
0.01756087351682738,0.031472083,0.6476681983172056,0
0.03482902094104981,0.07757142,1.2012862259622392,0
0.02109586941005991,0.011077469,1.02768650018622,0
0.012474446444932877,0.019272935,0.4515665579858447,0
0.04752330049068648,0.060299397,2.337133044727037,0
0.04490124147653205,0.12287578,1.6115522346152813,0
0.06734025112722994,0.17456786,2.4827947914227724,0
0.037679825251532344,0.04868047,1.2233566920106291,0
0.015693766746917415,0.018878626,0.5173433529272533,0
0.0279338896598444,0.096370324,0.9886189566170274,0
0.04280816779318482,0.073779404,1.9698317416178313,0
0.2730249985580358,0.717903,9.784770627243638,0
0.03250063605840647,0.11620673,0.6404335542406208,0
0.01120013651677597,0.018769918,0.43642495618894955,0
0.027363167195593733,0.059874393,1.071100877066873,0
0.05061885491713693,0.06712491,2.1333242956673875,0
0.18157100510170468,0.7264856,1.2186473784883876,0
0.8378857197441059,0.15223558,46.31801949579472,0
0.029835171709091356,0.04025183,1.1418402197033142,0
0.017288244656345625,0.027869921,0.6547996356524078,0
0.06330437846829635,0.1684216,1.851628681828703,0
0.044633847818355596,0.02597706,2.3829400321493495,0
0.3190143166514449,0.09714746,17.10255164987317,0
0.023163830623767867,0.022810403,1.1001836725969332,0
0.0416181119224691,0.07411939,1.032754986552725,0
0.10293519740931296,0.28746587,2.595270106946985,0
0.05539535857029453,0.09706937,2.54301765140921,0
0.40960464713737316,0.29462162,19.964222510380758,0
0.031489290649616496,0.018715475,1.599150649771776,0
0.03217003018819444,0.040848814,1.2795562141464139,0
0.032127266593871724,0.060722437,0.7581747878812304,0
0.046428810107259494,0.06866823,1.7477898733369537,0
0.07552401762106148,0.13247822,3.222947833275778,0
0.06964071695693967,0.046595994,3.6414963835417002,0
0.15468525412846013,0.037225183,8.457761319357108,0
0.03140489105081677,0.062603936,0.39352492417676055,0
0.04186980472684053,0.12007535,1.6316658383845697,0
0.03501322355392671,0.043778483,1.264164256413573,0
0.05673109534718375,0.18490288,0.9782067686960277,0
0.056683537886742054,0.08054067,2.224445942966953,0
0.06596937185629782,0.03126729,3.482672138619641,0
0.030812471279865562,0.058961496,1.2389916791287399,0
0.0337304525505139,0.074584275,1.3123451644353004,0
0.02974314299739251,0.072369955,1.1275143740709153,0
0.07205211791694671,0.16949783,3.0508997478864,0
0.09880053995002495,0.06821815,5.112874065498923,0
0.04035558332783929,0.031112088,1.8367558834010538,0
0.049333979319122624,0.12642944,2.053508643721121,0
0.06776492635107563,0.19215977,2.4756273376212747,0
0.04092632931249095,0.041239846,1.8759502214362285,0
0.038605611954044126,0.21974228,0.8286626796793345,0
0.04957264382165786,0.08822825,2.283076427476797,0
0.021904410752315657,0.02763919,0.994374155123408,0
0.044525966219368225,0.14083907,1.4924790527746539,0
0.08166706297287794,0.16235685,1.927496307557402,0
0.04783595004428005,0.110157326,2.058032166699023,0
0.048697319654149335,0.062430546,1.5182745772860051,0
0.1347560172804798,0.30465382,2.640856986314867,0
0.21322593890349634,0.93657243,6.2289259398368575,0
0.026714013686279674,0.048714858,1.1895089419015843,0
0.505140489544011,0.9204803,14.287188568460412,0
0.26472694863678503,0.13967147,14.033329864202221,0
0.0342456430344322,0.09031022,0.9374886717442749,0
0.018647726355492285,0.026928784,0.7376850142612117,0
0.2074306788354621,1.0943655,1.6529435290835497,0
0.028800927947468722,0.0319158,1.451616524174187,0
0.09311317590025625,0.16895863,3.5632987686071584,0
0.9555463590243715,0.26206136,52.67844284535469,0
0.023625083724337897,0.039816946,0.9976306097863687,0
0.06078082185869682,0.14230336,2.036068107189215,0
0.04613984924116139,0.016844628,2.2965151120554315,0
0.030390229035951895,0.09508415,0.7689512321934836,0
0.031295343421446964,0.062878795,0.6512654277436422,0
1.2384291139081554,1.4510026,54.5740951061136,0
0.04945293582648653,0.068539284,2.3770752794325305,0
2.92653545104184,0.1829903,164.1521515027989,0
0.11122886123232034,0.08432274,5.636404723011849,0
0.25456142088062444,1.7634717,3.8947947987569105,0
0.10341104493356088,0.2861109,3.770078939987036,0
0.03405041771456625,0.052177627,1.400696061460069,0
0.07874011761651498,0.3014778,0.7432196446721333,0
0.03467506977238122,0.06496491,1.5603992799593995,0
0.033102969498265196,0.054534834,0.957166000274934,0
0.029355643718232585,0.1331631,0.862038358212878,0
0.05825569902226448,0.23722643,1.911201683701042,0
0.11879553051131911,0.6475374,2.817101790913728,0
0.04735424945807764,0.04652142,2.310490228926313,0
0.21554236242973374,0.47703835,9.42661756842672,0
0.04261343274199782,0.007111691,2.44156984668107,0
0.009713173552210276,0.0076423776,0.5565238502197426,0
0.04269026397479201,0.03112228,1.9078420513605814,0
3.5562862108864097,4.47832,171.25690838325406,0
0.026880861950112127,0.15877646,0.5584977244226103,0
0.016184612941483965,0.04197773,0.6386140600414044,0
0.011397793252311775,0.029528512,0.33760527521672024,0
0.019682024062761615,0.038384933,0.6597764458460523,0
0.061840486502131156,0.16972615,1.436850074959135,0
0.0618105230019909,0.14215605,2.110836970540144,0
0.057187045617680884,0.16116212,0.5940118762299003,0
0.14326174070878903,0.031534445,7.984416902956171,0
0.039988216729604564,0.10929998,1.3848888770213403,0
0.0578066657064368,0.06404452,2.6318962522493847,0
0.09409880091567663,0.31740323,3.4464674651454716,0
0.023374795185895265,0.028073613,1.0910967981959578,0
0.028280221978965587,0.050264772,0.521176471020547,0
0.01895880190612475,0.028830415,0.7093073567310335,0
1.4882359106626586,2.8800263,57.68049617502878,0
0.0499710894301431,0.04819347,1.988958914984574,0
0.030360641851049062,0.05962689,1.3546456899266426,0
0.05987096481316119,0.076764114,2.8081639200304287,0
0.05221650861366738,0.03205894,2.6532322705407325,0
0.04547221158807285,0.14043568,1.4001856535411632,0
0.04265558233586655,0.03669586,2.0625056486029156,0
0.2078723753806648,0.29522377,9.539615904073553,0
0.07254847606768414,0.05732226,3.6560060837026374,0
0.03559116530485167,0.011702325,1.8917470358362438,0
0.030600078196553516,0.03973962,1.2388616741255416,0
0.05042454205590442,0.0610083,2.484434980643746,0
0.04537985146152218,0.070080005,1.909257265159046,0
0.04598617266559673,0.04826362,2.130564168690941,0
0.043233555613163166,0.026288759,2.1122351130130155,0
0.023790173777573014,0.041876405,1.094908196721241,0
0.027267893544579272,0.04975361,1.1529727376101664,0
0.15748400871080268,0.26585567,5.53198636101358,0
2.0433985895229156,3.5155046,92.94309178018014,0
0.017411090884360658,0.028034199,0.6606285421921647,0
0.029193199667766245,0.046145584,1.1864824838955603,0
0.06464182940199445,0.22969459,2.222872675459883,0
0.03685112586028292,0.16613491,0.6761621059776246,0
0.030808863010539443,0.07617153,1.197019721132554,0
0.041919622551825714,0.0699051,1.6160446345175634,0
0.032599353119214705,0.062324874,1.0938755465164356,0
0.04930992034472913,0.09781506,2.1365374303485667,0
0.1373087361581447,0.3212817,4.8236518841095135,0
0.019375789514699527,0.02881757,0.9160645485948721,0
1.72089286952871,0.54203415,94.44710882495208,0
0.0733226505157655,0.089617774,2.500602398266278,0
0.23215262297778894,0.16415222,12.137177151128492,0
0.05260161678940036,0.03620893,2.6206156229034594,0
0.03170109116603605,0.16928683,0.7403571518715293,0
0.05949980331686641,0.05197323,3.03208142017391,0
0.03291133877203351,0.12884185,0.6349280312135922,0
0.04232568591328764,0.08742856,1.88896459776133,0
0.0204705948254319,0.0578955,0.7614211284267198,0
0.04509595578491273,0.05596479,2.0832103019048764,0
0.023884804973396023,0.029995114,1.179509826496636,0
0.13438808021373938,0.31660652,4.78160404210683,0
0.21475540434677415,0.43362495,9.02325744889558,0
0.021841653664208663,0.008377508,1.0794683518314696,0
0.04304857964539918,0.059672534,1.902271633045332,0
0.06357380926711936,0.07490283,2.736533322723973,0
0.04738516279448604,0.034573864,2.3675220119280964,0
0.052187016606827355,0.100617886,1.8992970841395613,0
0.04348621841745774,0.011807887,2.321182185450239,0
0.014459190456197875,0.014174615,0.5290932153912506,0
0.06583973330912704,0.14388,2.742138528880806,0
0.017118137634754824,0.010190731,0.7806205501238462,0
0.05656321740455577,0.03373335,2.8529711490198917,0
0.043684155052951326,0.050772473,2.0695830877052055,0
0.04661203358045799,0.0739695,1.9082048010903294,0
1.8993089285580287,3.6376529,77.06109412707595,0
0.04335223745580533,0.057083767,1.805078899797132,0
0.03315523343797925,0.13843353,0.9503522450714315,0
0.03289183555028541,0.058868885,1.3783328947985252,0
0.031825253461222995,0.063849345,1.3727020015891647,0
0.011727993744865467,0.049523592,0.3388549639350557,0
0.10183092128917283,0.13439867,3.9745749721402945,0
0.2329980762403364,0.4167395,10.028407499492872,0
0.018577717890200574,0.046694368,0.6115747483848689,0
0.0250086315496886,0.07765823,0.34940396488129055,0
0.034480879261594585,0.030633237,1.3030831902266635,0
0.1546128201803677,0.19514178,5.2066303420701905,0
0.03152406834620121,0.07781494,0.696046790259617,0
0.13591451188547454,0.1388589,6.757484469003411,0
0.013038364065599781,0.020156775,0.5531405654795856,0
0.5482928778942873,0.38747227,25.98995807563009,0
0.05752373878504605,0.15406828,2.24827971972603,0
0.017886581006714634,0.026136043,0.8011885595912883,0
0.3146977005901131,0.15277058,17.11182794305751,0
0.02900622405128983,0.075208105,1.1492813495463552,0
0.050589947792210016,0.1178839,1.7230009593398419,0
0.014474683723143566,0.00917956,0.8293382871228353,0
0.03090471588147889,0.06437639,1.3234830874723962,0
0.14076432797431931,0.06851344,7.009537465760155,0
0.0653176052031712,0.14852206,2.790199113095298,0
0.03459275781395593,0.10675215,0.9708857171354152,0
0.06657418404470379,0.5020832,0.7896926944633675,0
0.11893647704548564,0.077801555,5.482813643463948,0
0.041962395387451744,0.27035916,0.6820370219585605,0
0.12008660157895187,0.16619128,3.150452001645415,0
0.028243865753659718,0.083601154,0.7661120599226182,0
0.052263264811157895,0.07046503,1.8997977629388094,0
0.012894761575237378,0.026336359,0.571570523617562,0
0.03483424302395639,0.07689465,1.040602139404085,0
0.018738089981053772,0.0227492,0.690262434777177,0
0.10312338561669197,0.18350595,1.9884672191182051,0
0.017710372348449077,0.035804376,0.745052349717642,0
0.1706959189225086,0.706795,2.000624911235866,0
0.08286838360324225,0.3226838,1.027075681857096,0
0.058510061325632565,0.020703405,3.0078295330707383,0
0.039757960354752084,0.07673813,1.7688899615450937,0
0.04579460535718614,0.10619054,1.2762584703850706,0
3.1468109339967176,0.29513705,178.35246093112804,0
0.10236765604204666,0.05734415,5.501867625516124,0
0.03871406857542345,0.14583635,1.0587240701173266,0
0.030086778166915747,0.02493139,1.4533135145566134,0
0.12783107470487282,0.57987,3.03496698707578,0
0.4193267957646812,0.3951638,16.97190370034263,0
0.09275304174035572,0.021014059,5.161095120555734,0
0.06402207076241007,0.04241679,3.2941389003544153,0
0.04713739963316343,0.120790124,1.9177841149182606,0
0.023588084932038993,0.052216712,0.9129734218692305,0
0.01857976883364436,0.017302683,0.775917353872431,0
0.17789044042910354,0.7080696,5.04934274078944,0
0.37386534377057157,0.5197964,16.40536606180586,0
0.04055535053063545,0.040699452,1.590919894194546,0
0.02152591442333689,0.07461337,0.37493905186045046,0
0.11163201162876177,0.41772607,2.4100668148953486,0
0.03819673823878969,0.0507348,1.3907584970741134,0
0.048883410092278375,0.01781383,2.394724456195921,0
0.031198784811023655,0.04262998,1.5200625810167352,0
0.02274399888779045,0.041416846,1.038802235607789,0
0.03601129274943059,0.04626256,1.7074157666117369,0
0.030114781243182724,0.06615772,1.29741501099879,0
0.1485607064175576,0.48543915,5.269070881815237,0
0.7614665601916171,1.1916412,26.449258546435836,0
0.7616763983099154,2.825505,17.509838656904392,0
0.051014812824232175,0.12849116,1.4393323897691517,0
0.027184824361770124,0.038857535,1.124355613380585,0
0.036975470715535336,0.07083725,1.569435871274589,0
0.051506170728724696,0.120999314,1.9618479194718472,0
0.039379148853764964,0.15061107,0.9764033491440732,0
0.08799761402380353,0.28849608,0.4891631320555846,0
0.07050437129938826,0.16303562,0.7890407545883006,0
0.02582926941972681,0.07404349,0.8628022950541605,0
0.28670068529420867,0.30474776,13.840325264318231,0
0.03381632722098092,0.037789438,1.6577414128024142,0
0.03321521035294292,0.11320912,1.1594866995720214,0
0.0782865124428066,0.26505405,1.1060811898386336,0
0.06452443433378606,0.17410234,1.5838984470494368,0
0.09406638520894123,0.20744123,2.9650709246260547,0
0.09905670679247142,0.26969028,1.2496092037534205,0
0.012647612969551608,0.011523956,0.7246548440702293,0
0.12104652720441271,0.4155462,3.567960136847795,0
0.011940939165533602,0.024272067,0.3671488040271591,0
0.030620500496109645,0.027017653,1.463520324456784,0
0.06927187789028116,0.03191214,3.7159021467807785,0
0.04101938628461678,0.06764551,1.0387212230421978,0
2.1067160716980493,0.33779564,115.15569495084063,0
0.033868576128331246,0.13069,1.015092293516541,0
0.05899866781606517,0.07526811,1.8201415306007382,0
0.14752030172897096,0.41903657,2.1929879322904515,0
0.04450510257432948,0.19246615,1.3567581690668074,0
0.02027448591748604,0.024740612,1.0030382919667495,0
0.042683707306301735,0.06496752,1.3394266559717303,0
0.03449903229271115,0.074009046,0.9932758769998843,0
0.04598358619678106,0.15569556,1.5792530594569887,0
0.04455647783745966,0.06506075,2.0641355560206276,0
0.022117689411949852,0.037662912,0.894562878134446,0
0.1193943316542819,0.11428429,5.935702764254779,0
0.025111448313583435,0.013646151,1.4387800058292395,0
0.012881566581543068,0.018672254,0.5475397694574984,0
0.11404643277309236,0.3931425,3.980254145399904,0
0.01286178762907036,0.028941581,0.4615081346882233,0
0.05050462804116718,0.19072981,1.349624005417204,0
0.03202331995350901,0.10775113,1.0730061221786718,0
0.06307775985288877,0.10370684,1.796853985891733,0
0.04584493797696662,0.043775037,1.8298239710250799,0
0.3635545176295872,0.8579145,14.568987886982825,0
0.017370010328510592,0.044044014,0.605381521304635,0
0.02489879529295853,0.013675712,1.2024457786338603,0
0.03993821691926732,0.038644224,1.9827514026896422,0
0.028479500780349915,0.04299287,1.323497847816493,0
0.10048040815344285,0.13666035,3.2096625972433346,0
0.02101513602516576,0.056440413,0.6077804072307388,0
0.04342843058810026,0.022063121,2.2991654730389235,0
0.11915644488238386,0.36413538,1.146977577388455,0
0.04545910171889822,0.14697242,1.2459341226210914,0
0.0668624560001653,0.1316716,2.7505587715605895,0
0.3358184251915684,0.10178055,18.469569570908547,0
0.14307794630090953,0.3100793,6.04885752583883,0
0.06823798152723734,0.15809233,2.5330730239760593,0
0.06860145445416196,0.05994217,3.013323372492492,0
0.09381607259160367,0.21310042,2.634381599608606,0
0.0153472340779603,0.010068149,0.7244108832161283,0
0.07972056609308144,0.32847944,2.503454191237438,0
0.19497613728561936,0.7181561,6.659477624928829,0
0.032879562744698096,0.13477772,0.7408420004486015,0
0.028548870370734794,0.11681615,0.8366677120175433,0
0.0692280426372313,0.051227666,3.033712337661508,0
0.022414736742244354,0.06965916,0.6161270492384302,0
0.032354031904940295,0.09349437,0.5013223971289769,0
0.030458459305437988,0.07171851,1.1038638322059127,0
0.0804087929890162,0.1637702,3.517456818478507,0
0.06139052323896305,0.10309388,2.2602043865185886,0
0.10624519472847345,0.22931786,4.691303754947334,0
1.3856206499109591,0.76076764,73.63492496225604,0
0.026786061764757323,0.033280585,1.2269095655710105,0
0.06908049706427834,0.043605432,3.6677062457377163,0
0.10709314958487744,0.13176069,5.1911867624299735,0
0.1521407984389203,0.04179219,7.872868902400461,0
0.06670708168588738,0.0383163,3.459413231299583,0
0.01216520912211758,0.041664697,0.2986817622082693,0
0.012168694355563572,0.011127989,0.6972148287584599,0
0.1765312576028119,0.5030317,7.035090284438789,0
0.04948058701543445,0.034755863,2.590099287394617,0
0.03387025258073463,0.027316378,1.6779548995023505,0
0.07063039341503927,0.23082489,0.6660836473320825,0
0.06320958326632684,0.034116235,3.357911960098854,0
0.07774687280313741,0.15527977,3.374636440449158,0
0.04500979355006146,0.04243282,2.2906054744916684,0
0.02042110668704826,0.024890717,0.7553664600673333,0
0.0632816384417706,0.045698255,3.3457029785751558,0
0.107768570236798,0.2996111,3.670519176721236,0
0.03723640964929413,0.0789557,1.3846924902085078,0
0.10023482805497484,0.16546671,4.727212296572588,0
0.028439687977889434,0.045088086,1.1078625767284807,0
0.11353785177428896,0.14013812,5.225562479346657,0
0.049379370341968966,0.14288685,1.7411586095972797,0
0.025353210822441456,0.019047508,1.1773655619632788,0
0.13750905465657515,0.16030607,6.639250866961797,0
0.04938370891239325,0.053106777,2.0714205343647185,0
0.022369267174019603,0.030352864,0.9496908325044979,0
1.1093898236646298,2.4352667,44.705289517252616,0
0.12137134757733616,0.1223418,6.128580512688097,0
0.13700629389751354,0.03338937,7.647234336260423,0
0.01685477390974485,0.03140409,0.5310769396195738,0
0.2886279185851712,0.70532334,10.180838559460707,0
0.05560925872036691,0.073042154,2.678494642349362,0
0.02301279193695458,0.06819326,0.6079627787483183,0
0.09116853545907315,0.13451266,4.342185112262226,0
0.09479486704732268,0.085269935,4.9067738261234455,0
0.39510437953815114,0.19512872,20.273488791957828,0
0.1284296752487812,0.37377664,5.016464759644919,0
0.06754193533311852,0.065560095,3.437395144165972,0
0.05276583381654598,0.11856235,1.6623900649417953,0
1.2357229734015684,3.0218468,42.27828609642344,0
0.03692078791011452,0.10288454,1.2566245616646023,0
0.09163635455843172,0.21347629,2.5989487971126,0
0.045152142866475085,0.04751628,2.2199384384741494,0
0.046272185481512296,0.10713787,1.819038969714856,0
0.24907183062640162,0.4760236,6.503506863523795,0
0.018622561767151477,0.09589948,0.3236563279530761,0
0.059681636801224736,0.04458438,2.8629283018304794,0
0.1203918522725414,0.061681382,6.509508536342489,0
0.05462076831753749,0.23023209,1.4880380006935003,0
0.020325585855609223,0.03277312,0.6231025035319543,0
0.04104274591669807,0.13416749,0.9775311705106718,0
0.1430489749475008,0.5305818,1.8136604327763541,0
0.0420662400160064,0.045468755,2.11387576828894,0
0.06100731699863161,0.22830744,1.916072852148368,0
0.07447530259535745,0.17475572,3.156526101379209,0
0.30697029646356444,0.39527443,14.31852800671041,0
0.03743171754667597,0.1591333,1.1572940554417608,0
0.05372043137869924,0.045366123,2.248825909051254,0
0.028430271592898928,0.04002034,1.3774698725693788,0
0.04033679689318827,0.07326881,1.2448966314727925,0
0.03121648077552634,0.032831073,1.5533578801053367,0
0.02470532910276137,0.008280537,1.2589080982332892,0
0.03186505667865624,0.05511086,1.4616723594415642,0
0.3486840701554956,0.3545988,15.695302441847451,0
0.06578925821418584,0.21111847,2.3691347895464405,0
0.04442455818571419,0.028630223,2.2720397296574864,0
0.041601779686786175,0.12578203,1.6163177792437988,0
0.03838529105286848,0.079896055,1.269427926060838,0
0.05237988994791562,0.035386655,2.575889736181467,0
0.0823487931929763,0.15659407,3.6289332621365173,0
0.04141866617929923,0.12497543,1.047620400437205,0
0.030076715307994547,0.04336225,1.0131416046386352,0
0.10498937864531743,0.08266189,5.461575977285122,0
0.07156015151772993,0.10420582,3.385072628120983,0
2.561495160984235,3.1259358,117.36751728940771,0
0.17768306553715402,0.46182877,3.221891312269049,0
0.03025464372272231,0.058338437,0.8342547977649102,0
0.05909799052796455,0.30841383,0.8197648614099402,0
0.038364913161216006,0.03474791,1.7375393380526392,0
0.014606218465648123,0.025359709,0.5045808469646886,0
0.03474233731484869,0.037645,1.530672854547488,0
0.05117303246621465,0.23448102,1.194128654433167,0
0.012839892543162295,0.0059456145,0.7356716521246967,0
0.06300427677459461,0.16176601,2.036797365258417,0
0.014215967735943844,0.024419963,0.42652314899467375,0
0.052256856339783275,0.15419942,2.062731229564221,0
0.026564264147954673,0.012176084,1.5220202215484886,0
0.058461428264816304,0.10130722,1.5903525918614225,0
2.651118095025941,0.42100972,147.42659481400375,0
0.06034541274891323,0.07737084,2.984390729608738,0
0.029220996971112887,0.044919662,1.281727904513606,0
0.08862070726453561,0.25453487,2.961669481404465,0
0.3092820427274338,0.30863366,15.280435641760203,0
0.05079723281660379,0.09249238,2.177878356597315,0
0.06439958529568797,0.049456153,2.7358601360313406,0
0.16838489295815018,0.3860356,4.258065331869175,0
0.10843051046825412,0.05479534,5.879400268507804,0
0.07968346755572495,0.10243609,2.9645809527133338,0
0.01164415584016533,0.015477463,0.374762161410997,0
0.23368854830971508,0.06326794,12.673247817419272,0
0.4770590804993614,1.366273,10.901539389571928,0
0.41677200551234594,0.26169863,19.895455976642438,0
0.1800572659475581,0.58379716,5.434786707278849,0
0.08234865219570113,0.10000444,3.59528660864712,0
0.07599641361904584,0.06355616,3.6278823932190605,0
0.03400038484641102,0.10454656,1.2290088842231037,0
0.03369811333766018,0.074845105,0.8853398820625704,0
0.06596383334104906,0.06324619,3.2107573486457333,0
0.064060778515889,0.12984698,2.2783062432609325,0
0.03441889980542769,0.11547522,0.6355606419358237,0
0.0289415620742317,0.06228239,0.8050792880446522,0
0.06901854322930526,0.21735193,2.482992462587498,0
0.0343138661698103,0.064714946,1.4072348269948542,0
0.02600806998731292,0.019946832,1.1904073105482258,0
0.015772066015148103,0.07905021,0.3071527495387933,0
0.35987741394361233,1.0123376,14.153139715768802,0
0.3088506862221248,1.1967268,1.2843049712227084,0
0.10021475776061631,0.24547023,3.0168824322540253,0
0.07237474161482937,0.06078896,3.204316498581757,0
0.056523729631791,0.087985046,2.6403647198753584,0
0.09356605002776214,0.15785721,2.5390268395858233,0
0.05659362993553438,0.03098876,2.8582917173190117,0
0.11437524497280535,0.32462022,2.374318691979718,0
0.028845465704410978,0.09109073,1.0223859351017013,0
0.017701876756328394,0.09063026,0.3472847802652412,0
0.08219582451701724,0.096775584,4.125882518778155,0
0.013421234652821343,0.021784004,0.5542174495324758,0
0.02286804005855538,0.01460009,1.0392843878899654,0
0.1130886559352288,0.12725793,5.025940790156194,0
0.05360135451922664,0.24715146,1.2397811559543872,0
0.027803441692493547,0.0134371165,1.5930198649179506,0
0.07953511262528322,0.08863872,3.348936033471863,0
0.05765182432249126,0.11578523,1.2645894080509552,0
0.027066848281610247,0.030060327,1.1665170983907318,0
0.07085422104385379,0.05041992,3.689311607968021,0
0.07891859762241102,0.23936094,2.130804881732705,0
0.03757448346217294,0.12817481,0.7757755757722768,0
0.02517721839092407,0.025686039,1.2305821973078483,0
0.010787407867610455,0.053552307,0.12178252821611987,0
0.056757102735577845,0.063150555,2.554869665868513,0
0.03722624101266058,0.040198736,1.5375760033248447,0
0.06486755771080902,0.04928169,2.9527073592720283,0
0.029165151985442898,0.13498393,0.7043382580690023,0
0.05421173227271593,0.16407306,1.9630428070227037,0
0.07202398808385077,0.18738644,0.7405496183580013,0
0.15895242832556059,0.032118805,8.764729652420503,0
0.03812391200408534,0.06457559,1.3560623861171726,0
0.05678155469012747,0.06951174,2.648761132702251,0
0.056634092202022125,0.19937445,0.6502767756588641,0
0.028566405100857836,0.066858634,0.6580571325365236,0
0.019732135702497967,0.05265285,0.6449959145320264,0
1.1061840295234286,0.257817,61.652343826929304,0
0.11500918681159059,0.34055796,4.373087847919176,0
0.03680159718584576,0.11731756,1.104810317003946,0
0.0249489604005168,0.04895681,0.7223076724101261,0
0.05838658537799432,0.072864234,2.8231001413033496,0
0.07621433456224778,0.19245657,0.43011828208863606,0
0.024228091151524297,0.07808399,0.4404588777857582,0
0.08092301271973074,0.2789592,2.6058040014757315,0
0.46377510541181954,1.6877929,9.975396066267585,0
0.025804938426606843,0.04577903,0.8291185658966421,0
0.11351245227428078,0.25221068,4.43226127332177,0
0.38388043112753806,0.059380073,21.634287479257356,0
0.2780925634708196,0.6479593,10.358791271990055,0
0.026086522440216975,0.09386754,0.8552432141067047,0
0.08948379327377545,0.21468452,2.0874238129847433,0
0.016100530264394387,0.012792192,0.9224924320724498,0
0.015084055010688357,0.023855811,0.5558351779185616,0
0.06274747533750659,0.14373536,1.7079957702100494,0
0.03291002228785357,0.123391055,0.6672773244853347,0
0.05138609299903944,0.10730609,1.5471543457571275,0
0.07767340918658791,0.10584126,3.5255298889883986,0
0.06026141396598644,0.02473827,3.2844082159631958,0
0.12389908550968165,0.14426538,5.714048858136015,0
0.02535612607036787,0.056864545,0.8207092904569352,0
0.022774578419515707,0.045908462,0.970764668075559,0
0.053096958847831756,0.17717619,1.9044179673282413,0
0.05212646761725877,0.2013858,1.0852995790618412,0
0.09294193886827637,0.13832293,3.6261726682566424,0
1.6700605946380693,0.12960273,94.61981850593325,0
0.11440298903771658,0.20474698,4.749129040469471,0
0.07872403781635562,0.15647624,1.769337450339715,0
0.073209262384036,0.12645347,3.198633986786006,0
0.04747119785677621,0.20430233,1.4041566167916524,0
3.0687070257998466,0.26622024,174.01705487267185,0
0.031722179830905146,0.03170624,1.168589243799262,0
0.03742212007967114,0.05474908,1.346611093657705,0
0.012254677652861425,0.013570127,0.44874299814206486,0
0.12007167092363244,0.033126526,6.527313446492256,0
0.06647871793183122,0.06726328,3.392950383304518,0
2.404769850237479,0.11556163,136.65601051080301,0
0.04134400150309176,0.051391337,1.97956819853309,0
0.09768105984353881,0.11038697,3.8351596161810613,0
0.05317803522391575,0.05109291,2.5928714255115985,0
0.9417667815354404,0.35111633,51.23787800696667,0
0.02098449362972822,0.02603947,0.902156756830597,0
0.053796957619179686,0.03603985,2.802897093742405,0
0.03722189890274802,0.07998427,1.4485312910870691,0
0.02223993208852295,0.021901662,1.1134603331278752,0
0.21591067528874267,0.52377605,8.690254709711441,0
0.08508628628227237,0.09840442,4.05500739002195,0
2.759396282992781,1.1853113,147.58441716953422,0
0.14049924846370637,0.20569146,4.052088662676149,0
0.14594060772807446,0.3352877,5.495378658745602,0
0.032873031244469345,0.08912485,1.1171822143294572,0
0.10845683846291561,0.26625165,3.8437482690245828,0
0.04612271169407065,0.04862516,2.2351148970027266,0
0.10626529666226772,0.021895375,5.955520172349406,0
0.05873769676671554,0.18600737,1.9389207864738742,0
0.008329537141034989,0.032929305,0.25716584849669266,0
0.029659548081876444,0.111251414,0.791370010110118,0
3.149256597260652,0.41862518,176.1947236472672,0
0.24317459353989554,0.16713181,12.8303209044566,0
0.41248175461106557,0.53545564,20.088316942476233,0
0.09001138708938286,0.29492497,2.1646459075098194,0
0.04078594841458822,0.022448834,2.0705308467712147,0
0.03147234640052164,0.07667312,0.8962227719336725,0
0.01932674540054433,0.023472449,0.8781380707215529,0
0.16083221349285032,0.15935035,8.228294329890316,0
0.024064160833938614,0.0934715,0.6306495592826565,0
0.03711590032820053,0.1482162,1.1539456535870263,0
0.0880601434833415,0.21812709,3.7299123624843005,0
0.04619483763494514,0.21348745,0.901581300363855,0
0.0946868316689321,0.2935812,3.6338810905385084,0
0.039751939132299435,0.04946752,1.7831393242592197,0
0.17436829871914494,0.22404458,7.107696080199818,0
0.03875473629250448,0.03774939,1.7939395931089523,0
0.025706504751852183,0.041038122,1.2154342866147223,0
0.020465585715742928,0.02272527,0.8118950529573269,0
1.5469587197018941,0.3531376,86.25376996157497,0
0.01664099701317278,0.04035724,0.3094890240019432,0
0.4447148329653334,0.10820065,23.229802705491004,0
0.0553040029550189,0.15183274,2.183405345074478,0
0.020436967880331995,0.024864431,0.6452679368604441,0
0.09741664721517196,0.20601645,4.188650779400311,0
0.020402346707489704,0.026997983,0.9512482213220466,0
0.06920121124388134,0.3605374,1.7349055503376483,0
0.04395920390389921,0.035738397,2.258652139715433,0
0.059603445179990076,0.066232935,2.7838026619661123,0
0.025161699576674395,0.059255082,0.9979507860067782,0
0.049120358226037886,0.083460055,1.4662141394687176,0
0.07814218054860365,0.08611425,3.901764745187405,0
0.012657366567988881,0.03722301,0.2920006650554937,0
0.04835655847397107,0.017863715,2.5734252905163126,0
0.035176602819626784,0.08437296,1.0548738213539535,0
0.2834800565721416,1.1155652,6.0353810277215745,0
0.029007004492152457,0.07239773,0.9996299834135375,0
2.8591524137993582,0.39260486,159.25753755497334,0
0.05076528471054695,0.10709834,2.2461524997110094,0
0.12407941031949025,0.16050906,5.381809582649796,0
0.10811901499239764,0.0648915,5.325476263967807,0
0.0134276013113707,0.025729854,0.4902848590628646,0
0.038405855582290156,0.07310548,1.0731140417178042,0
0.09931453138892185,0.15883958,4.5055712161512,0
0.025858433279246914,0.021977259,1.1680390444286346,0
0.10452424389275207,0.19330192,4.323660130956126,0
0.03624528443762025,0.024288464,1.5252550303024925,0
0.04029649535755897,0.16444784,1.1600806526685818,0
0.030445533566818683,0.02898342,1.5190205841718745,0
0.03593933751699032,0.054784108,1.7152210804103813,0
0.022831797900889232,0.03923001,1.0671366068999062,0
0.043474043560349694,0.034094222,2.273064668507211,0
0.0504743866941072,0.24081075,1.090373748803944,0
0.05132779127611192,0.1293909,2.0414062041785734,0
0.024204717467657184,0.030728383,1.0666337160703272,0
0.052314365769861856,0.0950226,2.020043629428402,0
0.044186173027381516,0.08622362,1.8507706509610469,0
0.03997514771895377,0.074842595,1.4501683169879447,0
0.01724856334140923,0.0317538,0.52219757004157,0
0.0816397463664109,0.24138528,2.87197427993234,0
0.06310419237807016,0.3089283,0.7070568406977294,0
0.02195610776974429,0.06807873,0.4506390836877884,0
0.030909454926677012,0.07047489,1.1105565030390105,0
0.04196409847154168,0.037749793,2.169439322595302,0
0.031157138029937987,0.09334072,1.0419044951520415,0
0.11329684593552954,0.17301035,4.467759391626519,0
0.04218667192022348,0.10793922,1.5941137015566804,0
0.021985959916949207,0.07883938,0.582442177862562,0
0.06692788333619809,0.071979575,2.5893911768879203,0
0.10459150785900266,0.35258088,3.7573701145060103,0
0.11264946350818984,0.268702,4.784603671617672,0
0.047815864562934574,0.03301422,2.3942991283698416,0
0.19574297414370917,0.043930203,10.455280167129589,0
0.03987449106275509,0.09891148,1.5866861754545387,0
0.15668465950746496,0.27131867,7.130116655218405,0
0.04820226228979899,0.077864096,1.105910988303337,0
0.043780788822770235,0.05107548,1.8449129112931892,0
0.02524697826938151,0.07429892,0.9132687292526508,0
0.09617171437776051,0.012268002,5.3584970347530385,0
0.08967731455087186,0.15504846,4.095209140008503,0
0.024374768166092648,0.029248068,0.9132209463582367,0
0.014195342218572722,0.021178573,0.5105901855491538,0
0.0796698563002847,0.094907574,3.586826502040673,0
0.6902716662310587,0.1037495,37.229513917303876,0
0.025914706916070642,0.008730522,1.334346419128198,0
0.09725794417481645,0.53480095,2.0672309439939833,0
0.06369967117838554,0.2515674,1.7536882682801171,0
2.146592684300816,0.2778629,120.22026051696544,0
0.18074124187732607,0.116661906,9.113114838556163,0
0.042139277040912825,0.051461387,1.5167799057839921,0
0.0827134488092387,0.13592708,3.8250703610064045,0
0.053132380902505404,0.09128886,2.164506028949262,0
0.04503800640584905,0.030712835,2.0482823861795376,0
0.043291010557823785,0.1008917,1.6072193182212795,0
0.05198381359236295,0.12351585,2.1885614344799413,0
0.025361230592218866,0.018396758,1.1827738264625562,0
0.14158121181734384,0.0890891,7.40685935336439,0
0.020213643075277204,0.04844833,0.6572851113035567,0
0.02921530563023868,0.06531326,0.680629927932073,0
0.030725602514804648,0.08343948,1.2172909074190184,0
0.05298590714189213,0.27584308,1.291445262348713,0
0.03431085969530294,0.03852442,1.5714534826289395,0
0.37521829489665176,0.28830382,17.239010298000235,0
0.7612851858115083,2.1076674,30.642800182762457,0
0.09642676082776956,0.22892985,0.7727785978922022,0
0.04483664109686243,0.02451638,2.3126956919993202,0
0.01483963477791078,0.019393712,0.7113033580875163,0
0.03933846837050552,0.11526405,1.5062788949205905,0
0.34732676984097677,0.11529042,18.173793136769664,0
0.03983952871380683,0.04740107,1.4703609816375591,0
0.014983396282113186,0.025251675,0.3759815434995003,0
0.04210822914959954,0.15961027,1.0108267370830608,0
0.06668695831190836,0.1669283,1.7658056180707267,0
0.015671147209252886,0.03151182,0.41158544854258494,0
0.01985925098019925,0.023100916,0.9263556717664186,0
0.061800220456290085,0.18229103,2.4056074299181645,0
0.04867887542838134,0.1027054,1.776055076666739,0
0.12448918812222981,0.4698492,1.7585218439247592,0
0.02483912873139117,0.024354164,1.2275094522037693,0
0.026420520217700083,0.06568536,0.5023005196100316,0
0.026819845563873013,0.063033886,1.1381097734102081,0
0.07237510921452596,0.13817447,3.010845985269277,0
3.1973258519911,0.2778319,179.24417522095374,0
0.024132505015016636,0.007220845,1.3826906864387465,0
0.05806066171378344,0.048574995,2.3167691537385227,0
0.02946177203515208,0.07293601,0.7416860181024677,0
0.11423714737759769,0.30363482,0.4598571597736715,0
0.04750326648117038,0.059368,2.051669138142723,0
0.030552747857148396,0.011679606,1.4846126507284652,0
0.04274394124820264,0.043757074,1.556995912812937,0
0.04088371929191076,0.13465971,1.5055992667062534,0
0.025906780605843532,0.045872618,0.5698566556170821,0
0.04746122370868746,0.06441756,1.9196305313495745,0
0.0549071864521117,0.040688038,2.717272675418921,0
0.11027753778703918,0.11183954,5.5870458929280264,0
0.052787385242886745,0.12298705,0.984628294803236,0
0.048116015427502906,0.056704316,1.6431205816657535,0
0.0356777472304567,0.14310014,0.9662779282524624,0
0.010217927818916797,0.013113311,0.5854441393932469,0
0.05775403709938301,0.26925674,1.6470741390013035,0
0.24930143184723316,0.10780827,13.325025238246763,0
0.04934674091871891,0.2208552,1.2879915890245057,0
0.03749895573805834,0.111805126,1.0775767009357247,0
0.03853985617093911,0.031613886,1.6490919969010154,0
0.019213095020113265,0.06014485,0.6778296109610432,0
0.23586855499402212,0.32418853,10.906608308403271,0
0.069213350971711,0.055475406,3.519278753715933,0
0.03908857308377808,0.08365117,1.196216266569431,0
0.027608134921362423,0.024364645,1.1862079523413198,0
0.049335749803570486,0.107323326,0.49145334746770164,0
0.13500207234576797,0.20886092,5.38858806766297,0
0.14514239263435402,0.1651775,5.856582064282676,0
0.04675987331567903,0.14596376,1.0636433568447081,0
0.06191331948623015,0.1106573,2.5253693093148826,0
0.2145885353517075,0.28256232,10.589675945980312,0
0.0457989097216438,0.24634439,0.6520239914171824,0
0.03771564025085578,0.067731924,1.7207443308886323,0
0.08711406778362063,0.3100226,3.115182154519964,0
0.6708373088909845,0.88109624,29.130661809422477,0
0.1256081125450517,0.0774625,6.662559298908871,0
0.04249163297689515,0.12968962,1.3662639504752656,0
0.01784364059152381,0.032485515,0.5061310618366078,0
0.053561047627790404,0.015998509,3.0688219753715797,0
0.031094330245827785,0.055781182,0.5755451900079618,0
0.13746475590589796,0.15700345,6.039219419583505,0
0.016498731973298306,0.029991828,0.6215465241256085,0
0.031837909669658784,0.03607211,1.174085303226001,0
0.3415857287866465,0.3373198,16.76687363806854,0
0.03261830134688965,0.051153317,0.9560879795177655,0
0.051537164889908255,0.17881784,0.7074006343530703,0
0.022053379422564988,0.018892117,0.9548785004282097,0
1.9893174650592318,4.149794,77.701050950967,0
0.02100742699349336,0.030326942,0.8050987288198576,0
0.03842596839459227,0.05841833,1.2221250754688209,0
0.03166947030376355,0.06390246,0.9758484331606492,0
0.043205990101531276,0.058713846,1.9351433159619071,0
2.775575142916671,0.49349338,155.8795693552596,0
0.017263356787713464,0.0642484,0.32210340793586106,0
0.05801063153318779,0.06408258,2.1509016651036412,0
0.030864158095369444,0.04212015,0.8432867130475753,0
0.03631785038295883,0.021441745,1.9087276951296122,0
1.2512942677478642,0.30270466,66.021352442996,0
0.017158399246200797,0.011263194,0.9831038600077588,0
0.05429798372654985,0.018046102,2.930419270133479,0
0.02764071662600706,0.070837826,0.8701588157922221,0
0.020018766619111946,0.017274117,0.8635620001607621,0
0.049263880946063834,0.060979575,1.5522526635873395,0
0.1505490670311571,0.03654897,8.16874001950239,0
0.05300416718373312,0.27787533,0.9663921078856089,0
0.02102686377407134,0.09089973,0.3270983496174395,0
0.03270609009443749,0.05986587,1.4200343125101864,0
0.053110729597802254,0.16745397,1.8373153197191772,0
0.24003023798696296,0.1618001,12.024681305273658,0
0.03822351408308503,0.032181785,1.5614481444343193,0
0.018263367762374447,0.028977945,0.5427532884833688,0
0.08968582231183664,0.066795535,4.6935974582456295,0
0.0069849834080306416,0.016112477,0.22035508676526647,0
0.061332431402052565,0.053283423,2.902724036482169,0
0.06133384076300069,0.08531313,2.0665685051323672,0
0.03973620759108232,0.057807583,1.0395598085401394,0
0.11935791594142582,0.16361678,5.533109159152838,0
0.09958563979986643,0.051933806,5.3696444109259085,0
0.03246796338387162,0.056996386,1.4235938224514273,0
0.05648038533049467,0.15831394,2.0177974279036497,0
0.05072376415571496,0.1325213,1.2135649088639648,0
0.16472571110793022,0.06379211,8.829101687270716,0
0.4280053768470545,1.6731216,6.408119872344845,0
0.15634455753502136,0.6241943,5.160127363340658,0
0.05101201300770033,0.04113697,2.62085595676979,0
1.059913806301647,1.3878083,43.63642525646222,0
0.02413431435617864,0.038387295,0.6101206130960207,0
0.024949990586505936,0.011526144,1.234884029356487,0
0.027525687604834603,0.054897055,0.9081928057738273,0
0.028708815912395932,0.06130891,1.228273791568685,0
1.5603306420072292,0.18398756,87.17596013179305,0
0.1316942601578006,0.2680675,5.700791516722837,0
0.053120837965438615,0.2873242,1.2133212848056196,0
0.11712993914974076,0.3585562,1.1408876120126812,0
0.047391921782434905,0.030773586,2.411412962710552,0
0.0316327625011396,0.027896212,1.5794274101281989,0
0.04411995212662539,0.092099525,1.3992861207941267,0
0.05153287999143449,0.05884001,2.5960906868290397,0
0.01972220309315945,0.03343059,0.8359015663651644,0
0.018182873353163997,0.04330297,0.18081418915988173,0
0.05575153537875454,0.09368724,2.4248774133841966,0
0.022698767200687833,0.042075973,0.9302155064280637,0
0.04586676168314476,0.064199306,2.136064308394881,0
0.8947108902693613,0.39020535,43.60433956821833,0
0.04973790806239432,0.03282383,2.145847848642366,0
0.12716824423118878,0.11479198,5.405357842203482,0
0.022448717120649844,0.04146421,0.9035441391063854,0
0.007938491180539131,0.046344113,0.16601541939400874,0
0.11939228081275892,0.36636057,1.865355684804871,0
0.04616845742023684,0.09142681,2.038651154260439,0
0.44186027738161887,0.20507678,23.219372167840238,0
0.12674528256399697,0.03688065,6.455538026625703,0
0.05199806312147029,0.11525416,1.049832686410057,0
0.01874932324846895,0.05928666,0.3966794333926303,0
0.09140229873238244,0.20929237,3.9007957913454434,0
0.062089602982979095,0.01714813,3.37767060761711,0
0.02707454610717771,0.01837928,1.30788122894467,0
0.04517563438585859,0.16191137,1.1812680936965816,0
0.013395566258561364,0.030719124,0.3117752303572183,0
0.06905078293637658,0.1761844,1.7168255505373924,0
0.03163184554966557,0.060291175,0.8305854494775992,0
0.025537577610190605,0.045654908,1.0489527938639127,0
0.060705084442974885,0.119804665,0.7454334041961752,0
0.03810853468347529,0.010477528,2.183458200791051,0
0.07484334781607174,0.11350166,2.437400432354134,0
0.26683191833472986,0.15135878,14.146186467397186,0
0.035074683436587414,0.021354385,1.652983396208137,0
0.15181661039155153,0.060359526,7.891574481863778,0
0.024010739293427185,0.022025106,1.2429866135798713,0
0.023079511820136935,0.060939655,0.8706059601083858,0
0.05917517403845672,0.19441846,1.171163962296967,0
0.07738398160593046,0.11605969,3.4989714188592402,0
0.038137954704936056,0.07048071,0.7167322530851793,0
0.08221043932608826,0.065270886,3.671453092920586,0
0.0863121193723469,0.5254567,0.8280799947470274,0
0.07407563405622024,0.18767439,0.3972546037243312,0
0.0860619339063889,0.1627157,3.8425753085345264,0
0.305341198935867,0.40022522,13.096156897268216,0
0.05168786685595951,0.04030434,2.7171516212435773,0
0.06646051540137234,0.16139466,1.7995193665113876,0
0.044431184930353224,0.13829759,1.4592723467386643,0
0.035326074830139303,0.030713521,1.7877659445348735,0
0.07661485761756462,0.13531907,2.405162802075947,0
0.023998749071195244,0.06192016,0.6355323790543489,0
0.4351819542121912,1.3160745,4.577376418835066,0
0.03674170618571859,0.06638793,1.4754028559017964,0
0.018298017656740377,0.04172014,0.7105146895058719,0
0.011827821308021761,0.010629806,0.6776842417845518,0
0.0234566881901107,0.03800865,0.966274287697986,0
0.02529060574506289,0.045450766,0.5227422925253976,0
0.06143423661004355,0.06952849,2.602425725476711,0
0.05056922667559326,0.02923891,2.348359732620014,0
0.026172430580148884,0.048444375,1.121625589667666,0
0.0802278949374241,0.15849689,3.3237692059467636,0
0.0848687292452406,0.049329698,4.138010565429423,0
0.03163675723475255,0.020206016,1.630762114752063,0
0.027784483825549846,0.025523655,1.0958047794605,0
0.027491213219972832,0.036530808,0.8625269833334823,0
0.04076786472825282,0.10037622,0.3831766771595746,0
2.2446640308521637,0.37181002,122.08282527744684,0
0.062091580270928634,0.13743347,2.4475683352340716,0
0.113864528981057,0.25941294,4.84061285656719,0
0.055597873527278054,0.14603877,1.1181097648432792,0
0.030274961428343197,0.036681842,1.3972117141355773,0
0.8308372328227878,1.6059384,36.539363848654354,0
0.07513440877575558,0.104970254,2.600317110027131,0
0.02945697311793618,0.061773196,0.7097978499914774,0
0.033257209307455946,0.021931132,1.6496232106618505,0
0.01999499419754461,0.028082434,0.7928020971589245,0
0.11751690511051639,0.23886219,1.3653228009324063,0
0.054050673439889174,0.18495846,0.9346111062130686,0
0.04640313504721264,0.116395004,0.9737569575110282,0
0.017799534746018964,0.02767624,0.7997246867288981,0
0.09817618013602812,0.020988477,5.385221975858567,0
0.4547910746756146,1.4577019,16.066011416491612,0
0.03281664481150157,0.03671914,1.1343672652928918,0
1.2329150098740889,3.8467317,39.299345840447685,0
0.029324876291012145,0.04376802,1.031608248495502,0
0.024984387110859083,0.11901811,0.5724433510420908,0
0.40312326866851356,1.3854431,14.474051614661075,0
2.5671947264532307,1.7766373,129.72344336055926,0
0.022042998778050077,0.0316601,0.8601891796729328,0
0.06762548032671616,0.28258723,1.6453128816853877,0
0.06167200691213601,0.080274165,2.941681323889985,0
0.0386233834797895,0.106964804,1.4550620514905583,0
0.027221435134612063,0.039499167,1.11107025607567,0
0.041472699943764825,0.029315127,2.119249937230153,0
0.06170373817833313,0.027015883,3.3581864962738486,0
0.035307829289187305,0.18004553,0.7350530602046675,0
0.0773993984948598,0.20389196,2.678019700165734,0
0.04488921093704077,0.24263549,1.0428311069267011,0
0.15400339606857064,0.166053,7.682852131288291,0
0.15699859758183726,0.30665475,6.083085391233007,0
0.01622198938235272,0.024581492,0.7456740681763306,0
0.020109100034964064,0.051130716,0.6544228226257788,0
0.08270534045524655,0.033670556,4.1209182824809325,0
0.062095684494694145,0.17535293,2.265109910179629,0
0.3194937690388031,1.5201646,1.5481186350304206,0
0.036554049219740745,0.026188161,1.6433018119335654,0
0.1777242929885066,0.16819383,7.9218370953222585,0
0.022078746300898084,0.04141879,0.8615745667064154,0
0.030856664564954655,0.0860729,1.2462491381749015,0
0.020127111335292207,0.0285376,0.8688165635760998,0
0.1275645973988622,0.24041064,4.9158211608468365,0
0.16413292284477474,0.05005802,9.100729236499658,0
0.014690935608575153,0.030751282,0.46976106762383957,0
0.09165772360797388,0.20221122,3.397449182448112,0
0.02211079623391316,0.092262655,0.572742507477164,0
0.09544184775320712,0.15239573,3.3927792733602313,0
0.22441587516719058,0.40355995,8.373650086256601,0
0.03541336910887168,0.099428795,0.6773726739396425,0
0.01221391795165423,0.02986183,0.4166230252676774,0
0.06869177761387084,0.118646964,2.7215726827558946,0
0.013888531988733915,0.019817209,0.37055626109423073,0
0.05110271073454449,0.11350165,1.7291982363398823,0
0.029518937153951607,0.034699153,1.3926804234530923,0
0.02070817291812261,0.038457677,0.5282330825619963,0
0.07903872430431494,0.15422192,2.9657480722384384,0
0.0364924723097375,0.06444708,0.9640555764053033,0
0.05447019265734546,0.03297613,2.4593874633211663,0
0.31680553550067553,0.71429956,13.261746811106919,0
0.2591364881181437,1.098677,5.640452467918573,0
0.060543037951199946,0.026319986,3.166398752879924,0
0.06552155230445576,0.08065101,3.0054396932391074,0
0.023771806750185188,0.053364642,0.7185807312573136,0
0.056281587578501845,0.15666454,2.0410735674267606,0
0.08750990455913545,0.18612051,2.174047534050184,0
0.09344200678716214,0.20677298,2.184905948224295,0
0.023280823590150313,0.030499492,1.0058620813982337,0
0.32346280015690587,0.32180008,16.580623213658633,0
0.04397268073187011,0.03724976,2.140428722679001,0
0.03555478363141361,0.1529356,0.8183939188644798,0
0.027893937627941685,0.11548687,0.8484005534591162,0
0.22219471641818825,0.9417164,4.51587092833806,0
0.01873310604290002,0.030410646,0.8644661180563417,0
0.14767305036086315,0.5366782,3.4223786856097074,0
0.03542583476088863,0.032030575,1.7244089715894877,0
0.021629004603303314,0.036524333,0.5489975776497857,0
0.06021859630323996,0.25544763,1.413583924517407,0
0.03805077707469963,0.08028018,1.5877474169511907,0
0.023926222294217845,0.09732279,0.7471305712952965,0
0.030187778228442073,0.09945687,0.3922638502401049,0
3.1354879968586333,0.29302037,177.50442319366158,0
0.0226461431645956,0.05089946,0.6522857907745503,0
0.03312596198944895,0.06903386,1.3565473847779796,0
0.05015678916569667,0.07353339,2.1899144767914898,0
0.04239530515783558,0.074839465,1.9790364951906025,0
0.008623732466899283,0.032783337,0.25346691824000955,0
0.050088723715675444,0.11667247,2.0169408047512065,0
0.018343158879032994,0.03307499,0.7316465220453399,0
0.02483072325073899,0.0336448,0.7671309930574164,0
0.02111959616667036,0.022614539,0.9739461935172319,0
0.18770240348451805,0.11975869,9.429511098138253,0
0.019482945328706584,0.033837985,0.5884379927522331,0
0.07331722450611573,0.18020776,2.7079055693634526,0
0.05113454745510855,0.1681124,0.9681467782753801,0
0.061426508912152254,0.04008365,3.052802393453739,0
0.011115638197496948,0.011407379,0.4998645600445335,0
0.02552084031668895,0.034129,1.055282616605978,0
0.07052771574673902,0.16152701,2.503820465540297,0
0.03900813405996111,0.09345432,1.6468451077066166,0
0.026463642247988164,0.05106694,0.8608750951592362,0
0.2701407118974262,0.3677792,9.886075821196561,0
0.02380808169838588,0.04382972,0.9265578265835214,0
0.05470175430748623,0.1901684,1.831560873273491,0
0.10969582115009797,0.20073402,5.005265027898244,0
0.03171696718778068,0.014295634,1.527339645472235,0
0.045971136076722,0.13526775,1.7757793082930098,0
0.028989525697562524,0.014731618,1.6609774725563764,0
0.11832521348634605,0.14591697,4.0748039102023,0
0.04065145775561568,0.042957347,1.9460464472219645,0
0.12298833102081387,0.22034273,4.949622880838829,0
0.02995508237675205,0.025168534,1.5558016354796902,0
0.11915306885869274,0.08484311,6.239454672663289,0
0.058350200971314575,0.059943795,2.4862422839288,0
0.027181818796013058,0.087115645,0.9793868918792502,0
0.026555949913373865,0.05865114,0.7569572141019724,0
0.07697758344517938,0.17292021,3.3196555436124373,0
0.03348991578847936,0.063136086,1.2106563272139756,0
0.02845430316522681,0.15892012,0.5662074946963883,0
1.591170364688479,1.9014045,78.42022580664961,0
0.017498468202195673,0.028387336,0.6030129179738305,0
0.03673927528570383,0.08925083,0.8489259439119601,0
0.03482693162981744,0.13670093,0.907380977858952,0
0.043252443905585664,0.052881893,1.5644244143264592,0
0.01907621147501392,0.04074913,0.6304652059311056,0
0.1093689202017963,0.1799721,4.7381873840293665,0
0.02653391086397892,0.050934263,1.1784924639993541,0
0.034896078661699206,0.091775,1.199118104034723,0
0.018171835747986163,0.06705996,0.6223890385665128,0
0.033317699761945166,0.014399856,1.629940906977503,0
0.07211088906468412,0.1048327,3.368493247748209,0
0.08855189448976847,0.48061454,2.1521356558649263,0
0.03321881637794564,0.10799019,0.5918784996237385,0
0.11674909017442792,0.5394114,2.2662438017495585,0
0.04536486233575302,0.039456893,2.232720272576712,0
0.012100435903604803,0.022689695,0.45529137172276596,0
0.09720165262255395,0.33319595,2.277980774728204,0
0.02780198316119752,0.06243231,0.5971874574048656,0
0.1768216693262905,0.71934015,4.617880105353577,0
0.06283740452273023,0.17314155,2.2535057291158687,0
0.14395114755813027,0.16782114,6.2470540721043015,0
0.13178252582970612,0.084650785,7.020248663528871,0
0.03136346886190533,0.10198254,0.9309724603355787,0
0.02530596740060332,0.053923104,0.7018147755629845,0
0.023273302192446728,0.019182878,1.188184467623187,0
0.826245412593285,0.83490473,38.56947379210698,0
0.07495395704777903,0.13429728,3.465079753316837,0
0.08355571739481273,0.16549915,3.5876384183373067,0
0.03150623006497801,0.0443045,1.4767748605787894,0
0.03345116673795097,0.03970563,1.32364235827134,0
0.07097450952058698,0.12333106,2.5992884294355068,0
0.06052523063205828,0.03581584,3.111891897588529,0
0.02136968834389948,0.0453611,0.923274670545229,0
0.04278439556670423,0.15931608,1.0946231350048081,0
0.015943806150824837,0.023440074,0.4505874460309685,0
1.0654525990303156,1.1008981,54.20055768495462,0
0.15725225094978934,0.014135496,8.851115547486131,0
0.023979224860778185,0.05672735,0.9918437400052552,0
0.022147965351312547,0.038026113,1.0103988332931209,0
0.09845004411016489,0.08734024,5.110898591101782,0
0.037595342398972165,0.075086854,0.6539538752221956,0
0.049477844592177855,0.05820223,2.4346182402637173,0
0.07497968924643564,0.019079447,4.296019743023206,0
0.03491837303038994,0.07694811,0.8691997111353984,0
0.01832144184680265,0.008941863,0.8618707894566682,0
0.08685607807291995,0.117131025,3.4860799777501827,0
0.030606370360018106,0.030818403,1.2070140046180506,0
0.09667894079701134,0.013719819,5.539295275463901,0
0.034485749433214044,0.046232454,1.400648670279274,0
0.07289644751944009,0.059924494,3.667411939397419,0
0.027208557235951655,0.121566415,0.703630286808903,0
0.07318990698784456,0.24826397,2.5798402617779153,0
0.04220232698708937,0.062022977,1.257139728791513,0
0.2686610999893023,0.6124425,9.35478906627205,0
0.04561880741699826,0.05612929,2.1929112062748457,0
0.027312617597485937,0.03296701,1.2237384645675706,0
0.0458865332554615,0.14594543,0.5907534087711652,0
0.028149477083188393,0.034901045,1.2805693486747207,0
0.052096110642713786,0.09423619,2.1413263028963794,0
0.05595149609815201,0.1960125,1.9813352906981483,0
0.06632221425019698,0.08575497,3.068320774249909,0
0.1835538886165387,0.22334272,6.5995515664538305,0
0.0706815390567575,0.006846708,4.049753877441295,0
0.04224815892571582,0.114982195,1.7086474986030946,0
0.04177420660478718,0.07551428,1.8092502391008662,0
0.028938963710063575,0.020119308,1.5192481780291498,0
0.03260325398009044,0.1244851,1.0250914604014754,0
0.08151284503306398,0.21517728,2.0211908014328595,0
0.030189133655326206,0.029177152,1.5454356973276173,0
0.07155042805189106,0.03133506,3.573715810000349,0
0.28799002792059514,0.90440875,0.580229365706961,0
0.3167279767139872,0.16018239,17.102371887045955,0
0.09150339137890856,0.25769705,3.574274617496042,0
0.019306282265796698,0.033389065,0.6880807667125969,0
0.026292751225973153,0.010984483,1.5064636770356827,0
0.015631216608001385,0.010249517,0.8956027402932779,0
0.035023065832616024,0.008874228,2.0066738578177348,0
0.03223254012265063,0.031607058,1.6276197077195216,0
0.20524930899146787,1.1550715,0.8098162248838578,0
1.8440707904312592,0.24587667,103.93202302280831,0
0.0496710313252301,0.061471816,2.0769784989698596,0
0.05947809460863485,0.039070863,3.104084898318322,0
0.0753498660585986,0.08785899,2.7010074117057457,0
0.034252050326153985,0.055028837,1.5584348977156326,0
0.04293996474475275,0.19572699,0.6659306410748217,0
0.030053995008648388,0.102520004,0.8411667402314307,0
0.03616223953580032,0.08948259,0.5292747226041709,0
0.06611328511823354,0.02262461,3.484356937559898,0
1.9430671514895475,0.6056551,107.42883032473199,0
0.021923930723711016,0.046396807,0.9731678536745535,0
0.020975826959950768,0.03695229,0.7583875571983626,0
0.0360236556317539,0.08169573,1.5117003001406362,0
0.03458896499379072,0.10541143,0.732351578461527,0
0.053457864172530116,0.108611315,0.8520975062903479,0
0.05891249597061025,0.16959472,1.7322838300286585,0
0.07827101231812861,0.14656551,2.9968387481834307,0
0.04774078036106181,0.065520205,1.3797979215822427,0
0.04505538354287337,0.0370154,2.1396355824969286,0
0.03552481296136173,0.054960422,1.5839205198870288,0
0.043875038478215826,0.095698304,0.5653962209625645,0
0.03185678439411684,0.069107756,0.761310589066185,0
0.1848409538447057,0.17168966,9.446015601637805,0
0.08228440929946147,0.12294213,3.882719950199059,0
0.0542576776076809,0.1324125,2.0057504552642094,0
0.044628415359556126,0.11016655,1.4764910701176543,0
0.03859999322909108,0.09690866,1.1229887079452832,0
0.05661277266672886,0.1605642,0.31673880550075606,0
0.032826170375776065,0.09098143,1.0501437222168313,0
0.05061290525044486,0.06186861,2.514107960563134,0
0.05338325657173912,0.1212096,1.7916622077788649,0
0.12729120380747522,0.08575224,5.494584169955829,0
0.03568906610983176,0.07898513,1.4831997476198133,0
0.03207146265984015,0.0876822,0.5130801186660581,0
0.0807611336152041,0.21471547,2.97353549722072,0
0.2435682943523489,1.0557095,4.827837713935952,0
0.08477920732229574,0.17176078,3.7668019805783217,0
0.1316519850721142,0.14813353,5.473945111420288,0
0.058333813942632436,0.16958617,1.9338131987488025,0
0.020342086023792935,0.043747272,0.7883812044240123,0
0.4194262354294902,1.3520334,10.659593802033722,0
0.016086186810853335,0.035763364,0.5693821552146359,0
0.029390231550106036,0.04100797,1.0356827591639894,0
0.03569496853467044,0.04691168,1.74844687197176,0
3.0569433566348874,1.191277,167.97421812919507,0
0.22602717905931963,0.20425765,11.376551526317867,0
0.07244747692198045,0.17655562,2.9768000660748615,0
0.059549811106161955,0.07359981,2.2137805724132096,0
0.028466727415065663,0.052702405,1.1004263883408187,0
0.02700198023917357,0.02488203,1.2526307878131515,0
0.02755950302877724,0.07895076,1.0595405148596564,0
0.1054053323674642,0.13187045,4.194680735431429,0
0.019324072797460397,0.026499148,0.9363438657016908,0
0.11603834444529805,0.1786488,4.050556582014161,0
0.04015566000870667,0.07670881,1.3028016813228758,0
0.02498611844644919,0.03654214,0.9496859584385651,0
0.019025941178868508,0.09252574,0.42057689078367666,0
0.15299681481819377,0.44926775,3.1184820414778835,0
0.030516916816926743,0.15748167,0.770042566703816,0
0.11331853325837613,0.10055362,5.883909020795764,0
0.3898597863741738,0.48038882,19.414322336228274,0
0.12772269055322522,0.23218657,5.810237913491303,0
0.03191084044372773,0.047879856,1.4810040596096552,0
0.03204355788696611,0.020294169,1.631436095637903,0
0.010623103723282455,0.0024205085,0.6086590086737954,0
0.2260032674591215,0.04949855,12.261396936528676,0
0.002773621352389455,0.009105699,0.11072609368803876,0
0.2322010255607922,0.37781173,6.222823601129309,0
0.019779164367976568,0.03986506,0.7209644078308625,0
0.07810516282038034,0.122087605,2.891387268571632,0
0.6333833716467014,1.09178,23.830655132738617,0
0.06937057271741522,0.06797502,3.2766939966289876,0
0.035448680821586226,0.13854904,0.7740538769271842,0
0.03576562349611154,0.053951368,1.4848065425562669,0
0.09799434497697873,0.029682372,4.9704509470061975,0
0.07073349186847563,0.061277382,3.3649286905972984,0
0.048604873023965996,0.03466534,2.356639513494668,0
0.027939583650724294,0.07891691,1.0162061374269917,0
0.013851493869828431,0.026146218,0.47995039165480297,0
0.0446147976188036,0.06815334,1.534181412487866,0
0.04285440305176784,0.054337837,1.8592748702571629,0
0.0546622160240485,0.09466894,1.7593367503209325,0
0.05046288159972888,0.2359313,1.4664363071678643,0
0.021399602537369028,0.05612262,0.23126392266183077,0
0.05259097682710243,0.04780828,2.6071620139983858,0
0.15432679654114864,0.5100355,3.755127869415315,0
0.12159464317779045,0.46018827,3.3056044090193204,0
0.061776267573713385,0.08443221,2.4933274847644644,0
0.0745563663179786,0.11379244,3.4812542925181496,0
0.043472295054679415,0.105248645,1.1983866458866252,0
0.038332974061456096,0.10044997,1.1005706584848451,0
0.044106796135712265,0.15982094,1.4145144470887934,0
0.042200130331748145,0.20549697,1.0238538364488061,0
0.02821969483767784,0.043733984,1.064305882192409,0
0.014753978015099188,0.03261248,0.5231478682202183,0
0.03779769365603925,0.029124334,1.922075585125882,0
0.030761084037800493,0.041204542,1.1493668636631376,0
0.027189514849219432,0.09483632,0.6766475387385064,0
0.01205971944081079,0.05061566,0.30750064724926035,0
0.06921892288065641,0.13237344,2.9702306244342838,0
0.313189486320871,0.34333313,15.049867537818907,0
0.05709068453829647,0.04450848,2.305543147578755,0
0.8263423144823493,0.10962311,46.5813826244503,0
0.04306937339692185,0.043698885,2.112239925503723,0
0.019300021643671172,0.029145285,0.7498053307527732,0
0.17646732710315546,0.71961755,3.0128398615592364,0
0.014515100713902399,0.027442724,0.5521946057474689,0
0.09234323156120777,0.074298374,4.816789362371678,0
0.1386952798224831,0.28049788,6.066989527721323,0
0.14047146193894605,0.11457577,6.1775820844923315,0
0.04755471629459797,0.057207044,1.6346630809948899,0
0.18702511892363466,0.25082964,6.630462289849737,0
0.22123854859531966,0.6213459,8.683564560883545,0
0.059763318263277354,0.09385751,2.5354458001665185,0
0.038592861437020544,0.115774326,1.3426497419124395,0
0.013134268623658742,0.0405826,0.37935191076160296,0
0.06981987854418598,0.17181107,2.8759887004117295,0
0.030947628275664826,0.065523006,0.8297911889879195,0
0.0363020216765735,0.050393727,1.3988710853447188,0
0.027469745444669527,0.06987227,0.836204723032292,0
0.13697980408109112,0.30625713,5.826471777144138,0
0.010527171814498307,0.036877427,0.31715247915164485,0
0.021308042914054047,0.06451843,0.7078374159713455,0
0.0813704940118871,0.04744439,4.201643943844869,0
0.024070611936105494,0.01965492,1.0641051470595504,0
0.07287741551829198,0.0963308,2.1697985442107064,0
0.19746055034427695,0.51961577,7.1481624100009356,0
0.045826006445961014,0.018467298,2.4421383664747633,0
0.0498358761514772,0.080129296,1.0686989185560112,0
0.08151088359741324,0.04047751,4.026016363921206,0
0.03954083052915955,0.10704165,0.9491234869968087,0
0.11358373109032728,0.10107193,5.564864321482339,0
0.015732098575246586,0.011905642,0.660913581755956,0
0.024377174507383075,0.045069527,0.7899134489548735,0
0.024527984786974533,0.02884392,1.180258002547066,0
0.02809645324322397,0.019705065,1.4649213616114638,0
0.2774293732746427,0.7550585,9.967556806315939,0
0.07308469286155556,0.08197847,3.41329559960471,0
0.15722277805596138,0.16699004,6.652562869405508,0
0.08018471653566668,0.03549123,4.227624816436404,0
2.258725383378697,0.7699709,124.31746970395079,0
0.02612636613619609,0.03977984,1.10177280067252,0
0.011524206027388573,0.062659845,0.16426567523345242,0
0.02483010383432813,0.059105933,0.9271329185019413,0
0.057977108867450604,0.015767494,3.3218436464754197,0
0.055084144809657405,0.13453001,1.9004638576541792,0
0.07647457052333016,0.08855897,3.779243070677328,0
0.05719380976365925,0.14866585,2.206018106239005,0
0.03650394584908093,0.12422701,0.46973598282410495,0
0.030018312295487685,0.15367298,0.547952214182602,0
0.0831578748750591,0.16831782,3.375925491078781,0
0.09667317274718842,0.45204872,2.6381183498080842,0
0.012040421867543633,0.015200268,0.46761228163552937,0
0.0964032839011639,0.21869881,2.687201212866902,0
0.04400072646237769,0.12319299,0.727111432055044,0
0.40827577447060365,0.33056766,18.260242168854493,0
0.019903974467884295,0.028123178,0.831128973147269,0
0.012851153058332539,0.016573986,0.5838345664458525,0
0.038632803365206615,0.055589348,1.841536967825825,0
0.035619766989770305,0.0844411,1.3246114868712455,0
0.030925374755788337,0.08289828,1.162716351813058,0
0.2736633942669102,0.5083586,8.782430984259213,0
0.014648872372678704,0.044318773,0.3221663596219767,0
1.6582292932248803,0.049297895,94.11924764688095,0
0.11417394189212852,0.19642979,5.167498644386788,0
0.16820369979248811,0.054002337,9.168991906101809,0
0.05266687652519168,0.15513116,2.0834646861654322,0
0.9703326905064897,0.18715411,54.331083342932125,0
0.02162946551590438,0.051194817,0.8035920999542286,0
0.039074520751169406,0.053094447,1.6617571804792166,0
2.6148909017463655,0.2650191,146.68483047566335,0
0.17515420662223977,0.5643489,2.0342880303879434,0
0.031966207564555524,0.028156137,1.4707320683906338,0
0.09895693462050369,0.09239156,4.383657856638335,0
0.024670524018100395,0.03466251,0.9688225510216454,0
0.015455684105388223,0.037266623,0.39682462287913495,0
0.13913548457874417,0.23175324,6.415786705107555,0
0.030293198482465006,0.05426056,0.8713083529942447,0
0.02975112878742048,0.040521353,1.4248037298930047,0
0.16212975385315676,0.42017394,5.02454123793709,0
0.03571656697374778,0.0811492,0.5034126771689694,0
0.04510593944032291,0.049984116,1.6411443901810585,0
0.05031178486246887,0.07224697,2.3490884795468907,0
0.014117540887517028,0.043299608,0.4922114782131923,0
0.10079481354378401,0.099264614,5.082903140252077,0
0.11028141396375735,0.22712713,4.571405408502165,0
0.14825298320502728,0.2098586,5.057079350570337,0
0.060801237791076664,0.036154542,3.2138043994263765,0
0.024790942282559764,0.15007375,0.25668360951444397,0
0.3032704245099005,0.4108884,13.223144782344706,0
0.04991270482601183,0.11675335,1.0236312045762028,0
0.06956582877220832,0.24246919,2.4524614837582956,0
0.03162837081478913,0.10877907,1.126597312068278,0
0.331663797079227,0.8239638,13.721539825534897,0
0.06495529610677962,0.102202415,2.907948669954493,0
0.19673534304843981,0.28914613,9.337577125619791,0
0.08809427490197055,0.3121618,2.289168178195472,0
0.038043000994121154,0.07072957,1.608201992408865,0
0.044306316167357,0.045992568,1.815149758448985,0
0.05948197466609236,0.11098558,2.179308457040124,0
0.04210868254742005,0.043129176,1.7060569561494587,0
0.06730696770140816,0.015780548,3.651446371944387,0
0.039553773432212655,0.03041728,1.9123944217399305,0
0.20064736659680305,0.1250346,9.744635445364324,0
0.038254743089671334,0.15301692,0.9684998866700041,0
0.04529817547055351,0.10195734,1.9701979243488026,0
0.03708346463857677,0.13000025,1.2873274789923268,0
0.037990024861482785,0.022572342,1.9343221174744178,0
0.08351978780557547,0.10312202,3.565779512997329,0
1.1359550340503344,0.78883106,51.825611540442004,0
0.015739715682233327,0.027593229,0.5813765788267594,0
0.037276560661180055,0.093814686,1.4075663039256225,0
0.03214596212447022,0.03085596,1.4943512088009867,0
0.05884419666918088,0.19922376,2.166181958851179,0
0.021974992270534822,0.07927927,0.32863115191902986,0
0.06446625312233815,0.111533254,2.9315162960555337,0
0.0592742636175186,0.091803364,2.3493040726542187,0
0.05856788978506962,0.23475921,1.454461505987793,0
1.7657454174035376,0.56379575,92.50873531965935,1
0.0797772568718012,0.09837519,3.979354137817404,0
0.06213275301555528,0.25260168,1.1918197481073165,0
0.02776111645184885,0.02811499,1.2394781807657709,0
0.03341930533401741,0.12485778,0.9383808999060594,0
0.21258311024849605,0.08906087,11.018481368805466,0
0.0521544306318107,0.10467379,0.6431558773466262,0
0.08551713991196917,0.10051409,3.782425455861678,0
0.026722694308264943,0.114570186,0.4719857366563395,0
0.0302337485379876,0.036048763,1.0536255844257743,0
0.03037695036109643,0.04758301,1.4464157183094286,0
0.057066829502288544,0.055368368,2.6477715822137986,0
0.08896143735991667,0.05920834,4.487127940922314,0
0.045833549075594435,0.31725785,0.5545991188154864,0
0.15595966160357583,0.056811262,8.280529015154283,0
0.09584855111753487,0.25181198,0.5166780963672063,0
0.0547114659201058,0.030187001,2.8254273964547285,0
0.04547774396081479,0.29724255,0.5601290729980002,0
0.04080318717920736,0.0681965,1.6634505574519385,0
0.02040397066892088,0.08032974,0.5582194978345193,0
0.08964935663730951,0.04335788,4.362058196570366,0
0.05719539330238226,0.16381665,0.4146865006484674,0
0.03373043554381955,0.017503826,1.7175514190944983,0
0.10495045716920705,0.038756035,5.494768049059204,0
0.34904149139719276,0.19643925,18.811295686558147,0
0.07322020522324008,0.13139182,1.3865186210048572,0
0.0815914107984067,0.047505084,4.066736373534967,0
0.022755455144120227,0.07807261,0.7580235141193332,0
0.015438561653951762,0.03708943,0.4944764995316374,0
0.01305347622741488,0.023926584,0.5170066801871421,0
0.10790017220862051,0.30493876,0.7587319757471495,0
0.04063975642128391,0.04837981,1.899930652816315,0
0.033040789317772434,0.044023417,1.561147037529958,0
0.04318351074886306,0.19630562,1.2158537988233387,0
0.0423383727717513,0.14385332,1.3567983812540376,0
0.06652577434981702,0.1325675,2.5372050505546184,0
0.0545038984654988,0.027309267,2.6963616415519946,0
0.13393248449000236,0.08865046,6.896309840222301,0
0.18006580036453992,1.4211831,0.6250351425351068,0
0.07561892140819419,0.05959288,3.568425693876288,0
0.072641725250791,0.2407959,2.215336776230297,0
0.1796933026527872,1.0781918,0.7104740657100832,0
0.02940672994927262,0.09079447,0.5682965972908746,0
0.0532923736984032,0.021554423,2.7269395813384665,0
0.14159918005661243,0.1659759,6.9470542334308565,0
0.1569822988494851,0.21063812,4.641734442697707,0
0.025982205174668524,0.05494647,0.8514018297539727,0
0.025270257020010393,0.046386965,1.1216711873687577,0
0.018690709482445597,0.038641084,0.3933488062607751,0
0.048045406705847275,0.02790712,2.460815565890408,0
0.07819473575275343,0.27658233,2.2587263866997733,0
0.020403605962305723,0.02575513,1.0133456660067655,0
0.09197791531467106,0.004029063,5.269946355942351,0
0.07013496042576242,0.10626673,2.8335704826103933,0
0.030409389384446418,0.08281353,1.2162243699989854,0
0.04371845929215272,0.10449602,1.417135451568943,0
0.021722348751665906,0.074833,0.5763549674156606,0
0.026843858014038283,0.10400283,0.7738067555297782,0
0.042366763897874846,0.17,1.375908222797657,0
0.02103887424617777,0.0389955,0.9215637384301464,0
0.09171799676912448,0.1364809,4.236700449216544,0
2.3109587410648404,0.08976123,131.59317251704715,0
0.292984718174283,0.8697954,0.8662401126783245,0
0.13202772431826054,0.03407484,7.212457810563077,0
0.03966102733973787,0.008896101,2.272409477719951,0
0.03947142189521315,0.18224832,0.7418877060297372,0
0.05306744797502073,0.029254904,2.5022469732642914,0
0.02681900148980816,0.09395942,0.8828117460774715,0
3.0324021809898807,0.047038507,173.00107414347443,0
0.3830962304742923,0.47599682,13.946374436971134,0
0.012773845708195813,0.06772372,0.3069776703851511,0
0.024081584419622295,0.024201356,1.1916682073656857,0
0.03307432613406749,0.08616719,1.2976262468371036,0
0.05695737215156689,0.046390437,2.810285104707475,0
0.041620740522407856,0.07365269,1.61532521627234,0
0.06853331411887703,0.2288808,1.2866882023945216,0
0.03798820124622881,0.05632053,1.8382819688736738,0
0.030849366512507522,0.010696659,1.7675385018188963,0
0.05454302407473649,0.120616026,2.018699129814149,0
0.09059870770952944,0.046725295,4.8245955897088795,0
0.05009234798395222,0.2130361,0.5999397558975026,0
0.10018123267832212,0.11468993,4.610998036705536,0
0.015582465523314019,0.024463603,0.717000039451482,0
0.01789948591548278,0.056633487,0.599145643036976,0
0.8155077891565777,0.022545258,46.35484971640746,0
0.5167531519639207,4.136094,3.9079670091280065,0
0.10526419450388003,0.28500006,0.7324041840332687,0
0.06760561097395759,0.029201549,3.2337204611858033,0
0.039653197711273576,0.112387404,1.5301261832533315,0
0.03649265375089182,0.23078121,0.36233228275507645,0
0.03932557937461843,0.10142359,1.0734919380673293,0
0.05413738368176836,0.13702442,2.079293630325605,0
0.016756063067427905,0.04978172,0.5680187402580475,0
0.02937169493677201,0.0440725,1.0466094323550015,0
0.023790239444621854,0.022707153,1.190278969040185,0
0.08786375485136226,0.41597342,2.351594025089788,0
0.08459504608863765,0.10297465,3.630040802995825,0
0.05935129887187802,0.06580153,2.107133204248166,0
0.04101566016694505,0.08837452,0.32826304086245817,0
0.08581003062606182,0.32058176,0.6658752916975695,0
0.015887067436043234,0.0322592,0.46602462171880205,0
0.021842440409661705,0.0246585,0.9743966442762119,0
0.05389311092270055,0.09668823,2.319008837439123,0
0.02116916825004211,0.095533796,0.37846063940294405,0
0.8992789065027068,0.046575945,50.887379996277964,0
0.35861034752041776,2.3997676,2.0389421293998087,0
0.0159242504820871,0.05390462,0.35310475894549614,0
0.026027826208545907,0.02636683,0.9329896246478838,0
0.048290289473616334,0.05036953,1.8147541285261202,0
0.03948933992411998,0.14739256,1.3037908985279327,0
0.04084079972127594,0.18494645,1.0202756642080815,0
0.024677023732163527,0.020535782,1.2748257655013957,0
0.025346310851985812,0.08108522,0.7126299772965643,0
0.19189835984114773,0.1502416,9.524336099513695,0
0.03195036194824936,0.03639985,1.1960164384591085,0
0.06255198695851798,0.024227222,3.3861493010047212,0
0.03128573016423851,0.117776826,0.7368090564445288,0
0.01224736979604081,0.044638094,0.33194416191258164,0
0.04037653377068385,0.017381694,2.004494970298826,0
0.022376030324897805,0.019608136,1.0349360157848857,0
0.029228360416848894,0.061999287,1.1554128373825894,0
0.17350503435844272,0.16968405,8.437591378611598,0
0.04770981603381798,0.2177402,1.3393286402334714,0
0.059223693720333245,0.048835266,2.8652884716189924,0
0.01951263198189218,0.030615432,0.7054952048795982,0
0.030780672223151024,0.08796846,1.0798518478634471,0
0.010864233362921444,0.025841404,0.3349618282516207,0
0.01486166383797447,0.05271812,0.4770358082173853,0
0.031724316727900756,0.023400841,1.6146427637172365,0
0.04711276126661747,0.09316068,1.7209029919041878,0
0.033293994411360536,0.023671472,1.5793355057370266,0
0.11687175464558933,0.15326872,4.504897744770873,0
0.06167066748884412,0.121829435,2.7491862521989248,0
0.0760770674853789,0.41773242,1.0865657674430313,0
0.019803967686986328,0.04797228,0.7161566942896774,0
0.04156141220914564,0.14087792,0.7626466792607651,0
0.18707249393613862,0.059126638,10.279474847398765,0
0.17187466803272708,0.117474325,7.756280621892983,0
1.6832769968978092,0.114365436,95.70111930010918,0
0.06388702984356642,0.18696038,0.4580898995734214,0
0.023459188320504858,0.06434146,0.7735220534818008,0
0.032114529162528986,0.15700175,0.779037776110803,0
0.025450626433536624,0.07841833,0.7623259535996311,0
0.1066112571313774,0.059853744,5.671522746282815,0
0.02679014507601666,0.13750045,0.5740491846094669,0
0.01582048825587702,0.07316697,0.32053885229894663,0
0.0663796215736242,0.023489268,3.345889931456486,0
0.055337964845086456,0.087409414,2.5295272784417815,0
0.11275461253932281,0.20815673,5.175215728917389,0
0.06451296227992236,0.22441085,1.40545986042173,0
0.08714600900198158,0.18143827,2.142669331279542,0
0.01290812267310201,0.018168353,0.7395809506058715,0
0.0353111219250862,0.017401021,1.8124873975117095,0
0.07165560166059678,0.099457085,2.891809376199042,0
0.0776595348564932,0.11064626,3.753081886123119,0
0.07518946208828516,0.051273867,3.720057417783752,0
0.0729992297119497,0.29164213,0.5798278886940924,0
0.038787426778573345,0.15413576,1.023887958688802,0
0.016034115521342297,0.033996385,0.4066770642286287,0
0.02792188788804171,0.07635224,0.6196882733905749,0
0.01751190952808574,0.030988935,0.6732188323620205,0
0.03037142540031773,0.047212433,1.2698023205824316,0
0.03660647057179542,0.028181795,1.7653167113755115,0
0.054834077612995975,0.016488787,2.9580669248681777,0
0.18657401686434635,1.1432605,1.2705921931192683,0
0.05456333426484496,0.084280565,1.9439099404791673,0
0.08432937539873353,0.089473106,3.91134973554939,0
2.0716517318852845,0.11740733,117.98853676316965,0
0.6930581775014817,4.5189962,6.075623148928629,0
0.11403880780709841,0.44181052,1.640332975110525,0
0.03315115111158734,0.03638249,1.5813522618166993,0
1.2568346029781434,0.15500863,70.66228806056567,0
0.2670561771726916,0.7022644,9.438846883573587,0
0.11353556798849397,0.68051934,1.0979161893871459,0
0.03795244585358173,0.021716757,1.9441882642327697,0
0.045417395953250915,0.033236194,2.3465722712205817,0
0.0892623216554603,0.31474638,1.0010974152258718,0
0.06594885881554491,0.019708244,3.52690560642863,0
0.11595714558156582,0.28356895,1.6504885860058744,0
3.074039122976811,0.13899466,175.2424754800275,0
0.04233156112071715,0.1181067,1.2602102240239241,0
0.06320894335859484,0.04742768,3.0248893533811154,0
0.029735806704141887,0.06912675,0.7756441437272924,0
0.16406064744359375,0.13019386,6.76941195005602,0
0.05400606081901297,0.13527635,2.0560553604117673,0
0.04816566347098533,0.06865439,1.3597725948320276,0
0.4809246771308843,0.05171242,27.022866732135004,0
0.1604773528829378,0.6605064,1.2448855177308993,0
0.06430666008200434,0.030853696,3.278617613235421,0
0.03967818325343528,0.25019053,0.40751410462842647,0
0.02377220142508763,0.03564094,0.8723859607608395,0
0.044892192746841794,0.07169147,1.994800232107406,0
0.13783152604123414,0.008614181,7.897164726010216,0
0.17460063432867268,0.5756375,3.942624009463941,0
0.0511596478312914,0.09591714,1.6331043978676774,0
0.035106645991909366,0.092756554,0.8709674789844768,0
0.05892641148659718,0.13920276,1.4559523946501247,0
0.10951528476011106,0.07598936,5.502433885391326,0
0.03407786951950309,0.040796697,1.4443259839198785,0
0.020210241921412752,0.09790355,0.2672713332891873,0
0.01927565466604929,0.032490093,0.6318640337811824,0
0.039817051321284186,0.0071496153,2.281348993365382,0
0.06203671619796701,0.2451537,1.7441594973075039,0
0.09278943401174948,0.5950149,1.2559962359985772,0
0.03155610362684753,0.08293561,0.5763754524574625,0
0.012383454621596953,0.025502905,0.28943813213519515,0
0.013618879798816168,0.017358642,0.5463895383218196,0
0.039362872917785174,0.046824053,1.6452324866096448,0
0.04637960770059162,0.3070717,0.4902227707661665,0
0.02408094511264241,0.015642935,1.18434835496287,0
0.04363184212926339,0.032933764,2.100341560017878,0
0.0445711300974912,0.06688288,2.0140875446823765,0
0.03742030068915646,0.09704027,1.1449731008145625,0
0.09805874095885549,0.019380959,5.417932759977362,0
0.03372812668210834,0.0111142695,1.9324793097673882,0
0.0591833712306398,0.2643265,1.7401458097611011,0
0.06447803320632808,0.042455044,2.9162412059737526,0
0.04184340303745879,0.044347852,1.6758386141827566,0
0.07350221734446924,0.043722555,3.7139788029526963,0
0.029047773387866432,0.07656417,0.9618470454359949,0
0.5215230233347535,0.06801474,28.674623134745918,0
0.11345610102895122,0.7652556,0.766662740275029,0
0.0586833497177109,0.039955877,2.861163573372037,0
0.03186326414421463,0.012816933,1.659924431417828,0
0.0508861534930833,0.042582843,2.2609723489278513,0
0.04291743599321332,0.12889354,1.5415725219869048,0
0.027729408311190744,0.05448766,1.0300563708838624,0
0.03380630323145745,0.05250594,1.1268959261043607,0
0.03559199759696952,0.040318113,1.5766339862048615,0
0.06091062771829717,0.037567094,2.7353351894092683,0
0.04526449304547992,0.058957588,2.11880559293796,0
0.030287275197004953,0.060229074,1.1599180455006592,0
0.013467640863502817,0.024907736,0.5453746645113879,0
0.02918331858920112,0.03185439,0.9915127742363413,0
0.05523289263652505,0.14134283,1.8408456316993345,0
0.0618292132830269,0.1307899,2.647482454293425,0
0.04703895755710497,0.08500297,2.168681275708494,0
0.03282150156781788,0.09359391,0.947664145843522,0
0.09584526320175263,0.3849949,3.159640373105843,0
0.025298364870572836,0.17215398,0.21079876446918785,0
0.1194348698122633,0.011106227,6.683011064439791,0
0.0634955689932955,0.26275605,0.7829253782149035,0
0.07670345779405807,0.0665108,3.9896488268735784,0
0.06400076562609745,0.05158996,2.9262554819450575,0
0.04548394282951339,0.09014477,1.730266515333057,0
0.05030270495803953,0.070106305,2.347897600145577,0
0.024333004666624095,0.029936107,1.0552378565880722,0
0.013039390439978748,0.022508603,0.5543982707022362,0
0.0069861216835280645,0.0106313,0.40027528763098746,0
0.04145875005001004,0.02385652,1.86548121770785,0
0.04036784328650557,0.16073518,1.147591398593483,0
0.03535582694835517,0.19722141,0.3012908562878563,0
0.11991860336640854,0.058163423,5.920571999035969,0
0.12138315065000942,0.4343998,4.335056477260008,0
0.050808335124416334,0.029598506,2.6588182035703123,0
0.05083857636933452,0.061994027,2.1639817658615645,0
0.038914427713557534,0.06835224,1.6152954274860598,0
0.02169130846178747,0.046396013,0.8482715080024302,0
0.08085936625202744,0.18813546,3.0638392686873748,0
0.02697300976878279,0.015739575,1.250999476865974,0
0.06355862474650296,0.11602121,2.2705064071248167,0
0.047442529830009544,0.074391544,1.8749729723361341,0
0.07713606558920372,0.110812485,2.4091289434179255,0
0.03602586345848569,0.045092553,1.2603658077591344,0
2.00910972706777,0.005051969,115.11350793966396,0
0.13122018537858368,0.5813756,3.5011221619770048,0
0.09491281763503201,0.3069695,1.8599918815946468,0
0.04231165198975052,0.11292018,1.7081157661557556,0
0.08561273633008794,0.095298454,3.188681159926241,0
0.06456906456338563,0.105718,2.7277922407060755,0
0.15080968245599408,0.83844256,2.409010255819676,0
0.03767478206942977,0.10715812,1.3902256265612027,0
0.0346282509711934,0.07646701,1.296197408027003,0
0.044322563855800606,0.028234499,2.3663317142955695,0
0.06479506837909227,0.38121006,1.0075068454670764,0
0.04321426538320711,0.041947454,1.5809779179915793,0
0.0174832940704636,0.021476781,0.8582589228767571,0
0.02680422144074494,0.01709394,1.2686248020456303,0
0.02266664070025867,0.025192715,1.0201483902019857,0
0.1520258792424418,0.72936875,0.6721222505372938,0
0.06518755710852622,0.11084384,2.9138246791179627,0
0.13059913767019887,0.44856465,1.3983871197478022,0
0.06625646507415964,0.11386022,2.8072941753420055,0
0.030245283063301535,0.13256776,0.6552045406174812,0
0.1305676049004879,0.085904345,6.158801330984637,0
0.08090631094828747,0.06961399,4.041934283118809,0
0.118646299624219,0.085863344,6.222872023384241,0
2.995815997032492,0.13104165,169.65682335332704,0
0.1945759078110301,0.25329435,9.329319217171681,0
0.0829721547278279,0.19579369,1.5965998745427958,0
0.1051367270214882,0.36594653,1.3467359884237833,0
0.02995929724516828,0.05248188,1.2252790261383901,0
0.025646065461264196,0.072113596,0.8169510349180014,0
0.019268363065697482,0.024007253,0.8470481939587354,0
0.08872576016124502,0.048908252,4.447870069824107,0
0.10601802869705734,0.41900134,2.59462470156088,0
2.9391653194010527,0.17594196,167.1748465914178,0
0.03500825847894383,0.08640823,0.2569579765640286,0
0.01575653175628633,0.03311269,0.3105146549090415,0
0.1751485701612903,0.4778149,2.332008927134117,0
0.09034934348981767,0.08887325,4.583512147895652,0
0.02609463313539392,0.08050506,0.9909737360841339,0
0.023346697889404182,0.045343786,1.0400095315913949,0
0.087319636111872,0.09099934,4.079868111047427,0
2.9506197013930833,0.09625478,168.46100104153717,0
0.28386875773008424,1.3129191,0.7076347961315412,0
0.4849160886604914,0.026966175,27.573471639636843,0
0.2136902307544275,1.3524895,0.9761148282627796,0
0.581497395899645,0.055853408,32.90710597131576,0
0.1904372738542264,0.85296476,5.567583120338941,0
0.028830338038054674,0.033749193,1.2356013513180297,0
0.020719343960339094,0.016471993,0.9505979904334703,0
0.061399277033438095,0.102756545,2.692954196816726,0
0.049910737375948894,0.08434744,1.5292319807195787,0
0.07012538888051911,0.23180126,2.377220178096016,0
0.02312351763120576,0.103244364,0.5567069479464972,0
0.03524446475779065,0.0707251,1.287987334692474,0
0.05412008389412087,0.07132133,2.055566326585545,0
0.014795457874406394,0.01935441,0.6803553259848393,0
0.5273347309199552,0.05994639,29.66336550798875,0
0.13044912986071794,1.1108027,0.2754725554923486,0
0.03374850125335946,0.00517664,1.933646686709466,0
0.03617517646325823,0.016758429,1.8211576954516948,0
0.05286348641434572,0.16164696,2.0240995773127435,0
0.04734468053240173,0.06979097,2.2542549840002453,0
0.0501000945335824,0.19486962,0.7513779521483375,0
0.035083015364643436,0.016457967,1.7000373345751512,0
0.1330938559732533,0.6239832,3.405382465599951,0
0.022635905917591476,0.017671049,1.0686829288868942,0
0.06486004871988499,0.115950294,2.3964360643237774,0
0.013501797985420581,0.01651165,0.49898932535910545,0
0.058103777950644975,0.02375586,2.9458924197366256,0
0.10505195566999968,0.46899006,2.9582927337148712,0
0.08021252695956535,0.02415469,4.3931672824042645,0
0.025691640562968535,0.09529471,0.5750944042152977,0
0.016008190867248848,0.055067398,0.4654044508916014,0
0.03252358163999568,0.04215156,1.0321500594335957,0
0.3199667944793421,0.035222273,18.096498215166054,0
0.08060932958814479,0.6506864,0.5215622407757408,0
0.061047708860602116,0.03143399,3.2822645618577297,0
0.08265413366813346,0.05993986,4.3140716369290155,0
0.24680866837006551,0.04238958,13.766449137033186,0
0.20380162457643872,0.5203477,1.0144124441568971,0
0.023063179662953223,0.068273194,0.7829254599509308,0
0.11202073798838999,0.06629318,5.649215980368877,0
0.3818967006696347,0.19541748,18.516387772711653,0
0.3658858830693419,1.0778514,12.708296898606863,0
0.11995760197370413,0.13918549,5.876244414738683,0
0.07817336867294493,0.49862757,1.2290839749719926,0
0.06628756696458467,0.08526453,2.204344253333415,0
0.09624578637221672,0.023876887,5.317316300711157,0
0.16165439292762251,0.5678884,3.6362221045120164,0
0.08708175528785653,0.31551182,0.7488249487174558,0
0.0407642556662059,0.17627022,1.140766681666212,0
0.012861414255462885,0.025405625,0.5174681596727347,0
0.0299975605765467,0.111828275,0.7119375862463543,0
0.014053042922702444,0.04474643,0.38421387909373456,0
0.043409725562595106,0.064796075,1.811654471502016,0
0.21242971409058176,0.1929163,10.352899824949441,0
0.10472306104895843,0.7419068,0.83775699061624,0
0.01919727925997452,0.055285193,0.6840714410651318,0
0.03361164354543203,0.0832048,0.23652099049346445,0
0.05056978278791179,0.09235523,2.1005874765831254,0
0.4217513164122434,0.3454863,17.726428573325396,0
0.15603459061059521,0.3057609,1.9675137867738106,0
0.04612051606154188,0.16590317,1.4063785875477133,0
0.03828964364454544,0.034125943,1.7756542734003855,0
0.0693614873683785,0.054554097,3.522010735722757,0
0.06448130175820035,0.06787203,3.0614887314849715,0
0.47536757112897426,0.2422959,24.629329329795574,0
0.08566017816827894,0.4333161,1.8867300456650018,0
0.33183405410210626,0.3033148,16.599238119457215,0
0.2277469493683817,1.4426666,3.3507508319658768,0
0.037218310041454025,0.074381165,1.5627491556042445,0
0.023726454640443546,0.034869295,0.7729688629000471,0
0.03623780489278956,0.021618988,1.7149074735817236,0
0.13790081252457687,0.098720424,7.021574911002254,0
0.09508882615627719,0.41170928,0.6313802130166782,0
0.39707526308261615,0.018186409,22.532504055508973,0
0.2526945590740702,0.96188486,0.8930923118972893,0
0.15691292259094736,0.06009027,8.606948861760086,0
0.14443593878614452,0.40420476,4.893304421695282,0
0.061480384215082604,0.03936905,3.2816047748857557,0
0.027121068387733295,0.027606316,1.3126747634066842,0
0.046317183600392046,0.020271603,2.510531209278351,0
0.035208293151822445,0.12794954,0.9633181896434136,0
2.675178128693838,0.08491889,152.13092679498507,0
0.25401861257480274,1.986174,0.578152909371814,0
0.041404602198043636,0.05375546,1.4564221054108306,0
0.02421521478127882,0.044860438,0.9820806114531581,0
0.03672817783183216,0.044982966,1.7400290392297644,0
0.03539415994625285,0.054381862,1.567866661474526,0
0.026748257297336552,0.04263413,0.9182697661118414,0
0.04762882507224904,0.14181285,1.2398155917249183,0
0.03211473410617402,0.07485005,1.3122843613711537,0
0.07962464637564926,0.3102145,2.650496157216735,0
0.011806421390615707,0.030535484,0.34443669822626566,0
0.01998125472615666,0.028655743,0.7137470520453905,0
0.13869322191089636,0.050289847,7.383313954407999,0
0.07486920152511345,0.3054565,1.7835327738670768,0
0.05430003768271272,0.011573665,3.1111629866207697,0
0.07103715938190078,0.15834741,1.6515839820718892,0
0.07601853680761705,0.08914824,2.8466465615267023,0
0.06362389915841044,0.24921615,1.93409503736445,0
0.014423103163581395,0.041507404,0.4401698120953494,0
0.04603470719322223,0.054870695,2.008562078542612,0
0.057300375805038425,0.020693291,2.803222975574338,0
0.3702275148788258,0.11222063,19.97648708539292,0
0.21059759366713546,1.6417354,0.6962159285931243,0
0.03476221515086928,0.033439916,1.5398752892201972,0
0.03431857123548065,0.053913336,1.5007092221749436,0
0.0259553380342784,0.1812667,0.33931718140524564,0
0.0595148487668292,0.14606448,2.316845324156198,0
0.04079897196841822,0.15634303,1.3764726863866557,0
0.026500546551673103,0.053551365,1.0559517382083685,0
0.04906134760001317,0.028390927,2.494486196230959,0
0.11826761432816568,0.099876754,5.834780448467085,0
0.03989067533691046,0.029467458,1.9900185700014945,0
0.024812979150261982,0.017825315,1.2023405173299049,0
0.03848802830025008,0.05262267,1.284471379255761,0
0.019870055689151955,0.041286085,0.5667891523986566,0
0.09234599111886961,0.03583867,4.9041752589803025,0
0.27478371242789806,0.120062046,14.663622490058202,0
0.0841330506754717,0.64767325,0.45806190309716033,0
0.0499841758824461,0.023179837,2.5540680080010216,0
0.0917511701612127,0.06794763,4.777735883490499,0
0.039580354912120926,0.1328959,0.6216892865631384,0
0.05837732151697614,0.012620249,3.3447741422009813,0
0.06720980488838948,0.18477054,1.0629126774843862,0
0.09188057844582823,0.046351243,4.946899770306065,0
0.031253197741121244,0.07558495,0.9164000001788072,0
0.05405938146760002,0.04718755,2.1870479625406833,0
0.9389860429473555,0.016865335,53.655965632709126,0
0.22370985834265972,1.6932267,0.5276751939281085,0
0.046905801999883256,0.0037698904,2.6875044892696067,0
0.03485730268527177,0.052733365,1.525527380976952,0
0.8336499328366608,0.072772294,46.113597400217984,0
0.1340379215624269,0.12019682,6.244956811167791,0
0.0767049311232778,0.1431595,1.25055431107992,0
0.035127448353727816,0.045444526,1.1735255087523768,0
0.041341002723394735,0.24662273,0.3399416990446633,0
0.03632103961975061,0.07555182,1.2507854530475944,0
0.15375456128926973,0.12057078,6.880701785304338,0
0.08135567357946588,0.39287883,1.2198577701074735,0
0.18686661781913835,0.0141948145,10.485393695824644,0
0.6979644025672007,0.2866499,38.08995258728518,0
0.4111203816423859,2.4601445,1.4785513517441267,0
0.06305922004237366,0.08974708,2.8070498513536157,0
0.11325470462604383,0.3956822,3.9735486272072897,0
0.03573406824569762,0.07744588,0.8865642968066079,0
0.0341701326410183,0.04014481,1.1455202433465346,0
0.04225382357630248,0.041687325,2.066431503490625,0
0.15108958071785242,0.18466534,7.256689446446905,0
0.18027230657540205,1.0008813,3.9838655296157395,0
0.038162645814779565,0.027747594,1.9898474112762305,0
0.01682896209019938,0.039269295,0.49866135646315335,0
0.03504659440114036,0.06643002,1.5157369148371407,0
0.03164978293246906,0.16120861,0.25291366899078394,0
0.0514047703304957,0.15417571,1.7824304907231114,0
0.1677284127813402,0.23597382,7.902035595388493,0
0.04388691786704251,0.046660367,1.8110593558056816,0
0.04694667951382384,0.021007558,2.454365688097151,0
0.08861957945907026,0.24126264,2.8315595552180266,0
0.13035470238779226,0.028352233,6.906167655867347,0
0.38651910300995357,1.830632,0.28562478010191983,0
0.09030756408951407,0.12054449,3.3701530387793817,0
0.03543089977268462,0.050698154,1.704948296021315,0
0.01920684678051634,0.06669725,0.6463201342545296,0
0.03488004902344448,0.055789072,1.6574947569773346,0
0.024689876291416186,0.04806402,0.9940439234087523,0
0.03745729742955796,0.027504237,1.954183215046711,0
0.08212058986064406,0.15297344,3.1365429258499495,0
0.2793411457605471,0.03686825,15.712579318837655,0
0.074243884999315,0.15149054,2.9604752995406214,0
0.023696702756087533,0.024188017,0.8840554414873907,0
0.020818951874607895,0.039056946,0.8612889012400979,0
0.054288827867410114,0.12943283,0.5049950018951164,0
0.031252837387916024,0.020692464,1.5735759665726887,0
0.017061039950185437,0.028201688,0.8072982326487274,0
0.033327859846414384,0.023853512,1.6719378622890313,0
0.0421535581820492,0.104318865,1.10488237347413,0
0.02356434596879122,0.05737101,0.574639920347014,0
0.09124557415935135,0.23543642,3.5873207520369026,0
0.04411845275607735,0.09132896,1.945705259827939,0
0.024148653575519808,0.10594028,0.685595410422081,0
0.010799180073347675,0.046474136,0.2763444811027343,0
0.21112857717278802,0.042352658,11.639045996650006,0
0.06357595650089021,0.091442645,1.7138348816170261,0
0.027970007290644305,0.09264009,0.8643403568706571,0
0.05247168474641715,0.08288449,2.014185673121693,0
0.024214160162850842,0.05515811,0.5301370052143101,0
0.076681382896134,0.03254093,3.894321998193237,0
0.06983503751505632,0.11272251,2.228784777908046,0
0.04006318460279123,0.14516476,1.1290418443403805,0
0.13069912518936014,0.03419931,6.875366926726185,0
0.05211945156114797,0.3381921,0.7433279391151676,0
0.29988156984225084,0.066034995,16.130489774979797,0
1.994347870413365,0.21748619,111.21358801703836,0
0.38806664462874085,1.5982802,0.8160195001242196,0
0.03128685158259891,0.028765528,1.570243566018614,0
0.19672551506794775,0.020215485,10.954801985135528,0
0.5775910989008463,0.3645851,30.035077487951533,0
0.0950838124970401,0.25275883,0.5309371919475244,0
0.025925176673721764,0.019015307,1.1366942484017601,0
0.010869817288619184,0.013727779,0.3980667567882506,0
0.06305229029396386,0.03601095,2.9456063345739456,0
0.0936575972594802,0.43453094,2.4427962025339065,0
0.06423874215816805,0.047383294,3.0721578931850995,0
0.28080847793133584,0.49097854,6.650549180467984,0
0.06782274020673724,0.27133024,0.8847088951916785,0
0.021241481551927056,0.0153838135,1.0658377542605388,0
0.06158854562411649,0.056931447,2.825517848712756,0
0.1170357823248213,0.16959642,3.8556551473211607,0
1.1611671358445976,0.08057534,65.78460575991552,0
0.10571961365075194,0.3023055,2.8976368278085434,0
0.03477548521362681,0.20739867,0.5314964489209969,0
0.021553146020090792,0.028316101,0.9938949408184075,0
0.03060960870459438,0.052485216,1.0216446526867902,0
0.0708370549665573,0.39223498,1.215508181025885,0
0.033935447928171866,0.13224098,0.8367831108191219,0
0.02090406219806276,0.013769071,0.9901340307145139,0
0.05232293387787889,0.114449196,2.304925640288097,0
0.1839140439710701,0.046835445,10.093787466250767,0
3.082368532165771,0.15381703,173.8767625077189,0
0.06588488452810809,0.53994787,0.33035469702415815,0
0.04970429456515407,0.1256188,1.0757732521707133,0
0.031469019791781475,0.09325342,1.1673890769933233,0
0.019249358970457434,0.042036865,0.55306265852746,0
0.1928739602872647,0.033144474,10.805874194972453,0
0.014493843090072029,0.02000286,0.4409912713535603,0
0.02267082849533401,0.06416579,0.9123528832056496,0
0.05802065129490163,0.074869804,2.7866849487983436,0
0.04118287238055109,0.016268859,2.0510411881596315,0
0.05064579592447107,0.15254976,1.300377907171227,0
0.07181668802533148,0.036059044,3.5518242783527247,0
0.04637257659696506,0.1166907,1.0355294078854387,0
0.04270902103753385,0.25971413,0.5196648124476196,0
0.03324624965361518,0.040362492,1.462818826129289,0
0.06457764928899805,0.42901808,0.8045904645435321,0
0.014370024439048692,0.03420304,0.503777050829717,0
0.024855032450619714,0.052582227,0.6994679270624483,0
0.02451976603690406,0.08687579,0.8473180133708378,0
0.03786212105178717,0.021534981,1.7147876622087197,0
0.04095680563224624,0.06615682,1.543198863667619,0
0.05785029594176954,0.024298439,3.064513209670356,0
0.07055936180624113,0.020514809,3.5906144835689493,0
0.11804972114951309,0.5042494,1.8367409028085881,0
0.03716076606385228,0.08412968,1.251251741724639,0
0.016898332039651284,0.05915424,0.5329815851396509,0
0.36017648401428987,0.008723818,20.50284252897487,0
0.15022968836497236,0.4089275,3.0190582111244533,0
0.038965153685697,0.19045608,0.8877674545775817,0
0.22346719380959004,0.17755122,10.91857222899636,0
0.027799276285607633,0.15391053,0.2906957125401816,0
0.0461468683771955,0.029047541,2.4253236080226372,0
0.036742376437185045,0.07697393,1.3317638003400283,0
0.06179102567247838,0.032976985,3.2833642542982706,0
0.05456950121488717,0.13426766,1.9019624250552838,0
0.021000355672348633,0.034000684,0.8595019180293479,0
0.049390101723819614,0.08987621,1.781323149266095,0
0.04040117007670035,0.03885746,2.0476348736994696,0
0.24983567401860315,0.04097289,13.600511162110024,0
0.05223945760707573,0.3909178,0.47230536640645343,0
0.042030415365989435,0.07069435,1.1176071443946123,0
0.026402908760376986,0.12277063,0.7600036019079409,0
0.025304112871156387,0.05051093,0.8627833225843696,0
0.027866863491615722,0.032977797,1.1848251158141847,0
0.08428514006116636,0.21102886,2.8795503391535497,0
0.06256232419805177,0.0938476,2.9714754044740905,0
0.032286524968298994,0.15835436,0.6682140662986524,0
0.028300056395512252,0.060905024,0.641162246360817,0
0.08143924789718268,0.14046672,3.351571722363652,0
0.11980438254625814,0.42708623,2.1441842233910977,0
0.04726929618735755,0.27531195,0.9824396990228713,0
0.025489310730032026,0.021239532,1.0325730841382874,0
0.06293503250887729,0.044509966,2.8423578019681415,0
0.012350118750444967,0.04664453,0.38417183571203695,0
0.01750530760715063,0.028084716,0.5438380135693617,0
0.035613788117936834,0.043811407,1.181394225277818,0
0.2537307907769397,0.062334586,14.074224255957391,0
0.10379792757473333,0.18936639,2.452797988372813,0
0.025579789606571056,0.084929705,0.8617965545211477,0
0.020753723858336584,0.0639962,0.7624312218493967,0
0.046651524570282175,0.10250124,1.8835500127821465,0
0.04911529994703074,0.06275511,2.4232620183128164,0
0.04425279629344149,0.18610632,0.5346180206864066,0
0.028294686420352155,0.111091666,0.8540482522194232,0
0.04951247497411158,0.064296976,2.374166348447463,0
0.01827840953988745,0.03381707,0.7517938953070852,0
0.048820857353509314,0.08400631,1.503560193749516,0
0.07365109315172615,0.029738829,3.967877354577731,0
0.09144493425707731,0.27448124,1.873904153914077,0
0.023538519064339472,0.05297784,0.8774421937620533,0
0.18493353477104743,0.048116457,10.132515941442863,0
0.08593781283920617,0.2618587,1.6744637722739582,0
0.06267219536095309,0.12920813,1.9386620768961678,0
0.00911082738614076,0.007978505,0.5220119570980731,0
0.024936287919940767,0.08611766,0.7166833332660538,0
0.05412337805408621,0.13650694,1.6886919508722409,0
0.12113145664761135,0.23881035,1.8856119892685905,0
0.025918493860785798,0.023226857,1.2287427006374496,0
0.035638758608952714,0.044725377,1.3923744924311534,0
0.010712874121963978,0.056785703,0.13654615032208187,0
0.25485582924497896,1.1045141,1.2857465564312407,0
0.029495779279581438,0.07278864,1.2506709146743917,0
0.06031199542762648,0.06328835,2.6618563596862512,0
0.05906282389593636,0.027583472,3.1163020772964813,0
0.08355874730115745,0.26685274,2.7496227301834386,0
0.09056375355665394,0.07966868,4.694203530607681,0
0.019960468901810035,0.09524473,0.5647045812185227,0
0.020338430847985853,0.06658011,0.506125493123132,0
0.16238466398743698,0.040268805,8.903859617569653,0
0.06270214679213562,0.08747761,3.048511260087346,0
0.024783023608061085,0.12975894,0.6033596465785379,0
1.5402187766979791,0.09063431,87.6330241745528,0
0.10082960167128746,0.6234182,1.810068880801721,0
0.0376291423083167,0.020352311,1.8650249289603154,0
0.030589046372029017,0.03195391,1.428784831350733,0
0.3595890792806466,0.084341295,19.060841890736704,0
0.08065325630406882,0.09337331,3.7506491609801214,0
0.04375622670253454,0.16138867,1.1820629892503218,0
0.016768937465453992,0.043288805,0.38356087886484264,0
0.03905141492515607,0.036192328,1.458202245095548,0
0.04236334026023757,0.023233745,2.2850204163984795,0
0.07352764448982585,0.119205415,3.143222059196891,0
0.0339182556822752,0.11795745,0.9333820475779222,0
0.058358435748082166,0.21863984,1.6846673992064323,0
0.02997030611191487,0.048841476,0.6304151025584283,0
0.03912002186652372,0.032462098,1.7030078118505023,0
0.07790155485813638,0.2579417,2.722678373889982,0
0.017783018707620828,0.038329102,0.7696856368917758,0
2.953273174340511,0.022555957,168.77106379590137,0
0.058750819539315775,0.095231146,2.5538152083183037,0
0.051934451280896736,0.05392487,2.645688499760463,0
0.43978874611883456,0.08968604,24.21267026340357,0
0.06530756584665263,0.13248761,1.5279820927042667,0
0.02080454152906226,0.025656631,1.0117339300869397,0
0.05971323527131226,0.10880889,1.1707064916791283,0
0.03341947205424832,0.10331732,1.0122808260950231,0
0.017284604131361847,0.013816026,0.7224043686666853,0
0.04100220013931298,0.015492682,2.1490461802766054,0
0.015039704452792438,0.024656964,0.6713479081800082,0
0.04117747539003426,0.020701073,2.0184389357068304,0
0.041096469292533716,0.1993352,0.5239868146429786,0
0.03316485882816797,0.07904113,1.130406873665459,0
0.0330396391797945,0.01001563,1.7493184849608718,0
0.051106659574828336,0.069001704,1.7946949498695235,0
0.056678692760613075,0.03360882,2.9119822342501633,0
0.09521890868006465,0.01979263,5.144920657135527,0
0.06840100500281857,0.3746101,1.4461119769624238,0
0.04647630136855746,0.10698844,1.0859740701790364,0
0.036587481060663035,0.049914215,1.0984567769179836,0
0.013848980153398333,0.058146335,0.31340937779389433,0
0.03897050515224535,0.018239506,2.081392002286979,0
0.11399092685667025,0.056339256,5.728919922480951,0
0.08536543599333896,0.22811332,3.5003415864021754,0
0.08082141653069463,0.32917792,2.1570486160486073,0
0.03536368565696114,0.1573131,0.7001138314550989,0
0.029657789219612863,0.017818645,1.5309690101628248,0
0.08022994250863863,0.017192349,4.59683709632223,0
0.03896939426001289,0.037592053,1.8371971681510642,0
1.080218956387974,0.18517174,59.501414538250444,0
0.11774894207531333,0.77606124,1.479169450233109,0
2.894101140789647,0.16210319,162.60007748782382,0
0.16897808340131437,0.20949896,8.02928968282542,0
0.053861175536697115,0.09525363,2.002153354444975,0
0.046046775772330226,0.14947718,1.3236832443688278,0
0.046815156677680665,0.04518,1.984538449101175,0
0.047705859477012905,0.17218494,1.4301616013549239,0
0.05373934324865137,0.10956442,2.2345021200793966,0
0.0246871131195673,0.057677615,0.976713869420095,0
0.009466371121761352,0.0101533355,0.36847605092597024,0
0.016208977254552837,0.04301184,0.5920809407585672,0
0.1429384680739586,0.06520001,7.1361812942217355,0
0.08009372639200282,0.023330411,4.446083778763256,0
0.043431928522944176,0.053150762,2.1155037208500143,0
0.07918537871535934,0.18303818,2.6940979473072217,0
0.01395611840582381,0.04850254,0.46225973426952616,0
0.03126773642450596,0.09082162,0.9750093621221548,0
0.03197625469932373,0.13665006,1.0016025811785767,0
0.012592223803384577,0.02688221,0.4440912614875982,0
0.04397288166451624,0.16722056,1.2314295418612078,0
0.02068819058866264,0.024757553,0.9365349415924894,0
0.0754264302467582,0.07806998,3.4906095188416097,0
0.04450136783415956,0.049598254,1.9172722993893925,0
0.04196536484804294,0.09208951,1.2627647012324876,0
0.037369472419200786,0.099339895,1.0904197161423888,0
0.046075423596149995,0.11238865,0.8082148636856773,0
0.009042294695973396,0.040406607,0.1455334451124265,0
0.03182770044571518,0.041998964,1.2899599923291116,0
0.04387990046708797,0.035438444,2.158335661706333,0
0.029616373679886128,0.07100467,1.0816270011407112,0
0.043458694392264526,0.045952987,2.198046003796065,0
0.016678927560582653,0.04675646,0.6107325491388983,0
0.053609598589226426,0.13837223,1.59526720935649,0
0.022207007776579905,0.06791865,0.8623717624191806,0
0.03745719053065797,0.12260596,0.990641676987187,0
0.4623534003234405,0.09431434,25.85649151548132,0
0.13737317358372192,0.5549124,1.6378555625588005,0
0.023842105036267797,0.060281612,0.9550919440048056,0
0.29138223027161403,0.092232384,15.78429532039367,0
0.039123769161493384,0.18464689,0.9402248052582276,0
0.043769357371716514,0.034678597,1.8651378790476827,0
0.1797486880749603,0.21421985,8.618158428593382,0
0.021959435765074184,0.089041084,0.6473599194050849,0
0.8468707918521002,0.023856953,48.13015070964972,0
0.08841706280613455,0.6000697,1.3191102877423682,0
0.07382455243382896,0.03163573,3.5593133135638224,0
0.036685629657465565,0.09412806,0.8079394965674255,0
0.04691555694200418,0.006230961,2.6880634062825304,0
0.11530343829671857,0.04625436,6.328543319753642,0
0.06714833209602467,0.14850098,2.849947582012584,0
0.02238904952652889,0.028288797,1.071419578561533,0
0.015953967680479006,0.013997164,0.7466068499802327,0
0.04492701524990272,0.058542836,1.754095528022465,0
0.040379377977972836,0.05408168,1.071009251522046,0
0.046954530947554696,0.07334898,1.224969012117915,0
0.02990211072828485,0.018329743,1.5499076558331295,0
0.08363134040194681,0.14725392,3.845530544472676,0
0.0674640399464255,0.078792065,3.315168186751384,0
0.08078845095147955,0.34840846,2.294925561589526,0
0.05939768074613413,0.16293347,2.297971152702673,0
0.023765848343405206,0.10155112,0.5975099831441109,0
1.916457569061683,0.03472907,109.5248238650673,0
0.319183749783992,1.6741028,5.330889952863194,0
0.16229399922041365,0.12165451,6.977193770563593,0
0.05530245292580257,0.02687756,2.556526342123955,0
0.014081198614101119,0.0324515,0.5826426642129183,0
0.053530152041043146,0.07448766,1.9926902462373504,0
0.054595607149661225,0.05805295,2.4057073943750944,0
0.05589856319241943,0.078774385,2.242885737636913,0
0.1150100805362004,0.44943997,2.8608352808099315,0
0.033591731405221814,0.041452255,1.1562554545468497,0
0.0579892812447689,0.07615402,2.437244342143051,0
0.25531151252197537,0.65198493,2.7850314663211972,0
0.042799019256037844,0.04124937,2.016916628927798,0
0.1330594019889178,0.15661618,6.624039706361707,0
0.04042796971693943,0.1996073,0.5305373954175556,0
0.04601455376637451,0.21391381,0.9555858809813457,0
1.6539750181510142,0.031363055,94.56041164230396,0
0.04476501696317363,0.30821845,0.556660362150448,0
0.06905560178663266,0.007527811,3.9565945341101183,0
0.05517536068113822,0.3796623,0.6956372868907827,0
0.024659046128773246,0.07462642,0.3880554457725835,0
0.09423974612388017,0.2881102,3.6426424917571647,0
0.08126495739777213,0.074075155,3.7808912134789607,0
0.028212873276137494,0.03017925,1.389966762059152,0
0.027189710789005474,0.03883721,1.1647176163673627,0
0.019182288454623896,0.021968402,0.9435361734179365,0
0.048214434484294647,0.052720886,1.643636189314128,0
0.023387410669750936,0.024393685,1.0536536089928563,0
0.027901124818531412,0.03385796,0.8450387229908846,0
0.028179933941478042,0.03156109,1.3302184101035062,0
0.06947230467575079,0.050871436,3.6400017295110203,0
0.0886331421384124,0.03712359,4.728440935678557,0
0.03703981720993462,0.08250027,0.8397886680602804,0
2.1434143009195408,0.15294625,119.7765386025292,0
0.08616362052348125,0.2886621,2.08726541956942,0
0.15100110040150166,0.42282823,1.9934208566088047,0
0.06408948020072125,0.1971589,1.8360525723610808,0
0.03935517988012834,0.035270393,1.8939089574943102,0
0.0615988908938855,0.014973702,3.5293564709064777,0
0.024248451479650417,0.06392665,0.9928950491692137,0
0.02435052280208168,0.078295864,0.7545759684765091,0
0.06909554038310986,0.03284867,3.5482390676220774,0
0.01972952274631467,0.010066433,0.9888488141204954,0
0.03201775740437095,0.010305732,1.8344823687441967,0
0.045356254323912895,0.10729509,1.9219308287826542,0
0.06576209039018176,0.30666813,1.0946711571617895,0
0.41608930095448704,0.06446898,22.54122300308791,0
0.07715719066085516,0.10153868,3.0278399684185104,0
0.05111862059733841,0.0089031635,2.92888121475801,0
0.06193960946670046,0.2770403,1.432076865174134,0
0.06481002094234087,0.10648855,2.7355681411686086,0
0.01121684833517149,0.026162084,0.4657736749204673,0
0.04529120148930501,0.031367857,1.911136144392295,0
0.0595855005772294,0.13931173,0.6812738076035585,0
0.04105205581729475,0.11732572,1.4520739539493204,0
0.011235216693183784,0.016564703,0.4108788642210322,0
0.03677417268331957,0.018663347,1.9071329307552776,0
0.1303613401378827,0.22607121,5.163730328607799,0
0.047818626735617625,0.13974193,1.660441905304323,0
0.021591182841770497,0.025532342,0.9357656674666642,0
0.04358194487915548,0.25309914,0.4169984694760667,0
0.8350637843087932,0.04283813,47.5647353336424,0
0.2314827971940232,0.14769855,10.271277794609626,0
0.04431664481259752,0.15884109,1.51979569271249,0
0.0656947267540298,0.15745679,2.145333375699182,0
0.02423757134002868,0.020438815,0.978552534449317,0
0.553276358476458,0.032058418,31.42840711791866,0
0.27932116309411953,0.8756896,0.6535124540288948,0
0.07074949472336321,0.03635761,3.3654901500014125,0
0.06748169193543038,0.028065028,3.5309782417259923,0
0.03146222734307454,0.03242464,1.2039287034797062,0
0.06025613005129128,0.17518488,1.495073713825512,0
0.031254979587704526,0.024646787,1.4494084192313996,0
0.21742915725288478,0.032972693,12.027973635117458,0
0.0700235321809951,0.45441172,1.115545937825063,0
0.13910334763161106,0.3300454,1.172804643259575,0
0.18644329069034885,0.55127656,2.906064012562512,0
0.025164430055337018,0.03315118,1.0914429131767585,0
0.07283212972588174,0.027202876,3.850399579874656,0
0.06453771773398811,0.2399503,1.2469655857430586,0
0.032204304358188704,0.0527232,1.1961563285474328,0
0.14455492877894718,0.06436952,7.649458455898536,0
0.11826730322979409,0.352893,3.987267530010981,0
0.21944863382793198,0.95435315,2.1917056979542533,0
0.08122609776454594,0.6297984,0.7601634688265015,0
0.03786694567610001,0.16025738,0.9567141656885899,0
0.013850981662665395,0.004585304,0.7936027913838228,0
0.12341291322131172,0.22708258,3.070193433184293,0
0.35687835021318776,0.061208263,19.99129592712045,0
0.040984490690404204,0.12194458,1.6103276492919398,0
0.060364517293022384,0.014764755,3.2334736599455685,0
0.06014761386461001,0.22621468,1.5035923274541236,0
0.03639152539951688,0.14733648,1.1282325709757863,0
0.14182582847433656,0.46945477,2.049730151965681,0
0.06934960299740416,0.13860396,2.5808577992728434,0
0.06091786716893884,0.04857555,3.1851772271766623,0
0.5052291663949309,1.3752851,8.685169012609235,0
0.11234268044280235,0.50457805,1.9235782044637895,0
0.09438364330833927,0.093007095,4.774561100500423,0
0.05859235214667946,0.098009646,1.618962784081281,0
0.06798767243289625,0.20145859,2.5920108680760525,0
0.08784769649163213,0.06886118,3.9718923460006295,0
0.04909247733587162,0.12148428,1.9061055959307607,0
0.04763572969004164,0.042897474,2.0658681562734102,0
0.06215490588053342,0.16372561,2.4422534531767393,0
3.1343003457325396,0.30377516,177.30640455377312,0
0.17247250869338182,0.6104048,2.785825952364274,0
0.26103506636456736,0.38836542,12.52137814374292,0
0.13953430701504937,0.52288705,4.810312551945701,0
0.0533483862926372,0.071154796,2.4200691905634906,0
0.044000536875971864,0.18549891,0.5682083847882496,0
0.5608943371846112,0.050350197,31.137821594369704,0
0.19330634759105703,1.3529887,2.349021917553923,0
0.16095094625385095,0.04682883,8.902144269221317,0
0.047064254127008265,0.16196536,1.1683880647736251,0
0.22010928985565456,0.26180744,10.69853352720335,0
0.10690977164495676,0.4251959,2.131673716526091,0
0.05295222673688962,0.09029423,2.367681475065506,0
0.03680495784185799,0.023361167,1.6443647111149136,0
0.07274482094012816,0.43971252,1.3883249932772899,0
0.10032609572911347,0.0880198,3.917498382060281,0
0.07018409578083298,0.095923625,3.1380272153135276,0
0.037870602629979114,0.08410957,1.637558767970971,0
0.04557399726113629,0.14204045,1.286014000791529,0
0.05544536286399574,0.13729116,0.5127214397770559,0
0.06187137220229009,0.024350984,3.2052994838702533,0
0.04618655870889966,0.093087696,2.077749190689345,0
0.0707723996616225,0.1030918,2.161610024355374,0
0.050319394749964774,0.058070514,2.3432529395818755,0
0.043604699070559916,0.07734635,1.7648166205609301,0
0.15102652105782444,0.083169445,8.056792117502871,0
0.040034803882747536,0.27502444,0.48147408688365045,0
0.019832213475686648,0.028793847,0.7868684520022798,0
0.020284537977125705,0.022052728,0.6576474219549975,0
2.9293336967862094,0.2216845,166.30155021549672,0
0.11308882592225128,0.8145439,0.8263582391459798,0
0.01369670805162246,0.024669267,0.5995165746341223,0
0.02527538927638335,0.031335868,1.0242492226787991,0
0.022956140865930744,0.06081927,0.8509496600035059,0
0.04358824515594412,0.08154887,1.6014148964413142,0
0.048366600979967284,0.041113626,2.0837064264300413,0
0.12713670235793967,0.08025293,6.751313968701434,0
0.5402593670894721,4.074102,1.8352380126345063,0
0.05336845336593595,0.16584116,1.9905181057236745,0
0.05320998664912349,0.14880304,1.376715133606959,0
0.022211763811711444,0.083276406,0.4919726449867654,0
0.04415687561642664,0.03874568,1.9698178676984688,0
0.04417632205246646,0.036911555,2.27680994879511,0
0.08414220442381307,0.16618222,3.4130161826360665,0
0.08138503495089401,0.07337256,3.6748970450890583,0
0.010900399806952617,0.049208038,0.3252015372107757,0
0.018220159844367846,0.043838594,0.735346819298976,0
0.0327268934469492,0.09278902,0.9581295593241805,0
0.10237325550742987,0.26235235,2.3617937226561887,0
0.09525534626562716,0.255914,3.9090960872900684,0
0.054383126998666945,0.084102236,1.739037558352341,0
0.08755567093464539,0.17657652,1.0613235549661157,0
0.03028189884916036,0.033849962,1.0047815144459755,0
0.02241796330812267,0.03909679,0.9732742257761205,0
0.020612499794474357,0.051900584,0.6397480745347938,0
0.030710218298691038,0.044598743,1.3333465108625882,0
0.03869328714788703,0.15500787,1.1715694733578255,0
1.773597557335684,0.16303022,99.92886527339387,0
0.1279532673641235,0.29852054,2.6074417210258667,0
0.07680005177957039,0.5590297,0.9849824169638944,0
0.0593205649209419,0.06989003,2.974236427381708,0
0.07263654183836486,0.5822332,0.546377403346733,0
0.03581629097750035,0.052463558,0.9627691435172852,0
0.043241282673353955,0.06360139,2.0414434235379746,0
0.039330345620421925,0.06262707,1.6099861001007676,0
0.06098575606754615,0.045446236,2.6036438301788962,0
0.1022239341435734,0.026909381,5.30537176952585,0
0.028374316839111867,0.1022348,0.8637596879131986,0
0.031049119027408617,0.028240189,1.1529688927946813,0
0.021278439259180316,0.07698854,0.6674090629747748,0
0.02389706218456512,0.03361394,1.080858367029222,0
0.058052954754125016,0.05364637,2.328045940937138,0
0.09217529605737848,0.077277064,4.50900634416894,0
0.783432462322191,0.19881521,43.40597549634495,0
0.29027395622768604,2.071945,1.957702502325901,0
0.019848296719264594,0.0755234,0.5697162878098182,0
0.09297513744408144,0.14689955,4.268119347218436,0
0.047150080631170696,0.22711365,1.153351697180831,0
0.07420765162021342,0.049013156,3.5263130208236206,0
0.18428719672125213,0.32878733,8.332136602597298,0
0.10802952683326207,0.25356483,4.302058318251398,0
0.023549221501660892,0.14600217,0.4414729081550323,0
0.11093275298581583,0.06952552,5.748585147530074,0
0.0431613465651311,0.10665512,1.5351131364436184,0
0.04605191089980474,0.16673088,1.1647106875471984,0
0.054186681653175264,0.12412079,1.9513143104479205,0
0.2976332402503861,0.02422683,16.593069164773127,0
0.2501149710446168,0.64527524,9.869295993530185,0
0.13507254913149627,0.93627965,0.2645224090708025,0
0.026416611356071554,0.03858653,1.1770144810950935,0
0.04112868033742014,0.061096106,1.4543533669410693,0
0.04812195218209059,0.1404437,1.6172525497503532,0
0.19097038594239762,1.1667802,2.7052754214600596,0
0.03309331015053188,0.103472024,0.7550880423991512,0
0.0522503962245494,0.057064623,2.6286596001921665,0
0.027848656924838792,0.07152267,1.0950111616745513,0
0.04652451421017838,0.09681874,1.6589869286142023,0
0.04883547247350533,0.27997828,1.1063582727195285,0
0.017751620911302217,0.012750066,0.804404922404416,0
0.011513459696201796,0.017996557,0.4789279535218689,0
0.08770869858523353,0.075266875,4.548480594486562,0
0.08220297067246915,0.117970936,3.1888994059947025,0
0.09257934328670715,0.042918976,4.762593787516435,0
0.10264380128052872,0.44079307,3.2270553368472443,0
0.03655624863902344,0.22748731,0.5502554657459205,0
0.13256160692853927,0.039418943,6.773723068509626,0
0.052570494860739565,0.37140322,0.18504962364534522,0
0.06578922241970885,0.08787243,2.793151095791782,0
0.009278586841569564,0.023463892,0.3428457748416684,0
0.14906071094110157,0.041576393,7.715956150852941,0
0.025451681167563727,0.086889856,0.5410611489862113,0
0.03648127947220049,0.028408933,1.584802686626615,0
0.011944357956635522,0.018924164,0.6843612999087193,0
0.04776007944369125,0.08230624,1.767463889892662,0
0.04162709016122354,0.014346709,2.2475602025816777,0
0.03919513923436225,0.12933518,1.2767299246115664,0
0.055152167891771936,0.022487279,2.7349966597507844,0
0.3572179230283931,0.09201111,19.576444886301164,0
0.19036623841485337,0.1313055,9.457671593329378,0
0.10676728173849012,0.53271365,1.83676677896098,0
0.038687855215715564,0.02420889,1.977156909133805,0
0.04047055516285251,0.09039373,1.049341690702431,0
0.03442953599687588,0.05842726,1.5352776636208496,0
0.060898864636009326,0.24882376,1.5751670202782762,0
0.03337422570129049,0.0117513975,1.9122022772009852,0
0.020537720967618314,0.0076038474,1.1767247322618666,0
0.08104683777938115,0.036655918,4.387316807642148,0
0.025240458803294303,0.031818878,1.1773773515795525,0
0.019507760825516814,0.07776299,0.5009953729852643,0
0.04741961367135533,0.25099033,0.9090315029080487,0
0.038305627839022915,0.06494544,0.8293578920403321,0
0.05384736534682973,0.041521475,2.4866266455349013,0
0.11119226065291099,0.22901139,4.468334768890104,0
0.07938040762246373,0.03300987,4.1146108725455655,0
0.03949920192285463,0.040078647,2.009250788407054,0
0.09557686398288298,0.3053387,3.2907219770125873,0
0.03552960879530452,0.05166977,1.60873483659773,0
0.16929163664254077,0.053379524,9.146942043637985,0
0.18606774235914444,0.7168765,1.2119819070596431,0
0.011137675813714772,0.004487353,0.6381418177107914,0
0.05943814783544259,0.08793043,2.791336111306097,0
0.13134233449585733,0.17734738,6.244767562975165,0
0.10860258800200287,0.35554957,2.7812404866210936,0
0.016724037006497383,0.07769344,0.08375544646191573,0
0.0387082664203993,0.035666753,1.5926943847257167,0
0.01677311801496953,0.072224684,0.4988080924481551,0
0.044527123918461614,0.10714464,1.7079943632654473,0
0.035838275012187684,0.106981225,1.0295912948776678,0
0.12983637257185304,0.053303946,6.908081154600937,0
0.0511577290001763,0.09604249,0.8770988088800478,0
0.07116777301962662,0.24506097,2.108967457134116,0
0.14693983006949426,0.09524564,7.7353146414250595,0
0.1323865580368648,0.24605678,5.601932062367928,0
0.03146382461148195,0.036287963,1.3031500106546214,0
0.01672122410656047,0.03383919,0.6619368002376689,0
0.06579887349663327,0.08851273,1.918369962905216,0
0.03489852997235607,0.08922908,0.24627865099942925,0
0.04840840330476144,0.20420554,1.1371570882850883,0
0.07729028692076043,0.31509238,2.3712727210003366,0
0.06543822579500261,0.090223774,2.8283533701839505,0
0.029359574153319933,0.09091279,0.31079872436240524,0
0.02863117299286396,0.009845887,1.6404453750000507,0
0.02125414013039382,0.048711017,0.530614141486926,0
0.04872535108674135,0.02656838,2.53691573108026,0
0.029342403541515943,0.06337964,0.9082315395387326,0
0.026590910037990682,0.027747747,1.307022944968002,0
0.033540606455061954,0.013535804,1.9217351921842953,0
0.1503903213794005,0.23540455,7.001317851579246,0
0.06334178087516504,0.04529147,3.30184408988428,0
0.03288966769188192,0.03464348,1.60419011006507,0
0.029417494517142838,0.046971004,1.398545944352142,0
0.03739632736576174,0.023827543,1.800502658983919,0
0.1781512539015856,0.8490613,0.2951950296137974,0
0.053381558491487006,0.021934096,2.8615746530183124,0
0.0653852136245908,0.23180099,1.9680004703334562,0
0.011810544174085526,0.05079182,0.2893223439456186,0
0.030689695550350775,0.08646453,1.1516294276064984,0
0.014726382013870639,0.025759954,0.5860675185236942,0
0.040057167686408546,0.057786554,1.7569970774695984,0
0.06192441565790431,0.16590644,2.451673618487197,0
0.08945261410312053,0.19623186,2.207694566112918,0
0.04249241975483342,0.057274204,1.8552701059372962,0
0.031113522261875772,0.10374008,0.9698249179039071,0
0.03421074677249018,0.04245821,1.4516098931644363,0
0.06281015471752888,0.16918235,2.2058835555134144,0
0.07580731316415809,0.110787734,2.596456857082882,0
0.028858780065766317,0.10491984,0.9045442110634424,0
0.06508250794501419,0.24119356,1.8591603521112328,0
0.08354204652372024,0.07778612,4.311804369994012,0
0.24758670110467668,0.78397965,2.1441921103314145,0
0.10653696043148345,0.115885414,5.149689224764943,0
0.0448694805110096,0.10661245,1.4892494224824404,0
0.0475914058733367,0.13688973,1.8592802090064655,0
0.07709131310994664,0.15863115,3.313314796070137,0
0.13604547830422328,0.05158073,7.175513930633216,0
0.06147004192756606,0.04483109,2.914427841856323,0
0.11366441898635428,0.5034466,2.7125853265403386,0
0.03441497243347568,0.18683149,0.6225695696528185,0
0.029745766036886362,0.023563555,1.2717443554145076,0
0.10866506779265707,0.20019925,4.899114870739701,0
0.05381491513118304,0.217171,1.330696574616624,0
0.03632961584707142,0.04510169,1.7004665466402111,0
1.5149922818783312,0.18825401,85.58420292843019,0
0.04263893650450659,0.1724809,1.34949999599062,0
0.04668117796823438,0.22578841,0.6640566671814124,0
0.032807401733777275,0.06838726,1.2126385288993675,0
0.02645668409099848,0.06471539,0.6114491123740482,0
0.03507858762025867,0.028637882,1.7001746184782722,0
0.04574738022474614,0.12542027,1.288227437762791,0
0.029225676801793426,0.030911084,0.9814552024598728,0
0.028245655916175963,0.15747732,0.5923288446640537,0
0.030923027825658977,0.07308399,0.562160336531817,0
0.0345169951458251,0.033034742,1.5572577751198136,0
0.038802864356812336,0.021821415,2.044639598346935,0
0.04059583405693299,0.032260288,2.1060861042123133,0
0.04446547307482118,0.09245653,1.6367054329769923,0
0.14393312576372003,0.39235422,5.475093565414361,0
0.030319011469254135,0.13919228,0.2438155913732189,0
0.30526322346141394,0.0278283,17.27949704466905,0
0.14345634996306578,0.5078603,1.426298611959851,0
0.09840574178848605,0.020885194,5.350139746918281,0
0.12094431572473174,0.028716484,6.754313714763038,0
0.018459619659765336,0.12512729,0.23613493730062968,0
0.07584058668736592,0.036402743,3.8244536957315307,0
1.7735998217599789,0.08167849,100.67872577735596,0
0.07902557219134262,0.36696205,1.9401405282471937,0
0.017409718742021907,0.027117662,0.5706835511722449,0
0.16804724295319348,0.018520152,9.422445938725819,0
0.07682460540583542,0.3527766,1.1646665649680643,0
0.15414957435817708,0.15573673,7.238292927039894,0
0.021754579972446723,0.02580508,0.8880701807838036,0
0.04108336949153156,0.2291304,0.8543218806649399,0
0.022492749688256746,0.020548884,0.9455938577267781,0
0.05531074706202002,0.35781172,0.6478527508921975,0
0.048923029087448285,0.084270135,2.003406887558984,0
0.03788220061927626,0.1637821,0.9480356563865089,0
0.02341035971328182,0.09334223,0.4066175078030585,0
0.03936809204385952,0.13497156,0.6970346230501525,0
0.027799036168549132,0.04154118,1.293117736632103,0
0.009945312314718326,0.017516026,0.5698244215728435,0
0.03475518352577451,0.07036816,1.0379737177380428,0
0.027645309208711347,0.04594536,0.929638677646048,0
0.03271757717603857,0.09646009,1.0723164340325284,0
0.040538137452010334,0.11333381,1.1598439024771903,0
0.6497214281973867,0.046124447,36.84228445049644,0
0.04879960619641757,0.07336291,2.3259754139955104,0
0.24285031791194434,0.54810226,9.164728154910412,0
0.6416233329597729,0.051771265,36.324150752949826,0
0.18092890112726634,1.437533,1.126836088111811,0
0.037848972698312215,0.059031215,1.6649919046199275,0
0.06488482972227964,0.08647777,2.4028402417199115,0
0.02377468597330432,0.09174673,0.7181588359302241,0
0.03853896676402842,0.115552604,1.4263865290107203,0
0.16944036882855898,0.11361751,8.296254520643275,0
0.07163938676880836,0.06571431,3.3979792952471435,0
0.054748836941596934,0.085860506,2.287571387881822,0
0.012698193138124477,0.06812612,0.3046479713755561,0
0.026950040203043275,0.017862396,1.347993625448511,0
0.024216440055735984,0.10679736,0.34270007339694825,0
0.016248883679509163,0.042900562,0.13486458252987554,0
0.1376909260650394,0.024793928,7.643902801693633,0
0.06556785712163994,0.31020597,1.4405504221343548,0
0.056233826459425464,0.13448443,2.1744757470853218,0
0.3413640276599985,0.043879133,18.883460054669868,0
0.2046545386581125,1.434887,2.272871464840197,0
0.09087992636821009,0.30156815,3.2997865792416317,0
0.04534233202951631,0.035982322,1.8431715466170675,0
0.01194963522207684,0.02700218,0.48024338684381507,0
0.057354588830231985,0.042464998,2.7217558298187634,0
0.03522531250877643,0.03568493,1.772018664927491,0
0.060653173871948685,0.054501638,2.290221208067581,0
0.08115213055769219,0.056640215,3.817971515562941,0
0.10265282636789763,0.15553509,4.274123689526781,0
1.7375915172326435,0.13097228,97.91433229116745,0
0.08679869670111155,0.3159487,2.4698531220169033,0
0.08949804863088331,0.33336625,2.938004056217626,0
1.315688841167001,0.1745,73.25624860909765,0
0.0918949036612213,0.255942,1.0049697805541902,0
0.01713539178423618,0.048473034,0.5836950440374139,0
0.016492229900249997,0.032278314,0.6086760706220534,0
0.1248723265714106,0.11396043,6.046572222694713,0
0.018012248165462375,0.03271306,0.7726250865039542,0
0.09385864695228963,0.11140223,4.28346374663068,0
0.02481634535595255,0.015077891,1.2176521171584762,0
0.01746456417972349,0.019346194,0.7715062053711017,0
0.03250303682381421,0.09098335,0.9968655247814204,0
0.06727287347362229,0.0924585,2.752461747990297,0
0.08133773255764172,0.1638046,3.634021428060095,0
0.08920089359301327,0.04536102,4.225226534197534,0
0.05378163905509037,0.33511782,0.7190677598705936,0
0.05316416711743972,0.022458553,2.6414197022500163,0
0.03409664804462157,0.027184064,1.7070539214574068,0
0.02995088609658325,0.044936143,1.2620463398750685,0
0.0321856450951886,0.017750608,1.7093027456285927,0
0.05043963653934639,0.3553887,0.3752608030476747,0
0.05649302142101542,0.041162647,2.814294623164187,0
0.07277521714705143,0.22794332,1.8254112993995883,0
0.06060899089358631,0.083309054,2.9060035234713455,0
0.07729942625785095,0.1578558,2.5583619164050115,0
0.04037222208079279,0.064436726,1.1174592557197527,0
0.07083554472666789,0.28974664,1.8291901334343312,0
0.046190460584949106,0.12739399,1.2583278532028288,0
0.022976659091583328,0.05047978,0.7739393452554199,0
0.04203597466829665,0.16143079,1.1364298253541814,0
0.06890419107135554,0.2842275,1.8164042756192325,0
0.10481927011427007,0.09060903,4.785032685561267,0
0.13552737418971372,0.047787156,7.22479086097068,0
0.04498634810537207,0.16123115,1.061219376377283,0
0.04003380099602484,0.22026965,0.5090735557603727,0
0.017937960645768254,0.025192857,0.6060701436231135,0
0.040841243700828866,0.07734382,1.7613204916917968,0
0.08019805772795732,0.17791893,2.353278114336837,0
0.1073946436640244,0.21012716,1.8917549638141136,0
0.1377556079263912,0.12673135,6.822826211205784,0
0.19579281425882097,0.5712358,6.263785781736457,0
0.17392711354884477,0.03931977,9.207925623950166,0
0.03901254256422643,0.07225474,0.8980739656888218,0
0.04513796236912932,0.010414581,2.5862147395714405,0
0.20280951829980415,0.2171804,7.567582268039633,0
0.06305716290775128,0.060676355,3.103113374543387,0
0.030124515101490997,0.09388993,0.9523132545661511,0
0.03064923556977795,0.023083854,1.3216038838719766,0
0.02678816205312816,0.11467893,0.6712273949867312,0
0.018238806084188354,0.033629723,0.6875912970903627,0
0.04365445113700133,0.21368359,0.8615950660679607,0
0.03953297352997214,0.11210829,0.6176381641387212,0
0.06823853037456122,0.16293798,2.0176293468985116,0
0.03059071471328461,0.057089064,1.3173340129266227,0
0.05658465101453689,0.08442801,2.0333298344039235,0
0.03523678274247778,0.08598035,1.167278975575486,0
0.06256798532182598,0.189461,2.128454428202494,0
0.07975961990940511,0.30631953,0.9395279392988586,0
0.0667358088776977,0.29175478,1.7558043479258545,0
0.06705848197860928,0.15974094,2.6053521136589093,0
0.045095653327272375,0.08739196,1.7271311555010183,0
0.04413880102381644,0.11640463,1.36166036152054,0
0.02434832201103909,0.017173147,1.1048964733852191,0
0.030791234659229387,0.07427866,1.2518707666556332,0
0.058185948533414626,0.35542887,0.8288837170482128,0
0.07060693010857343,0.04110838,3.731595728576091,0
0.06251553375366288,0.09991489,1.7873699652844957,0
0.018753160028323373,0.07077721,0.6056674117612343,0
0.0747980311092433,0.045009147,3.617375512048889,0
0.08810871958301163,0.52909666,1.5414506068780993,0
0.045308657550083495,0.17457825,0.8059707851364236,0
0.06825128303565048,0.12868993,1.9281009916654723,0
0.07287410753590065,0.12303693,3.0611471998403967,0
0.3059848687074155,0.058651976,16.699553242554188,0
0.2578871048566122,0.47515482,8.765706531438084,0
0.5373932931570791,0.59966666,26.88731708014913,0
0.11928350221815133,0.9548947,0.5630464972115586,0
0.04630438647287382,0.057702873,2.044331935126536,0
0.04452661928551637,0.12963273,1.3874461766024984,0
0.04001427466587222,0.021573685,2.1259684838604715,0
0.037556617045281654,0.016899794,1.9685354768938947,0
0.027171142917409862,0.034911316,1.2647207051693066,0
0.009909214576522052,0.028121123,0.38777271144688574,0
0.24081629115870767,0.81177557,0.8601195172551799,0
0.2674847488426051,0.9480922,1.4774942543676455,0
0.14896962687795567,0.5016981,1.9182803401039266,0
0.08900008994536328,0.053070415,4.284928669455533,0
0.028027383667711306,0.16416124,0.5119327134046809,0
0.016187802283144148,0.02613181,0.5191549068073572,0
0.12210164733361226,0.28090298,0.901858472634967,0
0.029746966534082334,0.12194584,0.8261073302789737,0
0.12167591262043076,0.2083661,2.896764567828004,0
0.125671204324794,0.5265595,3.3199208164439926,0
0.0706015942726736,0.08010211,3.4192238938845567,0
0.031906442984996466,0.05081269,0.8224448645604547,0
0.05577627959450973,0.101364784,1.76111690306854,0
0.06305970086706433,0.06131745,2.8559045019647944,0
0.08635109515809199,0.103915684,4.086629254991425,0
0.08146575410684673,0.22852811,0.9638474492338109,0
0.3899776106166668,0.09140458,21.39276052434113,0
0.13324397712894814,0.94876504,1.2027723559214398,0
0.19092834117957908,0.14806923,9.57728492086992,0
0.05465666277240155,0.3607458,0.8305143323744035,0
0.04060266837126613,0.025494803,1.937734069513748,0
0.171397127931958,0.3303743,2.413545141608972,0
0.04132304970281752,0.08529055,1.7340725862037405,0
0.02215968780171163,0.08959127,0.6096146391756687,0
0.10282796426411754,0.024081936,5.445814861136081,0
0.07850640393328315,0.058307078,3.9297497314361345,0
0.8996449065354634,0.11760407,50.81243710859325,0
0.2745589610063211,1.8678402,0.9135121662136155,0
0.12097583268055762,0.033515226,6.341143209420557,0
0.08997415768477492,0.053509973,4.692777101794145,0
0.10386467648482464,0.5269586,2.056450813803793,0
0.12637614085554277,0.30276963,5.355560932750248,0
0.07538839321892744,0.5383205,0.3342314033317548,0
0.04415119392427545,0.09492176,1.808547140497708,0
0.032577573762581365,0.116716735,1.0129612619563053,0
0.06628106980100637,0.029165063,3.517758826772672,0
0.052357283833857654,0.21229135,1.6492596023671882,0
0.23485518803046584,0.062436122,13.035847345232892,0
0.10829757951030503,0.42389977,3.067349407021885,0
0.04424567022548388,0.05437396,1.8667608511171827,0
0.062424245726878685,0.17732663,1.8896966699239908,0
0.041177486690625556,0.010362363,2.1726488461796416,0
0.08067679227712153,0.512534,0.7129845627372623,0
0.027751975461444377,0.026460832,1.2794605573026685,0
0.046272042736772656,0.032250654,2.170964025352303,0
0.02338691139905361,0.051479805,0.9597265503874916,0
0.0316354176429483,0.034568418,1.3126673250888252,0
0.11877857923230903,0.10851525,5.603292871769118,0
0.16999590364088257,1.0491297,0.5691724513529397,0
0.014135358918140249,0.025898576,0.646490095094801,0
0.030470117342793833,0.04191666,1.3040533002266639,0
0.02604383553943061,0.1173295,0.3635548265845471,0
0.046501832530383244,0.06402857,1.356098653740469,0
0.04939016504436731,0.092254266,2.1638803899542123,0
0.04238299505691324,0.0331913,1.8882876739561834,0
0.04134387863873007,0.1546509,0.9695131046273444,0
0.04553231258303413,0.08820421,1.9215019204518706,0
1.399762001496276,0.03382295,79.67360287072465,0
0.1344817968241953,0.8773039,2.267692057056051,0
0.12072045292170255,0.10199409,5.275677245191934,0
0.025574165279782568,0.019838853,1.3109251776508146,0
0.018838750796944706,0.022707332,0.8707631757917088,0
1.0326554697073005,0.047723398,58.25424691829628,0
0.06559836769366666,0.12100982,1.2181718679435711,0
0.1328802937313202,0.043938335,7.14521787649716,0
0.14770447637836978,0.29412937,6.644156048209774,0
0.03332114806283752,0.10640443,1.1579631271522077,0
0.0979120158584533,0.14115512,4.024397858263588,0
0.038128972172101136,0.031220164,1.6394149883872966,0
0.5251742500845584,0.1018705,29.460018683071784,0
0.03883295995321511,0.04019872,1.3372256549036121,0
0.04162946416324358,0.10528712,1.3799376308986546,0
0.10119529803075251,0.24529381,3.956630396230049,0
0.10009049381681341,0.062111534,4.817515630544913,0
0.05668047395727578,0.12419338,1.1158654799611423,0
0.02146848552500589,0.052906282,0.248916468920363,0
0.052008442242577106,0.037245102,2.6495114414909033,0
0.06121928851355824,0.25623977,0.818581444067273,0
0.1589353628717023,0.033182934,8.798535706184722,0
0.06226017204843004,0.33876824,1.143615855847628,0
0.03142431516749629,0.027008431,1.3880688485417871,0
0.01464081735244468,0.0733886,0.27186383000718095,0
0.039490350488014594,0.14215614,1.3475496305442334,0
0.06060369065102491,0.0133336345,3.2792846691979927,0
0.12574608223019096,0.501185,1.1089061683396129,0
0.026353318362123457,0.025943935,1.3274560498077164,0
0.08209118722509706,0.06343267,3.9322136021384817,0
0.05488115284536389,0.17153704,0.6088924299097842,0
0.04221033007473416,0.037400678,2.147447456599927,0
0.10569160278742462,0.035475425,5.6048576809906,0
0.044860028210269486,0.096769184,1.898041402667325,0
0.030466473092405213,0.042890154,1.2918972185410853,0
0.03206105022067081,0.076168776,1.2206986411707,0
0.07332733940083482,0.2292276,2.5336151919158234,0
0.03017788295962683,0.0513579,0.953541850922746,0
0.008350343310132007,0.023200361,0.1976194030819646,0
0.0657928951845401,0.02912231,3.236214933882663,0
0.1439700060606872,0.024933701,7.992038920803063,0
0.31979400857741264,1.2713847,10.336014817973263,0
0.06348549507054413,0.1110272,2.8906267848516167,0
0.02692792963966981,0.049956035,1.156987370013414,0
0.6649920387553544,0.07428128,37.32325584557239,0
0.43851716841528404,2.5689955,1.6398678161741849,0
0.035040240105446555,0.036406763,1.7745255588675974,0
0.01582907498534352,0.0031934984,0.9069391902562891,0
0.0987738487790118,0.15959069,2.305088129016292,0
0.08596415363275386,0.1997447,3.194294692598012,0
0.05881927430265285,0.23893028,1.6198591295314813,0
0.06484615159459928,0.06800152,2.258142240011367,0
3.0876572769120147,0.040789653,176.57224596714573,0
0.14072325869653207,0.9847344,0.4006401388810918,0
0.07113029231686807,0.039585385,3.6931990673497936,0
0.1306178660832104,0.16855782,4.802749635569997,0
0.20457423623340967,0.18604341,9.54556062625067,0
0.4431374121007674,0.274268,22.751526886073542,0
0.023150395722074585,0.08605362,0.702671139032011,0
0.07219443917397678,0.0468833,3.603769212077141,0
0.015979757105650937,0.066474915,0.4546941529680048,0
0.01783654279599777,0.031852834,0.7562768577629315,0
0.040010692734243264,0.13379869,0.6293969265536246,0
0.04086957255449118,0.047927007,1.7168060611276257,0
0.02348230872732167,0.017063858,1.078195119727586,0
0.08506943521826259,0.2478295,2.907237712242258,0
0.0606412490774883,0.09343975,2.750998781491018,0
0.04307098908470887,0.13241029,0.7765155826270422,0
0.03445288657499116,0.011220897,1.8217363572912335,0
0.050913267516747227,0.0136704175,2.7822010911943096,0
0.03325809039634729,0.03529427,1.6176368777977408,0
0.05539286393080944,0.05222477,2.748323180791294,0
0.029461240399238697,0.08388132,1.0317830504477588,0
0.03199690621057682,0.07582806,0.999253657317697,0
0.024275601875204618,0.02557936,1.1187175665410583,0
0.03452513728683708,0.057463694,1.29901734364556,0
0.04709816206833986,0.15953737,1.5804168985753488,0
0.0511386721962533,0.13333362,1.1133858901798135,0
0.05799014945081547,0.190536,1.2780400697222942,0
0.015157127639683014,0.017394487,0.6799718323915803,0
1.519515819972062,0.27107817,83.39120111693876,0
0.05574848580534271,0.32264528,0.8463663505925579,0
0.04404367757622876,0.026231302,2.2436522927108515,0
0.1453599511599896,0.14018711,6.198871535089896,0
0.023534167316714483,0.060239512,0.9426979996680541,0
0.023717683556299284,0.1033787,0.5165155430994711,0
0.03964747086010887,0.12064342,0.7762930303589156,0
0.0566053520056771,0.073158264,2.5485937836078545,0
0.05608573746952394,0.038158078,2.833758190999657,0
0.028239041396123186,0.15649267,0.6459862618698461,0
0.030985289237118015,0.11803308,0.4984532775180836,0
0.03739193218174772,0.109032094,0.4735433898426574,0
0.017936695335744917,0.017764285,0.7704688687171721,0
0.07458626978895899,0.14965923,1.2270205055314927,0
0.027257603940320257,0.04569247,1.116643127983689,0
0.07596775447626526,0.094392575,2.563505705843305,0
0.038613242191635554,0.047170077,1.164414977343676,0
0.09358346437137204,0.048982717,4.863626468920555,0
0.017491703392626526,0.06637644,0.5953116577586796,0
0.0563427634070658,0.054779563,2.020177619958409,0
0.02326536528477233,0.05169612,0.9175526590885587,0
0.012014107252424877,0.076401755,0.2078117837189841,0
0.03562972482412646,0.05193077,1.1692852021032243,0
0.02766190073958155,0.062060427,0.9228523521973868,0
0.06644325495104375,0.10212801,1.8136409284332482,0
0.0795811341346433,0.48600245,1.0430845118680685,0
0.12619794170601353,0.057872057,6.300207797720895,0
0.06983145410996364,0.1664894,0.9732008330336553,0
0.020279387263150143,0.07556395,0.3035747623156804,0
0.20690772220374598,0.029261194,11.340226633814924,0
0.0473162850876157,0.10662077,1.2916884637232509,0
0.019120645422791543,0.054806303,0.6032817247480358,0
0.9524738631728891,0.019141303,54.57273245632759,0
0.11784027308050275,0.27346608,0.47109126091851383,0
0.03849248737325283,0.14879529,0.8769923195131011,0
0.02702611295995411,0.04321992,1.1138196159597276,0
0.09425404936753182,0.17934786,2.6076274275176456,0
0.05930456135457891,0.039845534,3.147526827086858,0
0.0313896839891983,0.08973473,1.01472051954469,0
0.08483538068822669,0.025817256,4.55633922873661,0
0.06315972496820332,0.054889288,3.157951425202162,0
0.05545336374076002,0.018931292,2.9653110297132708,0
0.09881257138235987,0.0646864,5.036554313561787,0
0.11705612963268011,0.08140703,6.176857304299513,0
0.11011069463870354,0.054804854,5.937451434490849,0
0.05054405622316548,0.10740335,2.2498813945542135,0
0.06744469200807851,0.21692447,2.4988212188963534,0
0.020029754983285,0.015461999,1.1476204252233593,0
0.07512315980730182,0.03353663,3.9965212221963475,0
0.016844449068921265,0.020870505,0.7797275370468923,0
0.03233955431808044,0.02988093,1.4656086007066655,0
0.02102018727895874,0.02683156,0.6351448527068154,0
2.750089319200553,0.041994397,156.7173354477081,0
0.6628164234349592,6.1217656,0.48372186647661813,0
0.052627949177640077,0.023539903,2.8047869080325225,0
0.041915527152440304,0.028208407,2.2114177289061847,0
0.0934003662351384,0.15359937,2.843684993314913,0
0.07148321525114598,0.16127285,1.543126812875505,0
0.017114195802852908,0.022195254,0.7573148102359688,0
0.020707099479517203,0.038456976,0.7310253159236626,0
0.061561220334847455,0.04484269,3.0798233575880825,0
3.1318558045980533,0.3488257,177.16540714144804,0
0.06747298482480028,0.16652676,1.8305823606500369,0
0.046379474525717,0.07908512,1.7264680676794084,0
0.18779452385760476,0.31922212,6.617535210074314,0
0.268611599016197,1.2141813,1.0756184186223523,0
0.07026022932783552,0.056375228,3.3165800875257916,0
0.019411272040106838,0.117386214,0.36229434561240065,0
0.02870363341145689,0.043921053,1.1546556291711148,0
0.017057153257265204,0.07253338,0.43722846861454717,0
0.038160767007185493,0.051256046,1.6717295975497908,0
0.06154327317400563,0.16228823,1.800593913308667,0
0.0972865385401477,0.09631099,3.943141063701695,0
0.05994496349842497,0.15172002,1.5058621821391103,0
0.07998553366679736,0.18439975,2.937682974981685,0
0.09050797288447976,0.2980284,2.8427987916347393,0
0.04629057065325917,0.1272327,1.2921139371428294,0
0.10590393083521793,0.07914182,5.3757380517516875,0
0.08266292401007733,0.2982023,2.210156730586203,0
0.06324745714996491,0.015890978,3.6238123596275114,0
0.014318953290459197,0.039491214,0.41002375434933797,0
0.07140701386379159,0.09719625,2.9140411555971024,0
0.0336252317143545,0.0489754,1.1455073879222484,0
0.04398804490862409,0.088640235,1.288298946035543,0
0.03296613098368144,0.071959116,0.9702985738129098,0
0.06561896967223668,0.1503269,0.7490604528376704,0
0.02436280157267013,0.043494,0.9822723695790274,0
0.050955700395173914,0.17044945,1.4471176588370778,0
0.018244290667912836,0.056736447,0.6564738638034092,0
0.02085104875316781,0.028799238,0.9029378078966767,0
0.03939395299720928,0.0468811,1.262850374698121,0
0.012395278535074196,0.03859169,0.17116272543711947,0
0.05397891779407033,0.040241893,2.3860514357735063,0
0.12347202147855721,0.7073341,2.7142596294369183,0
0.047355020866116156,0.07606829,2.144288556768018,0
0.020799483731255418,0.04047834,0.8324067387829602,0
0.025971895856579164,0.025537014,1.1900544524574423,0
0.02941219172309089,0.08117703,0.8556235810350667,0
0.05978302666482595,0.18423907,1.4122912398185774,0
0.04266746353152738,0.14479631,1.1837390241235306,0
0.03431505981064126,0.027752975,1.6212242621338457,0
0.018117625879108715,0.10705583,0.38876111581533257,0
0.029049034627471545,0.10624554,0.8894131692037877,0
0.02694827839690027,0.08673981,0.7147797021601702,0
0.2580659937683844,0.027722696,14.470690498008052,0
0.04050173085641434,0.17948909,1.2212607882376478,0
0.033373684030972794,0.05877682,1.310469888992146,0
0.048597846524285164,0.05138465,2.227354323329107,0
0.041509373427097374,0.035483804,1.9806882028850723,0
0.045703010849799094,0.12957196,1.5487924709606333,0
0.05809478817119785,0.41056633,0.8659808920185298,0
0.03800119986899021,0.019141609,1.843267455478743,0
0.08008917760115786,0.14680818,2.062574956828629,0
0.07347758780038108,0.16896252,2.461891481660667,0
0.04030981312813671,0.022747178,1.9939997312660327,0
0.09301511763805807,0.22639567,3.2375546002801956,0
0.056085040895885785,0.18980655,0.7289789456662453,0
0.08505500924562139,0.06544174,4.289576071766873,0
0.06977016386043859,0.1549586,2.8929696853958995,0
0.02764444196503901,0.11820454,0.7018222964654283,0
0.09222062454595677,0.018160291,5.0600495896192905,0
0.8965284913055191,0.03968803,51.12093485553121,0
0.12637403043942774,0.58894247,0.9219531255011637,0
0.049623177411313384,0.023629759,2.623832779113218,0
0.07742826284215146,0.031671934,4.093204446190372,0
0.026349258021014874,0.065355554,0.6539895121159462,0
0.04402390237483365,0.051011395,2.115264401879796,0
0.02832939235719974,0.023129273,1.4377745329836957,0
0.05041270169969367,0.14721638,1.7884276326068902,0
0.049293356359960246,0.04819181,2.3836102684957137,0
0.05164104903909625,0.08420398,1.8125732004389656,0
0.11759313079910869,0.03676362,6.396335087245153,0
0.03309771829953048,0.04438749,1.5294521598683846,0
0.035380003177834914,0.03048523,1.4260073829159636,0
0.025310831013762025,0.06422011,0.7402252122675803,0
0.04981864054747027,0.1816671,0.652497894963339,0
0.022166214173394528,0.03493278,0.6423791440418313,0
0.02793775285281268,0.014885343,1.4030849645099734,0
0.02612754624167598,0.08437499,0.9426485030593232,0
0.04617086745094062,0.024736317,2.226736728178267,0
0.04213052964911593,0.11183617,1.720559003056786,0
0.16615714791248745,0.07550624,8.65708921953066,0
0.0913008388798019,0.22163413,0.601275707751236,0
0.284094679217416,0.15782201,15.245491452841184,0
0.0917590191852628,0.11357468,4.5000991431398525,0
0.06035352602604381,0.14073187,2.3924000683409683,0
0.05605090454303477,0.036355346,2.6078676897528092,0
0.06146410095444274,0.025954746,3.124429714726031,0
0.48514275998988066,0.10993251,25.530515007242528,0
0.22261670879308892,1.6478081,0.8546636493752813,0
0.03450973079165979,0.05875804,1.4348430938884391,0
1.0726986952177493,0.22107841,59.765735765024736,0
0.035777739408858714,0.21206687,0.7548944475298466,0
0.0495708592676849,0.019129384,2.4462638060380186,0
0.034520100997689165,0.045208953,1.5404813568540214,0
0.1165805364274651,0.24022052,4.945805816041917,0
0.04040611636783091,0.17578577,0.6643096996218064,0
0.0544907864757553,0.09716262,2.328202071344964,0
0.08088593081499038,0.18398155,3.4017113036643933,0
0.03551933933255509,0.015118072,1.88582285789251,0
0.007501133659802859,0.010880949,0.4297833002702249,0
0.08644097845102056,0.07467761,3.502618756546453,0
0.05317024576835747,0.31094378,1.051661337936702,0
0.021495507460285793,0.019123698,0.9210119701472735,0
0.06953752291507256,0.091683455,3.169885974852158,0
0.04460376222473778,0.048093684,2.192628154901732,0
0.1130620113424115,0.22354501,4.497748205659874,0
0.04087977910975546,0.066235274,1.2593982284836898,0
0.1354758313990985,0.028877547,7.485890762204384,0
0.06276520583338664,0.010226476,3.3633266920605807,0
0.05201961200992647,0.031291958,2.630540801652721,0
0.04833170674525516,0.20729437,0.6408059444341652,0
0.025151537896465914,0.021315567,1.2036861945663682,0
0.04097947887262475,0.009773692,2.2044520998959154,0
0.0446424331185897,0.034602307,1.87573213984244,0
0.03893014332066254,0.028797938,1.794187607008433,0
0.030024101541351055,0.022088042,1.2867797080505181,0
0.08180530817742078,0.1321398,3.767521504070462,0
0.049281652208424946,0.14057736,1.8176601408907458,0
0.0369815225754487,0.028992688,1.6928630263558557,0
0.09739199527275738,0.17783651,3.266475572894253,0
0.02503787443520941,0.044811156,1.1196178403800996,0
0.05739296950924655,0.16665441,1.6249969733582508,0
0.024827314372129462,0.03581972,1.0813484961029456,0
0.029628888000431668,0.038629185,1.299295719768923,0
0.2118143036574843,0.18920724,10.739565695984009,0
0.04806789828667653,0.09476875,1.8078036256429122,0
0.029509079203774668,0.020036718,1.5294406532218692,0
0.027312259074000884,0.028289199,1.0154883466972222,0
0.07464758615828083,0.14636166,3.3846280096158905,0
0.07509123435957259,0.24974251,2.229124813920463,0
0.1259286176604208,0.40562856,4.169735058837309,0
0.05059041840398381,0.09684331,1.26016916196666,0
0.037236218873455594,0.023750618,1.975331853029779,0
0.052659656624314086,0.25913662,0.9485124123913319,0
0.11644778542633878,0.21228227,2.311595216779244,0
0.05672113610171934,0.037869737,2.9887588267301504,0
0.11763748150981,0.7911753,1.4013249373773071,0
0.043461715990887856,0.038265355,2.189090020529887,0
0.021929895026895983,0.023929868,1.040338715235132,0
0.017344728256205307,0.012863106,0.9937797258818681,0
0.030789169806626465,0.06654855,0.8052237730455611,0
0.02600713327060404,0.02897306,1.0920549721619857,0
0.027903963170326028,0.07632841,0.8767264602096534,0
0.030478449570234115,0.116401695,0.990156730991112,0
0.07629879727684315,0.037863415,3.663265333387913,0
0.06640242768432873,0.019980766,3.49030808492236,0
0.050739094355516226,0.02765091,2.5182386519249516,0
0.018331927180434963,0.016429432,0.868823217202088,0
0.008504183597264063,0.017638177,0.2296986005055393,0
0.034194295104971725,0.06440439,1.3769846420266065,0
0.29476052122515256,0.07442597,15.303314908644186,0
0.11750078016790991,0.75172997,1.0383286670075176,0
0.036428300660281486,0.07084328,1.6589768032557732,0
0.1465430908127759,0.09136157,7.409119399089007,0
0.07508562682410654,0.3063948,0.7735734530822153,0
0.023827930093862,0.049431838,0.6271484563017334,0
0.10295598978139119,0.06326741,4.444666642175801,0
0.02031717532132438,0.11198748,0.41668288805784054,0
1.426790345296699,0.028280277,81.35622443756473,0
0.2767431051982897,0.42720625,10.36382331850745,0
0.15027311565383358,0.5029041,5.255508122715603,0
0.01572163383097146,0.020533135,0.7409330800667085,0
0.41937343764811186,0.37962458,21.338182453552378,1
0.055790139701650324,0.07594234,1.8928722220834733,0
0.313813395385927,1.4041047,0.1974201910350074,0
0.05251249826726952,0.1970828,1.7637817165571554,0
0.07909695028567053,0.1467367,2.5312926349272815,0
1.7060324058643044,0.08494577,97.02041517899868,0
0.12792639940870904,0.20442615,4.922726586150304,0
0.04577152818559311,0.07976574,2.1192482658318186,0
0.0724344918937451,0.44877988,1.163266990369552,0
0.02081325521095026,0.07184553,0.6727344457607062,0
0.0339057063388875,0.15944178,0.7791854708647867,0
0.02512468444495937,0.031181136,1.0801555173547903,0
0.012058716267347336,0.08021076,0.11423265391901029,0
0.02946474340993313,0.031689342,1.1766158953372152,0
1.4091733314957773,0.032604415,80.15720975329958,0
0.05515561818860892,0.1310132,2.1644240930376473,0
0.03582703791470887,0.15420546,1.0830220642771458,0
0.05747908709244416,0.20169562,1.2466559359157212,0
0.05763093224296666,0.018519929,3.086548841845943,0
0.018675774940497034,0.02511969,0.7288760946798813,0
0.04390084893504698,0.14927085,1.5256253966281046,0
0.04960461091764011,0.13954121,1.1212960093413114,0
0.18245378302675902,0.032515187,10.074866521576164,0
0.046429988037008096,0.10629092,1.7434069618873194,0
0.08456664436508464,0.14514677,3.593496723294589,0
0.017675715541063636,0.028913371,0.6301018420751003,0
0.02842643571114262,0.09017285,0.9073881729177636,0
0.06191218637625084,0.088642746,1.931732666769204,0
0.04655769079969844,0.039680842,2.3407247364744617,0
0.0380183376925838,0.16321899,0.9248875086627318,0
0.03810479645905718,0.10382903,1.0848846042521487,0
0.1400919788181023,0.31869867,2.1820081368448445,0
0.04698066225824645,0.036822557,2.3949479351870635,0
0.03798823557912395,0.07047427,1.513960380713116,0
0.06103490438051005,0.15676165,2.5396803145147606,0
0.0357212772523811,0.090282425,1.3583611492107568,0
2.1489187019767746,0.041056957,122.30318515914959,0
0.029921202621922313,0.044076186,1.4328094260632689,0
0.40821615835465763,1.4758286,6.357757496001973,0
0.05903749215118807,0.20302606,1.2507831145570456,0
0.021313501419152444,0.044622194,0.6229025742450052,0
0.093317581473154,0.15162632,4.361913344590855,0
0.04249911188694609,0.08769513,0.7742974538583487,0
0.0824962246211506,0.26686388,2.2517474543374085,0
0.5773242519573839,0.054423705,32.68470259548983,0
0.04421348496381043,0.085871205,1.5682551888240823,0
0.1347734889146081,0.38087073,3.3048294952252566,0
0.026632330393525517,0.013807496,1.3851928868396133,0
0.04963223985010062,0.07536943,2.0395678971378595,0
0.03404800569656112,0.044017427,1.6484373274582225,0
0.06605245002907861,0.027380515,3.471229437794061,0
0.05615980075297526,0.06231919,2.2750614618689617,0
0.026753963950954293,0.067513466,1.0237385309283416,0
0.072651080300903,0.32196373,2.1978005274618173,0
0.04765804546996367,0.17300662,1.347036923877279,0
0.020009932934185938,0.13868645,0.29103894353090426,0
0.03954928469813158,0.04697765,1.2887839703236283,0
0.020005077852087952,0.05274434,0.6915649127720167,0
0.014274659103034475,0.05689381,0.27158595728274,0
0.04914017257158894,0.028834617,2.3297185369995446,0
0.02368309925115445,0.063739635,0.20457687555178034,0
0.06430015708020284,0.0805903,2.556694336526067,0
0.03397176447384981,0.022726169,1.673895849627585,0
0.1980315003439485,0.24074247,8.793367838892877,0
0.051475942664152174,0.10497157,1.3455667201693333,0
0.05923513197556665,0.21560377,0.9672567405114804,0
0.02948515693753549,0.03743398,1.3765530271453137,0
0.06329261171862287,0.110437244,2.7910329192338192,0
0.056508963696496786,0.30980396,1.2320304697394886,0
0.06980073628478964,0.2375411,2.381981936773896,0
0.07068700341785286,0.050854556,3.5869776819436967,0
0.0488251171708498,0.110773824,1.8977830215658864,0
0.04259564894919327,0.06605605,1.901750263794415,0
0.03791773379258684,0.1162262,0.6967270343294455,0
0.2740251672720764,0.21037254,12.633917817592607,0
0.09797202952914048,0.04132202,5.299753255051474,0
0.08430596500729254,0.1716854,1.2994631605936544,0
0.052012782424822,0.35487694,0.8091022812664753,0
0.034823331377683134,0.016965674,1.794178282387237,0
0.05893099599195861,0.17446819,0.8020349166803012,0
0.21275911753544988,0.017384976,12.190199487709103,0
0.020373675630478063,0.025525948,0.9146039317494034,0
0.0812545224966466,0.23172705,0.7119193253506951,0
0.07915271306362417,0.022448204,4.2477902674517996,0
0.03948041508885891,0.028390191,1.8184907440690292,0
0.04909380137036006,0.12478459,1.7611423904936574,0
0.052308832699212736,0.16165587,1.8634321361069988,0
0.0160733191018506,0.051459905,0.512674237632446,0
0.027329107548524172,0.057550594,1.1402602900756567,0
0.023413755700532623,0.09270287,0.48699311494961744,0
0.03983394247999788,0.0800378,0.9393588010039197,0
0.11204694251413043,0.027459122,6.116541946743221,0
0.025079241191179383,0.028478848,1.0258892736800835,0
0.08139713278787529,0.6169221,0.733521860156061,0
0.05187630360329712,0.41451666,0.4610785822046617,0
0.0801131068615521,0.051644914,4.084856130859674,0
0.03480575788984432,0.061349753,1.0438881178081256,0
0.06827946699618168,0.09318242,3.2319795844066324,0
0.6813340283153007,0.04070789,38.76865573810671,0
0.13600504127401344,0.22025119,6.339158070882544,0
0.4659604038002563,2.0407112,0.8445438135647415,0
0.08009229051000792,0.26283813,1.6302181372417608,0
0.0401531527333673,0.039757498,1.9364868000807687,0
0.1971471145792024,0.5218698,1.1210260567381156,0
0.013458587973445419,0.043605607,0.3625071301544198,0
0.025374295044773985,0.0671516,1.0025180292211913,0
0.01933308397930143,0.022575188,0.7571347060359903,0
0.0550136493982801,0.23518686,1.330110411967898,0
0.03670870662865259,0.026141249,1.7991430701033373,0
0.06116702845814582,0.14009768,2.508538234980186,0
0.021869723106557423,0.08076355,0.3790727443849775,0
0.018290283741822025,0.07474202,0.5384464707001176,0
0.03242054948585017,0.075074896,0.848319203390174,0
0.028374935206232008,0.02685052,1.0612819267406517,0
0.03099893069219459,0.015484025,1.7761078980813017,0
0.01949981338096006,0.01095994,0.9656313307797394,0
0.06235834853916546,0.030682247,3.371750412751325,0
0.01399298482248579,0.019196767,0.6541293403873143,0
0.11069519017316551,0.2879663,4.433202337471964,0
0.11350293249433521,0.09497662,5.5980080902074025,0
0.02355000006401972,0.037861254,1.077456099627217,0
0.03306407123796916,0.12420683,1.0676495026999433,0
0.04440675124097911,0.057153884,1.5914759155452152,0
0.1997986955844396,0.12924002,9.842358933959375,0
0.03687237193323876,0.13798162,1.133331255654361,0
0.017693189940322727,0.08410501,0.42959195363886027,0
0.05494805572550814,0.108795255,2.490868795712917,0
0.07765669968339986,0.10280766,2.6142800038398653,0
0.21463510376992503,0.10567868,11.320538441583047,0
0.008299726094911253,0.019521624,0.30669577277067916,0
0.1337827916473035,0.38504016,4.885111095376583,0
0.051092072880390194,0.10198185,1.4858391133364577,0
0.027112339565111433,0.054277282,0.9711978282432508,0
0.011281653501517656,0.007820407,0.6463911315659487,0
0.06411664400746225,0.037144855,3.426004279966253,0
0.053461804719094765,0.028579703,2.564751172529462,0
0.06719238794053287,0.1329233,1.5616049962559886,0
0.007747308431089023,0.021479731,0.23320775578836975,0
0.023437644228815654,0.06577694,0.6278035537994092,0
0.25187177991896004,0.117154755,13.169161614152499,0
0.07177845532481959,0.22846141,0.7652226739490359,0
0.032904234931522724,0.22816361,0.3786081236421871,0
0.025343372637208147,0.063553736,0.32001608911534635,0
0.04829521424037859,0.10203904,1.7205620807724193,0
0.01717014771716831,0.012391534,0.9837769978099293,0
0.043086230677234924,0.053145226,1.952202529691781,0
0.02084938531542488,0.031810362,0.9608571929296866,0
0.10105084886850602,0.6225212,1.6965068669835044,0
0.015556329006574644,0.009504102,0.8913119967936678,0
0.039197718638537264,0.025972715,1.904637625435975,0
0.0328868306143856,0.020300226,1.8842765957659229,0
0.017608124338521422,0.0128926085,0.864053083325035,0
1.6572877056675095,0.0984719,93.6432765261904,0
0.023934504176865472,0.048714586,1.0113639687552982,0
0.07202239723849409,0.15640293,1.4002773684580623,0
0.02626998525483691,0.08445786,0.989999948787664,0
0.059190216953459864,0.038822047,3.034130619583571,0
0.017398156398223733,0.050325632,0.5954863707746652,0
0.030317071568192234,0.044238776,1.4274846556459826,0
0.03616486240957087,0.030496776,1.4931225390164342,0
0.1221248143636842,0.32558522,4.545038655707921,0
0.030473473030126284,0.058229342,1.3359351100565258,0
0.10322381535639161,0.87323666,0.6302556939774944,0
0.08626024952949189,0.17921221,3.863673537638042,0
0.10203450053731815,0.1163213,4.871055632997947,0
0.04452050237393441,0.20638217,0.8762327716311514,0
1.9376882313854948,0.03062336,110.75613182013264,0
0.05940710921308934,0.03563854,3.074808173530641,0
0.08809350723455023,0.38328493,1.8003204254797862,0
0.04538170388808582,0.064150356,2.158677632445484,0
0.031012792139565586,0.014589994,1.535134374710337,0
0.04020105894253425,0.027867194,1.9377636399350553,0
0.036680857958133556,0.08075918,1.6086071107782307,0
0.09089146845586149,0.23507363,3.270199332194368,0
0.051783292400412115,0.28666767,1.2017488838396442,0
3.1085363785496942,0.24997285,172.8943189354364,0
0.01680139219248533,0.035420783,0.5917016089151873,0
0.6485406447005955,5.665781,1.3481614562412396,0
0.012843671303749154,0.015853511,0.5844747113682731,0
0.043101435686995246,0.033480648,1.9915886690605287,0
0.02364787213789094,0.02676974,1.047125515455018,0
0.026196528417261375,0.04568206,0.6856524461246017,0
0.037249833086027404,0.02970597,1.4988352128218392,0
0.013620507818609469,0.023533154,0.4055288167331946,0
0.08001089941651682,0.02046493,4.442346876201121,0
0.028244603099687425,0.05085632,1.0968773490745,0
0.04939992430724535,0.13808203,1.4731670476061351,0
0.9257497517123963,0.1257346,50.75892578212706,0
0.1968939868414596,0.06219668,10.526539342564869,0
0.2773183466976569,1.8519063,0.9496039436847163,0
0.12689415547056737,0.5699748,3.674900997817177,0
0.026385853910764527,0.075200066,0.626580098375084,0
0.02419846408967042,0.12786973,0.17657794414546005,0
0.049132685045900806,0.015605553,2.5522869121669105,0
0.03768209029809182,0.026666118,1.916930469768997,0
0.05239189896642397,0.047812097,2.4688158533299625,0
0.04579554488755298,0.055738915,1.906136157790297,0
0.04149126252178732,0.19165482,0.8111291414001555,0
0.026443770037306163,0.03661694,1.1851127061930864,0
0.05284423942504378,0.1198473,1.7700691381197247,0
0.09641390436911795,0.23286314,2.074003458593114,0
0.07426275741488557,0.07231903,3.7406880806738756,0
0.06416687555085197,0.0073851473,3.6764911536050073,0
0.016970195757905218,0.03091512,0.3292606319596091,0
0.05739449154082603,0.21918194,1.2866171432318205,0
0.062062548639325976,0.049350787,3.2270565251310144,0
0.039634341542552305,0.039330162,1.8370753030630644,0
0.020936063029114597,0.04571969,0.7142703677347316,0
0.11302338878649065,0.09688531,5.501055788861897,0
0.06374174006737571,0.121890776,2.8627847977751153,0
0.04780468628616415,0.10272501,1.056400335282068,0
0.04853358180105426,0.104107685,2.0173887202335257,0
0.02956867043392799,0.0844977,0.880432841746583,0
0.0670643755049114,0.22357103,2.013617294239148,0
0.030773170818875963,0.024427835,1.2125118602129068,0
0.04387786390136725,0.036376517,1.9762242357413342,0
0.03167105164543724,0.03587656,1.2480926205987322,0
0.023711217873987243,0.018154314,1.207278922197017,0
0.11507074291927534,0.02648188,6.181567800236328,0
0.033511523665822995,0.16585909,0.7567354702988187,0
0.4773859991941209,0.095951095,25.777726954894547,0
0.08802010843779981,0.22675592,3.4989506201192913,0
0.15651152902165566,0.5205927,4.9795130569135235,0
0.043706134094725124,0.21359287,0.9913546879347538,0
0.03758605949093033,0.0856744,1.4413473970588784,0
0.05117160669986223,0.11965736,1.0300511338588336,0
0.03813444238680127,0.017857634,2.0117320337253846,0
0.11048391132465493,0.021790035,6.128139543368258,0
0.031610653255867,0.092180155,0.9328820436651954,0
0.13640346312546253,0.429004,2.96227520359668,0
0.02224509303850788,0.07245981,0.4438371528028349,0
0.1250014133599618,0.17751585,5.7497563142705745,0
0.17097189689482456,0.047153138,8.905504232411143,0
0.17082029316950453,0.18883847,8.62264804900945,0
0.047715500424534374,0.10288006,0.45734009980189766,0
0.14168275030270755,0.31881747,5.966958846143344,0
0.030570243674419365,0.0699348,1.1689427578596914,0
0.019599285886361204,0.052639287,0.8012732892322877,0
0.07201575817858188,0.09231185,3.489549972537159,0
0.07867999423648275,0.35627708,2.3040612512859235,0
0.19692383572794744,0.12606364,10.313657927388386,0
0.1562548551746217,0.018713854,8.68404817009068,0
0.10525152200729906,0.64834064,1.650945579892486,0
0.055324451328724274,0.046680894,2.8268997862430427,0
3.107114499985555,0.031224396,177.3919426626662,0
0.046346770691642045,0.13390477,1.7278864271929635,0
0.028123191209911438,0.23946671,0.16946705857525612,0
0.020912494902626505,0.116549104,0.3363421227006291,0
0.04792599399532116,0.04755136,2.1369041473301666,0
0.2564461539456073,0.1318559,13.527435703190422,0
0.02491620074124061,0.05174205,1.005143809374416,0
0.03002977213772853,0.21177669,0.39292692564261233,0
0.16505992078580248,0.049980905,8.967476085641998,0
0.04820927964717715,0.058801994,1.648198490785273,0
0.061155964475265084,0.08239787,2.2577970887592227,0
0.047994678816175675,0.02437737,2.3875488920299386,0
0.02432765149044775,0.043145392,1.0789332006619694,0
0.009426229012715894,0.012241417,0.5400831391523895,0
0.023021759715178926,0.039101865,0.49654148012245647,0
0.11575119505731338,0.026121171,6.39996165392714,0
0.04629857532008486,0.17680117,0.913785220438252,0
0.11784413923686358,0.6548666,1.7595188962238895,0
0.06414077719531987,0.04365568,3.340783172628264,0
0.07054372560827907,0.2757998,2.0349872340012714,0
0.06226588794930483,0.033534326,3.05847099040783,0
3.103652566980063,0.018377172,177.58978452091506,0
0.05934930575137593,0.08007601,2.7043690488921093,0
0.06345968404849231,0.127092,2.438599669625968,0
0.052836255694395394,0.068045594,2.527121677994442,0
0.053612353014842136,0.039894965,2.547377359165344,0
0.058221343255817834,0.16577396,1.838538330772847,0
0.09720953071433962,0.12170504,4.078007176362258,0
0.03794311207261363,0.10163112,0.9976050699354164,0
0.07146275175644545,0.10738101,2.9303813216535164,0
0.18303422088017524,0.099097066,9.355497732652818,0
0.1502766040011183,0.3380449,3.754767303436434,0
0.10061608634691521,0.0956662,3.7449453416362735,0
0.04892048302190507,0.028114712,2.3715668468283257,0
0.03217811536388403,0.031375013,1.650958550037832,0
0.05426148877957222,0.034566548,2.8066210161559444,0
0.02913604539382548,0.031580098,1.417939509041273,0
0.026852889836289737,0.032884296,1.1147968445942167,0
0.10428138533696003,0.0061606336,5.974883261585238,0
0.04279778307690683,0.102593176,1.8104130717728857,0
0.07648555579717357,0.5107094,0.8282799753830352,0
0.05725206631251763,0.08743274,2.7313471381594354,0
0.056701475129106775,0.1083711,1.3052289441615141,0
0.02817429001519845,0.058239456,1.1519787743114462,0
0.036018199674586075,0.015448814,1.81664000324784,0
0.08595933455754069,0.08977144,4.109494714397601,0
0.018413366222718427,0.0810501,0.491693068509618,0
0.06458111260323593,0.08560291,3.0596389283636825,0
0.010796710071825633,0.018023813,0.2768677833062959,0
0.0431237446327515,0.019623324,2.3423563848471276,0
0.15347893755018208,0.049805116,8.253600611757838,0
0.07330558819169161,0.21415019,0.7366899017997508,0
0.0314914760373426,0.041439064,1.3523550398775193,0
0.05936419320620437,0.07072199,2.9651142035958933,0
0.1715864922967074,0.13672851,9.005756403706213,0
0.09517533672831542,0.10177009,3.256275166219797,0
0.1023101229540651,0.5886958,2.022582619449331,0
0.06896611310966244,0.10581776,3.063561508245781,0
0.03735478642429359,0.08896312,1.541639837001397,0
0.06554929994365563,0.025045304,3.3390332453429687,0
0.056786038563739684,0.24828032,1.4249990484851565,0
0.04023527002895264,0.088172115,1.4886609261369477,0
0.016573494426919053,0.055389762,0.2693361908202528,0
0.09637489859270129,0.18451591,4.163230572693658,0
1.7217652717029877,0.014989588,98.43972224863592,0
0.03870156234768675,0.15158196,1.1317962908098536,0
0.2173678335766322,0.42699313,5.335966086450031,0
0.04482468614172722,0.16920732,1.0558452335027835,0
2.1468326683802745,0.07851591,122.43337606092501,0
0.08159761012525227,0.035296265,4.311015233141649,0
0.11671607312866183,0.12119457,5.845363950513057,0
0.03828426077961922,0.13371053,0.13225962246540754,0
0.08128451925330633,0.18708427,0.8519792256767562,0
0.030792610897839145,0.045951083,1.3467421862721858,0
0.03269001118950732,0.11619273,0.9267344868883548,0
0.16933974338285748,0.6102572,1.9995624754380477,0
0.02506910616801851,0.07256608,0.5931336159391511,0
0.023440840833510054,0.08921646,0.7502212652475992,0
0.0574344362049959,0.09986632,2.2983571771421656,0
0.11011684135910678,0.094118394,5.3939877958927935,0
0.024277155765491828,0.011302422,1.390978563944375,0
0.03600067001334576,0.17551218,0.21694714307901083,0
0.033969442523728945,0.05811464,1.1920642807592257,0
0.04024095796149256,0.022990536,2.1662020779043876,0
0.023587120931602413,0.0057393787,1.3514424802455007,0
0.20166579442863103,0.044126086,11.279746744626827,0
0.0450420658435849,0.09595656,1.440966606587749,0
0.036934421683604474,0.10691692,0.7745039278659606,0
0.0632733559165003,0.01961081,3.4048300695935896,0
0.020953336902844677,0.04424444,0.6241419491727518,0
0.018056937685272154,0.054166477,0.6378158022535931,0
0.03890140288124585,0.015476621,2.0872454344647857,0
0.04968119744589019,0.077728756,2.3072959883366693,0
0.6474705063839674,0.18466847,35.789084253876126,0
0.05930358324661787,0.06920248,2.599968958258643,0
0.25349273290654245,0.4324669,5.692613768029805,0
0.056854288939114234,0.20142642,0.8129824709430042,0
0.06793815385874305,0.25391272,1.498985825002677,0
0.05907308171793181,0.29416803,1.5343585886892672,0
0.038568597972714454,0.03946058,1.944443905420621,0
0.03960775441348306,0.01624215,2.130961576403766,0
0.12133127829851156,0.23689088,4.304446903742951,0
0.07975715575815344,0.056510825,3.5164350569244385,0
1.2332947404933596,0.2645886,68.7987941620805,0
0.12378490229569945,0.24681166,4.811354873483246,0
0.6347258207699354,5.5841913,1.016045949346072,0
0.04201488549922862,0.10987494,1.4161126077030963,0
0.15213941741031267,0.013931853,8.572597790858913,0
0.04209569681211179,0.059144624,1.9328098809894443,0
0.11214918481725851,0.25714034,4.68573827598394,0
0.3046933458898985,0.13631354,15.762766540835196,0
0.06339423345757823,0.14839406,2.1667476266040286,0
0.09120315978361472,0.10883662,3.9145349400117797,0
0.03445170360230666,0.118158616,0.8451306323400368,0
0.04676118779017314,0.14739345,1.5476839973229164,0
0.026858903815200535,0.053045176,0.954786987986234,0
0.29064792211038776,0.08879278,15.926113612547496,0
0.06288871511842137,0.040178962,3.0035236969813335,0
0.041059811957482595,0.17466436,0.8443531817075829,0
0.05690617586951509,0.121082,2.2001842419849775,0
0.038646278024893,0.114247896,0.987675826086272,0
0.050614025776555084,0.28929037,1.115610141088697,0
0.03175443668164208,0.09468742,1.1901234711378765,0
0.02708828278173958,0.095591195,0.4888944907651198,0
0.01615915003220822,0.030337544,0.6494374504394758,0
0.033560242846502095,0.14787321,0.8874166164128545,0
0.01816421501439435,0.049401004,0.6211010036066105,0
0.03848330270419331,0.018489618,1.87923608422781,0
0.02949323646746966,0.11951682,0.7547474036304541,0
0.08973960952287235,0.1298037,3.9520325117232336,0
0.03907256587208778,0.052783556,1.6541591267454883,0
0.03604208107099058,0.13243203,1.2031561181291768,0
0.09519708961194483,0.016530618,5.285099295059694,0
0.01820310551738428,0.07393062,0.35516891480251295,0
0.03198207270865411,0.06125594,1.147685495339836,0
0.030703216568565544,0.045484833,1.220346417797421,0
0.049491320679149464,0.11447534,1.610952886333255,0
0.012439759883679317,0.029194336,0.4948745910975514,0
0.03621040466292671,0.014889345,1.841229299764665,0
0.05370429938886421,0.0071818256,3.0770296966889252,0
0.030550648269199697,0.021417271,1.6151489361437397,0
0.09588245686565502,0.018460244,5.493660107747196,0
0.07795109370526546,0.16500935,1.5436463132610971,0
0.06050510272198744,0.2972237,1.25389719263143,0
0.04082263898072025,0.0865559,1.6125370047144802,0
0.2293831145822532,0.26236138,11.31573767397105,0
0.16143873872572906,0.044911664,8.77558519565433,0
0.030474934718936288,0.084285684,0.7563120756997425,0
0.0793243910201866,0.1987861,2.6860421300891213,0
0.17590768147241725,0.2808537,3.6082823640774664,0
0.02013246821007172,0.07595917,0.295407609931109,0
0.06578159268934575,0.02279849,3.5712066730656815,0
0.10518265837782274,0.07949803,5.288041762984433,0
0.1082204843016787,0.081659526,5.008249026628826,0
0.1488669777901439,0.25541595,6.82982995893209,0
0.01917754818485111,0.0383122,0.6886816010109948,0
0.09279589516338616,0.21885961,3.654472530736075,0
0.14356934797215706,0.019705025,7.975628012115951,0
3.041832914707937,0.07540246,173.27955478835406,0
0.09114077183090266,0.65268457,0.5098891274839298,0
0.08820292640068361,0.5911105,1.2712021021544466,0
0.6334656924875925,0.04309942,36.025768562411066,0
0.055202653813427156,0.018234096,2.8800476180075187,0
1.9719907363355582,0.38314325,107.9328427234468,0
0.06828603647762713,0.41898242,1.3431958330630704,0
0.07316909093529556,0.6347371,0.33186785468073615,0
0.08164739770786764,0.070369236,3.6822334081177517,0
0.04626595034698775,0.070085034,1.9307396739749836,0
2.6738563200274714,0.1896846,150.40748910748366,0
0.057142246815471365,0.13353412,2.345298187525872,0
0.7552479400710603,6.860857,0.7789039270423732,0
3.0817740878235282,0.02696712,176.2152984837775,0
0.059078760238611125,0.012253909,3.250689171768275,0
0.0676395734088879,0.08262583,3.361866810168272,0
0.3045284236900597,1.003542,4.167530908357073,0
0.04370137796518449,0.069007024,2.0564826227239386,0
0.046902451306737085,0.028389229,2.0587667515618446,0
0.029573433923816995,0.09019281,0.9719634468658406,0
0.17353616122034882,0.15422767,8.95634799272516,0
0.04178151734337596,0.02888967,1.7610670882589026,0
0.04872833369745787,0.050445538,2.4880503194767716,0
0.05851110397497739,0.07152316,2.567276197038993,0
0.040187872910428586,0.02929345,1.9410174303092478,0
0.034996727892651014,0.03148787,1.5747192932507381,0
0.05689048097702665,0.070068665,2.804133513413868,0
0.02993787548143447,0.07711489,1.1413540135328764,0
0.15126161745161093,0.4809038,3.645783638517917,0
0.049232243275546726,0.03095603,2.6215592155381957,0
0.05580428712441112,0.10290894,1.3879928924672469,0
0.04357193481425289,0.021468308,2.3659264094711627,0
0.058000474796743764,0.18627483,2.181637318255044,0
0.2378152874066289,0.65658355,1.8315841935114185,0
0.031975079613176666,0.058634795,1.4076487501580761,0
0.030137684636438247,0.10029635,0.6374397025094646,0
0.0382537908399906,0.07444594,1.6304334509988263,0
0.03601725459744562,0.058470245,1.5613889093878093,0
1.4769531710880388,0.07910187,83.8201361832225,0
0.0520579544349867,0.07392147,2.3941485876275514,0
0.0995249305222651,0.4188229,1.3892737337480223,0
0.03130973558670642,0.14138778,0.45252162219851694,0
0.10716656912398732,0.19619672,3.685122666892468,0
0.04883455284176494,0.08915326,0.7651072169738129,0
0.2774350716537538,0.065751046,15.04084643630078,0
0.045819694457002035,0.14738019,0.38629513169222707,0
0.15819258454180343,0.644428,1.6220082588579892,0
0.03232039681495483,0.02616407,1.6167776978199757,0
0.024877153305522287,0.06659259,0.8449546962907004,0
0.1332748411115187,0.68290854,1.2372261752479705,0
0.05746735752162617,0.22727038,1.6155390567404126,0
0.2342020151320067,0.04576111,12.915115210747945,0
0.030395404992071596,0.06780151,1.1292772023475086,0
0.05305149594896438,0.3953787,0.640176450107098,0
0.05860286074145393,0.2747781,1.140763605472406,0
0.04410243840454132,0.056235634,1.3581679969443077,0
0.059437485648748886,0.017047554,3.1403189697610987,0
0.035727888615062785,0.037228037,1.7734381695390247,0
0.044818579184645095,0.10902762,0.3177977611213209,0
0.03102315522700749,0.05274934,1.1882416748897027,0
0.01416505481628592,0.0292438,0.4432210762113933,0
0.048457107987844014,0.025573878,2.398131845516972,0
0.030250858011986334,0.16716094,0.3874122495769705,0
0.050699085767825766,0.24108246,1.2685586989835125,0
0.08646745570568207,0.07254884,4.308526583074671,0
3.00917871733427,0.09261807,171.44119061961302,0
0.0877475027375493,0.21041846,3.575601236573371,0
0.05465010081356196,0.15222259,1.7921341123221812,0
0.162736907317863,0.107649654,8.647488354807512,0
0.05116099691427173,0.05193572,2.533196548654463,0
0.12057120790460998,0.33670184,2.6066744992734696,0
0.03916006130229864,0.056233887,1.6340346415175193,0
0.04679118993326173,0.17955175,1.5304347043994686,0
0.01659426477369204,0.024356602,0.5164085718381841,0
0.03804872577498414,0.054049965,1.755560358843922,0
0.058778787003219986,0.025137428,3.064552573218585,0
0.7365259301439405,1.3805944,33.45108751019724,0
0.06492710263280249,0.039819755,2.8409556392849287,0
0.47888919248103345,0.17107967,24.123144657886378,0
0.06580108018820778,0.16150618,2.216834044045108,0
0.10248264009788435,0.57285124,1.7997455031885663,0
0.007305550142144517,0.012318888,0.2921547908995069,0
0.010620829397740372,0.018110435,0.6085286994189952,0
0.030463366846937824,0.07696609,0.6463486496546249,0
0.03746788643064001,0.12316241,0.7751794448084887,0
0.058409231318463886,0.1724838,1.7700219962707266,0
0.039464184731495586,0.14734624,0.9114989738146125,0
0.10794681620948932,0.12522306,4.138739431533554,0
0.9149175677810873,0.055541623,51.173851613606985,0
0.22911009590082518,0.110391706,12.401123270993757,0
0.12694238940712071,0.34074706,4.7443177391321285,0
0.14771709745969058,1.0064598,0.6963237873222613,0
0.052251314686318086,0.019087885,2.846387017970157,0
0.16362998260723752,0.08656474,8.515611077797281,0
0.0284275551629789,0.06297136,1.1740818738046095,0
0.03512043929772089,0.15479477,1.0274348638505262,0
0.047657579938633204,0.121710226,1.2391826948000555,0
0.015861848125597617,0.031399265,0.6396275916985329,0
1.2696005618624822,0.016513018,72.56755645503856,0
0.0773614303380888,0.13201821,2.3162221253427058,0
0.040389817921900065,0.23181336,0.6314202938169133,0
0.017689263098023628,0.1257622,0.18470088825943037,0
0.03195521573054831,0.07730165,0.7155309175963919,0
0.04545583974040137,0.027097413,2.2896827559556434,0
0.09436249637360175,0.02992915,5.01680374599048,0
0.03688138102724351,0.039131712,1.7902168518882329,0
0.023620237020496863,0.044773784,1.0570997537525761,0
0.07239350820273277,0.03351845,3.8303014134392734,0
0.1003002381875954,0.060629826,4.959318644828638,0
0.17168101519477433,0.155342,8.492211245404905,0
0.10024215957182808,0.36027133,2.54336945460054,0
0.045963660908694186,0.25389913,0.6918277853904664,0
0.23016574154257405,0.049750075,12.159237290970117,0
0.09547590742206713,0.61553437,1.1465353500703337,0
0.5648320597656364,2.275562,8.780838161959892,0
0.045875466642158684,0.07295833,2.030551379534328,0
1.2983312074941114,0.33414146,68.60458086552153,0
0.10714163362371487,0.13212746,3.6705006038112833,0
0.07741647212879986,0.3964205,1.4223109083322758,0
0.044424234024811264,0.22323614,0.8044647001851085,0
0.029046693447440333,0.09179961,0.8538448084676861,0
0.10294719292260515,0.07051712,5.101098111072443,0
0.027922451965040812,0.04453063,1.1864468678651572,0
0.14931278998367484,0.17185771,7.237625400028586,0
0.04192821196770699,0.12511125,1.1188564253052393,0
0.34904105929452006,0.13418774,18.517920707348985,0
0.024447520744686455,0.039736602,1.0275028170536715,0
0.2813086759912703,1.726212,1.0975547765999918,0
0.02828427396605194,0.089217655,0.8873003725129386,0
0.04436049293219324,0.11777462,0.6309665039492476,0
0.4270763335009461,0.0371463,23.85559602511983,0
0.021445122119199158,0.07458197,0.43663155754386807,0
0.140964221372665,0.88353866,1.2734928355345307,0
0.012040017722058781,0.024086196,0.4436170828088974,0
0.02857520594834024,0.0544519,1.1773732151583165,0
0.1937181052727809,0.03853408,10.707179683765665,0
0.030672628443714017,0.1033834,0.9465357800326714,0
1.7367511079812448,0.32645127,97.44330843544427,0
0.04438404302658539,0.02630784,2.281861551242889,0
0.04535661092331029,0.13296117,0.418353256453936,0
0.052435442654804376,0.09416144,1.360343155159848,0
0.03963456182924283,0.039812084,1.5963633767510363,0
0.02082884302738651,0.049813353,0.8507962389416853,0
0.07479288199937534,0.014049919,4.285316476184193,0
0.038977061290956364,0.036533542,1.487977515268001,0
0.016244039823318526,0.03286009,0.7313069243100432,0
0.06983788912295442,0.033197805,3.4413594078445002,0
0.021852087884667293,0.022191217,0.923674373364911,0
0.028149334769680654,0.11118229,0.9266349058668886,0
0.04314210471200227,0.023738876,2.1270923935637973,0
0.0769330973770098,0.06790536,3.692810039496468,0
0.013819990386364413,0.065731116,0.3681166837338556,0
0.14483891670791807,0.031035056,8.048946973915756,0
0.02734249367390612,0.032675304,1.0752194264476338,0
0.1500063973274655,0.5943161,0.6229507478058351,0
0.01918247305832929,0.013751128,1.099074746865677,0
0.09041353349414667,0.05818612,4.653601227551986,0
0.04187229156561656,0.10365924,0.9202106146016883,0
0.03734840617478873,0.22966008,0.6786833354101244,0
0.03899505362540426,0.06603215,1.770722967507214,0
0.026237939943721287,0.07020958,0.958018741083998,0
0.1000872678778454,0.11314745,5.051261682000549,0
0.051239945972740834,0.11064046,1.147275575397168,0
0.05792104544999391,0.38747492,0.9078835248721017,0
0.07178318268903601,0.16675057,2.236033473714014,0
0.11291254032525261,0.13358253,5.4166080434541,0
0.17204172920641825,0.08926164,8.825847081720015,0
0.025805313466462015,0.08072491,0.9732185724098275,0
0.10039454626993294,0.39344573,2.2391327637494367,0
0.020285304124647324,0.044958394,0.668821218948712,0
0.6603346971719111,0.013547645,37.66908210652932,0
0.03404215984510253,0.056429796,1.0933596498171327,0
0.1700211700662524,0.2710834,6.745797768036537,0
0.020390597806515007,0.018155327,0.9687571024941326,0
0.7163458189511053,0.583472,32.31057711175973,0
0.03184117660263189,0.049433857,1.0643727666002494,0
0.10247287463142193,0.21035299,2.718946940772027,0
0.026373877821840915,0.025418723,1.077956259142196,0
0.05972612884323131,0.14535122,2.1396812230080156,0
0.3534735746337508,0.046561882,19.35148527020596,0
0.04463808618916528,0.06724671,1.9899138806920045,0
2.709802429265688,0.1219294,153.4685457940401,0
0.07114746981095832,0.2877796,2.3338992253067263,0
0.09858114988903396,0.2994009,2.1925222968635785,0
0.05188444442279025,0.23789155,1.0719600901444932,0
0.05755970587826161,0.11572383,0.8827588121702508,0
0.026608451264264848,0.06186459,0.9677047764807586,0
0.14292800575472653,0.018298518,7.982440794316635,0
0.02159509224868558,0.016208386,0.9897208105126575,0
0.08423439723316895,0.37894022,2.1119347963507,0
0.0541088831851375,0.08770633,1.6129898828705567,0
0.23314281936589693,0.15127788,10.639011937035312,0
0.010254704065717152,0.016747514,0.2500290876311549,0
0.05798623885742682,0.12172756,0.68888657657938,0
0.025315157096322663,0.023129962,0.9189326347001935,0
0.028737714513470916,0.10570993,0.583695373269883,0
0.08184564773225828,0.014198805,4.689410186572876,0
0.041087368188260226,0.055590548,1.8262941686032186,0
0.017861122794213632,0.028357642,0.5189048694669613,0
0.051300765608472465,0.22472751,0.4472099249114858,0
0.07479800493357451,0.017431911,3.9343400397853845,0
0.021882677704184818,0.035409898,0.8869280926931733,0
0.7295994011269825,0.094654255,40.53764933011131,0
0.022597431226482945,0.021386614,1.0483151775158173,0
0.09536222959393265,0.24167179,2.6337336622438507,0
0.05258331012483861,0.095837854,2.2301878889884375,0
0.46527287934649675,0.15927644,25.32732553004589,0
0.053137320465041084,0.029570768,2.738813110602305,0
0.05336072306108357,0.15869574,1.5617468786754962,0
0.04315469068765751,0.089719854,1.9284444838041765,0
0.022494047822875694,0.005877165,1.2888140044162153,0
0.04588949335497547,0.018505216,2.6292742932337307,0
0.14244222805969717,0.097190864,7.457947842368672,0
0.30471015040706473,0.09858355,16.768101215676545,0
0.11680334844987435,0.16244164,3.815267279712541,0
0.11073533537952858,0.45202276,3.0867271037152606,0
0.014582209263759738,0.056860782,0.385381896523348,0
0.05544461592950392,0.37892136,0.8850618377926663,1
0.04723047593359483,0.20351881,1.0526570889900306,0
0.029331691997683082,0.08434637,0.832647896046835,0
0.02445804712193628,0.014288459,1.1843384137982647,0
0.01798708573993011,0.06280619,0.34659316034041016,0
0.0473144989569216,0.012467435,2.5693833720460137,0
0.058058005304039456,0.0600143,2.297251125218727,0
0.08581566462843157,0.095742226,2.7688165503999533,0
0.10982760979848506,0.27654406,1.8903292415964676,0
0.18114381695425041,0.04978092,9.728396939142092,0
0.025683293388216497,0.09045539,0.5593769270757915,0
0.1430585250399919,0.19564705,6.792954906827196,0
0.05105471086277209,0.10578437,2.1029133990867126,0
0.0416437752673339,0.068477005,1.9730180006099791,0
0.1059894067496331,0.08080206,5.062347044749517,0
0.017663644463577745,0.01894882,0.7949738189991075,0
0.03969732086318416,0.1628743,0.9853098407825105,0
0.02119829964206638,0.023559742,0.957159174060468,0
0.05316749888455538,0.053223442,2.2292210919554574,0
0.06941209471268345,0.047822114,3.6834390936410712,0
0.03197730029191588,0.04631008,1.1362267141022626,0
0.08779947272737335,0.12127149,4.133876798989954,0
0.05744413112661172,0.14655113,1.019136055023353,0
0.018867202821898774,0.02114338,0.9094277096370448,0
0.0746589482483627,0.21765012,2.7212271542219084,0
0.03828504052211849,0.03317746,1.7405928278452127,0
0.04119644916873762,0.1079703,0.5502779509688495,0
0.03930680374140756,0.052410576,1.1232387573670795,0
0.031044936213013484,0.03869482,1.0064999543344053,0
0.07190921729239011,0.16223648,1.5698403341910419,0
0.05658549512213526,0.10908293,2.4769821761304325,0
0.028371850753341164,0.053712424,0.7247129945386294,0
0.04318140287318955,0.097004235,1.849937115055231,0
0.05002685623055112,0.060733605,2.3976407838022853,0
0.05332377169141994,0.03190332,2.775480446480387,0
0.026693478418767028,0.023246419,1.2724666812990075,0
0.30639093278031815,0.11335706,16.48752037061864,0
0.08488008528702794,0.16539831,3.6662551334549938,0
0.020017430750992955,0.051477358,0.7331100359459876,0
0.10506923997679327,0.24675106,4.3829778207054595,0
0.0373077975096992,0.15340969,0.8683002071701189,0
0.10089794080248139,0.024791736,5.5457513923194846,0
0.2314930090382134,1.4467067,1.2096007696952313,0
0.1960113398369721,0.09384898,9.562827451437819,0
0.1143367041013003,0.49799898,3.1714590272145387,0
0.039405408754254995,0.0065949014,2.257763611606678,0
0.0649009040427123,0.33207774,0.8805707774750441,0
0.01804372962185056,0.07671405,0.3712664132399003,0
0.01972496196729818,0.020063248,0.9976617538894645,0
0.08158972084596024,0.13167095,3.75938103197995,0
0.016002906002935163,0.03668844,0.43548253513536744,0
0.09182888769542646,0.13284545,4.221339579248004,0
0.05433677572421001,0.023030955,2.5928323193877634,0
0.06845111131190768,0.023671202,3.4262310544953394,0
0.2241645620345874,0.30088642,10.509238214564977,0
0.04320347490032549,0.07603268,1.9785451299624588,0
0.05663782146756762,0.38920894,0.8588931787907336,0
0.03762661261008444,0.1529818,1.0441112564891006,0
0.01719126595790707,0.013661461,0.8335631707394865,0
0.1528537980791007,0.089703895,7.95984077117401,0
0.017447523193537477,0.049594726,0.6590809650861431,0
0.06971365441222277,0.24514864,1.6453559893251755,0
0.06989299180793332,0.26462,1.36602484109737,0
0.10082379507294212,0.05459723,5.107757114348183,0
0.03216410235147518,0.018392468,1.5696546538043736,0
0.09466451418307117,0.0227477,5.097825966082562,0
0.056421250814749135,0.19667041,1.0876259171690221,0
0.015284475433865522,0.04356844,0.4390787925026465,0
0.0487158511200272,0.24354535,1.1618602591663973,0
0.06148914946872948,0.03874376,3.236792710527442,0
0.036297473342063236,0.09806555,0.8204840103556943,0
0.02874878253734723,0.055667967,0.9931552462125662,0
0.03559853094901035,0.026979286,1.8716684834899762,0
3.090614527151202,0.0066906926,177.07916850758446,0
0.03905072214674914,0.035071835,1.4574704615547005,0
0.04425981643591262,0.12561324,1.5813556004743479,0
0.07378504224297935,0.40715182,1.3927330863283294,0
0.10498688406060068,0.2620083,1.5022514635134414,0
0.6696264416558624,0.092694946,37.61619648114371,0
0.0701139608906576,0.12760068,2.8108469726280267,0
0.0615680745406359,0.1820042,2.1475011563659097,0
0.030938375551225677,0.25912303,0.18908972085977185,0
0.4427674111559577,0.04064185,24.98669151157163,0
0.12118526215456524,0.4788864,0.4296998166724786,0
0.05749679197240773,0.13224177,1.256850765389151,0
0.09032764267216237,0.30186427,1.8714229433929055,0
0.0980838670517903,0.021493822,5.179120941910445,0
0.041828477026408434,0.06113599,1.0211347969454265,0
0.06143021146382405,0.23705417,1.2126466892436187,0
0.04132870543462394,0.03736805,1.7230282127796435,0
0.03607588552823792,0.030944254,1.7634247034876098,0
0.017534434026509463,0.019755092,0.6361558511553173,0
0.11569090414667883,0.375473,3.6978532342732864,0
0.03142350571055554,0.04216583,0.9958525380054107,0
0.024918216621679565,0.04723933,1.1007718490758096,0
0.2752345528410415,0.18074648,11.87765343892512,0
0.05988933998199636,0.14630467,0.4821559215035476,0
0.08071400677823398,0.032700893,4.211786278522658,0
0.11988946584578557,0.63948977,0.6627173395256739,0
0.043054670928932434,0.12457525,1.3287945677611483,0
0.04098647767007157,0.20967491,0.6395051314443926,0
0.03329052427955562,0.018871697,1.6686497793587052,0
0.05963139902149598,0.049787182,3.1093448035136504,0
0.04084860231662352,0.108538315,1.4437351183098537,0
0.11638244968432396,0.05468983,6.179594271207914,0
0.12004298260867059,0.20854902,5.5008296175191,0
0.017308527185456498,0.07271576,0.43269907669987406,0
0.07889424349852017,0.22931883,2.9572705756993494,0
0.10271044412754185,0.48427734,2.910251804470741,0
0.030223464963679263,0.007248974,1.7316769846803357,0
0.19338669957019897,0.25346982,8.592766844897504,0
0.03160853122623814,0.02467165,1.4812999695193396,0
0.08322441541258557,0.3048985,2.7955940584081733,0
0.11637229077869916,0.058589112,6.257683581631391,0
0.10681356548020912,0.0598355,4.882838664944751,0
0.053890522494347004,0.16930754,2.026182336450498,0
0.07337416599358532,0.19350219,2.592775818357477,0
0.041832833219739005,0.075548366,1.3369947301013125,0
0.03716489948251318,0.07985526,1.192821192901573,0
0.0547532691415325,0.12274035,1.9775227432449745,0
0.034499624824003684,0.03702903,1.5424927875826377,0
0.058113671499110064,0.040514406,2.667278177469868,0
1.840301621796351,0.37982875,99.51983373027745,0
0.059885686218707455,0.0925325,2.0457502965522014,0
0.2317608377210633,0.45806044,9.839811956243151,0
0.6354938409365843,5.507911,1.6611103255316972,0
0.04860952943219737,0.337474,0.5703018417241783,0
0.08455852931570007,0.48057374,1.886904511728253,0
0.038323803215702154,0.18383044,0.8198866427871112,0
0.021080618894749596,0.040007275,0.7794992174597675,0
0.05680422169104663,0.06641264,1.8253207037690338,0
0.059675626401762126,0.053230334,2.9037955318517956,0
0.019981473660717154,0.037395325,0.8771671495287705,0
1.502283608029629,0.026992863,85.8500168080409,0
0.24118311147793134,0.304283,11.786697690234947,0
0.06007512941421573,0.1420344,1.8986666061178017,0
0.09044739948912317,0.3032578,2.446452722463134,0
0.044129468167624045,0.0697434,1.4403081180195767,0
0.15546837055335394,0.12939173,6.541959657197784,0
0.07036205435888196,0.0213418,3.783102487442968,0
0.04523512270587646,0.3145939,0.6218316898795605,0
0.0717390850186348,0.2737596,0.16112951058839484,0
0.061926130939340025,0.20420074,2.25212845564243,0
0.03535183864193661,0.10627826,1.0932262957185717,0
0.038186378068336385,0.09239742,1.4689543367593731,0
0.026476359265276837,0.07132234,0.9042958239850368,0
0.04753602526304389,0.09872553,1.3418032807779774,0
0.06397500075337016,0.17930374,0.8950562700544874,0
0.041885064422610585,0.032370523,1.7527047931947926,0
0.029247696047881987,0.056980647,1.124825995004357,0
0.02222128340022402,0.032683946,1.0193231240753424,0
0.07601609467089956,0.12306777,2.104631660155404,0
0.09504329524667036,0.041127108,4.753035432520917,0
2.7208711605857667,0.0399124,155.2278484584857,0
0.03534778952598572,0.16816612,0.11899260342555036,0
0.0700754906510192,0.44703472,0.8412772361635323,0
0.5531610166325217,2.8031628,0.6016913724225231,0
0.031377568781006226,0.0842785,0.7835298429567924,0
0.010612554208648553,0.05157432,0.17993153200464498,0
0.026515524317063076,0.024096368,1.1315538349779641,0
0.08900777589230727,0.13452607,2.779650477513941,0
0.02917832700993059,0.04838703,1.1623951070321097,0
0.033461429498848935,0.014836798,1.7223183152971921,0
0.12722441923700184,0.071356684,6.68233451592411,0
0.019352352745556946,0.02606576,0.7100123867954087,0
0.06239620058111756,0.042881887,2.788241712812499,0
0.29231890347351724,1.2257144,1.3346066164037764,0
0.014084618279829523,0.020213025,0.5380915994549413,0
0.04479431177282723,0.056187406,1.8405641608545025,0
0.05378362248014018,0.15896772,2.0420770929170335,0
0.07630023306378472,0.20422108,2.8953197196218685,0
0.049956615702459475,0.090435214,1.0703508161192261,0
0.021495942672844076,0.04460915,0.4426504565223611,0
0.053199081093246704,0.031968217,2.5903876288273167,0
0.077257764483916,0.09573179,3.0600793321618283,0
0.04337957203050138,0.027598916,2.047910709100417,0
0.050357546024011976,0.09144071,2.205140144270007,0
0.017161957048381974,0.051729817,0.6071489657012349,0
0.018145709299001275,0.034825608,0.4126074589180331,0
0.028704124709734196,0.021497179,1.1454176130235592,0
0.37620944034314646,0.62551653,16.31298532693511,0
0.07961232307482403,0.0666985,4.110922080585479,0
0.3968742561857087,0.037394956,22.41711882774769,0
0.03632006690781185,0.09993414,0.7955874188928868,0
1.0665366310546482,0.15869562,59.91224823116795,0
0.29550344118777344,2.2016354,0.9379508153311482,0
0.02238029421386564,0.03904965,0.6779137737937567,0
0.04571067745790103,0.1879974,0.6740588928833994,0
0.017767776286817354,0.10709835,0.2791410011514451,0
0.04660987756446398,0.13124816,1.5539335074089158,0
0.04428905637635547,0.045104265,2.0363704311059587,0
0.0362955719778253,0.018698826,1.925982446893922,0
0.07418452361765573,0.49300382,1.205096256407948,0
0.040278359412012875,0.07853074,0.9009671106106111,0
0.02734539148322084,0.07432104,1.104546150939777,0
0.15088182653372478,0.0769194,8.127667626497722,0
0.11079872071094593,0.14426957,4.519906950245015,0
0.038449526699387324,0.13433088,0.8975211642401264,0
0.0789419724987672,0.36548448,2.1339084867345326,0
0.03404588263676202,0.1278201,0.8051758963262556,0
0.03459207749586932,0.077890754,1.0647500994803647,0
0.08086873671161209,0.057728052,4.155090986023713,0
0.012740137524368356,0.007072281,0.7299561105625558,0
0.09327555269637322,0.010895699,5.344295501252291,0
0.062213011923232225,0.21162029,1.744403468122012,0
0.0777808997738528,0.097375825,3.0238303571265845,0
0.031989993215660546,0.12381301,0.6940844459180339,0
0.05614100189348546,0.09067233,2.3706532611833437,0
0.08442483794248128,0.11242985,2.543335528992797,0
0.049456335819212216,0.057477754,1.6252115088126176,0
0.022047315581377368,0.0622142,0.8278098211973344,0
0.055370020093930945,0.09672462,2.079247487569899,0
0.047167733457341654,0.18187773,1.2443635718148105,0
0.028143084979934577,0.016871408,1.4411412013626361,0
0.05517700573001864,0.06550229,2.698162326048574,0
0.03732777900274826,0.045411624,1.7958660947579304,0
0.04797233380251058,0.06578052,1.9763755980676523,0
0.01986801022080696,0.041968137,0.8591611465228168,0
0.019041765977838302,0.06411293,0.3924452491633911,0
0.01837372638268454,0.07260699,0.35242796837936363,0
0.06620237909770435,0.07223358,3.1181226708842544,0
