speed_score,E_T,E_R,rejected
0.03366676536677543,0.059712704,1.4046380106001828,0
0.022815693200017854,0.11341369,0.46320929061375765,0
0.011573603866750319,0.019952783,0.4527375430643042,0
0.00975075664128202,0.009332355,0.3729801405442134,0
0.02592375648324105,0.027241113,1.291721724416193,0
0.026709690975040175,0.091598496,0.9514543323353353,0
0.021910877798080795,0.02904516,1.058842359693815,0
0.021674532411900427,0.041114524,0.696584417946658,0
0.020134677571948704,0.0572114,0.8192491168952805,0
0.025189090609079753,0.052006505,1.0121972211030665,0
0.017395650040389454,0.015589751,0.7919943453002187,0
0.009893586391305758,0.047706887,0.022612968630729043,0
0.1924308076658418,0.0203376,10.55249341313703,0
0.024731730821489103,0.08991119,0.43979768227654104,0
0.02246671203109995,0.091729306,0.5496503677237035,0
0.026481655339019822,0.062026717,1.0111030467167434,0
0.02022997770506863,0.019051673,1.0098649284147168,0
0.012165053658952268,0.016612008,0.4941990126683294,0
0.03582849989445716,0.07214951,1.51641644558665,0
0.033340712471389054,0.05607665,1.4827158970649796,0
0.009381635268754848,0.03862338,0.2533585389796036,0
0.018224082894107124,0.0426722,0.5540879977571963,0
0.012296199763533994,0.030324224,0.24414404265683143,0
0.03322727452953733,0.02854187,1.3137699906658455,0
0.022723796194937328,0.064421766,0.9120689305978978,0
0.030652870500784288,0.013345246,1.6693345962964097,0
0.01241189561428061,0.027797913,0.509868802318736,0
0.041718109941055306,0.09242475,1.1741855821901406,0
0.03169462185184411,0.036531895,1.0196899376991495,0
0.03557854020348729,0.11681067,1.0416616197330735,0
0.02574178545893126,0.078796305,0.7396821488367741,0
0.029511460218190837,0.014962215,1.5836202200649807,0
0.04038230147276148,0.23009689,0.7960785068947294,0
0.015088090171224153,0.017957373,0.5629040886371908,0
0.025417637726565988,0.056588918,0.47449434590597317,0
0.05375147950957715,0.1306523,0.9710887433860321,0
0.02521565722273717,0.042582866,1.1701092035111682,0
0.01614312389508412,0.021844672,0.7534894095665312,0
0.06691251816826796,0.060755026,3.351723465908085,0
0.022328724093052144,0.11125459,0.5530593033836239,0
0.077593580931945,0.17219266,1.1239450403165654,0
0.04271030828815815,0.15078726,0.4294560588092818,0
0.02745642547992107,0.026463611,1.41037741440982,0
0.04381324523558433,0.11984746,1.4069142672714208,0
0.05169133248603984,0.12632868,1.2939168862401913,0
0.02117942002559788,0.012385861,1.1154279995401095,0
0.019460995573606504,0.017801654,1.0022643938800428,0
0.009943633449757273,0.024390003,0.32117857961436447,0
0.013164594350030877,0.030218247,0.40704742075146966,0
0.02027767060181897,0.011072875,1.0789534315477465,0
0.032970330431606354,0.059842817,1.4791110679904755,0
0.01759093849181082,0.036169928,0.5221586976465867,0
0.01385397371159323,0.029174652,0.5097145263044556,0
0.01110078054308353,0.015392684,0.4171308502891654,0
0.01978083990051442,0.14068724,0.32246695059361147,0
0.023759049804110227,0.10451371,0.600682185744405,0
0.01607528596076424,0.031526603,0.6021189745016922,0
0.023580705118502864,0.05037393,0.9803158846634752,0
0.010916789959332433,0.048111614,0.11251583866584142,0
0.0220172785756005,0.05261868,0.4320099376353964,0
0.017870289127611447,0.024725625,0.8038038671998361,0
0.032207559899013416,0.050955836,1.4827044079433236,0
0.03262455402971881,0.0796801,1.046858779919291,0
0.025502278619514245,0.09145891,0.9341735191141219,0
0.08041340301113814,0.15440772,1.491706592502709,0
0.03144578874569397,0.07404409,1.343353631974793,0
0.02716074463859664,0.06962814,0.6331072823977554,0
0.013582491510816986,0.014665845,0.6154397825409733,0
0.013059886759666326,0.025205595,0.353524888795264,0
0.01103170988072654,0.03714326,0.3333361387328775,0
0.011775472305140765,0.040582962,0.329593612467678,0
0.024048877888610678,0.06493989,0.7475287201853836,0
0.019882075021181292,0.021926256,0.9887605156691583,0
0.004720367648671342,0.008097647,0.167026215375495,0
0.012720313071804788,0.04953581,0.2120963787073545,0
0.04604325735539993,0.022741677,2.4136312853243758,0
0.025442020779295943,0.043723077,0.9103029490760798,0
0.025260481424128872,0.05270975,0.6027986866802393,0
0.01776908733152264,0.017254373,0.6597939655482306,0
0.01686083858143699,0.083958566,0.3712163296330665,0
0.012126221686322217,0.048860747,0.3733270085160874,0
0.02706765336287561,0.0903254,0.7678011209937342,0
0.004662874937802684,0.0073856623,0.16178430114699144,0
0.02605221601436859,0.06427193,0.9701309849760777,0
0.020867455421208523,0.05015952,0.20453127647781183,0
0.034870344016425844,0.033642672,1.6078353238334633,0
0.00919693492306426,0.006605158,0.40367724959478873,0
0.007419649378389068,0.015069652,0.29697141479796574,0
0.013417298946898266,0.06372109,0.32909223031940626,0
0.007942115927270637,0.019244129,0.1997447223805658,0
0.016038653246240958,0.030247876,0.1994639241766935,0
0.013725980907045198,0.021465564,0.5623871187795757,0
0.0156792494474016,0.022258783,0.46597943221693533,0
0.03201043610620108,0.049643453,0.5939940206750901,0
0.00947541395225899,0.005532407,0.4678401977092988,0
0.05154559663203247,0.0081248,2.8879724117772403,0
0.030637820325243162,0.0632174,0.8110019920502005,0
0.020172870829849105,0.10128328,0.20580177031474037,0
0.018922199200146126,0.016897934,0.8912948866891583,0
0.019424907356594922,0.03832835,0.8456322185010225,0
0.0403969775054908,0.04649229,1.934993729028819,0
0.025973806915205233,0.033587813,1.1341099195541458,0
0.022226494828539247,0.0301487,1.07639294196329,0
0.0129476002581265,0.046463232,0.3852279475153469,0
0.013748179332322514,0.034639347,0.5388991855925359,0
0.02663471162831451,0.110002585,0.7230171368668756,0
0.024835203028527396,0.020502245,1.0277232071189406,0
0.017171461027897572,0.029258324,0.7246369610164008,0
0.044061443906213825,0.038659226,2.194708995483376,0
0.016472607384564096,0.020151677,0.6384117252182768,0
0.0201909361782213,0.07654459,0.6461617563014082,0
0.014972666145434422,0.036071323,0.42155753372243293,0
0.018964907009304137,0.041357294,0.6468013503638835,0
0.02368192286670594,0.048785377,0.8740107526305283,0
0.026997058881571744,0.08431225,0.7888288590233137,0
0.013489385953783059,0.024744906,0.43032128122533003,0
0.012402367480511886,0.025598401,0.5352586428702111,0
0.035202764796295305,0.05403195,1.6768060988678455,0
0.023533309722895544,0.029017383,1.1008978628872617,0
0.018016557075056235,0.06797346,0.5807789282077539,0
0.023686012709562925,0.05273092,0.8457893947049213,0
0.03231447915263614,0.0072997743,1.792260143059383,0
0.01646064091906447,0.03705456,0.3287167598930051,0
0.024261711593901697,0.118713155,0.36241978703606964,0
0.007397283719358138,0.007958024,0.31713801824356097,0
0.027237604127595873,0.11350609,0.7633622047497475,0
0.017599978946282867,0.028433274,0.624584700774892,0
0.01575395408742552,0.053189836,0.37271197161085906,0
0.01183295046889369,0.019532194,0.5010231675236401,0
0.01418728753121737,0.026709,0.6090128430487469,0
0.012579063116086787,0.0270419,0.2835190806842695,0
0.03860644854245092,0.059016425,0.8018767204059574,0
0.008995411765913326,0.0028880336,0.45917542650020476,0
0.014695180422043057,0.02824559,0.67037609439404,0
0.04283108473331802,0.10206933,1.3357909306578584,0
0.014878267093525771,0.021947328,0.675473953708571,0
0.013718710353050275,0.06250851,0.3645281339492703,0
0.013727215327495755,0.023319464,0.5897404095111317,0
0.03620069047232319,0.056936864,1.5877911001200582,0
0.01736813083819084,0.038788665,0.520044386100731,0
0.026957561737190976,0.06675638,0.18333004187600335,0
0.020395021281831176,0.040866762,0.4504742064988783,0
0.13946772092550214,0.08678341,5.782336822043841,0
0.01774286953146989,0.05632424,0.48975861271474436,0
0.01197715338926992,0.047418218,0.3121986902685676,0
0.024760046988138145,0.08842976,0.5301037889094947,0
0.05133109078239069,0.057030328,2.5517389061003293,0
0.031243613171161474,0.057419114,1.1857359514277863,0
0.03467513287014566,0.056255944,0.9710137588009925,0
0.02125781793944818,0.049916916,0.9174082086806021,0
0.005050507967890014,0.012023553,0.12783010592725572,0
0.03441359472940926,0.04651842,1.6212238119499753,0
0.013596628543107607,0.026125457,0.4813829672286835,0
0.01622876357882683,0.01596875,0.7718191779093382,0
0.021654185721557827,0.03367559,0.7772153297766003,0
0.0076032046718754135,0.028122436,0.04533497254549807,0
0.02883776572062456,0.03454291,1.1722842657929826,0
0.02186433685729481,0.023308624,1.0079679648851425,0
0.011524362576405552,0.0035555088,0.6356596809367101,0
0.037726078122438375,0.053848058,1.7234936196617041,0
0.02612768337165903,0.084850185,0.9416316182096832,0
0.02643756120708533,0.08522567,1.010063485860551,0
0.02339939351126173,0.040581267,1.077470557501394,0
0.017973377493187535,0.024978895,0.4369931623155871,0
0.025168526201790924,0.06840408,0.5156890597145553,0
0.014790383447127443,0.02176077,0.6732210933557136,0
0.014817417397003606,0.041175883,0.5342476202538344,0
0.04379851427803075,0.14642656,1.6586542696204827,0
0.028941237036813502,0.03406968,0.8324697336639907,0
0.016849068752673557,0.009052256,0.882940678580424,0
0.010346641353879998,0.017115587,0.32369091219839247,0
0.031972088499850164,0.021056322,1.6983538377589622,0
0.017495790269394733,0.039538268,0.612184399490877,0
0.022316645748932107,0.13665098,0.3511200635766976,0
0.03364328744485377,0.028137194,1.361041488000047,0
0.011589300814059207,0.03659568,0.34324851510850735,0
0.019669208439013246,0.052799948,0.5203416199397001,0
0.02540365440357907,0.025978846,0.9907566233752025,0
0.056331813584826,0.08724291,2.4538895479198715,0
0.026718752990206627,0.011986697,1.2281519798434577,0
0.024550436507768766,0.06385713,0.9956848855545648,0
0.03325907812593916,0.01754138,1.7954319214689662,0
0.029155159873166483,0.096413635,0.9624857407261155,0
0.03754463071425297,0.08888464,0.3399519760419245,0
0.01646416493411259,0.009213515,0.7754763989969969,0
0.015733498907492552,0.031003168,0.3996300895885489,0
0.03814925978088338,0.043270722,1.8818647007916218,0
0.012430302804779714,0.022066774,0.43960773063541914,0
0.04378458761642348,0.2203081,1.0312483729283626,0
0.015792092272560725,0.019876331,0.6815693940593677,0
0.016977051730236573,0.062327735,0.46103752836999123,0
0.01996203822997295,0.07654888,0.2656579313834636,0
0.020622630886864973,0.044502854,0.8121938987325931,0
0.018949649014485384,0.067155406,0.31166439714397687,0
0.01742001855399192,0.04185238,0.6872928276344755,0
0.037969780093167205,0.06309648,1.7766856120567642,0
0.01654598591573242,0.03658995,0.37231943316832866,0
0.01610040182222043,0.031174539,0.29423418781900157,0
0.015228240342157794,0.040687803,0.6174294407658237,0
0.06853886734210654,0.0411815,3.3342402695564917,0
0.03989812321373635,0.08445452,1.7091607429312103,0
0.02046504955130053,0.022125125,0.7408933047555044,0
0.016282998880014443,0.022102322,0.6295184143624905,0
0.017288539563737035,0.02290777,0.8249982730132609,0
0.014335537832437528,0.053925093,0.5106874834160469,0
0.032591372862276674,0.072360545,1.2991337908783083,0
0.028897140751546653,0.015044927,1.4324924460239634,0
0.07397038902993229,0.14286709,0.9184899255057084,0
0.009478526022117453,0.008198671,0.4388583675480112,0
0.030886482529088394,0.032036077,0.9788285983027768,0
0.006408790439585817,0.017275155,0.11476675275056565,0
0.02610449554644547,0.05055633,0.8315499002378601,0
0.03633693409230823,0.16599266,0.9614781463968646,0
0.014243165980378341,0.010811615,0.6582537726789143,0
0.007068678799448599,0.014131023,0.31897900256207096,0
0.010784525511779669,0.008930616,0.531730532055828,0
0.011616419447153966,0.05280419,0.1749770350967591,0
0.007243146914237078,0.013001099,0.1969000546206505,0
0.026610129683785434,0.054084376,1.0026169783560344,0
0.023613672074310046,0.08216592,0.8516640956040745,0
0.03412026213236746,0.046712775,1.4070009062333904,0
0.040812702172905745,0.07143207,1.924169771512768,0
0.015852339076714024,0.028659597,0.5922540792462129,0
0.02397406009070803,0.022209678,0.8303768871699204,0
0.02644279617880464,0.048526626,0.7995619119096592,0
0.018104247425187084,0.042156976,0.7173149591461543,0
0.010420240943770238,0.020833924,0.2616265817892825,0
0.02777261589276758,0.031585786,1.2835119263975021,0
0.014445595169847978,0.012503169,0.7100038848498009,0
0.06666120325586238,0.07978762,2.171936868704312,0
0.026609892271493213,0.055081494,1.107465695815731,0
0.03371939540526088,0.060963135,1.4476044400751784,0
0.016749660904530003,0.017039614,0.7451957272274216,0
0.05376874128419441,0.09271945,1.4075095868828131,0
0.03602978436253741,0.13022436,1.1603349680241697,0
0.035601266184475594,0.11768122,1.2732251942625832,0
0.017923144685021493,0.07271172,0.5010805035540619,0
0.03968765542004504,0.055707738,0.9884233296592835,0
0.016838992791291925,0.042328265,0.6298227802079048,0
0.03462735158913067,0.0064127278,1.9394854005531597,0
0.0173201001614613,0.048978936,0.6741913211431257,0
0.030880945842440548,0.12095869,1.0726866047708863,0
0.01993076508496964,0.03278221,0.889493084002447,0
0.01987650065053865,0.054070216,0.6754283924133125,0
0.019106892053667203,0.024431841,0.8865069743159261,0
0.04189385302927902,0.02870119,1.7098632157398532,0
0.02305619952441408,0.018876743,1.0750788580448518,0
0.025669388959808165,0.07598461,1.0043565602563014,0
0.012041478238374783,0.033167828,0.3910946205618496,0
0.021181290904635285,0.08883338,0.6293113215861679,0
0.020670563311223994,0.041338626,0.37285444273254775,0
0.06247479643446779,0.026720718,3.422597487916033,0
0.049513019600942655,0.09810285,2.266338567627184,0
0.02314288062837766,0.07459151,0.7115465819029684,0
0.023763541540259135,0.036992192,1.0548107095772221,0
0.013061031453878488,0.055135984,0.4152237541351218,0
0.027585070782790565,0.03291355,1.2481265023771078,0
0.02282705540723106,0.009600221,1.2395635137995202,0
0.03024457569117079,0.1648811,0.6841652078391299,0
0.025696387454390363,0.061546434,1.0404240898879589,0
0.014012554707604936,0.09912737,0.14205550435992265,0
0.024324539223322734,0.06338076,0.6290905775023894,0
0.014801759893595412,0.02301269,0.46760465790502426,0
0.026186712283041372,0.096715644,0.9007198422119048,0
0.018112617068336674,0.0118322335,0.924888414670595,0
0.021648417005564646,0.026669119,1.0176557917888878,0
0.009917198971101097,0.02300306,0.4248336475680065,0
0.043343368191231565,0.057106167,1.4161678590703697,0
0.020455152817152635,0.039438907,0.6423917296457716,0
0.026064285599709157,0.038870387,1.0470628803808193,0
0.03556344308118349,0.058184788,1.681945408514312,0
0.009349380542010089,0.009669649,0.4105100394098981,0
0.039610809990473866,0.0483724,1.1875579137022498,0
0.03782213547924112,0.04015237,1.9110744826599,0
0.01471124897980184,0.06130203,0.42755459753497893,0
0.01568982203034948,0.029362623,0.42889869403792985,0
0.025949318096800164,0.06443586,0.9002831868019818,0
0.020073815890566185,0.033546265,0.6705343284582292,0
0.023155298374258643,0.033383258,0.5261065432287533,0
0.028441185747756448,0.05189609,0.7803639289294155,0
0.030463565701839307,0.016973894,1.5184215209555183,0
0.023785792005137675,0.028533015,1.0380819357067532,0
0.03080402095822075,0.029127184,1.3150210513535923,0
0.015338028731663159,0.07715787,0.29529714279483216,0
0.017805383610799246,0.058986444,0.5178724174067386,0
0.02518939580030928,0.08073816,0.870856044992821,0
0.03200813067517737,0.093648046,1.2901287985167806,0
0.024116933565174435,0.042090736,1.139645436879473,0
0.054992813876773246,0.032280337,2.555590691729829,0
0.029528295121738393,0.06079308,0.6633327890880265,0
0.020043171537549594,0.046233706,0.7830805515054428,0
0.008294417522847652,0.06672697,0.0,0
0.023729262143577942,0.0451106,0.5020758515636302,0
0.0395468611518768,0.012231425,2.1438611681580713,0
0.011905974920132246,0.05467433,0.18846483492455637,0
0.028766410995859908,0.04090294,1.0117716425351058,0
0.020762055388190256,0.088044405,0.6096074153447697,0
0.013228474408235914,0.034212556,0.5568886545217357,0
0.015732672248633832,0.023967091,0.45571879633313905,0
0.012900298278116076,0.030559871,0.22411333048852408,0
0.02054665125038507,0.021276832,1.0255527459655938,0
0.01702643921324557,0.014484053,0.8856407554449375,0
0.017946465690559472,0.049080234,0.4980288891730379,0
0.01376990142378046,0.035263706,0.3991437457679103,0
0.008858497290867583,0.013981957,0.27245448716448123,0
0.026320221359301604,0.023510398,1.3516526813669534,0
0.013335384165063292,0.036638793,0.44889613213693474,0
0.02754775171658817,0.07756975,1.0191747438447165,0
0.021703367030494067,0.009134558,1.1212799075303665,0
0.008074434740068023,0.008668109,0.3672285510585582,0
0.02546956441849112,0.06440489,0.6336532741530723,0
0.044999016860754484,0.10105408,1.7185488832263063,0
0.02569724638620162,0.03430909,0.9198264957429677,0
0.006975099780191336,0.0055312156,0.35612206716032174,0
0.02295176897430417,0.045519635,0.44118978793055824,0
0.011662929060493293,0.01490169,0.37694772012421207,0
0.025602807321213703,0.055655967,0.9545312112450403,0
0.009012260021560057,0.015828816,0.37367336699333525,0
0.04127573278037765,0.038133495,2.0939357150361677,0
0.030293827799645186,0.020540556,1.4645276900101662,0
0.032777267054287205,0.06108857,0.4399708248859608,0
0.029895882601472926,0.07192482,0.3517596255525195,0
0.025047553962374756,0.09030387,0.37319930994393113,0
0.01723699663578711,0.06823048,0.4440747918273485,0
0.07726647454360357,0.032592624,3.76392031325447,0
0.016349727106573432,0.029510139,0.5693376115929635,0
0.01935049979992694,0.048268896,0.576240699434462,0
0.01199495990537978,0.013080291,0.48451695126352007,0
0.027423141766184503,0.16720478,0.6060360821744117,0
0.010272547538769928,0.00946895,0.4405862712900924,0
0.012747424109282944,0.040103976,0.4015682411199586,0
0.01890368756410281,0.02166846,0.7911684239579755,0
0.01793913396115711,0.032292742,0.6278285830234387,0
0.01646566500217879,0.06764861,0.5234145608336994,0
0.03200505949792244,0.12026672,0.95438211728292,0
0.020449122841518796,0.071256556,0.6787884397186761,0
0.019668529077485,0.036803216,0.45496836080305253,0
0.049006385561942124,0.19400774,0.7941724455032227,0
0.042806830151779524,0.06772404,0.8198329361230687,0
0.012508543920716906,0.050162785,0.33609297254766823,0
0.026033282474399913,0.100334495,0.549202502252733,0
0.008161394501178176,0.022770733,0.07205498022811987,0
0.027859173594251982,0.044427216,1.0358382547080371,0
0.014362022918050032,0.023814024,0.6060374788692997,0
0.014039598983497223,0.013365426,0.5961821661743099,0
0.029426769547352218,0.013204627,1.5016007450357085,0
0.017427108428712514,0.12030761,0.19272372275802752,0
0.015785945477826906,0.02191423,0.547627379636732,0
0.01376140037047752,0.035753623,0.22820014916829712,0
0.021022206644003602,0.055048276,0.7607087973373817,0
0.018692501752512847,0.024806492,0.877663963198958,0
0.019793866049136355,0.047449984,0.29270705441788997,0
0.02035776511088577,0.06461356,0.7373591732741103,0
0.015382285206818266,0.011807991,0.7991251679798961,0
0.015254854520269786,0.039522678,0.3682233591401184,0
0.05484553496719138,0.019365929,2.980684161977057,0
0.013606161747663386,0.014853722,0.5390531732536753,0
0.028575796386858886,0.033165514,0.9999808215496624,0
0.015592730743809301,0.031948254,0.701685525182073,0
0.022053340100956872,0.14405693,0.341044025147081,0
0.03657534491361683,0.07603008,0.5178403734513449,0
0.013868045639514333,0.02551997,0.3526197814605047,0
0.02153006605020723,0.0799607,0.5962812450489482,0
0.019730485676599345,0.00932597,1.0180618901057852,0
0.02301061103910561,0.035227295,0.9252334849049157,0
0.01105680121217972,0.012469545,0.5151675064625153,0
0.014528297211960733,0.056649223,0.4436934826427328,0
0.0465852790722105,0.066372685,1.6176050415183438,0
0.009937993659135471,0.014256155,0.3890935822355341,0
0.05252708691667771,0.016026367,2.631445163095557,0
0.008694915982919948,0.00994888,0.3341089323680427,0
0.030212788453579227,0.07587909,1.1628221815446163,0
0.03354328214022487,0.12585403,1.1850102840325842,0
0.008384629819425816,0.018788576,0.21699666891531658,0
0.01486921655954333,0.03159756,0.4656909532804892,0
0.03384646518033893,0.044712123,1.6482977898151792,0
0.028026099901929478,0.03668361,0.9697086704199918,0
0.013903418553133219,0.020469265,0.4592879864123049,0
0.027897809358402578,0.09210826,1.0102865616257926,0
0.008542720043775832,0.013722833,0.4105796091702546,0
0.015374689483880724,0.009018255,0.7613069657437824,0
0.026783247082829323,0.06980631,0.3511492339987444,0
0.027660571834212007,0.044786546,0.9075066299476887,0
0.01623017435107838,0.027089337,0.5341964860819366,0
0.024720027470941774,0.039413385,1.0842138707581122,0
0.026817014541931933,0.055140443,1.2044196358145005,0
0.033721921231469484,0.14738749,0.9883347341474956,0
0.017619228045386615,0.05615378,0.42374883459416063,0
0.013140346169982055,0.024534734,0.5967358060354393,0
0.0317804650819648,0.07564204,1.150324800987237,0
0.021043810398515134,0.036079347,0.9829405868796783,0
0.018992722830419154,0.01947214,0.8789546383155112,0
0.028504141907384175,0.038554084,1.3836036036896107,0
0.012947051900341398,0.015627177,0.4403351786746559,0
0.006522840467336408,0.010191823,0.1895465471281688,0
0.016378653141971393,0.01972716,0.4879768301030108,0
0.014384877239222386,0.04679328,0.3077486511807967,0
0.03172820156382662,0.021383293,1.691936842828556,0
0.0725316678330501,0.20891428,2.4902835198370674,0
0.020464173623692787,0.038550936,0.579417866667385,0
0.020737155387103627,0.04147525,0.7826790369379287,0
0.017267021509508963,0.014174092,0.6632227433768612,0
0.03497725753361275,0.05375043,1.661387636262346,0
0.02161372594097788,0.032048445,0.707444181217855,0
0.033489284117153253,0.17411147,0.9013612290475262,0
0.010080861548573686,0.008169901,0.404281000279489,0
0.007933753957762718,0.024369378,0.28614272823563786,0
0.014870096966753255,0.025638726,0.6547822901242459,0
0.03855042970514627,0.04697825,1.917298357566508,0
0.02095162108765978,0.03735326,0.5012455901072775,0
0.027003391299228612,0.031897552,1.3329178266508905,0
0.03959488253855367,0.0631458,0.9841846571078956,0
0.015145597131536286,0.029895581,0.5652072299438753,0
0.02963116922533419,0.04630231,1.2080375594182615,0
0.016892738279958117,0.048240144,0.6734201060129041,0
0.015716592430524312,0.03937843,0.6481784754761546,0
0.02260936678621825,0.08023591,0.41979461789507655,0
0.01132161941836928,0.01288822,0.5493930846019546,0
0.02118774772079269,0.05234732,0.8818300294691175,0
0.02458947625262585,0.101322,0.8084680987652981,0
0.019884979733529734,0.041230153,0.4307316544988357,0
0.0413293007107485,0.11391147,0.9418174916386449,0
0.0651702139344758,0.092125736,3.1660170829897467,0
0.018100749303033854,0.03138897,0.6509307188246434,0
0.020526294928595392,0.026226288,0.9672218400733009,0
0.011482779092530903,0.026755568,0.39717513564304857,0
0.023302067833499515,0.044962324,0.35398516286136145,0
0.037855714063288096,0.049839538,1.2275596688496533,0
0.011183549897879994,0.026507478,0.46772585905611924,0
0.02536411030246479,0.022003885,1.2905150615257228,0
0.009484842658559626,0.033730883,0.31086001214639436,0
0.03283053401429101,0.09797305,0.22944416891754735,0
0.02982161657117368,0.054318957,0.8881119405492812,0
0.03363543860220389,0.035765633,1.6931914992943398,0
0.009483712856171986,0.028961478,0.3431473773761633,0
0.025585937118648566,0.052548915,0.5443335689129487,0
0.009231455163086946,0.02525487,0.16119734719646145,0
0.02052840422005135,0.028670466,1.0086677259482342,0
0.0591963622105978,0.031889327,2.8941617631081216,0
0.02850860504952844,0.02014169,1.4799215313037097,0
0.011529933456298169,0.012230915,0.5728788498814963,0
0.025149892413691692,0.053267136,0.9190468481752209,0
0.028951789301091865,0.053115323,1.338537440797643,0
0.04727737322693334,0.017911516,2.565957087741653,0
0.01868016845681421,0.05450306,0.4969499512177742,0
0.02934551256223178,0.10154729,0.8323737663077653,0
0.028481972618830766,0.06695963,1.0413897770041083,0
0.013344999290338241,0.008710227,0.6391518338525072,0
0.018051398883767278,0.083263315,0.5176135579291375,0
0.022740913649444378,0.037140924,0.9418691380914989,0
0.02534667700898382,0.04691273,0.9348601154970058,0
0.03500833888382325,0.02656978,1.8475636304225522,0
0.009904104950906711,0.007130139,0.4456771118958573,0
0.01626267731621979,0.024979653,0.6151154336847472,0
0.025027592981571225,0.029290441,1.098581384579749,0
0.01852172785899178,0.0061759534,0.9477264924024548,0
0.024433477112985595,0.11436671,0.48025772290245955,0
0.04263281217931569,0.099713445,1.47919205782045,0
0.008489851918869053,0.010901837,0.33960137231076537,0
0.013536656596597196,0.02775721,0.4995336940371308,0
0.03311037110666444,0.081102945,1.1489214490138893,0
0.023791398141985175,0.042681873,1.0510666345738089,0
0.02136719419251677,0.068482876,0.7381043961811206,0
0.016869762673088637,0.030986749,0.7821777887316271,0
0.021333834011988954,0.058286652,0.653340616205859,0
0.023088091011431493,0.028453093,0.9958300793384285,0
0.01683256866981604,0.038994323,0.7383725568837034,0
0.053997398800012836,0.17359796,2.07984753613468,0
0.022562885944696017,0.024295274,1.1084498057424172,0
0.03109713118898356,0.06579933,0.9051916499133316,0
0.02108753593368211,0.024324603,0.8684789526662947,0
0.03549903478816262,0.021561759,1.8792333748057728,0
0.015784753705304338,0.041079693,0.5466639411133808,0
0.030141802941170352,0.0610042,0.17489416906273922,0
0.024971853206416133,0.047098316,1.1437304489559557,0
0.0187435469686572,0.0863923,0.4029519358442105,0
0.019193148360183414,0.008024528,1.0095781254655616,0
0.031060303919554166,0.023517767,1.4527457720158665,0
0.04079649997759531,0.05155585,1.2221915047031857,0
0.020422096144126413,0.08578878,0.4737760058077873,0
0.016653299356059997,0.030061029,0.6063461229429228,0
0.007633235923367507,0.008588845,0.37748258614336055,0
0.043850420763745346,0.017678443,2.179511271019929,0
0.01741483177134586,0.022360794,0.6941542720991598,0
0.014230246758986919,0.01973684,0.54873084045509,0
0.0345649028804998,0.051099513,1.2271993976167348,0
0.0297550279864657,0.027541518,1.207279105976184,0
0.018101140118760285,0.045634676,0.5608858075697573,0
0.0394087483448321,0.080932476,1.4329575371039527,0
0.020873578210418398,0.18708201,0.12026447365668466,0
0.018783618341271662,0.03258329,0.7935477392275367,0
0.04956955685289532,0.26880804,0.9671538467944965,0
0.024629396691215995,0.021986775,1.242735954854504,0
0.029919599736602943,0.089431375,0.5967145460034711,0
0.032295571721421265,0.14369366,0.7814195360403703,0
0.01615636309079876,0.019663317,0.7163282967979507,0
0.016028701803056367,0.032617766,0.7297250317594213,0
0.014296208414528487,0.044982992,0.1367182904171188,0
0.009619608131586977,0.04163293,0.21618506984625993,0
0.02230214177469768,0.05698632,0.8639940578871836,0
0.007942800526066057,0.014100986,0.3708263913012021,0
0.01835499171586416,0.031546943,0.5372092810804552,0
0.01570159522007371,0.01794676,0.7426472017035948,0
0.023701615773037667,0.049866717,0.46936655244336367,0
0.0266288994832845,0.10245518,0.9160374427405433,0
0.01864660329356011,0.13176343,0.10933200300955069,0
0.03830954512625197,0.0579948,1.1055485522389519,0
0.03437289875741189,0.03023157,1.7633500051475182,0
0.026897538409183786,0.047401432,0.9695943354162686,0
0.013239748622876217,0.01715525,0.5823105970436421,0
0.04658468017753067,0.04422875,1.8406853132824827,0
0.018864075992314752,0.040895104,0.8457804233586684,0
0.01664370631327193,0.03608356,0.526831491145197,0
0.019650106698869012,0.033461437,0.8617347604626306,0
0.02752394284541399,0.051835403,1.055531703085036,0
0.013624614496291454,0.025721826,0.41968219661125417,0
0.023355635219892177,0.025019566,1.0800957990008038,0
0.01831963742571268,0.08967318,0.5002765069707162,0
0.006861289989560524,0.023988489,0.20183186470482822,0
0.02651156318224128,0.08096396,0.48496030422034,0
0.05350456312410015,0.09632841,0.7988650725586804,0
0.034488803611447766,0.08154266,1.3508409777860282,0
0.025654351920472662,0.06461656,0.8893328717008845,0
0.011093688140467739,0.007908825,0.5160214288607746,0
0.019992266620041683,0.037611075,0.8959979464836705,0
0.036031344654265274,0.1964833,0.8532393829980118,0
0.02199432530650623,0.07388793,0.7696793952146738,0
0.020222852466184695,0.08982908,0.5893392169705652,0
0.022815065008513286,0.043099012,1.0568386129539304,0
0.03544491784112527,0.01804062,1.8352120516470751,0
0.026261306851164644,0.0717775,0.8653468425247196,0
0.02015411842191655,0.020731479,0.9768239397948523,0
0.05504131825832402,0.059357863,2.393828023014888,0
0.025644170325931297,0.06473959,1.0736850452935383,0
0.012297206261118581,0.034016583,0.2066573347917219,0
0.02431066422187448,0.032091152,0.7340919203492845,0
0.005737041040807479,0.038852237,0.09674620977724964,0
0.016399215447003648,0.028174443,0.524484623808413,0
0.015148081973540064,0.034838844,0.5195041972555594,0
0.016331962140577194,0.02549964,0.3679489510007213,0
0.022329871824962596,0.039397445,0.9229704689850399,0
0.019655811016857504,0.036977507,0.5557414566746252,0
0.025025429605501755,0.073541485,0.9345543165635983,0
0.010688801830049832,0.062912114,0.24498282782684278,0
0.022145302344354814,0.075793006,0.7001760497608542,0
0.018542236673513693,0.062171936,0.5166546667991332,0
0.007386191073497282,0.009731619,0.3391650374584162,0
0.01634118259330583,0.034735817,0.6532686248971384,0
0.010732571197296748,0.014534196,0.48880869507821767,0
0.018852600222332302,0.06307529,0.6666123943974372,0
0.017385634545287895,0.058092777,0.6244565521206301,0
0.019858286696303844,0.0649965,0.45856764060367156,0
0.013524789887141668,0.022303682,0.5343229006676444,0
0.013071219093021218,0.08381525,0.03673081666715771,0
0.03894171735677862,0.059712686,1.8811887704895676,0
0.02422792094472281,0.039471142,1.0240163261937525,0
0.011414865201958726,0.015222802,0.4524193072900968,0
0.012774337840596782,0.032800447,0.5399492690347747,0
0.019923346217001207,0.013888301,0.965235762502774,0
0.025914617682804682,0.039862096,0.9927274340891349,0
0.019548943491521833,0.0898992,0.581916495461023,0
0.024296027936612813,0.056638625,0.7117562096979257,0
0.007972200671389545,0.011581098,0.20477063426659992,0
0.020300785426638254,0.008733341,1.064040539476358,0
0.022630829692524848,0.0136763165,1.0564349826989643,0
0.013427899772293996,0.025233075,0.5819912061049504,0
0.00762750654574518,0.048988692,0.15071310212367806,0
0.015983627180405538,0.04038987,0.6349790751094053,0
0.026118741229095233,0.029258478,0.8508775845671485,0
0.02495837461628933,0.023089997,1.25100351770552,0
0.04216921229283785,0.100571655,1.551403240964196,0
0.013603958355645134,0.057040427,0.3881056524655305,0
0.02499863013434271,0.04335732,0.5735276611826899,0
0.026621160142099694,0.087990895,1.0036933662464103,0
0.014708334373589147,0.042859472,0.587797023476605,0
0.02270197558492339,0.06286566,0.6282882202048118,0
0.012249324699395566,0.012737172,0.5144476869305475,0
0.017764687181907417,0.071135096,0.3177069758840605,0
0.016812566033541698,0.04539672,0.5787383271778231,0
0.03312725425014662,0.020143654,1.7451539353533856,0
0.018198939426454168,0.014812555,0.7749578210269613,0
0.028948554602947277,0.048743922,1.2302598269580118,0
0.019415626848412033,0.026854359,0.6752555845223008,0
0.030044081156610537,0.1600032,0.783294658514154,0
0.03632801592382073,0.09934597,1.509905581233208,0
0.014752182606118951,0.052452974,0.28399576839082985,0
0.02254862984292748,0.025787964,0.6609122592986091,0
0.009799885154872007,0.019611835,0.17229085806767647,0
0.027728388828359922,0.100438096,0.8872032492677332,0
0.03427753804292939,0.10422783,0.9095132310055825,0
0.05171977109646926,0.024619658,2.811133992618836,0
0.017479834027533548,0.041031808,0.41593796969208346,0
0.015976972673329176,0.07819771,0.2746517131975575,0
0.01419711921642134,0.04760002,0.18898955650995408,0
0.016234116840047354,0.032619406,0.2112036552291896,0
0.014842610771001203,0.025910795,0.523496778668312,0
0.02405232823195992,0.021542469,1.150381643238462,0
0.03161926928055374,0.045094937,1.3927875693042067,0
0.01628763098514438,0.052461684,0.5879664614909695,0
0.021695274138632654,0.021123484,0.8012873897883863,0
0.01821720618210658,0.041241363,0.7372655437300596,0
0.022734275096257053,0.040831324,0.3748654348538049,0
0.014405592730710279,0.020312024,0.6675473867091185,0
0.012988135683020404,0.031864274,0.5298783784342992,0
0.03339946028970721,0.08069526,0.8163755544098198,0
0.03138542631979136,0.110627785,1.1407577528265076,0
0.015208915615646508,0.03014479,0.585575878823832,0
0.01841465092207106,0.04020984,0.4711123443929073,0
0.011255580279823232,0.014672254,0.49837237271101276,0
0.027267105826512653,0.038008984,1.1096996042367568,0
0.011916307371042413,0.04524271,0.14433713765842862,0
0.025462315191794545,0.09987921,0.7391278408652135,0
0.02921492285351172,0.060260102,1.2403970673238505,0
0.017239449983084458,0.026375541,0.5690595569546428,0
0.048848036695795925,0.14270988,1.972932532893139,0
0.02405341512705103,0.02347915,1.2351508566093965,0
0.020398857817133846,0.061334632,0.5495686959784251,0
0.036051037678821986,0.07989455,0.22862195709265082,0
0.046739243993726705,0.24264473,1.1911041547984051,0
0.01627895146393663,0.084865585,0.2776828368221753,0
0.012156806896781787,0.018848406,0.5562598647203281,0
0.01888367087426234,0.01379457,0.8434010812995306,0
0.02230160688005859,0.052086417,0.9663066717206598,0
0.02093443714584384,0.023492081,0.9844311750370653,0
0.031106648439995978,0.11248019,1.1110428830868255,0
0.017970169993352592,0.051457435,0.3604537408853314,0
0.05594192902793595,0.112546004,2.4306319877868177,0
0.04375880192246615,0.081322655,0.4630486082722659,0
0.028549873923103285,0.0691021,0.780043125597282,0
0.03375183961832928,0.054552715,0.7340517338050317,0
0.025120836282152077,0.08748604,0.48482692138405686,0
0.017209012177582667,0.03689906,0.7068856056524946,0
0.016542105561516696,0.017097691,0.7521657296980353,0
0.027361243166891418,0.112242684,0.8830156681733252,0
0.028777399145391867,0.07888446,0.774448899028073,0
0.02523889180597762,0.046069704,1.1321606961635091,0
0.03455965949727818,0.10539321,1.1905702649095264,0
0.025050927727349997,0.011516215,1.195275278361666,0
0.03336537674992811,0.075495005,0.5002929199906158,0
0.02577020291912842,0.05876483,0.9294868634811639,0
0.01809845426489419,0.01702399,0.7684106513822488,0
0.029920692866988438,0.07082797,1.2079633154263858,0
0.03105047624516312,0.17109497,0.6488299248390941,0
0.030568117422946954,0.042565882,0.7813763175210497,0
0.02215500874933591,0.06265198,0.8039548603753613,0
0.006329803713853735,0.016110864,0.19938432014435,0
0.02032131235107916,0.048653208,0.7055503231531729,0
0.022494172327529944,0.077570744,0.7204391555403004,0
0.012114793448386807,0.007285591,0.6179910425771941,0
0.011769588614845039,0.009846301,0.5739515840283014,0
0.018731573134940525,0.02129633,0.8520473962096275,0
0.05600333216406285,0.052249108,2.062831749945626,0
0.023687210853785397,0.0520505,0.5991917912134832,0
0.016957700709328172,0.014065797,0.8771013431007771,0
0.017764714209437458,0.048507676,0.4232306782559283,0
0.021094511473659,0.07172807,0.6794821717373961,0
0.013001508985102389,0.006314026,0.6844016219598058,0
0.020247446294098758,0.023206076,0.9926169934611588,0
0.04892556779094001,0.14039169,1.1528095947470944,0
0.01825283586680581,0.035128854,0.7057828050166979,0
0.050428801467442226,0.047299393,2.589886778611305,0
0.010392672960778329,0.049725138,0.21282891444522817,0
0.0230886865130984,0.041833587,0.9818317888642557,0
0.019901742016265357,0.02829796,0.9112271844220371,0
0.01704596565374651,0.044886276,0.6946853738460329,0
0.08899939638934394,0.020278739,4.7347027521211675,0
0.019689295877748758,0.052288413,0.7441225080361851,0
0.015559338123521145,0.013562156,0.7617908802242839,0
0.01463112338631557,0.045989405,0.5053875539344661,0
0.025918107222800205,0.08938851,0.789525136933134,0
0.08705951332262588,0.19366641,2.186511993874912,0
0.02361137508579105,0.06799879,0.8988302138373621,0
0.016254964924852615,0.028973907,0.6728044591422137,0
0.023393240102426112,0.06336805,0.8345792296983849,0
0.024227013920958208,0.02898324,1.1862128732717707,0
0.01691298680667773,0.108664416,0.3082909030062787,0
0.03148439312011976,0.036281936,1.1124754758765172,0
0.016875646569855414,0.036322493,0.14220397978329202,0
0.020679057814044707,0.07100536,0.5774700964189418,0
0.03785982538319675,0.07634434,1.5138390702571387,0
0.016238125184884385,0.0384751,0.5261016256375528,0
0.009176463368314172,0.011805916,0.3644696471221679,0
0.02497313467610037,0.024328353,1.052608680066307,0
0.007885815535326853,0.008897086,0.27618228529252986,0
0.027938450118026304,0.036659755,1.3765954329311676,0
0.021515621491178465,0.08607431,0.7281402493300722,0
0.009458151416715774,0.020807998,0.3343748458704601,0
0.05582240676458443,0.24092543,0.8836305834101449,0
0.024843288817647653,0.054871082,0.43557227572769514,0
0.024532649842526476,0.058167968,0.8018511452606963,0
0.01805713058239907,0.07223115,0.2896418198454461,0
0.026391099435521117,0.05030292,1.1475147758165252,0
0.024073230677818223,0.03856661,1.1113767450325218,0
0.020289560098730397,0.020422325,1.018198512019642,0
0.023189602254132823,0.08699536,0.3801339553253995,0
0.010693299760922502,0.028129112,0.39044374529110104,0
0.020444446505626875,0.05439057,0.4903682704859373,0
0.012807986910716992,0.028033102,0.4100604241095613,0
0.028594314113490962,0.068441145,1.1824464041238127,0
0.02660630444293489,0.0033288803,1.4891336803449815,0
0.015545755648731239,0.04710473,0.48835729972910896,0
0.026430259061564383,0.048793167,0.5009805324041566,0
0.011817909553675917,0.027440477,0.4064892240969705,0
0.01923532922633732,0.013621575,0.8980318173885486,0
0.013529894469538782,0.024997592,0.6174004927673302,0
0.02474429188366231,0.09261805,0.773453401752805,0
0.042475193141344854,0.0785699,0.8620141285239789,0
0.028214178408343466,0.030662457,1.0828347328804555,0
0.015667166008922498,0.017995859,0.5524889010559965,0
0.010177166855279553,0.0032793242,0.5567218615025026,0
0.02866149276868142,0.045928482,1.3041584558373736,0
0.04068518709740403,0.043252714,2.0723792858984695,0
0.011652118933975523,0.011746171,0.4293229828560769,0
0.040353657136693574,0.059494644,1.1592881902682997,0
0.043403586285464,0.07312773,1.5953880574511687,0
0.018467050782798512,0.054829333,0.6424150854421263,0
0.013724528602656778,0.021036007,0.6036733231336867,0
0.034282135337092845,0.025983747,1.8127506300213965,0
0.026581055531972972,0.07204884,0.9321684791795846,0
0.023053875742571894,0.01741386,0.9923044015791715,0
0.014501787159145319,0.0073257796,0.7042012356928588,0
0.006120705487755255,0.009383482,0.2240927156596344,0
0.017725831607680785,0.071452886,0.44689072697615945,0
0.02814068226612544,0.06128812,0.7284095530490208,0
0.028939818173621068,0.07843208,1.1818669671452549,0
0.01045963961382671,0.021317787,0.4365773016779988,0
0.026501504772567706,0.038764924,1.1448808215778383,0
0.024127579773313073,0.015514143,1.1462703350527568,0
0.019608857250341456,0.03723179,0.7353351058273281,0
0.016214007172645567,0.056985237,0.31326143085151315,0
0.026348021419048386,0.06734335,1.0793834964798672,0
0.023465138089950544,0.06061756,0.7455290843270802,0
0.012254712330425084,0.0084471945,0.5544146949270281,0
0.01828179551598312,0.013619316,0.8909979218071955,0
0.04138562754563181,0.07890865,0.6639579512124345,0
0.017350104275985632,0.02930307,0.7676481684392928,0
0.0180869712191335,0.065649435,0.6122674936132587,0
0.010171434663033002,0.032086752,0.26066111268808206,0
0.011440692323436865,0.020338612,0.478093303254817,0
0.019972997597596066,0.012996373,1.020498316894378,0
0.01859143400834542,0.030143965,0.8681638016441311,0
0.014477074518177611,0.009470191,0.7566530132868008,0
0.006495903249500584,0.03256053,0.08818804102404136,0
0.017722538135256642,0.024045901,0.7957899117964105,0
0.02269913148807496,0.06475937,0.6886975708135118,0
0.021743411510362333,0.08041161,0.73471941147569,0
0.03236550253331329,0.12164671,1.043907902008816,0
0.020991956440014024,0.035550687,0.35483860453457716,0
0.010324303534899958,0.021655178,0.3960110868701036,0
0.019508458330052516,0.027440926,0.7036258448273638,0
0.18637889977113958,0.467253,2.2497159585122857,0
0.028634279272873143,0.01811868,1.2786233524043134,0
0.023979857911138453,0.03933886,0.5057444719142072,0
0.020403711684908492,0.0291131,0.9899006958372878,0
0.017345423999525267,0.014102132,0.8391954053892372,0
0.01378674745150245,0.04886432,0.27472746294870753,0
0.03098526297459221,0.13451897,0.9321506957528752,0
0.03216724764317602,0.060041968,1.3524075062240228,0
0.0203882651106055,0.0148357395,1.0254745417604447,0
0.01244516058370999,0.03454401,0.41914285203509877,0
0.0253999301116756,0.02036881,1.3092223348000793,0
0.03207344396978808,0.035715863,1.621335789962802,0
0.018882222868461612,0.027816167,0.7718595303234278,0
0.026070801156816537,0.08172662,0.41187020332462226,0
0.020832162221773462,0.112500384,0.5267188883764282,0
0.05310399704070191,0.2146019,1.8100645176156323,0
0.03405590649546077,0.1411975,1.1203179984436515,0
0.02217901094610575,0.028954636,0.6024522823413393,0
0.014403040361553555,0.00941004,0.684657913151407,0
0.027731146022367814,0.09992889,0.8613922052930612,0
0.03371307565977614,0.0830697,0.7086799031126639,0
0.03856996015275818,0.04284173,1.9577216133242306,0
0.027881474963892722,0.04911875,1.2786308777872288,0
0.03154279645402207,0.021937598,1.631330708252361,0
0.017722104395206578,0.011580943,0.76180166452977,0
0.022640885634808528,0.054526564,0.9148642102718765,0
0.007332702899169153,0.018887969,0.21901131164767207,0
0.013682286132381576,0.035712928,0.48840219448495364,0
0.01286649838000924,0.031802643,0.4107415066552744,0
0.031159990317861437,0.0348143,1.5653460271234512,0
0.015729138004546325,0.02688399,0.6649993481657842,0
0.01843733955793165,0.02269682,0.7296940075607843,0
0.028112826113136345,0.09340308,0.7831187644416567,0
0.02336555860298216,0.033788312,0.6263470505705334,0
0.00962739435112095,0.03554731,0.3437212376218602,0
0.20733104067592273,0.12710504,9.686755803177546,0
0.019777067657413404,0.0076918053,1.085982049392462,0
0.02157270541367643,0.014461366,1.116158794827168,0
0.014108010721456173,0.023603791,0.6158116786455122,0
0.021675173551413292,0.02350251,1.0530020406122687,0
0.03721315243381531,0.07543622,1.6472829951201333,0
0.012321816558288807,0.03382497,0.41554437547076645,0
0.027826965870395234,0.055399913,1.1229864643280334,0
0.034940530364268876,0.15359357,1.120320861063869,0
0.05540058862924136,0.1387397,2.252480866582596,0
0.026114645707355687,0.079017796,0.7777833262284853,0
0.028845172563701883,0.03322902,1.4010561979833562,0
0.01633764788147386,0.03351005,0.44400673689669584,0
0.018613126243691824,0.08837696,0.38619853904278584,0
0.00744114522511944,0.017607966,0.2644714531854806,0
0.018052606347781323,0.06219506,0.5647611000358386,0
0.008077282187683126,0.01646675,0.24215428298286001,0
0.022088461358788655,0.124066606,0.1975367968473841,0
0.02865444609327166,0.04639452,1.3182740390658032,0
0.043305446496378776,0.057517104,1.9400765530018025,0
0.012596290284691943,0.026072431,0.45801571474081343,0
0.014015704494742544,0.02145972,0.6021515374284144,0
0.023985798539647774,0.03145417,0.8488759776816662,0
0.016061995740516116,0.02430955,0.766149728541624,0
0.02125228035016839,0.01649617,1.0958055225426477,0
0.021102780180478814,0.041812196,0.9496551311848531,0
0.02473709968181313,0.07745765,0.9231162097365179,0
0.025582024151369027,0.04400154,1.0267043656572163,0
0.010683217981741752,0.01589873,0.3967226513254019,0
0.019873198464001304,0.020208204,0.8716421610993471,0
0.03332304430962624,0.023752987,1.6768539366608217,0
0.014494988887489176,0.024790669,0.607923631476095,0
0.013117881689862413,0.030214816,0.5261025892454955,0
0.01311155634573639,0.038788415,0.37501262633632293,0
0.016166362258656673,0.041233882,0.26998640151272646,0
0.04311682774159764,0.083325416,1.9507559355233683,0
0.012730436519691933,0.037159726,0.239327487521681,0
0.014602479885604883,0.027370961,0.6783597748180298,0
0.02789166444925873,0.044051453,0.6031637955458657,0
0.02459641572086342,0.050099306,1.0989429812841713,0
0.010007902911418277,0.006615091,0.5049977296670293,0
0.027492950973994117,0.14346981,0.7032322922739974,0
0.018946347126749637,0.07910661,0.560098314208135,0
0.015037629650906876,0.04392407,0.4001709592044871,0
0.02806143667840407,0.082809776,0.6858911291081661,0
0.015839829346942606,0.07158902,0.4224472671243482,0
0.03651666464599303,0.025939174,1.4537997939383949,0
0.02088085709994783,0.026771223,0.6424858311412877,0
0.03536576865696422,0.03284859,1.811348249040349,0
0.023265958112838304,0.104716405,0.6249464769544318,0
0.02490900357704511,0.020116648,1.2680325266822585,0
0.015437090512112207,0.02226049,0.6856675082130607,0
0.01856242371128019,0.07260699,0.5719058634819967,0
0.018890965384859775,0.026194511,0.8248951331012104,0
0.06262198981348703,0.13895682,1.945860893717634,0
0.028864837368462907,0.02166642,1.1093222458962568,0
0.011412410620566348,0.034311246,0.1911951693597808,0
0.017760301619755118,0.03288142,0.6481321599938215,0
0.029088324163578216,0.07214821,1.1155819605393984,0
0.036341216323345964,0.05170068,1.1688429036056336,0
0.0314078977956585,0.027402904,1.5883254850122472,0
0.013798408284239698,0.013624606,0.6833964759536219,0
0.025827198415571857,0.02622847,1.0863846302512365,0
0.011442423961264117,0.020283062,0.2739700493735676,0
0.0305566812688074,0.10247319,0.6434085519066426,0
0.011712002831377348,0.0133545855,0.4217989342569715,0
0.03588400782600756,0.027314594,1.8719876727769562,0
0.026163229964286022,0.037663575,0.5461347897449955,0
0.025722264575047837,0.07929826,0.6899948497201629,0
0.012765064273305673,0.053762607,0.40266291137040305,0
0.02764240418417911,0.09923815,0.6386302373413966,0
0.03409969298873654,0.107334435,1.0153007124301077,0
0.017377541870766046,0.03386751,0.682412978100555,0
0.018610040881655614,0.020780155,0.772075445251054,0
0.04027759668521895,0.06976752,1.7862942046275578,0
0.015299865295850907,0.035429914,0.6058208517018943,0
0.025333957707625893,0.008113838,1.3841909537976556,0
0.01627586634863517,0.031618014,0.594824388578718,0
0.028945436815483366,0.04875447,0.5201882809544124,0
0.020560748433772293,0.05652486,0.59653316881215,0
0.01095118214232827,0.009612896,0.5689074021573685,0
0.04142404106691611,0.035727892,1.965673930356913,0
0.03287683994817385,0.09640929,0.6535943603141624,0
0.008593085755471306,0.012619775,0.3057754467759595,0
0.02386726144436109,0.052858397,0.662047399434486,0
0.03231521004520202,0.06924113,0.6735659659726976,0
0.050446395984586494,0.10984285,2.173877136802585,0
0.011333536356687546,0.048631832,0.0,0
0.014021723636124885,0.047099803,0.302358553386382,0
0.038069267097968776,0.048273947,1.9032849216538512,0
0.01124524323292505,0.009216356,0.5383642004751545,0
0.012986743759287663,0.04010821,0.49377843721197,0
0.047792035375546674,0.1125788,0.37647443679803994,0
0.01957800913532187,0.10355907,0.4600129865626339,0
0.10902971460745249,0.094131835,4.857249468268763,0
0.008367379718596482,0.0057983384,0.39651612343989445,0
0.011804382058080995,0.012948198,0.5711735273242149,0
0.022961528065268792,0.03333065,1.0169042316226797,0
0.0182588770720931,0.038012475,0.7809228737282035,0
0.053658387625357254,0.04575381,2.2683088116623846,0
0.024315285954653633,0.06304889,0.7666424967296889,0
0.00552076158185975,0.006961809,0.18425234955987418,0
0.025507356225788563,0.108061805,0.8304320190062071,0
0.005951149598405749,0.031664893,0.05223596474053493,0
0.022448848033071025,0.050300293,0.6431148192357261,0
0.01312585402904248,0.02370947,0.4394440163491232,0
0.02498096531672795,0.052288104,1.0936076155385615,0
0.02073052064323417,0.09469925,0.6001105615972706,0
0.011975627551099472,0.032208614,0.4830012651935779,0
0.0290241605574585,0.124996826,0.860077969394204,0
0.014679986676927076,0.021191325,0.7137888482838364,0
0.015493023928574837,0.057098977,0.41375193031709906,0
0.04733493626344356,0.072965235,1.940050816650373,0
0.029917188296311174,0.13240087,0.9371372432710041,0
0.018648004276373503,0.051649217,0.7111951882613197,0
0.015634500264431188,0.054743774,0.3021792992648271,0
0.024027518734140198,0.024464678,0.9026868075827534,0
0.024985974448754895,0.036401752,1.1483395229603552,0
0.01039287727219599,0.018547926,0.4052632045446384,0
0.018956032768998567,0.021032399,0.8984907320604744,0
0.016882043613959754,0.058452062,0.5978678719162649,0
0.02381683867703164,0.03714056,0.5771433971123292,0
0.011567096681524117,0.024660142,0.20450800276813347,0
0.024516021181531806,0.013794706,1.199313412654788,0
0.023278683142514814,0.06755771,0.7237402752617973,0
0.018764213043099755,0.037111603,0.7537050430492717,0
0.017335106816613807,0.018316321,0.7797692649652941,0
0.022813691598720744,0.052452046,0.9015027055827308,0
0.020534148075575805,0.03767389,0.6034323579870203,0
0.027340449208446416,0.13189606,0.7446233174101009,0
0.02194089300074536,0.04086634,1.017661952755139,0
0.010166516403823472,0.020607699,0.4245577748916111,0
0.011705431613753852,0.019161353,0.23414560777043578,0
0.02896187731283207,0.13295858,0.7005932590642627,0
0.015019058526619476,0.072231345,0.18425626818667354,0
0.015816453554724986,0.047352675,0.5830250643624872,0
0.013071203267081052,0.017509012,0.578322423026468,0
0.021125238632193913,0.052743245,0.749267443668089,0
0.006058332957282597,0.012913561,0.20341697293601532,0
0.04468004019702415,0.03494469,2.161176513103514,0
0.030225276779834304,0.058055036,1.3211716991477918,0
0.027495613839044142,0.046525788,1.3000364650360636,0
0.02147418714827687,0.05015618,0.9370442645075057,0
0.02077738017851491,0.02210031,0.8247014044629192,0
0.03794374686008985,0.063795514,0.59327289737278,0
0.01573561758864067,0.027225984,0.6469505412912179,0
0.009750921760923384,0.020064693,0.305072321190074,0
0.015672746011868764,0.050309826,0.47700757247208336,0
0.025501293054931894,0.012944566,1.3833943809065514,0
0.019153432337952466,0.04696746,0.4456432896176249,0
0.02031416509712572,0.07994466,0.6526123920809032,0
0.025147918188759073,0.050614037,0.9470288627959734,0
0.017447052464272913,0.030917576,0.6051479535612811,0
0.01033567521413627,0.03925409,0.15091371041973142,0
0.032730496848061535,0.1055781,1.0335171918546096,0
0.02310821526070818,0.04189168,0.3579681441816333,0
0.02979562622488452,0.043959677,0.8064559126150372,0
0.030856646183485745,0.10979172,0.9923438067270213,0
0.014855739685497627,0.07453933,0.2271834590850485,0
0.012859659588283112,0.01516163,0.5790375627474874,0
0.027992811879678448,0.027540125,1.0443714563705098,0
0.021501309512609153,0.047780212,0.7500445395344656,0
0.03102486268402675,0.05156637,1.4223525915079533,0
0.013895593654088706,0.04696187,0.3750318975845596,0
0.013148046631220545,0.03603344,0.47065892134869003,0
0.01500882289425876,0.01209626,0.7237286117966472,0
0.03643087347187309,0.09355176,0.7770641402150462,0
0.020090121240276967,0.041132357,0.7836912856469488,0
0.01587668191131697,0.020241149,0.7817792712847003,0
0.02123709012436957,0.03912593,0.9643175838741098,0
0.029646507331994993,0.01564351,1.5335290726077968,0
0.022019373225239773,0.0391671,0.6981121393732739,0
0.036595316869049724,0.03810965,1.1765624252097202,0
0.02682296026088917,0.08902927,0.568713154626779,0
0.021697236531241913,0.024335707,0.8705288115225782,0
0.016997280525781932,0.03429807,0.6440110393628089,0
0.0194749899297792,0.029944465,0.9020440583828295,0
0.016585536502436684,0.05352077,0.5589120434382948,0
0.020421543655258913,0.021796422,0.9012363390858822,0
0.011640671747663565,0.04527776,0.15849214458407734,0
0.014573068057856693,0.046609286,0.559229405060431,0
0.025940863823553213,0.071295924,0.8060196549915714,0
0.046844761003354926,0.018102838,2.5025065333053815,0
0.020421364538802764,0.045398746,0.5809471404253398,0
0.030204714071363954,0.05513982,1.3267598589661853,0
0.022855024228747276,0.009486235,1.1518480590110272,0
0.022506424022892307,0.0524553,0.9459486116164947,0
0.009619080391095327,0.06382598,0.16278413457532723,0
0.03882067763502502,0.034856852,1.5039935793240469,0
0.018158905329492228,0.03202476,0.2941961581052205,0
0.008807286010652182,0.009604088,0.354885001707488,0
0.034526166449571266,0.10842614,0.9357214522610897,0
0.018190337803359068,0.025554365,0.6764637492484409,0
0.027854977930768805,0.049085524,1.1700660629244828,0
0.020533250169064494,0.058688045,0.37656473682768205,0
0.018963600272806826,0.018875673,0.9206260568988754,0
0.009926364127170946,0.03142009,0.18596853932666846,0
0.028290204128877547,0.12975429,0.8718568059423883,0
0.02652181001091346,0.03349127,1.1978628702379606,0
0.043190566110201264,0.15722103,1.4587100132708406,0
0.01066204869105309,0.0072578196,0.5483517448467676,0
0.044273495500563254,0.065635175,1.6729205179830664,0
0.04436610382683545,0.12363754,1.627373851503932,0
0.01512091863866405,0.032323606,0.4921742940591789,0
0.013778292637760413,0.033146862,0.2639531977375367,0
0.03356717222906261,0.042858414,1.6157508966596705,0
0.017605287994968917,0.020471921,0.6753317015082275,0
0.018002946044094907,0.027467016,0.6020809150829406,0
0.03355806911761426,0.044675983,1.649244149107583,0
0.03017252840077297,0.071903445,0.8108298819727309,0
0.01935401298820568,0.06811469,0.4739500392401086,0
0.004883692393452371,0.016910119,0.09446098412822097,0
0.01887034521411592,0.08296306,0.5139777055740549,0
0.017328129309928345,0.0334591,0.3874508141267679,0
0.04135165452578267,0.020157821,2.231672688365733,0
0.01595772313231751,0.010390007,0.8392084675752322,0
0.009001991507288478,0.020238834,0.1664275259031321,0
0.023473284122489047,0.02578002,1.1118472432206559,0
0.021303546051777957,0.055752262,0.32087686549396616,0
0.011231035137044336,0.01348953,0.4848699080042757,0
0.039119863784811484,0.08812598,1.6821265501056601,0
0.03254408540283937,0.09481442,1.2685140249241618,0
0.018257944650777895,0.044885457,0.7258180451705323,0
0.01931529731779176,0.06692291,0.4693654543420793,0
0.028871737436482168,0.042180408,1.272361630365601,0
0.012199526577526675,0.035006024,0.28581393058705545,0
0.022723621653510804,0.028631989,1.0752101913914478,0
0.013554109716387534,0.03209417,0.5852198522979061,0
0.032730570687439065,0.099724285,1.2101592391816782,0
0.038493616390185864,0.036364634,1.405303731105443,0
0.022446735370219132,0.055202466,0.6187684256060657,0
0.023386831362462786,0.05613123,0.6589590401583355,0
0.018144931610816373,0.06261505,0.6072368990301117,0
0.046961006528404306,0.1602814,0.7015116972244708,0
0.015361740569411291,0.06423735,0.300497338904461,0
0.030089827018395184,0.027681805,1.4095581850453707,0
0.017341248083387203,0.020220242,0.84847141028576,0
0.025836517153748517,0.024517981,1.3286071729580013,0
0.03100801099901652,0.053749546,1.4242419467501166,0
0.018961693542519805,0.024050493,0.930122429831751,0
0.045709168235961335,0.078565486,2.0175825282859265,0
0.014150519819178467,0.021257365,0.6027568017047166,0
0.043628585843410034,0.07404298,1.3384332691977152,0
0.03027768526772533,0.0638208,1.3457643120746237,0
0.025933434537015996,0.02255757,1.1837514403703446,0
0.006978213095133581,0.0026858998,0.3703302458264487,0
0.025749070873722038,0.03838344,0.6749196640762379,0
0.020929978653482218,0.042461194,0.8399770886495612,0
0.030960097034309814,0.16866559,0.720621726310291,0
0.02345521950789119,0.02128874,1.0563164855356637,0
0.013231902224713555,0.017599585,0.5620495209081782,0
0.018799540016854233,0.054313358,0.6748498446980635,0
0.017920182712397176,0.037662104,0.7895951702770175,0
0.006843432784080505,0.02529516,0.0,0
0.04067143678790244,0.07308916,0.5122914402774122,0
0.022708091132112897,0.051299643,0.8648515296263773,0
0.014132258709731182,0.03403501,0.28768902161610727,0
0.019690906424878016,0.04351733,0.8410813821721657,0
0.017566579427350647,0.011654227,0.8830368599472029,0
0.036169485687026826,0.032295775,1.8648170157097328,0
0.020155698080768267,0.07918935,0.6456614652734015,0
0.02314641225732136,0.025879603,0.9495976740206604,0
0.013407493114184314,0.0358381,0.4665939203822192,0
0.03773333892415781,0.027232125,1.940133558501224,0
0.027035628280620214,0.039222322,0.9253495369978346,0
0.0211800275658034,0.051057406,0.8534821322237375,0
0.021757778379238125,0.05099672,0.8767058806242997,0
0.012037633765099962,0.013547994,0.5469708247495618,0
0.010643935679652158,0.025083482,0.443190053049798,0
0.02876594913976618,0.09831429,1.026241723035016,0
0.04257827818159005,0.028971056,1.9301702690015656,0
0.03322867255307597,0.04496735,1.4832500954313983,0
0.022232114748277965,0.098379314,0.7037113721602487,0
0.021552562227117468,0.04834256,0.7088542931055435,0
0.022555073565859105,0.037865825,1.062842392677582,0
0.037537847370526414,0.050199997,1.2384028736358619,0
0.04595870692579107,0.069185816,1.1060351467993252,0
0.019878264343289674,0.081032775,0.580957418016691,0
0.02858680646443569,0.10513417,0.9950810669290657,0
0.010397461359797059,0.027771315,0.1509320061881138,0
0.04260010109873095,0.108444415,0.4093248196224028,0
0.05122288616013191,0.08495028,1.2787219344853056,0
0.012566582019564817,0.014905131,0.5949646624559133,0
0.03294655062347948,0.07169484,0.8290491811302451,0
0.025229778035876903,0.01670193,1.0603212287847297,0
0.01960652078077386,0.025261244,0.5277791964615672,0
0.014346930152811046,0.0166237,0.7114317476160644,0
0.010275121545859241,0.016064398,0.406533980002288,0
0.02999967118102787,0.073066875,1.191870713071427,0
0.016686091576428325,0.081932284,0.14031371829289652,0
0.01210572910092045,0.015866512,0.4979401549165087,0
0.020827970831347097,0.028968869,0.5454915848056412,0
0.017148479783315594,0.09471052,0.271346658355171,0
0.02510452887084983,0.019112403,1.051478200640246,0
0.00788893896886518,0.022910893,0.21238805223929985,0
0.016831112054441946,0.039763972,0.657679713314006,0
0.02304645367330685,0.039126515,0.8002136081777329,0
0.044023708802971316,0.112996176,1.8117656480080244,0
0.027006862957076976,0.025388189,1.186012392518012,0
0.02107621409297181,0.025245925,0.9921989590986423,0
0.03655878601689499,0.021470664,1.8819684235977787,0
0.04477491472163242,0.16973522,1.5729456404613134,0
0.02265493357306189,0.021442143,1.1075313661263473,0
0.016097854557125778,0.041632276,0.2491034938281622,0
0.015217834396009634,0.039382316,0.3702861266555648,0
0.021878847680588544,0.069999754,0.5422946520604859,0
0.02450686382659496,0.0482222,1.1191600950047205,0
0.014916905590248596,0.017584119,0.6746940058667245,0
0.012123216944097796,0.013939507,0.5476802700270923,0
0.01703741085770509,0.050291672,0.6158617282185184,0
0.00888345383091263,0.036086578,0.1394758736679811,0
0.015490198158911095,0.04687511,0.34217314079301414,0
0.014725286568662527,0.028835354,0.46318949516456914,0
0.01807845989661941,0.019368665,0.776261298057053,0
0.03587408929177374,0.08216115,1.2687706078975793,0
0.018423591188624296,0.02470775,0.8486830559707812,0
0.011167120440447625,0.013987091,0.3444512033966381,0
0.11377602131157244,0.027836772,5.843651248522886,0
0.016806213098968396,0.017119654,0.6115698506183054,0
0.007399885251624921,0.042798337,0.06493363660320066,0
0.0181156310111478,0.025119126,0.7960782211014721,0
0.0799564688686361,0.0391016,4.337074885767629,0
0.018806500752460202,0.028912337,0.8331048759580325,0
0.029939120295519997,0.05904053,0.7041627085992687,0
0.019003213422598787,0.019115852,0.6516946578654877,0
0.04400558693784083,0.18720567,1.1589722815222783,0
0.016013879320716906,0.045979645,0.45758281336109874,0
0.012115945723905822,0.023285445,0.4916426146017781,0
0.029238728435853917,0.03842407,1.4092097309695306,0
0.05082563613456144,0.052651096,2.550988263214079,0
0.018779186714847292,0.01502837,0.9224810909157207,0
0.019520756685689686,0.02176194,0.9814397877239912,0
0.043684125131286555,0.053663116,1.8358889588281977,0
0.018784896234407877,0.012186636,0.9859643868732257,0
0.02011041954936288,0.019327901,0.8587125169983302,0
0.03243853307329586,0.11505896,0.8799009164870776,0
0.01373640617406254,0.046350524,0.4481707769010502,0
0.019485136727836364,0.04221306,0.8587312564066293,0
0.013730326982547909,0.017743269,0.5717788190150642,0
0.016098142377288863,0.01758844,0.64521575476719,0
0.05186325879433207,0.4444126,0.3873117517239191,0
0.02122272935826026,0.041304953,0.46898091246605644,0
0.013351172279446275,0.005725801,0.6889059904955123,0
0.02895876894322437,0.063861884,0.751567943402681,0
0.010857845101664848,0.016790539,0.45517177862364394,0
0.017312690369594916,0.035734005,0.32835620760833883,0
0.021040881991553972,0.015835151,0.9271512493956008,0
0.021165636149861652,0.10558013,0.5057579398149432,0
0.015101113853903069,0.014992441,0.6732031365612563,0
0.0243091823470181,0.08475487,0.6945133672893529,0
0.030074488992939855,0.0521473,1.3542778313160637,0
0.027683128301329303,0.08717862,0.6803166527768797,0
0.010974060181601792,0.030651575,0.39340480338225164,0
0.025835748850012254,0.024679556,1.1727212340644342,0
0.023518740265221418,0.054412484,0.8893351900130239,0
0.01768752098837104,0.034214515,0.6961287206273937,0
0.04957619973627236,0.056183055,1.614010046648507,0
0.0219854018923913,0.05048415,0.9150696330571081,0
0.02848770747870766,0.09371776,1.020225249057004,0
0.028884364589715293,0.035424042,1.3824601871445645,0
0.02271882055193894,0.028539972,1.1228537680800454,0
0.02615647264097109,0.03753431,1.257809598887898,0
0.03259822944574099,0.047528263,1.5665505952576675,0
0.01259444409049911,0.016143331,0.47147799966992704,0
0.020622434110276606,0.043491352,0.7790299532503886,0
0.03719860165903167,0.075207025,1.6961337473454976,0
0.017154341951055918,0.017397527,0.6722850301169316,0
0.029083799393342248,0.0342965,1.4048387144472754,0
0.02395992331622566,0.091470264,0.5751916151403955,0
0.03027071937710888,0.06745136,1.1082110227989916,0
0.013124389960512732,0.041094698,0.39093865253898263,0
0.0092900620070118,0.037775986,0.30784372952837225,0
0.013347483148161164,0.018854186,0.45038237512007845,0
0.047642788966726635,0.061831497,2.236511459558447,0
0.021954457180249774,0.016561085,1.143139847681566,0
0.01743988523253312,0.039036717,0.6893813545361075,0
0.04501855398514929,0.026125127,2.3287936728855323,0
0.022697667344913186,0.05125294,0.8772757794616564,0
0.015670602952705892,0.03174378,0.6135721040422593,0
0.018962139495425214,0.03972937,0.49280088329397964,0
0.025108013875565008,0.10730204,0.8045328176703866,0
0.009790901676473625,0.025072359,0.35477577359624063,0
0.009070569637255492,0.029212104,0.2819641354284127,0
0.016264161050269184,0.016505223,0.7822092294208741,0
0.04162094555971543,0.060035698,2.0080811656134907,0
0.014396532392561265,0.035444334,0.34325958511045446,0
0.013061414597690535,0.025607385,0.5715303733272412,0
0.03356246883130912,0.17941141,0.8747214362762102,0
0.006140773891635332,0.019580817,0.1164653846687268,0
0.010431733692009948,0.031804364,0.39398674968616704,0
0.04236008509192392,0.070788644,1.3975159897675726,0
0.021469278977041855,0.09098304,0.6915626175408862,0
0.018059606330648362,0.028809883,0.7670650159755935,0
0.009372554616118172,0.017874802,0.3578200643801788,0
0.014656097306263613,0.034396753,0.5519081080337844,0
0.018802646676903963,0.060838416,0.6280748016555266,0
0.028515049411489288,0.11989251,0.9445138922008339,0
0.021254013725844942,0.026062695,0.9023806856288901,0
0.018451843566430294,0.042630326,0.7678288779181699,0
0.03022357792384873,0.068472296,1.290334828705911,0
0.15647940717891418,0.07106985,7.484111165398985,0
0.009526113786934104,0.026521532,0.3054816403375802,0
0.035161763970693136,0.0984598,1.4444925660995995,0
0.03478154773990006,0.026480533,1.7492612327447832,0
0.013072377452997589,0.019057319,0.3785772905514599,0
0.037208336519254426,0.030285925,1.3828099569990642,0
0.015748496240442108,0.032687623,0.7126130769852926,0
0.02173058356109709,0.10821179,0.5700931278540285,0
0.019867573337393706,0.058387898,0.6719727633503229,0
0.016059295681034622,0.011502254,0.8019751423954183,0
0.017020785284843885,0.08102584,0.3160591084457157,0
0.043531643953949914,0.033070054,1.8293184012913097,0
0.05121018534393846,0.07034965,2.417093640703784,0
0.01626148239054486,0.021784727,0.42936803677610735,0
0.017138100258762494,0.036927447,0.7059222505292145,0
0.033444764554235104,0.06421011,0.28928351068096503,0
0.04606958278063929,0.24256894,1.1150820547944857,0
0.03084290618881787,0.13209651,0.9981721348417061,0
0.02716978806130066,0.06328474,0.8310546649920586,0
0.0199983661139591,0.08234222,0.6231860921208239,0
0.029479885289281946,0.06683437,1.1396692393559338,0
0.029221931317600355,0.044399146,1.3995151435751696,0
0.00728314257385884,0.015590367,0.23846168968688858,0
0.019721980585103965,0.022533871,0.8659621138278173,0
0.027972404758194347,0.046176348,1.2871656592958993,0
0.0190214719144789,0.029290298,0.82682187712746,0
0.01807351739310914,0.0050708763,0.9410991239297212,0
0.018835030265215026,0.06556013,0.575515034608247,0
0.01735428312729229,0.035357468,0.27935162181017736,0
0.020806099968970617,0.05274841,0.7922560390343961,0
0.03409386573246722,0.011490363,1.886203127424722,0
0.008363242327486371,0.017998867,0.21037241824074432,0
0.014804292749602863,0.06437439,0.45948847930025,0
0.01879782710354034,0.057668425,0.5184919415038498,0
0.01643798606494236,0.037288938,0.6301966160026253,0
0.01899656231560124,0.02597816,0.717199289786674,0
0.011887021186737285,0.0060497094,0.6185824420474266,0
0.007004291685043607,0.009694907,0.2988851789876567,0
0.03902790894307606,0.10195479,1.3017465512331183,0
0.01393012206515921,0.02249458,0.5750449347107403,0
0.012094932088800777,0.01764338,0.5883717219372052,0
0.02109786750125316,0.051049862,0.2000028123449047,0
0.018913583734140562,0.08263441,0.5683231733149653,0
0.03304899472779027,0.08673885,0.8244997692512199,0
0.01710969915856392,0.0037582885,0.9424887399681382,0
0.014498793275025791,0.022351217,0.580426526782875,0
0.02022152626938576,0.0131518245,0.8762925131704331,0
0.018920405531618202,0.0086361375,0.9734696696921208,0
0.016775422943071334,0.036821928,0.5635663911709253,0
0.024978553060671115,0.06947525,0.9444856620526587,0
0.06675510579901581,0.37836698,1.0358381582168577,0
0.0354483993284201,0.04995364,1.728218483980464,0
0.023572511065136297,0.048560135,0.8673685522839885,0
0.029897946027947788,0.10099614,1.0981937854070873,0
0.03210410142621528,0.07167971,0.9690150751130848,0
0.025977959918068606,0.01745676,1.3815773249810983,0
0.05035497633327986,0.05715162,2.369676723492491,0
0.01647542857106917,0.07597703,0.05385794792637033,0
0.01871885453862449,0.045756973,0.6974975048058382,0
0.07193812474845147,0.06284707,2.7313454398099637,0
0.012541155747593586,0.042018775,0.4390010412708672,0
0.03656629959188143,0.03770428,1.8711061891167193,0
0.021445784433994485,0.01774521,1.0809613965359977,0
0.03617901001754598,0.074594535,1.4794653558384987,0
0.02203440164363427,0.08398131,0.5631702072391115,0
0.007005020435464403,0.025337983,0.17594614897340727,0
0.026360182520278497,0.026356228,1.1358504516946042,0
0.02814024005815219,0.123818636,0.7881213710445353,0
0.03083143304220813,0.033704355,1.1639242736018074,0
0.03564052431639288,0.050460525,0.8793099940156378,0
0.034550613042761996,0.043923452,1.0891535587015602,0
0.014697926911736067,0.017355327,0.7351788092579294,0
0.01976804725507502,0.09685682,0.3733948688404586,0
0.012298083906568058,0.03520102,0.4147660945848903,0
0.026637897954628186,0.06668875,1.1326487832872907,0
0.015629330041553452,0.021607064,0.3788141026184361,0
0.019814298021391,0.07950585,0.587568437347206,0
0.023914206882828713,0.06484718,0.8712247325104,0
0.022019632868518737,0.027401207,1.053874870776726,0
0.030317002103223113,0.14067434,0.7969201727417895,0
0.028553975467193085,0.05625478,1.3058802332200774,0
0.038163302161285294,0.055093538,1.863736785956487,0
0.021829513937355976,0.036656845,0.9586688960632268,0
0.017791532743757832,0.010003017,0.9464250927089454,0
0.011648247453267334,0.02782139,0.37991555707516794,0
0.024117885557282382,0.05552915,0.9497676823952604,0
0.012053317066606978,0.030334067,0.4103157517921821,0
0.017611528221279003,0.062536016,0.41496459109863076,0
0.025092688874758365,0.0267996,1.2187506086884368,0
0.03563224557157006,0.12857309,1.2881299937747313,0
0.016415096872175558,0.04382602,0.5421821802475292,0
0.019082012723713997,0.011304668,0.937302452063767,0
0.024176337500889957,0.028640244,1.064581097093835,0
0.04393375751354627,0.09041889,1.6926850104583373,0
0.060116411242245225,0.17562841,2.311359763891224,0
0.023457012609284227,0.037525248,1.0578920088979342,0
0.007546453372676347,0.01895978,0.29048104099231303,0
0.02346727987509678,0.041322947,1.0962883384794884,0
0.01770476254132659,0.039117817,0.4075838027100998,0
0.025110768425652928,0.06869056,1.0390380874064424,0
0.01540868530794632,0.018968347,0.6077248255379276,0
0.02451254827268053,0.048346665,0.3493229971129114,0
0.01527970920950176,0.013452064,0.6297231823230134,0
0.026625138024178426,0.019962367,1.1022221917289656,0
0.021033123215154124,0.0441231,0.8005438254951653,0
0.012911907422041936,0.038934205,0.2057085972765601,0
0.01504138506885087,0.026862433,0.4440319447338663,0
0.02507755987162035,0.04710071,1.0935339035798786,0
0.026164442403319492,0.03783418,0.706380624436086,0
0.012726985721027893,0.031560723,0.3846273681563929,0
0.025399150832643956,0.07020061,0.7378085890689737,0
0.018932062873584128,0.06423336,0.36267860114069717,0
0.051655609521064606,0.14739734,2.102555402266279,0
0.035026345976884046,0.12232615,0.8200893206375022,0
0.021124152619053115,0.07879404,0.7539414756403534,0
0.019766015755357844,0.024326585,0.6325680881041633,0
0.01301513225488812,0.027577365,0.2853744734237412,0
0.03402438489182667,0.10346288,1.1459433706808806,0
0.020486698755849395,0.022311486,0.8070917733401265,0
0.019506487554287785,0.039651554,0.4068904052013065,0
0.019104759864890807,0.03614743,0.7935162608777707,0
0.011566821928175007,0.035243273,0.3583656970297786,0
0.028505866710270045,0.10075445,1.0191618913986598,0
0.031029965491427978,0.13984063,0.9239616170735475,0
0.01973172506662673,0.029516265,0.8816206457261908,0
0.014534269379793411,0.034118682,0.1500341185340041,0
0.013428631328655289,0.04142758,0.5241536312627776,0
0.02536377491360437,0.024836482,1.0055660595774731,0
0.04779105282150841,0.058283675,2.0488601283976773,0
0.03314874556253217,0.21085337,0.6388151345728033,0
0.03381639245160774,0.115648076,1.1486783714767081,0
0.019823620234050827,0.011639533,0.9336491680165551,0
0.05644363811712949,0.08302173,2.7503409782974475,0
0.011032350653286147,0.04616028,0.3084650733838384,0
0.023917424939072375,0.03300915,0.666095121204695,0
0.07688026968624904,0.11443632,1.5931143566443808,0
0.026001403731573232,0.1454151,0.6420045205234055,0
0.02547737253820221,0.028936712,1.038417803163028,0
0.031163766676926597,0.010519118,1.5524160433156817,0
0.02865299918814727,0.06669762,1.0906960791520746,0
0.026898005194292515,0.14226352,0.6117536388352376,0
0.01977709640882237,0.03766585,0.36690375880091525,0
0.07585919846024156,0.022949638,3.8957528792893923,0
0.020184310191446134,0.029545307,0.8307040975560349,0
0.018212598463327352,0.03192114,0.42592524421722383,0
0.02611915560465524,0.044335358,1.1034276941813899,0
0.0028097772742654483,0.012335114,0.05381119183556471,0
0.018935578597186295,0.027903052,0.888713196215016,0
0.019693866271832262,0.09209418,0.5175727330945343,0
0.028676326479052765,0.07855162,0.7177449380583458,0
0.06285472384755098,0.18489286,0.0718692691458721,0
0.019609687263261462,0.06325006,0.47253166307779837,0
0.028298742090966857,0.08959832,0.3234086541011425,0
0.0088338451646978,0.03221438,0.1839303519935415,0
0.0227643113264224,0.026504807,1.1037991863269592,0
0.006957384257640275,0.018305395,0.14795091343586794,0
0.013070034712798436,0.02109514,0.602884224810509,0
0.050967557177155155,0.11613024,2.2455328952179627,0
0.04099955498951084,0.15887898,1.298319334245947,0
0.024866466771548357,0.051691517,0.18161533768896934,0
0.025300360612233917,0.07757999,0.40411792604357655,0
0.018585573705288523,0.06109888,0.6260524078028102,0
0.03522844243479375,0.11689797,0.6580544708169506,0
0.013048415895438783,0.026945297,0.46313428400919693,0
0.018489477909540454,0.042696282,0.6760074202141604,0
0.019095228470755572,0.061483227,0.563807593891792,0
0.021349180283629903,0.012437286,1.1303506722964431,0
0.017954175345451216,0.01966939,0.6689332518014321,0
0.009461596661911553,0.019732228,0.32347440043769843,0
0.016638111697328685,0.0066468855,0.8577409203726744,0
0.007960976433393663,0.021390794,0.32310850766809524,0
0.020417502327196534,0.035557076,0.833652265958358,0
0.012888234355921903,0.07862698,0.17837926224201103,0
0.030470151073488876,0.009888995,1.663754025392147,0
0.030060977345485684,0.056003764,0.5591502692318081,0
0.019027052589523665,0.026665092,0.5577731593759251,0
0.013842154930940345,0.030018944,0.3940962152975824,0
0.012866955817259485,0.02246345,0.3114502019622146,0
0.013214128469277966,0.030016448,0.4065938191135291,0
0.04647237362207676,0.045414515,1.6846066730961904,0
0.01896982287945448,0.046753667,0.7037061309691844,0
0.016950412701549546,0.068717085,0.339342530385132,0
0.03840859028751216,0.06895235,1.4598221899326416,0
0.017767444337279392,0.019370643,0.6146254362278569,0
0.0205172631418318,0.021393783,1.0181921503830527,0
0.08499235994603882,0.07231842,3.3857478018272382,0
0.05059698392897664,0.045651156,1.9478711169988279,0
0.018871207594006616,0.03733268,0.6956021992190698,0
0.012945657377755604,0.01642513,0.6390220475255167,0
0.014412566732611177,0.042045027,0.46520638240958834,0
0.024764321396965508,0.08385861,0.8429867299307983,0
0.019773331697105483,0.022437895,0.8505291859607694,0
0.01579847979924363,0.042465933,0.31476193164011446,0
0.0107542932441594,0.0223297,0.4343167719439869,0
0.03255194451550486,0.06500106,1.4356737885837114,0
0.035768752064329404,0.027697647,1.8604830631942704,0
0.02003714043151501,0.0402435,0.9130548972260029,0
0.016945872678814314,0.028173998,0.6830547082288924,0
0.02895742740318657,0.026622156,1.079759308480536,0
0.00959520405571036,0.029033972,0.2038734843428282,0
0.020453492305928682,0.024834633,1.0212436487236045,0
0.021647524125773296,0.031065572,0.8800818295158522,0
0.015636111430565994,0.019192316,0.5769575948751463,0
0.04150681269969987,0.087929785,1.549641471182283,0
0.05706529547494111,0.07976908,2.6847858101011712,0
0.03471958195490243,0.07278338,0.41271339388692907,0
0.02627805557039595,0.03079855,0.9503383441684429,0
0.01276396195954544,0.022132004,0.32030082978320196,0
0.022055731785756587,0.025970008,0.795610459463345,0
0.02370825344125247,0.11635299,0.5368914109796605,0
0.00912631312632214,0.017052542,0.3167046981924238,0
0.02384062421530488,0.03985444,0.9355415136461291,0
0.020902470281617486,0.123227395,0.44675699421697884,0
0.024526124107527643,0.013155006,1.072933645197811,0
0.018534834523520005,0.034008425,0.7663785759144993,0
0.035214317469569496,0.113263376,0.4323582032934001,0
0.021670987122386503,0.02543757,1.079263670063209,0
0.029335841163849453,0.00983028,1.5928096713675084,0
0.018418766031658068,0.039835732,0.4477569162155171,0
0.030199489408947528,0.023157133,1.578217171881341,0
0.016961822395078964,0.0197916,0.520603374715409,0
0.03446882209168825,0.02541616,1.6904454008259073,0
0.017763587347706992,0.023825089,0.8449606307278335,0
0.027770607455078356,0.11534357,0.6013330936599636,0
0.024370233014257597,0.009211264,1.2674119540074507,0
0.01474181029745401,0.025238035,0.38852171874501457,0
0.10619854124139293,0.044773016,5.01295231465747,0
0.06770855466537312,0.17184563,0.9924680538029681,0
0.014450844460666813,0.01364771,0.7418330003711341,0
0.017421598035230676,0.012362324,0.916844777719791,0
0.014108972297292013,0.015061041,0.5783575350754196,0
0.017888357378105364,0.0365535,0.33763356517823456,0
0.024587024905072807,0.040318992,0.7515251257159183,0
0.01432865342776084,0.028355941,0.5243986573801583,0
0.029648530145671623,0.070978284,1.1875990265448535,0
0.034098861022578184,0.051613197,0.871468704350188,0
0.015951636899041326,0.04768519,0.63162834422175,0
0.020724616649352,0.060702413,0.6511032937123127,0
0.021023600047082903,0.073961735,0.7249282460001417,0
0.027411961295558784,0.022644397,1.4102595240416824,0
0.022187846296781596,0.065003484,0.41767319426629745,0
0.031335048266672196,0.13248676,0.9711729590674218,0
0.023527325240047227,0.020243917,1.1951746017058762,0
0.02608622137634901,0.114708506,0.8262297303177396,0
0.020755324582728628,0.03899461,0.6986327334551169,0
0.015683080168253698,0.038138162,0.598103983172789,0
0.041149179018977626,0.019756898,1.8676345755286083,0
0.0297404089149127,0.054603886,0.34771569467167973,0
0.03047799827917237,0.021673704,1.2093057746898332,0
0.02884307481450907,0.046115533,1.2492770714145665,0
0.04011775517791727,0.026271248,1.713298504925137,0
0.02485859655005577,0.050972298,0.14445096648602868,0
0.02629542400037014,0.13538629,0.7294041472654748,0
0.003781357424018729,0.020259364,0.07452229266205287,0
0.04188778831718511,0.3379102,0.26266037966727135,0
0.029450179245791727,0.066743106,0.4894470433258426,0
0.05950982444442695,0.01874837,2.9554466765440175,0
0.015575133999669455,0.022961656,0.6702019891088699,0
0.012423934404714709,0.03275693,0.4678124889509755,0
0.010576649252430707,0.037971728,0.23113283632464063,0
0.013395291245615178,0.054390207,0.4214493231387333,0
0.023238222257654435,0.03129039,1.0905662811238832,0
0.025390120371040013,0.11219621,0.5779968695787407,0
0.01681106230675959,0.014782841,0.7564033341371802,0
0.022193228252764954,0.041245416,0.4218482984735424,0
0.04245998544179053,0.07517848,1.9625230148232815,0
0.02214232014721699,0.08756114,0.711074624579097,0
0.006168179563345337,0.032683536,0.15645254658769678,0
0.014111969059809652,0.03085289,0.260815063590086,0
0.005920771889859613,0.020789158,0.08310189289313102,0
0.02185239127844773,0.033998553,0.9524312982651965,0
0.02939649775797882,0.14772607,0.8228720093193768,0
0.06703741268533667,0.10518421,3.220662352554746,0
0.0070310622628590655,0.02168235,0.24488546003351958,0
0.03045730599230544,0.02706111,1.277795007068037,0
0.014901444051321551,0.03465903,0.25256053010997526,0
0.016653468079162525,0.036457833,0.6516445599755634,0
0.043686032290343645,0.033252526,2.269874979001967,0
0.023173234812195957,0.03088809,0.9248934933889257,0
0.028616767232080252,0.058113277,1.2406581508784313,0
0.024409397592674496,0.11180255,0.6312180736553694,0
0.019198631819177442,0.083315656,0.4941462544199102,0
0.01965565642419603,0.040905304,0.561260836887911,0
0.03439332654529279,0.08534127,1.0743493322800386,0
0.023755667368593265,0.19992058,0.2144884097320295,0
0.008972002236957807,0.030219967,0.2383033016093522,0
0.021533539835747344,0.07536284,0.7931497591168822,0
0.0330234785479634,0.052661043,0.903082600990221,0
0.012932306923023334,0.045378212,0.33990440801795696,0
0.02565550009160649,0.027902624,1.2702928939664335,0
0.014883383830046833,0.042030048,0.5949031374903654,0
0.02398184044546159,0.05349613,0.50457121243535,0
0.012488751876830018,0.038243048,0.44323569304097604,0
0.017414281153057792,0.041082725,0.6311175105942158,0
0.040270969471137744,0.16728012,1.2447928095973677,0
0.0250366499790117,0.05862914,0.7975450858941323,0
0.02402711058038986,0.02218709,1.1628185374127218,0
0.01053080412579445,0.032347757,0.21764522282274737,0
0.03956043956725733,0.14627883,1.100060478096888,0
0.015006534165757974,0.024649503,0.39010574042334584,0
0.00970850293558291,0.029517932,0.2537602386683644,0
0.07025064238929647,0.16652799,1.1390822216521777,0
0.02435116235834557,0.04992124,1.024701557465356,0
0.059056114641563406,0.13246676,2.133281001129549,0
0.007499674773280418,0.00537004,0.3922437052083443,0
0.024065470780262364,0.02926509,1.1457553215278984,0
0.017009405280484627,0.014563252,0.7387488770890913,0
0.04337355117859576,0.08224221,1.544763498380779,0
0.04916259301897395,0.0766412,1.0970025683385234,0
0.013684077408744211,0.010326956,0.5921534546435201,0
0.030213801026613352,0.023728922,1.518668139986043,0
0.025085832425642163,0.033348206,1.1065152163614584,0
0.03928263941802,0.07814038,0.6089795009924512,0
0.01325893676285006,0.071826406,0.2525562734156666,0
0.01393103642906613,0.041092496,0.3350702691422157,0
0.02631524995602489,0.041234527,0.9876642697017282,0
0.015200781995329928,0.014484905,0.7872401804882132,0
0.025139149308813703,0.038090993,1.2113041156057331,0
0.018369557533410887,0.054871414,0.6037999397206042,0
0.018216183656474573,0.07922165,0.5044156208773405,0
0.022268588114096252,0.059441984,0.766823172709078,0
0.01222777614122915,0.010438237,0.49427698634939415,0
0.018325921628993096,0.02637227,0.7090753958686961,0
0.01800818910727297,0.03443245,0.540520030357694,0
0.01999728085522083,0.061382182,0.33365302383089634,0
0.028203986449425244,0.02239408,1.3614813963591683,0
0.024722249073644287,0.030111464,0.9784711193278343,0
0.01718793485836514,0.037167642,0.6354771998872101,0
0.01079951674301095,0.025387168,0.252652368943434,0
0.013977572162258143,0.030910444,0.3760672450272327,0
0.02222438001217212,0.011299823,1.190196412430232,0
0.022069340025744594,0.041222624,0.3377894287177704,0
0.017489584258263954,0.022216922,0.8497461079454222,0
0.02646552687223464,0.06491853,0.8177935488967152,0
0.010484066047585346,0.023657486,0.226297091247557,0
0.01842380168608728,0.04557754,0.4707687836389422,0
0.01691285519008591,0.038373217,0.2428838737413583,0
0.03172708146491725,0.24615264,0.37722560208786043,0
0.01687483394156606,0.01835912,0.7471633699966296,0
0.007247191326523427,0.022005651,0.18515823397661202,0
0.03130753773798332,0.11223649,0.8170635499544756,0
0.027970119532450828,0.11743269,0.67636530765916,0
0.013307569963513045,0.0115271015,0.4856048626216886,0
0.01797344540107987,0.06504527,0.6409523181007591,0
0.010203930538589921,0.037030622,0.3352845408699721,0
0.03737831597834924,0.15160355,1.2223398947187494,0
0.03866577917337019,0.060240503,1.1319524304892596,0
0.04237946338128263,0.05491151,2.098955488321463,0
0.03142021013828597,0.0072043412,1.7424419415985257,0
0.019623912825301452,0.080187365,0.48927104698951185,0
0.03269079867754917,0.04408665,1.5095050930754357,0
0.010853706108440452,0.019605085,0.40358857797317615,0
0.016443764933613284,0.015799507,0.6850156882937388,0
0.01904637108973389,0.054061413,0.18925574987193813,0
0.01782133288060763,0.028688585,0.8523777249170953,0
0.010427491826019854,0.026651928,0.44194040493734066,0
0.020380280918170034,0.10516174,0.329932715102249,0
0.025710031263235237,0.038433593,0.544800213475156,0
0.01862100234169206,0.017984541,0.8106418297541323,0
0.033613950895551026,0.025164023,1.7568471014861973,0
0.02137301878190529,0.051605515,0.6494942766206627,0
0.017743635285067845,0.049495112,0.727188379810492,0
0.036552607111349215,0.06827696,1.702317957291621,0
0.02275225891148097,0.024942812,1.126094568252495,0
0.01391801990348658,0.01784927,0.6045486253377598,0
0.05033618625416049,0.09555918,2.260215167696181,0
0.023855404565671555,0.031572357,0.6227297769143207,0
0.025923700132223903,0.041898727,1.2244428132829794,0
0.015181083703851711,0.02628138,0.6921520008447596,0
0.015576463654392698,0.039283425,0.5811865325406106,0
0.009726779667070772,0.04615194,0.2298730389484143,0
0.028664827222880798,0.0419781,1.374234027225991,0
0.022435680146933253,0.080183476,0.5925002941589473,0
0.017716846769697286,0.056973055,0.27363084461695336,0
0.015900600918437938,0.030117065,0.3845179448301797,0
0.016229051732193394,0.028754942,0.6462562833684898,0
0.015907334079988608,0.022684393,0.7592777875203037,0
0.019199777917260366,0.049620748,0.6400858719325189,0
0.026032845749999967,0.026734974,1.1666122266875307,0
0.01182627205984592,0.02000653,0.5226217658275212,0
0.024631085901961034,0.022680817,1.2281226998236638,0
0.0249571002916577,0.0156188095,1.2703792811810242,0
0.03565313453830711,0.08838657,1.3081634912818436,0
0.01583826445231627,0.031232644,0.28273034258098007,0
0.018963267832654257,0.027289268,0.788816028166137,0
0.035177723365584765,0.0109348735,1.7626770230216604,0
0.02526058204180559,0.12207183,0.6491750328104994,0
0.021125586489506458,0.09979277,0.5867092887446563,0
0.029540995312014526,0.07854369,1.1196704661313839,0
0.014547036817427295,0.04301258,0.4277040897385459,0
0.01798850590302851,0.0610781,0.13071430014182656,0
0.007325419013110545,0.028444398,0.25000057290395344,0
0.03243453732030914,0.046211854,1.590944718259935,0
0.026886718477196966,0.047833502,0.6337235281920149,0
0.030253341064816995,0.071390204,0.5413075190484574,0
0.1979866306199793,0.033854164,10.537891134239938,0
0.017080404799862052,0.028443607,0.6687004661810835,0
0.047304800568942845,0.13964412,1.63791462632076,0
0.010776842311062684,0.013080686,0.46431491615336934,0
0.024260757590776533,0.02674631,0.7554731959080013,0
0.009878559447855092,0.01929186,0.41790324019724123,0
0.03815677511847078,0.12821242,0.34128968188499265,0
0.027362144441810978,0.06148069,1.183701312072108,0
0.03738173762325184,0.095369056,1.507822323352368,0
0.023775187093307906,0.12310876,0.36948392594324136,0
0.027017527175539742,0.053232484,1.0986168733393693,0
0.04265235240950661,0.109468214,1.7811658821111214,0
0.01915190744859369,0.018232344,0.9375080188467669,0
0.038432947825382514,0.04790093,1.8996254187602588,0
0.019291727684060362,0.034640227,0.7972701524388836,0
0.022140807560615084,0.021472013,1.0776001110190265,0
0.03585455748976468,0.1340159,0.9369705774526528,0
0.024021970621678636,0.05038883,0.7403412023118425,0
0.019860438227849903,0.06318516,0.7590731090656697,0
0.02859252676787792,0.12989897,0.8306478447244714,0
0.01164332409921915,0.042430207,0.39929662379227304,0
0.01365499201644229,0.034653816,0.34997222480259954,0
0.031116497297486098,0.019833574,1.655532737383012,0
0.02559090809319238,0.047221605,0.29438223825649995,0
0.015013502337031918,0.048326973,0.4903719578473739,0
0.008996728218886273,0.033422083,0.22257798210958346,0
0.01744882037797663,0.024825929,0.6017667048519872,0
0.02229085303814024,0.02934107,0.8589619326337153,0
0.012457497300849524,0.011211384,0.5918604442061147,0
0.03895100790133535,0.025551885,2.0572862495998243,0
0.01792137541406114,0.035985302,0.7265854827638966,0
0.043363459564363334,0.05696185,2.152332341807043,0
0.023885049843139067,0.040088847,1.0425052191483888,0
0.022315917156041365,0.0657111,0.7327647637467255,0
0.008845257341849332,0.010202628,0.3995224640648393,0
0.02849895974015008,0.053366493,0.3911566635543402,0
0.018327999043717257,0.050530385,0.6118828502296657,0
0.018278911805462417,0.026144752,0.5230761692455607,0
0.013218828705276693,0.040838223,0.37986965491012586,0
0.04557131868058868,0.022786982,2.3501737163116707,0
0.023030920917685938,0.017408907,1.1142928311718392,0
0.012078595051987603,0.012288596,0.48028514507246156,0
0.026393850098941893,0.02230965,1.179049412494789,0
0.02336578811220054,0.07318862,0.29833060055416466,0
0.02226033782100019,0.05067088,0.8866491468433342,0
0.029774871781108596,0.13614859,0.589049555162671,0
0.025024772742614842,0.21403284,0.17716759011828595,0
0.020540402214115093,0.04670472,0.7171240226278335,0
0.0241954999919927,0.053335175,0.9836627023748479,0
0.017260041172014542,0.06976342,0.12927558221157914,0
0.007709060787999001,0.017211739,0.29568905397652556,0
0.02130968765244572,0.015503653,1.0831546846595739,0
0.030406865674125337,0.21559455,0.5058705656528656,0
0.011097794082941302,0.01808029,0.3476011954182621,0
0.02215557653102196,0.109337874,0.6266798431626512,0
0.025874266301495703,0.035992112,1.1407475603486177,0
0.034992219908788535,0.10314722,1.3792972071697707,0
0.01727970433595363,0.040979877,0.5188788125151583,0
0.019710514536222856,0.093850635,0.48039472946121,0
0.016652259089266305,0.024579754,0.7591810916893921,0
0.03840283010118748,0.03574609,1.6615041783368525,0
0.008696662135341076,0.0085449815,0.3539613530033079,0
0.0072881583908780585,0.008924222,0.3004450130070745,0
0.026595450148368532,0.080589406,0.4397313755187197,0
0.030562960835191045,0.12206749,1.0267643720768929,0
0.015594887107617396,0.008620482,0.7985995797339166,0
0.04376924621171303,0.23741488,0.869419382489886,0
0.02897031506799768,0.026400093,1.4058393709652688,0
0.025650263960843998,0.07758579,0.9930302757336941,0
0.012170608548272628,0.04239656,0.3701388859256682,0
0.024214670885860073,0.11227084,0.4980950608785916,0
0.019490382135570954,0.1132833,0.42354282999389464,0
0.026380374741862934,0.04691305,0.6438114269956651,0
0.01754957855567354,0.026582444,0.6571746812035056,0
0.015069019720479996,0.054939277,0.5272604134515265,0
0.0219758640182407,0.042506672,0.7579806334726278,0
0.047382555130892595,0.11871261,2.008329035853537,0
0.02074796522927015,0.040309664,0.7538465662093251,0
0.013893729666914356,0.021210996,0.6085376189413126,0
0.019530150291355606,0.051409833,0.5615653040961478,0
0.012689424437172858,0.04909933,0.4400078694881279,0
0.03200962390508686,0.026034113,1.5771514017334665,0
0.03515615822120699,0.045153067,1.5121525199264372,0
0.028175289439745007,0.067659646,1.192912504827037,0
0.0377542797602046,0.014254425,1.9286692087889854,0
0.015297759502401472,0.025002915,0.44842543467079854,0
0.009136163472422194,0.027660843,0.18441155008849114,0
0.029981989184496845,0.048095334,1.2308569579845745,0
0.03909157569966468,0.09984755,1.459990383458882,0
0.011296171352056291,0.012188861,0.5362541470147931,0
0.01764346654565871,0.050601233,0.5742943623217176,0
0.023285301601272002,0.06287375,0.9110178466167854,0
0.013987801422870878,0.06367283,0.31409459534310374,0
0.025695992817513752,0.062409114,0.6091926400939548,0
0.023210803096715638,0.046611052,0.7180454105842332,0
0.013701547107317181,0.015879538,0.5343904352300892,0
0.016249602095688362,0.03489529,0.6751156887574795,0
0.02580854610431846,0.033887725,1.1920779514440605,0
0.017288635726324657,0.010837858,0.7988785492722181,0
0.018320859503395223,0.03010104,0.5870745080368395,0
0.04323110078576355,0.16797788,1.0703725524496193,0
0.06029428943791773,0.052251868,2.4467113419382653,0
0.0292283874922011,0.04105723,1.4328470411379708,0
0.05123758932161597,0.13766164,2.071236168993534,0
0.019832706486192127,0.030870587,0.7860302525746863,0
0.021419624426559064,0.056059226,0.8917688200640478,0
0.019596066871062974,0.023614282,0.9415284415311761,0
0.02853248446361219,0.024448335,1.3667395511606124,0
0.03906854748319154,0.10342433,1.6242145789239744,0
0.004758473570844048,0.006134796,0.19733615618117167,0
0.013444673851968661,0.04262358,0.46190206137479217,0
0.01676170791157544,0.03618909,0.7472791817352268,0
0.05143460291090407,0.071670875,1.6170671547150486,0
0.011719596152120149,0.029821478,0.28194052655378604,0
0.008558722178109095,0.011047672,0.4071659105535523,0
0.01822302139493459,0.033761915,0.7711262352073898,0
0.011833613102770542,0.0240017,0.4950906278388426,0
0.022817547589442613,0.03646306,0.8412123503575745,0
0.022598261105228355,0.0663394,0.5483728951810958,0
0.01374328327591294,0.052929614,0.1896246237339337,0
0.01789235041316213,0.03818172,0.6806801624871004,0
0.03319025335763628,0.075156376,0.9570473433667628,0
0.04075680016763137,0.037713237,2.059527962069794,0
0.023326300807384966,0.090452254,0.7486760194409224,0
0.020506961451787382,0.10729737,0.49866176964596703,0
0.03260360285499557,0.22034873,0.49994071213892305,0
0.036584077121086855,0.11244975,1.3076122196101718,0
0.0418260206040664,0.04505262,1.9502647429876068,0
0.026722958665533834,0.107464194,0.8256308325600732,0
0.014871615356134927,0.022390813,0.4017935297828038,0
0.03227933393361675,0.14544389,0.9617522079797785,0
0.026465845183186332,0.024044497,1.1252231266657557,0
0.029052322116519206,0.10412497,0.968714062142938,0
0.0126083828901358,0.021885976,0.41975525410754005,0
0.03052584614648793,0.040362336,1.25770408193949,0
0.01956963170201028,0.022183176,0.9902135471987935,0
0.03363917096603811,0.028019909,1.6436188985102351,0
0.018251821166367248,0.02074603,0.6640232137908498,0
0.02088362011750655,0.053813048,0.8489661192439308,0
0.08325289224474579,0.018348485,4.648228163397762,0
0.020607867710206965,0.030712048,1.0000310730245598,0
0.034181258309629176,0.14349464,0.9413815288917823,0
0.00785504437534384,0.024454976,0.22324191424455833,0
0.04082842177710274,0.087401755,1.7917906893781652,0
0.009029264852777028,0.012913129,0.315757420843793,0
0.028466005342439933,0.07759037,0.31441337760551574,0
0.026927073531872278,0.11241569,0.7255092596433929,0
0.05950319800516021,0.007852004,3.3548482836413416,0
0.009315115199793503,0.007226846,0.45998462106167165,0
0.02018771073978518,0.037402183,0.9357913503269683,0
0.04594212613267426,0.069023035,1.0188419395085881,0
0.01797562737036376,0.090959586,0.45193643092684793,0
0.00965324757516265,0.03680239,0.18542691788033583,0
0.02588820156325714,0.029896066,1.215876806337091,0
0.025858877519225106,0.07449996,0.9772551055513833,0
0.03361919235156939,0.05034597,1.5830532166279876,0
0.020470889076123485,0.032372657,0.4760332238756209,0
0.01583063078196561,0.048250172,0.5548390711557697,0
0.016225301246463562,0.04046341,0.39263350743177194,0
0.01573117611057829,0.040321343,0.14926838049107713,0
0.02596592255120621,0.054041393,1.0969913220698484,0
0.020371482788430956,0.020632077,0.9388122808161639,0
0.019953314072517377,0.051220674,0.14264048852729014,0
0.04004543395140171,0.04569969,1.991992750643829,0
0.018806777426379956,0.031158376,0.8251187347064426,0
0.02937340169946881,0.07156608,1.0774900314697597,0
0.026373768060077046,0.027626146,0.9744644134397626,0
0.008809861602328793,0.017136129,0.25699092965624637,0
0.038212276923027214,0.07467809,1.1917376988302988,0
0.02189958018469485,0.0712685,0.7139884979986573,0
0.016371414866580877,0.009907936,0.6971845084421332,0
0.028119559290033486,0.025245214,1.4397989748922162,0
0.01581953577416182,0.024824794,0.6049995976140384,0
0.020923220631942605,0.03510317,0.9736776750435138,0
0.014277740968760555,0.021124972,0.3383681920903076,0
0.054750402221521915,0.023419071,2.8317800078751327,0
0.01930339034035064,0.06510398,0.47800916440851055,0
0.020006108891721636,0.0119167585,0.9889071301829094,0
0.009095312096178532,0.045458402,0.0,0
0.03386299242104923,0.039480623,1.0836806550876226,0
0.04574858843372796,0.09305903,0.25409289769015986,0
0.0180107488816093,0.027143275,0.5668566814701153,0
0.02491102949063163,0.042450562,0.3883441853271996,0
0.03241477027981801,0.07356625,1.096965229830367,0
0.04347670998579538,0.21325961,1.054181742190876,0
0.04080464606194739,0.046970047,1.7024191059117169,0
0.045469544228516706,0.037736274,2.374576755674001,0
0.01892619253112262,0.050376043,0.7859221729633828,0
0.0430842463106994,0.13780902,1.5119528311308423,0
0.02046268518124489,0.058561586,0.5686806383821732,0
0.020827028346504094,0.05243926,0.7844690990710435,0
0.006287378215102255,0.010681571,0.20897244992619343,0
0.04375640211765672,0.07774086,1.9574040978645986,0
0.025279410960168905,0.020016909,1.3279794241208815,0
0.033559434130496626,0.019584542,1.757436889348326,0
0.009568539695280157,0.007082265,0.489581563897446,0
0.01771973064151757,0.074278474,0.5017932356029329,0
0.03582714061027141,0.071793094,0.6508903105275039,0
0.03336599992892436,0.06928396,1.3051263469641468,0
0.030051123390113565,0.019800792,1.4728752016817788,0
0.026796704372506634,0.045664053,0.5458008557421576,0
0.026535579347220895,0.07846558,0.774831460102347,0
0.01997313637913599,0.05159723,0.19147260794971344,0
0.042179435273551356,0.010724175,2.262864831484509,0
0.02760200078225486,0.047229853,0.9716325979818056,0
0.029779283477359458,0.04811491,1.4144410452248892,0
0.018408589102130404,0.036830384,0.6475133013019972,0
0.017413897541002085,0.0127934525,0.7745186715595844,0
0.033108837267247254,0.11815205,1.0268966538358288,0
0.01820927928173089,0.036061846,0.5392696751554346,0
0.01124399746643177,0.015473823,0.5076954501311315,0
0.05665098833963533,0.0379533,3.0195277838148806,0
0.028487787971436106,0.048837777,1.2161530635600744,0
0.030763073333978472,0.037523497,1.378159577414331,0
0.0177283000047829,0.039857224,0.6143730443576281,0
0.07620924495880575,0.13869624,1.8667744600405773,0
0.02060461509291368,0.021179816,0.9954623716963532,0
0.007962444891490915,0.02892659,0.20271924623847565,0
0.03231644757057279,0.034891516,1.641663453701604,0
0.027282107765575943,0.03204242,1.1393699038049143,0
0.032001791590587775,0.04708554,1.4563872067526358,0
0.013639952326878877,0.016179271,0.4897583831041398,0
0.013440899476599967,0.025145326,0.38729989621212496,0
0.009456489441742658,0.009660634,0.3870270649251635,0
0.015057023795194135,0.038597584,0.518197204565594,0
0.01860106007771232,0.07573425,0.5050319873161883,0
0.025988068300831592,0.06297942,1.0424087893994163,0
0.02807042489056797,0.04065798,1.335549242119668,0
0.03637638402831649,0.032382023,1.8735912689424767,0
0.015276219656401045,0.024492899,0.5191734821276132,0
0.01910260061172919,0.060809355,0.6444911658664054,0
0.017244283498240004,0.035916194,0.5454311283629144,0
0.04159641173097815,0.07259289,0.7096634317994408,0
0.02152878121489063,0.088253826,0.5364443813048251,0
0.025089750400667025,0.0576317,0.7865574536164952,0
0.05476367308101587,0.3089179,1.1360206601502838,0
0.05303671520879952,0.042263113,2.7423277460515725,0
0.02489013563101767,0.1277042,0.693866625151641,0
0.06358101730788807,0.31131044,1.8410912309803014,0
0.0264612627580497,0.041696373,0.5196009069072619,0
0.011070728044395335,0.021089382,0.34412420557379036,0
0.03499401781262486,0.086809576,1.4481592002375518,0
0.01868587203687371,0.03567973,0.845829646602527,0
0.019500784485043846,0.07741604,0.5802418537010008,0
0.023778603692953645,0.041579112,1.035971359685436,0
0.02317865098087956,0.090442866,0.6530538622994112,0
0.020377813511584325,0.015452059,0.9636773610263996,0
0.01399293096949332,0.028599074,0.45523657567414194,0
0.021682860611415535,0.059246507,0.6661708308088174,0
0.017877869929549327,0.062503844,0.46115375772164097,0
0.013954610903429886,0.025311088,0.40566176293423806,0
0.034980534936775165,0.045152064,1.5426582756846758,0
0.024064094626167067,0.044003688,1.0715058220030966,0
0.018869080791520595,0.041862648,0.4743310367230622,0
0.021085196311472126,0.039814316,0.8406258334215537,0
0.018544703224792947,0.09351812,0.48399598063995786,0
0.016647526656502577,0.014197313,0.856071638704667,0
0.012621383470786255,0.025324715,0.5551133293138368,0
0.014428061399190388,0.03445147,0.35103314149704856,0
0.019557568533464596,0.031161264,0.6266016243664788,0
0.011660874388355521,0.019099182,0.517363539493827,0
0.06616991106274193,0.03126713,3.5991169299550436,0
0.020994211497718573,0.050688613,0.849717604954078,0
0.020587180397520184,0.06392549,0.8072914678586925,0
0.019918317073704096,0.04755774,0.7662637474628929,0
0.011800728636644595,0.030757476,0.3051757277773445,0
0.05127183354562964,0.024903296,2.77389720023199,0
0.030037202981731917,0.07888851,1.2425268358180515,0
0.05397539782548108,0.05331465,2.7258632434191696,0
0.014386351598205085,0.028276686,0.5621831805603321,0
0.03636593560076707,0.07744509,1.5040171547190895,0
0.018296475176277048,0.021544263,0.5150655059849346,0
0.03665667456874755,0.10197826,1.4936550955286425,0
0.01946041657102848,0.017517231,0.7612771532978204,0
0.008268595663347155,0.013981688,0.3044992908490333,0
0.01611459774779283,0.027220437,0.5438034175384164,0
0.027456828291277813,0.15360507,0.5861130943609699,0
0.012749895869468559,0.02905813,0.43543984462817165,0
0.016672849592052306,0.021372171,0.7231638838412441,0
0.03363252617218983,0.07914604,1.4657324489523522,0
0.01449401624647128,0.07093432,0.4176363959942888,0
0.020148375421273033,0.044669487,0.8322526740274476,0
0.05747641346097136,0.26238206,1.7660775861567535,0
0.03750215870758844,0.22198111,0.6880896011294301,0
0.014177204360684214,0.056768365,0.30735271069632136,0
0.01989698823466636,0.028292364,0.9522359158542893,0
0.023317669768306487,0.06740232,0.8242748739638799,0
0.04076225685648068,0.04381977,2.0093735134725152,0
0.01937833772245228,0.08009496,0.646068591022916,0
0.023946448674642438,0.0067023253,1.3295611141970964,0
0.030897140055986053,0.12267983,0.8767799922848871,0
0.031215318359946995,0.15994722,0.8451548478527056,0
0.036004455551976226,0.040542,1.829418506020447,0
0.024747158032524426,0.03978092,0.9333386588798996,0
0.017953913297695398,0.027443787,0.5850190486121858,0
0.009338598385160345,0.02175928,0.3144876247126662,0
0.02578597581914756,0.04380684,0.45871917106472393,0
0.016790635027004626,0.06389457,0.3978889391090183,0
0.03580017217594091,0.05793152,1.6626041766793582,0
0.020005935190660667,0.025341086,0.8272765592895361,0
0.02012533051691504,0.030973604,0.754267640342437,0
0.00837513393272276,0.010242555,0.3834953695849651,0
0.01435167473261521,0.04616973,0.35000068590273237,0
0.015139803432600695,0.051335596,0.40667790234669915,0
0.018588248170670882,0.014623657,0.9284507455822877,0
0.019744479541448787,0.08736329,0.4168451364651912,0
0.06784318276535133,0.06360668,3.4538768691392425,0
0.020584773046516878,0.0139261745,1.0144135327569574,0
0.02143516690824135,0.06246918,0.8190387039555915,0
0.018841816179000184,0.039030522,0.20544867895535945,0
0.013938159595646257,0.019518109,0.4142254350536745,0
0.015339623070723356,0.039102633,0.6395006524749034,0
0.029080574460299505,0.026891675,1.4518321370652547,0
0.022648651201113527,0.022592911,0.9816646456767674,0
0.015869277567580012,0.030643886,0.6207729773626376,0
0.013901174578883286,0.013047423,0.6018563019275226,0
0.022631279369706728,0.0884657,0.6266044994361694,0
0.008839760485625776,0.022283165,0.3584702081297403,0
0.00889696804487068,0.014356147,0.35388322378507303,0
0.024816975118791412,0.05763801,0.8861690803507201,0
0.021820974572509585,0.036445424,0.7734582542922956,0
0.018529601065727073,0.02503864,0.5792885483986204,0
0.009244684564222502,0.013883221,0.3107252338237958,0
0.0342237574850774,0.23911266,0.4621512918433347,0
0.03975264010154714,0.06378,1.4483454710346735,0
0.012037411960868645,0.015296412,0.5831344733763596,0
0.01901350587921861,0.094818756,0.5336082345360669,0
0.012156712290280149,0.024959743,0.4685597511029984,0
0.02164039643199204,0.014387204,0.9598816081480273,0
0.02397541333802341,0.042927846,0.4150575784134802,0
0.013756920290449295,0.023005996,0.5753888459680668,0
0.04137839323166017,0.007807472,2.3238216168234014,0
0.015814846481944055,0.032599572,0.2885409737136567,0
0.010912963386048108,0.022352647,0.3571256301002583,0
0.011339728818862634,0.01502298,0.5589557934405431,0
0.016634451544251812,0.04557329,0.5426688197905591,0
0.04101148183225749,0.050886575,2.033034424280495,0
0.022076239047698724,0.017896274,1.1493223313191143,0
0.04883622219076575,0.04065634,2.031224530064855,0
0.012651058003778335,0.019932672,0.525358799457677,0
0.016104223763565587,0.014163879,0.7329562628615496,0
0.013882880118210794,0.031367056,0.49693198830338847,0
0.11498722391006301,0.033367876,5.769686910545603,0
0.01965077706330183,0.041710883,0.6407592136290234,0
0.016218027376707914,0.026907904,0.7675660559723939,0
0.013520431544333222,0.037314042,0.5105122083532523,0
0.015180098489851333,0.03471147,0.6522768033594892,0
0.021832643820579506,0.01566341,1.1583431498002066,0
0.043014870957848034,0.021612225,2.327958694615081,0
0.02008325363775756,0.022292396,0.6927470483334454,0
0.021431427375116243,0.04036627,0.9880855767876546,0
0.014639530514286667,0.018863857,0.5998667638100014,0
0.013412469583733377,0.02580619,0.17811402090174924,0
0.0094141787155662,0.0136495195,0.3871448031764875,0
0.061434136728159255,0.09949544,2.4363125768159315,0
0.012575026034896552,0.01758252,0.5499972818896197,0
0.027184833547214918,0.02517595,1.026265845326121,0
0.027405756303094126,0.08220517,1.0312911571606151,0
0.07510057165472878,0.13063273,1.3266129571575034,0
0.02047687950632615,0.07023935,0.6331906033154655,0
0.016239007973740692,0.02406545,0.5985629364467867,0
0.03199969728720365,0.15215208,0.4604156525403557,0
0.01724819626979102,0.05309418,0.31978421281869107,0
0.014090401044689577,0.03408597,0.4403465869966864,0
0.023748293016611372,0.12824585,0.2744623718311897,0
0.006698696221560054,0.01145831,0.20231995754552448,0
0.019933469282758354,0.06072788,0.6798550808669176,0
0.015237467282333949,0.0241769,0.5467941777703891,0
0.030507993449941078,0.02959302,1.2996692344717244,0
0.009986964571973535,0.018982291,0.2808868368357467,0
0.04730760879429022,0.11405052,1.3951443733022444,0
0.0474713244929374,0.092499085,2.1713111366520437,0
0.03176506211158024,0.050286364,1.3286227904357069,0
0.012272320980338279,0.028406644,0.36662901672054604,0
0.03410810441920671,0.06403831,1.3071604428791643,0
0.04001350375964322,0.08274068,1.0200707438677463,0
0.039167845263336776,0.05525394,1.9264231385224895,0
0.02586266658766384,0.093946025,0.9282204561281875,0
0.021778869325989412,0.032478705,0.9925798388103748,0
0.029847709527933947,0.07845127,1.1853261334604464,0
0.013118441658162961,0.022244455,0.5876374449524884,0
0.029144012192131568,0.07086533,0.6064785797163345,0
0.012276525296945166,0.01649058,0.5286541292485033,0
0.032489001295256656,0.05759938,1.3025905798676363,0
0.010257126097275582,0.013759947,0.47230096621153433,0
0.0366115108994656,0.051526673,1.1192702759291966,0
0.01250744347903118,0.024743104,0.3614848896617762,0
0.018662228266756342,0.013722993,0.8753953047769513,0
0.02913942940377847,0.060278296,1.024382544470842,0
0.041040450379104434,0.09446478,1.6985606337381431,0
0.029146175127971043,0.021656433,1.4774596968169194,0
0.043391932690199454,0.07347751,1.884372189823054,0
0.019327280307843503,0.06443059,0.599478190815062,0
0.0284080975940548,0.063749835,0.9388999761856274,0
0.03679425009553741,0.050285354,1.740208761407581,0
0.0359482451208307,0.16419715,0.8338421022784253,0
0.04234256876765288,0.037357427,2.2033735906231353,0
0.012840639898791197,0.04626838,0.18315659754478647,0
0.008043394001110286,0.017900178,0.14453691716850603,0
0.015735161684592075,0.06157942,0.5089657777777933,0
0.06834433125632072,0.052449703,3.117884607720374,0
0.013507726221563869,0.040834554,0.42891742189005755,0
0.030902841631978997,0.1528421,0.7337431856422569,0
0.030252655009601004,0.00678703,1.5682207967092328,0
0.012326135064056446,0.031644706,0.40885623077058314,0
0.010395745438675011,0.050029468,0.2759266314470697,0
0.03664146505946472,0.026322803,1.6843487965508555,0
0.036474985102288054,0.04268025,1.7736356444430728,0
0.011357497536628593,0.023902407,0.45828302140498,0
0.012951151611781269,0.033164218,0.2913966356106143,0
0.020123282044200868,0.0223927,0.8541085692202965,0
0.05638921873014284,0.06287552,1.9517898718911693,0
0.010893420181924553,0.012870998,0.49278385355011944,0
0.0133821083010323,0.032113872,0.43383682748041785,0
0.02822296950325562,0.14703585,0.7632806702078894,0
0.013917167049372183,0.03231386,0.5142239628574291,0
0.01638128514796186,0.0134717915,0.7068021689922526,0
0.014761230079161535,0.051838443,0.5201094929586914,0
0.03265568372194388,0.051960763,1.5172328706757692,0
0.01642047652891434,0.022812048,0.6184606850212383,0
0.010699291015219662,0.045622606,0.19880664968696468,0
0.013425963690885194,0.025358984,0.5143904172303826,0
0.01735266528404711,0.025983293,0.7191732946512794,0
0.02408389256162871,0.13535377,0.5123473628141046,0
0.009645547499015769,0.024083203,0.3631015682413579,0
0.021471865618892257,0.04319902,0.7501222254580049,0
0.0216720050308729,0.0058100037,1.183149345013107,0
0.04116143504468789,0.14667656,1.4315015869800782,0
0.025289563986433335,0.03783913,1.2029326264974283,0
0.02717214963748694,0.062217526,0.35557268533360237,0
0.03039856456891795,0.082818076,0.8228307637998813,0
0.06844480700746307,0.04076914,3.675491113867914,0
0.018554299175615786,0.008507125,0.9874088808215099,0
0.012940425694267873,0.028521584,0.49714912790376564,0
0.02740163261954297,0.020514492,1.228984778340344,0
0.02824618640998745,0.020465108,1.186552266937283,0
0.046107316184985044,0.10259663,0.41209635691509977,0
0.015533290347443069,0.08990682,0.35627886268087594,0
0.025068836670654012,0.08970564,0.7182946782704289,0
0.028733784152157403,0.07525083,1.1322175565529722,0
0.040761995044175804,0.061785705,1.4110044328876559,0
0.02573653850309339,0.084841035,0.7556174136776217,0
0.009106828713882367,0.04775979,0.22936516276942873,0
0.031394270068362,0.055313066,1.4377802364008436,0
0.0168078835147528,0.03163588,0.6437662201922272,0
0.0333158448423845,0.04349963,1.6553466117649547,0
0.04887450265117098,0.24279374,1.400987465022257,0
0.02063058799990165,0.044784848,0.4249148829034622,0
0.02331311184538875,0.06922572,0.32773399339321935,0
0.029213889550795857,0.023631288,1.3929552921528865,0
0.023899557755196275,0.051471237,1.0135947760639634,0
0.011429685255443005,0.016715577,0.4301157200265741,0
0.0173061864009892,0.0128035685,0.8458815175552389,0
0.015414503748699983,0.027187582,0.6337505144884178,0
0.023322462212020702,0.09103787,0.7712601647752603,0
0.00998915362846434,0.016591609,0.33609240010464936,0
0.013365723718941024,0.030564876,0.44800689208882,0
0.02163445440466784,0.05609724,0.5276920127398029,0
0.018930359529830486,0.0865992,0.34939634039604894,0
0.012650541218730604,0.017637722,0.5047635169450447,0
0.028482317756249986,0.10052371,1.0073190105569902,0
0.031203123064246538,0.14384496,0.5670651579337183,0
0.02220410472400052,0.0594877,0.8291677513824726,0
0.015408240478792596,0.008037615,0.8047412182445848,0
0.036612705645095986,0.05200292,1.149082709542934,0
0.04710443784570292,0.06879656,2.2821264716066683,0
0.01865041353077813,0.038068976,0.5056328234075675,0
0.023450460808620423,0.023578044,1.1803509271681816,0
0.020287644762571385,0.037725244,0.5790849258237178,0
0.040129863277033676,0.121850416,1.440527588512696,0
0.018157217975815203,0.05903183,0.5957089209015346,0
0.028785397317045488,0.043865673,1.2926371271006263,0
0.01668166341685371,0.023741942,0.4788016878603092,0
0.017189605546472454,0.025777105,0.5436942057254088,0
0.03642247430205792,0.054312315,0.9157835459002582,0
0.017804052071160446,0.02799264,0.62738557722311,0
0.027678618230196905,0.028693445,0.9859700379426899,0
0.012205039602927367,0.065662116,0.05310858867104911,0
0.0228802583765074,0.05964847,0.9231193489534916,0
0.03401344542951128,0.11692924,1.2733736146136663,0
0.018922389131161052,0.02973114,0.7943329175536264,0
0.015583396587869947,0.039586358,0.6519506103537946,0
0.007176140239392496,0.009858993,0.3373686181593105,0
0.023344533638736224,0.038521998,0.8602492594743029,0
0.02616073739023582,0.08513372,0.9252607477166729,0
0.017645575824518398,0.04056217,0.6618487067873652,0
0.021725327523405728,0.035434116,0.7702830574572318,0
0.025923320605433984,0.12356032,0.5405032607510593,0
0.006616172329046473,0.0072562187,0.2988018034427243,0
0.022669466108648943,0.03232549,0.6924210933365899,0
0.010878430809869173,0.016520044,0.49568547181871003,0
0.01791841047270435,0.05162831,0.45525914848097876,0
0.024394160847186132,0.026931522,1.0545694558161853,0
0.02428174487324291,0.061363827,0.9322654347475211,0
0.009965926424935961,0.02989146,0.22954038077441985,0
0.027103209557702682,0.08358583,1.039126873213674,0
0.010417448563789249,0.009648957,0.5220828900301516,0
0.029731512493061277,0.054110732,1.299365446923838,0
0.01045207811595372,0.04797319,0.31671186552412567,0
0.01749325911260173,0.033774443,0.5860529330162602,0
0.014223003476627947,0.03807273,0.5164085221971054,0
0.016084154452911142,0.029675102,0.5881292514266356,0
0.0314865858871437,0.054317914,1.2086992057518793,0
0.021004136805723828,0.08204321,0.4823608813344995,0
0.028064555883758193,0.08723316,0.6864275775681712,0
0.0220350411066465,0.037676904,0.9640294269000572,0
0.023450019379105472,0.06982851,0.7416695689610736,0
0.024457024593256466,0.06524993,0.9062280154522047,0
0.01555543774856182,0.023770498,0.6686545943529804,0
0.018141344261918872,0.04092931,0.799009620514308,0
0.020639997300134348,0.10685056,0.17010961512986214,0
0.015084827016980365,0.038914736,0.5697454150074911,0
0.02378809785465657,0.054319527,0.5809332330655684,0
0.04242142028247624,0.029901765,2.2294140026954583,0
0.008946396875364169,0.010948172,0.31053014830058623,0
0.008888394183446158,0.018267745,0.2743565104315815,0
0.02146100041112523,0.011410189,1.0220643568140908,0
0.022822650859433538,0.06289872,0.8891019599576353,0
0.006439103376172595,0.014628419,0.2508849266600582,0
0.014294295395962373,0.035544544,0.5391925720081311,0
0.012013337880695986,0.012627016,0.6094218119359349,0
0.01583513013294443,0.021449512,0.6252577687509651,0
0.015528335054885137,0.013566384,0.7962243362271658,0
0.009836857092463527,0.023748111,0.24268181732440863,0
0.026706583897771523,0.045364745,1.250279366782753,0
0.018014594090600654,0.036212992,0.7264809377422017,0
0.00641876369765805,0.010868685,0.29542292599233577,0
0.016059688681662312,0.039521184,0.30953037502465996,0
0.02190456644214884,0.033705886,0.48630381935246686,0
0.012617650031095329,0.019098982,0.6019515116114269,0
0.03826035581394259,0.18071571,1.0237544424209089,0
0.03350740799426406,0.041309997,1.6191093829312515,0
0.03035391823409847,0.07305128,1.0919886881236527,0
0.017054551519828702,0.03191276,0.6594065931964452,0
0.01673430690798426,0.04981893,0.16491653022193184,0
0.01907129534595304,0.06136846,0.6926361942536068,0
0.013554213937540964,0.016136775,0.6133301711946716,0
0.012072565009448496,0.012352297,0.6126702950088276,0
0.01206725052327144,0.022058386,0.46616305688585985,0
0.022685647208273596,0.0106996875,1.1714529062173933,0
0.011577143312828357,0.009353011,0.49235378490938975,0
0.02005791607822267,0.053122904,0.27897813725642123,0
0.01218875543513959,0.03466468,0.07083981354292687,0
0.012760842510879281,0.011224097,0.5419709916917481,0
0.03336300182644826,0.1023681,0.9400767381777935,0
0.014850927214080187,0.03845027,0.26963824200504777,0
0.017891854991097834,0.0141964005,0.8820919847639858,0
0.03769107666798857,0.11227419,1.3580109428632345,0
0.020448688997070974,0.07969773,0.6536603425463794,0
0.01938229159386301,0.048731983,0.5336974349874181,0
0.028400365832674537,0.093953244,0.8771759346875999,0
0.017344409051157743,0.034120098,0.6294715364890681,0
0.04524128170528062,0.06423882,1.0956009941808935,0
0.023819390880913133,0.03207491,1.1729601101348075,0
0.014133715667336238,0.022308312,0.6208243558367567,0
0.009420119583552496,0.034290873,0.2626854407477281,0
0.03764427929131027,0.15560183,1.1212354823339694,0
0.030851222523677124,0.19905497,0.5631607268094646,0
0.016315728709808477,0.023063751,0.774628845506267,0
0.06623620703616055,0.2291586,1.2817960821272094,0
0.016736208898632497,0.031225966,0.7616788690001814,0
0.011200769110099068,0.039564177,0.24415376991957755,0
0.06513645068184651,0.10677089,1.4522422579106495,0
0.03754462233946147,0.0886158,1.5420296786827594,0
0.015428135844907324,0.008543883,0.7076727234951624,0
0.016050320909643288,0.016066575,0.7965209648749619,0
0.01818555459421677,0.051958036,0.6836751519955696,0
0.0332724700993904,0.09050276,1.3523711448614784,0
0.008146793106130357,0.029726623,0.2494821437674708,0
0.031597593663735435,0.08368303,0.5751486644587422,0
0.023697880222093938,0.050615817,0.9031667533865428,0
0.008284242000069844,0.015059339,0.32505219056573437,0
0.042981693375620626,0.039277095,2.001597226579084,0
0.02506114182562883,0.026359176,1.1624781669595494,0
0.014158411372937583,0.024686735,0.4602843645603416,0
0.01657034311334081,0.024365209,0.6781780171626463,0
0.011505649650723386,0.03784164,0.10529575663752784,0
0.049747538567512475,0.11015052,0.4138777033760232,0
0.027374800557666765,0.02752424,1.1311063955769836,0
0.01513738930158267,0.074760586,0.3772339625031474,0
0.022142269946926578,0.07298503,0.6621259190309272,0
0.02627393090902025,0.11589083,0.7099730044687033,0
0.024757589418911777,0.078136146,0.806581266360542,0
0.05697879956572664,0.07187919,2.1122502041532614,0
0.04150611277051504,0.10412719,1.6993952073769354,0
0.02997762901451783,0.06337708,1.2426815790780776,0
0.029567977979832488,0.07198658,1.2551816817442976,0
0.027531406664213318,0.0784294,0.5158191309350993,0
0.04293065191553254,0.01843517,2.2321523510659964,0
0.022809216885610793,0.03953757,0.45732295409835383,0
0.014741639656038644,0.052372057,0.5065937728675918,0
0.02345821502409884,0.03940243,1.0567884575323203,0
0.011319162527514854,0.030956775,0.4608477492949818,0
0.01255308814782985,0.026274715,0.20213650108293474,0
0.016032304072653356,0.029590752,0.7309149071434128,0
0.023311806839760477,0.06980848,0.6995040052823758,0
0.016601073226166854,0.062254436,0.5279706957976052,0
0.010649215947288668,0.04291519,0.3187196815180552,0
0.02081164522652279,0.1049227,0.5558506613957666,0
0.022278858486662535,0.05574566,0.9118951488969285,0
0.03538017985796702,0.15384756,1.0646728579263853,0
0.03802481730781686,0.050216604,1.2814489663380944,0
0.03518568582387338,0.050816327,1.6005373834328203,0
0.007164756882159041,0.010134629,0.3247710526452394,0
0.010639900222894572,0.04074364,0.287528438974579,0
0.020176906265868627,0.03837435,0.8897956710164464,0
0.04537644335541137,0.08107266,0.5518468978380191,0
0.02835583289059754,0.01840325,1.3796046296256748,0
0.013295692206055285,0.017609164,0.5012581009995561,0
0.01771842493975686,0.12455479,0.23213272549218916,0
0.039843675626795645,0.21006237,0.5043054668284999,0
0.00820132206811246,0.013151703,0.2534308883480759,0
0.05360071644816589,0.036711115,2.8157073081426907,0
0.018360768384765257,0.022209533,0.9230591484514613,0
0.08137874582364887,0.07751474,4.218076622086227,0
0.012390774874868355,0.023041043,0.5171591103165636,0
0.013375398812757868,0.04332935,0.16069141229693293,0
0.007033648351635774,0.014128181,0.20764406925152384,0
0.014737324380448955,0.022798656,0.5737547566052069,0
0.0341666398833558,0.056548554,1.6162390947052174,0
0.020075720625725164,0.047381513,0.7348565247304517,0
0.03351378952271321,0.037909582,1.5258267474354354,0
0.016272750133796546,0.016345646,0.7565337590284344,0
0.017967936894899568,0.052715253,0.4410985970371018,0
0.025021906484590913,0.05566023,0.3285970663814251,0
0.028787016503603616,0.04845134,0.7468714531534139,0
0.022555016153688077,0.052301798,0.7725957906319247,0
0.022421933206039094,0.016605869,1.1155991407999564,0
0.018747850137424648,0.06167705,0.40029176351360135,0
0.017631898384508148,0.08120762,0.46915730213166557,0
0.016584154153468818,0.13285019,0.07018675338448202,0
0.032672134770298074,0.03531104,1.183879921557969,0
0.006833700494839311,0.022419684,0.23061473573412236,0
0.03655014017313206,0.08325428,1.3337219773258409,0
0.020448484593239315,0.117363825,0.2993344888658018,0
0.02539422262406226,0.014345379,1.358149935047076,0
0.010931644861208692,0.03516864,0.24628545798506848,0
0.018753143267261442,0.043466672,0.3379030789996445,0
0.05122240584692824,0.08864281,2.330467027284809,0
0.022990520292445825,0.032334078,1.1280211196796195,0
0.00966573548208027,0.04370558,0.29611775266727597,0
0.030916162811353072,0.017158177,1.6381640323479796,0
0.03347304595414436,0.13209721,0.5685130056465416,0
0.020734362921309705,0.039143085,0.39848426387141,0
0.02913227833510165,0.024567688,1.156515840911923,0
0.0168901105605603,0.029160513,0.25698832857003145,0
0.020020494179059132,0.048922375,0.7267888202447228,0
0.0231041418338246,0.033476494,0.8874913763935257,0
0.025788472663679247,0.13538723,0.658598252029966,0
0.012283820936116165,0.03395331,0.25754270390368894,0
0.0386037592699773,0.03619342,1.8834077157867035,0
0.01669887720830659,0.017709792,0.6150695736473063,0
0.026649970079779123,0.13920903,0.5795873071001992,0
0.05884949334632813,0.096778624,2.352298598033241,0
0.025507514613473344,0.10990408,0.4402665909759462,0
0.02069867407847485,0.012874945,1.0931878214367412,0
0.03887565123886484,0.20461261,0.6255685241184732,0
0.036487820194284606,0.04988407,0.996451101156752,0
0.037312387094512865,0.11953172,1.3860762524160646,0
0.021402080225527267,0.11624438,0.4912525333031546,0
0.017346002264267663,0.025200559,0.7481886392464134,0
0.014023622337994368,0.053642046,0.48720696260725616,0
0.02504201007190871,0.054013126,0.9808009479478365,0
0.014122261807212813,0.049700752,0.41416957928475345,0
0.030682505172717214,0.02899676,1.530448361734742,0
0.03516930708864152,0.0360382,1.7630197379788637,0
0.020595053123411526,0.03472914,0.9792274876672318,0
0.0056635422836189015,0.016765067,0.11227532842885553,0
0.017791544605916382,0.052866895,0.4121836433562022,0
0.013090650095678159,0.020087458,0.3350974322455007,0
0.026153502466919464,0.061878927,1.0252141394515897,0
0.019418559257386163,0.045352597,0.7467533190756044,0
0.010369179163142716,0.0045331544,0.5178255611210256,0
0.011390374713324119,0.02243732,0.4545962853767577,0
0.033491617756301856,0.055675212,1.5109923901560098,0
0.03268593283523598,0.057282344,1.527003922554908,0
0.012118497122830984,0.0553365,0.20025475409111884,0
0.0193772316992867,0.013395481,0.9809726118192927,0
0.028829522174586654,0.078813285,0.8070755214890235,0
0.02793772812778334,0.037827462,1.3730311824295507,0
0.015985627028963834,0.0077748806,0.8291153199277225,0
0.031234371433856243,0.036478687,0.8859685409097232,0
0.012655122361237238,0.033474647,0.2717809733149714,0
0.030960407864976985,0.08801484,1.14490900888717,0
0.09895801694343187,0.30595112,1.6592199481756913,0
0.020054471458530565,0.06347804,0.4320086519567202,0
0.017911937403176304,0.02288348,0.6920890794447132,0
0.019759746787384007,0.039450977,0.49093097538814173,0
0.012459382338634358,0.023389777,0.29587770734273255,0
0.016733335798546627,0.03686933,0.43929564944500105,0
0.021369714996549292,0.058476094,0.647569475283929,0
0.020336060388864423,0.053268056,0.5456864684718156,0
0.018145671780480217,0.073582456,0.3674088269492378,0
0.05173090979891383,0.008257874,2.909195166778754,0
0.017356353478382488,0.031681035,0.38277562808658233,0
0.051849680372967624,0.027622608,2.414239291784799,0
0.024045713935643358,0.016519086,1.239066577843895,0
0.039140496908995834,0.013130764,2.130813904237675,0
0.02722981709343853,0.055614855,0.7478093162999788,0
0.02902493210295147,0.13202,0.7377609375394619,0
0.023817517291415954,0.07473247,0.8847688024274433,0
0.017937504077609003,0.091978095,0.2618140293309628,0
0.022240374802191237,0.076435275,0.6285503785313351,0
0.012722419508527838,0.0052127945,0.674355115058491,0
0.02884156956929608,0.11080533,0.6527658489256697,0
0.02268100694481638,0.06921808,0.3409897113648752,0
0.02089007548769384,0.06397085,0.43338920364471667,0
0.02274119183293028,0.06968088,0.6589787748113755,0
0.026009332014025853,0.10562996,0.814378214233093,0
0.02934639665915861,0.087215066,0.8090955900550574,0
0.013130704429631681,0.033661444,0.4306098645096535,0
0.019265697340961844,0.017271576,0.8269439963687565,0
0.02922711829522978,0.10658221,0.9275571547529214,0
0.03576010522076674,0.012788895,1.9011878702340654,0
0.012447936200941388,0.016883641,0.5862409245904502,0
0.020687689985353752,0.029941492,0.708205291817726,0
0.014976166259837298,0.046751745,0.5371739984505979,0
0.0485332576203898,0.04522264,2.4804823982229194,0
0.014253542376742305,0.022330325,0.4286193214229492,0
0.02010336156161103,0.03515639,0.8861612086367829,0
0.02607365381262109,0.02291352,1.3496824446088003,0
0.020884731570510927,0.06150129,0.7764848675316224,0
0.01593321371986607,0.04033586,0.6693779866511194,0
0.03296989618540391,0.058171216,1.5023155008004603,0
0.027451968235911582,0.06589751,1.0322557444914655,0
0.04293823653873814,0.1342778,1.4372989275960573,0
0.030236368620109894,0.11257944,1.0468172887738503,0
0.0177643193997208,0.02882953,0.8083408935183307,0
0.025267523291012003,0.028258214,1.2673810766656015,0
0.01730810546105573,0.024565604,0.5319163350122611,0
0.013116471027151577,0.022687918,0.28206421574165313,0
0.01845371982191832,0.029764317,0.8824435003581942,0
0.01669799338975677,0.022728203,0.4460636400054084,0
0.011354807394512308,0.016531639,0.41837705324382,0
0.014155267190339682,0.054608017,0.47842086253073357,0
0.028918066186837014,0.1139735,0.855208846901676,0
0.02323084933683326,0.062240425,0.8320423610050295,0
0.016891015349645006,0.047736194,0.4378897045661208,0
0.024156350725836155,0.08271828,0.8340834429521564,0
0.07988961263654012,0.13081598,3.814352513391414,0
0.04443356450552923,0.04171459,1.5736819133141222,0
0.02029071040032858,0.09463046,0.505140161468536,0
0.05140061380897064,0.05667761,1.5246629384129955,0
0.022765495756479362,0.009510357,1.2389075129933604,0
0.04475770609668087,0.03829709,1.619506419961823,0
0.020511007847234267,0.04912806,0.37815454280000077,0
0.024295643030099453,0.023241406,0.8099694052777643,0
0.02956554094546656,0.021690266,1.2545498227731111,0
0.020236167268898236,0.01266077,1.0738902675769215,0
0.014784991387147159,0.005934785,0.8013414486847013,0
0.02207639927494321,0.04632027,0.9877794618042681,0
0.08935069688086766,0.05916987,4.555769593340955,0
0.009934088345304763,0.029874546,0.30470891363333763,0
0.040027637030038934,0.107186705,1.6581372235351801,0
0.01792273291411115,0.039930828,0.6824591045723483,0
0.02333761738299811,0.07370469,0.7566210812080798,0
0.014678816544024163,0.037228163,0.18295559488986135,0
0.017391727850873805,0.017455678,0.7971321193057749,0
0.013367882395553707,0.041256033,0.22341044122419143,0
0.04270775194236644,0.110133655,0.5750242064072576,0
0.02745199909295032,0.03030448,0.9731702396508606,0
0.020639005223122692,0.043820687,0.7647921356132372,0
0.009500345035150995,0.01851216,0.18894647422127112,0
0.02742552589906107,0.055566903,1.1557265285745164,0
0.007995518460348551,0.019747071,0.26529055448480554,0
0.03717962764880652,0.031778514,1.9479277005522695,0
0.020029532340715216,0.02916353,0.8701586611903884,0
0.03459106843525063,0.032289397,1.7321596078787378,0
0.014447272724276393,0.036927376,0.37134340285802114,0
0.02240524205288855,0.03580744,1.0336801870069123,0
0.03997798952589272,0.12562858,1.2378964091710325,0
0.05082349788070349,0.13179958,1.0685713197880062,0
0.027905555110571915,0.16745457,0.6177944334210294,0
0.021578767809440593,0.062434644,0.5098108962527473,0
0.014060327216160119,0.024885843,0.2800799852754751,0
0.013581676901859203,0.0654871,0.3501089083679874,0
0.014578313849284347,0.019462626,0.6018374391489698,0
0.013010716772270234,0.021184502,0.4896300218579664,0
0.021906378681863303,0.10023496,0.43373472826431425,0
0.0270941718278583,0.072886355,1.0746814662390174,0
0.013129493419453651,0.012178361,0.6765840230231174,0
0.012393487213381817,0.028465882,0.2239130011964537,0
0.023983306651878814,0.10620075,0.7265635303361706,0
0.015494945788708553,0.020086812,0.5711274172353835,0
0.020081822692778015,0.040593553,0.7751231069497626,0
0.019043198400706913,0.020179022,0.9690482742242372,0
0.02680744505773934,0.05047632,1.1358938336827429,0
0.01945758198673221,0.020394137,0.9201937580330415,0
0.00509092323455648,0.0137737915,0.13993367136024593,0
0.015195029663679065,0.05106605,0.4620832877399961,0
0.02518729139965993,0.081107244,0.6359148487126399,0
0.024134766331638465,0.010635448,1.2728678250578151,0
0.029589666431284346,0.026888587,1.277005219230219,0
0.047322890470293505,0.08869983,2.082294037951287,0
0.0131988757301407,0.04406407,0.30194542238036093,0
0.021325542358663702,0.030756582,0.970794970475495,0
0.021956922971509647,0.06497474,0.8122678684388042,0
0.02518076379787146,0.031525202,0.9059957918839605,0
0.015523969501959708,0.034074385,0.22150017084008264,0
0.02184834651523565,0.016485738,1.1045299244095033,0
0.022538853203395832,0.07834012,0.8292818871970811,0
0.007634963940445489,0.03127846,0.1748047970452946,0
0.019636022973028758,0.023799451,0.9254611572377378,0
0.027503751915894187,0.0767644,1.0052124270538225,0
0.014071557507088342,0.034837093,0.5356272939924323,0
0.030748197455408424,0.034390338,1.562654133819027,0
0.015105629213834909,0.016908731,0.6967029003006239,0
0.015663281455771148,0.036619093,0.304238631655842,0
0.028521737053803065,0.08849538,0.8529644805600801,0
0.022647709978816908,0.037554834,0.8933091248871634,0
0.02051789612080846,0.065944605,0.48196291823212833,0
0.014663938284087363,0.01969012,0.7055992604051222,0
0.0179501873006334,0.028241023,0.7836075319681057,0
0.01795004263893407,0.06247154,0.6186217069924521,0
0.016637879114085825,0.046638086,0.6736800029483072,0
0.020698662112761262,0.077886775,0.6869594138198439,0
0.012864591584225806,0.024800224,0.3320913764299848,0
0.01666107687068511,0.025586609,0.7458116111436973,0
0.01020818821501086,0.018061299,0.40648947082101566,0
0.028299187150697312,0.028621938,1.2179027611629463,0
0.01772144192447364,0.015130107,0.6934493829738708,0
0.0299431229419249,0.061732873,0.513005020159518,0
0.007439049175667889,0.041939393,0.16237660740953916,0
0.011937149917000995,0.021190269,0.5331761792797242,0
0.015445109357214677,0.036106266,0.6194720852389857,0
0.06759507811633944,0.14860754,2.90398387053435,0
0.0329200863818625,0.026254501,1.678168759796638,0
0.010207754852220918,0.03168721,0.28156941596510077,0
0.014263058171748418,0.016613804,0.6420667220877522,0
0.02942112860398955,0.058462907,1.269848188748177,0
0.024886164865659855,0.015444346,1.1956140517083567,0
0.025375123756685956,0.10375803,0.5413287593198894,0
0.00938573837068971,0.033734683,0.26749117005408146,0
0.02194239807577431,0.09692296,0.6633409569905728,0
0.022198840156531185,0.11815185,0.516761873741828,0
0.010262853535463601,0.019852817,0.4548602003583566,0
0.02647680804066503,0.06507206,0.9364879392909345,0
0.02107674920315513,0.08858044,0.5146717831901416,0
0.038433432323974795,0.09751416,1.5943714168678564,0
0.009887235069667632,0.0069809225,0.4556630340486709,0
0.02796618138371958,0.046355195,1.3247027355955585,0
0.01554412236950345,0.047959372,0.16630637141220178,0
0.03893074741302235,0.07407653,1.5719051109958717,0
0.023056770801496314,0.10371455,0.54023600745146,0
0.03043024105447349,0.08714588,1.238554356022,0
0.026058123108231017,0.0608503,0.505205648081335,0
0.011625477023214294,0.022761382,0.4116388475559829,0
0.019566230660166634,0.029793827,0.7758114497038158,0
0.021952599437137874,0.024080375,1.0544166916006645,0
0.016164649563018503,0.058539115,0.429406645655629,0
0.03829495738329973,0.06645654,1.7731805754399648,0
0.01012350534179561,0.014611146,0.3148855193724762,0
0.014842223481210153,0.057490166,0.361522292320798,0
0.013861523985713988,0.03751635,0.39982342839203644,0
0.016282367432422666,0.058469895,0.3607610887084813,0
0.020842081169893615,0.02398025,1.0291867246687296,0
0.016440011508196344,0.06330051,0.5126945666892809,0
0.02839772106184714,0.018643932,1.4331317459374509,0
0.03555162192227343,0.069005795,0.3846030092932006,0
0.018334862433936245,0.10562352,0.16837935127931272,0
0.025580904836453727,0.03302542,0.7492827666263756,0
0.015233318424555558,0.03627754,0.1930741925423199,0
0.01784449044491699,0.02077232,0.7286230078606899,0
0.02493611236874628,0.03452092,1.169407134694233,0
0.011253832616086444,0.037095144,0.2634522029196996,0
0.012141686923812373,0.010417573,0.6219846167980003,0
0.010490190996710167,0.018371806,0.31388618926930645,0
0.03436780948309873,0.014226992,1.871808729864279,0
0.008416918553099935,0.006039524,0.3580537097098342,0
0.016339562658657325,0.05118885,0.2763499240595781,0
0.03434696371064577,0.08103215,1.2350920866512458,0
0.031257057439361025,0.06559144,1.3515104414711063,0
0.01801158200758429,0.009948186,0.8677358692179049,0
0.013228026577715348,0.055072155,0.2484091982059614,0
0.026264929909999176,0.0920426,0.9208698894369778,0
0.034851510867912015,0.0655285,0.5953376894666644,0
0.022284079877763922,0.028461004,0.9914289358931629,0
0.03378343396402586,0.090625845,1.1504448874970294,0
0.021112517240759108,0.072880596,0.777802000200158,0
0.029003220898836495,0.045470744,0.9579906634899503,0
0.005472737030815621,0.013540011,0.15948006884556842,0
0.042837147642464254,0.066192016,1.4624573223776054,0
0.03258757814258795,0.17350808,0.603280492231834,0
0.05140466189074758,0.08755757,1.7425117470031257,0
0.017290336108712175,0.020702977,0.8060987140525673,0
0.030174249549652393,0.071242854,1.0883194474848725,0
0.032367552055008075,0.089444526,0.7629185970154652,0
0.033378303330515564,0.043641455,1.5201331609131818,0
0.030344569990329535,0.09227712,1.1064324251116116,0
0.019272815630296657,0.015342704,0.9947437992865661,0
0.013343374174319534,0.015579583,0.5826060207942839,0
0.021854062784148934,0.06644921,0.8040537236504661,0
0.015125191570431686,0.039162893,0.6378152995488038,0
0.00886223754100196,0.017347068,0.31006192564299534,0
0.015291799707342494,0.020527441,0.4994802832978559,0
0.011268986909888552,0.023753975,0.4207073727187296,0
0.02058560220672703,0.026955869,0.8954834536847882,0
0.023292053931727827,0.1289272,0.57899324021016,0
0.017330003711347953,0.013603016,0.7221394815415157,0
0.025774504107125035,0.04836291,0.9934915718375974,0
0.022959659818771034,0.09071476,0.5680206767846382,0
0.012327717639810366,0.05656917,0.13807606399047023,0
0.03032257723974227,0.029036816,1.5134463573520607,0
0.03055376718892349,0.14780907,0.7873290170028981,0
0.0226620890448716,0.013518179,1.2048185998746004,0
0.050771652047398697,0.083096266,0.9192989741062757,0
0.018292489504572275,0.014012056,0.8660893202206451,0
0.05252828922789552,0.047850948,2.601831995992254,0
0.03840966312056801,0.15334381,1.2612271798422199,0
0.017625274905667287,0.019748632,0.8467875006888846,0
0.012054085367855929,0.036450192,0.42459127175965666,0
0.02251996100915988,0.094415165,0.2907214530470023,0
0.012615201834849897,0.024104528,0.3346816347254461,0
0.028169316159468022,0.022136945,1.3830655977307214,0
0.010562044672816337,0.015166186,0.3128355832978993,0
0.018095091627016786,0.09238508,0.5061733499655136,0
0.02680372409677728,0.044142272,0.4879952237140106,0
0.0228826088290725,0.06566927,0.796505665928962,0
0.04039056266791649,0.024454687,2.128965571704135,0
0.014911345643907836,0.019861698,0.5559551720421325,0
0.00879257429830918,0.018806608,0.24054145416877631,0
0.07232212399235503,0.13206805,3.3578143951388966,0
0.014424645007287996,0.023162462,0.5691606048587812,0
0.03481413364099194,0.047371652,1.365270257165316,0
0.03896464296428727,0.19108316,1.0535819089116707,0
0.024965299832369205,0.039487932,0.7796382169116198,0
0.017020428134868114,0.030709017,0.6143180755949322,0
0.01241526453711556,0.014866175,0.40586359635107666,0
0.028466727750199178,0.054795798,0.8765475341449344,0
0.0351238551590964,0.0642508,1.6213680372259633,0
0.018714285599557897,0.023189226,0.6617099089752503,0
0.03717518749517841,0.026417758,1.8598291683563972,0
0.009772367213221674,0.014772506,0.35651604558549344,0
0.028877305296153184,0.030355742,1.4425243846552265,0
0.05502368256119615,0.050711118,2.032282941732099,0
0.07438025535343364,0.09984417,1.8163495941161703,0
0.013871262224752257,0.049062025,0.24871639753845093,0
0.01755724890797411,0.03861121,0.771415890482403,0
0.04083220180200934,0.07008354,1.1572693049068732,0
0.013877906199398141,0.021949759,0.5937389298720941,0
0.03255025917216417,0.07196462,1.243802082174124,0
0.03512627731526945,0.023558352,1.6688167621683285,0
0.008010346370542282,0.011146952,0.2606479386937011,0
0.015574142883247176,0.033435576,0.19182562734205943,0
0.020777289299440702,0.030056916,0.9227442833825681,0
0.017035626210649277,0.035224725,0.3310227894786463,0
0.022562775097518716,0.062308624,0.8709082583541609,0
0.019602285749611065,0.061020833,0.4070939517211799,0
0.0371041239348273,0.08383601,1.5565698408585713,0
0.021804368615197134,0.051687345,0.8951001342083578,0
0.03569314018131914,0.026925024,1.6859899050776073,0
0.04482810669609882,0.099131495,1.9670322648951606,0
0.025483986554214664,0.049443115,0.9547109931852341,0
0.022858174284760713,0.01754665,1.007695547706056,0
0.012965309508736466,0.011262351,0.5569350699686327,0
0.006949345451013622,0.020001594,0.25671500037140693,0
0.023764716266471753,0.096822105,0.7408632443106993,0
0.018841126825729873,0.024215134,0.8852655078945249,0
0.009575880216983558,0.016968358,0.3184469293956227,0
0.01703509119358828,0.033472195,0.37336646878728413,0
0.02005632747711157,0.097540036,0.5596556499682868,0
0.011276243988668038,0.019065319,0.3099662729132206,0
0.06335414815505348,0.028245883,3.4494734936479303,0
0.017127806497010296,0.047979087,0.6865038176787437,0
0.009933514438182415,0.02338572,0.3361619492711104,0
0.030332621373907853,0.039660636,1.3973894535401947,0
0.024350027978251747,0.09627333,0.7726627195813535,0
0.012417104834187002,0.0392298,0.455362697847605,0
0.0168485025202975,0.040521353,0.2755849436912965,0
0.019304727934001988,0.029281562,0.45333159650172317,0
0.01567264093520588,0.0099697765,0.7802118586706895,0
0.0247849719833461,0.09006223,0.852652642798062,0
0.030448513719206722,0.14492522,0.9074446142206032,0
0.024916782252445677,0.033957504,1.0799261574998702,0
0.022192883169025658,0.08890024,0.6002029722314048,0
0.01969452494888594,0.07153099,0.6168507732725302,0
0.02906885463488279,0.14615598,0.4536603641127058,0
0.021982283163149728,0.013390564,1.1694001666205278,0
0.020042194786939617,0.041068137,0.5417949261747128,0
0.04190532119384456,0.01789113,2.1308711588668436,0
0.016882520704160513,0.087549426,0.38432597071720065,0
0.01727040918676128,0.021164972,0.6484859960992706,0
0.034190486289306786,0.070476696,0.2091551793039032,0
0.020951921206042737,0.012110499,1.0788783967763855,0
0.019358066032608964,0.0121906735,0.9860033274669343,0
0.009215391666701132,0.016877871,0.4038927355305472,0
0.0460136439146665,0.05736734,1.2754184030200482,0
0.023693330420946644,0.046126246,0.9789154556356958,0
0.00833206714801225,0.011847095,0.3951691776415171,0
0.022161360447241096,0.03364911,1.0364123491148063,0
0.013672409641055042,0.03140077,0.23815317189660246,0
0.0174773295469054,0.018180797,0.8638846317505413,0
0.014572700833344474,0.06613135,0.2807327476436003,0
0.013723898074388181,0.022351187,0.5719055783841812,0
0.026022774585622716,0.08798953,0.7956240543046498,0
0.012186875723765887,0.01783328,0.47672061267290516,0
0.03841935097116222,0.16052441,1.028376332721091,0
0.018355040832091385,0.032412548,0.6481008033775194,0
0.01243776649956417,0.019603698,0.31155553517466217,0
0.01578540706543033,0.036907043,0.6558487860036843,0
0.034408979464718756,0.018829424,1.8070411972520466,0
0.017880272457380372,0.04535403,0.3151434535173797,0
0.01880155676469963,0.010565155,0.9752566904099673,0
0.03428484973830191,0.04502007,0.9302205968908013,0
0.019834289722770272,0.03482247,0.5841654517219717,0
0.022938676525112077,0.064630456,0.4090173605717184,0
0.012940760849323404,0.02256904,0.5144253107400697,0
0.013987242544082835,0.009950566,0.6998983459955097,0
0.6048118982567741,0.28438225,27.461799596085882,0
0.008898709759627987,0.027301865,0.30220564710858994,0
0.008718115827695059,0.007653345,0.3746549973391127,0
0.043342616293081795,0.038033403,1.814081534963179,0
0.011552573724505875,0.053823296,0.3474587978122585,0
0.010084181944511873,0.013319853,0.3763928708836659,0
0.03446896128966731,0.018140495,1.63427461679202,0
0.033003817850093015,0.05889253,0.6785557927110699,0
0.023970671513546295,0.08162505,0.5032689648688551,0
0.0104613996411032,0.009694921,0.46553984186238573,0
0.015403436601737876,0.01644172,0.7233277513049814,0
0.012110349102041751,0.015631482,0.5470212640168175,0
0.0263778963016747,0.06343033,1.095061390555746,0
0.015023634381125004,0.034819424,0.5532674453000951,0
0.04665471062812719,0.19484024,1.3989925409502644,0
0.05519799627045416,0.107149996,2.4288452681456763,0
0.014642841384354902,0.07082276,0.21523981623235386,0
0.008685593629092603,0.01620124,0.28289530412521596,0
0.01624517118577295,0.031149482,0.6440835698572448,0
0.04647696921824545,0.12792902,1.2928778476528604,0
0.02714169875533084,0.0329631,0.9138876954321974,0
0.0325084222649688,0.027285678,1.2892043219621374,0
0.00813434077314963,0.017403718,0.3476069577396628,0
0.053222995206311616,0.14167748,2.067846065217644,0
0.02157681346086539,0.08055416,0.6029738512632362,0
0.015519823458307491,0.05622139,0.443693973578387,0
0.020381773692250582,0.0768278,0.4743501203986909,0
0.010760755134226415,0.03175427,0.3391743793307733,0
0.036852122642683685,0.09392497,1.5304627593244309,0
0.018763690038047762,0.040537816,0.2684995796470015,0
0.02182865269707601,0.026057927,0.9410786643460932,0
0.03368779540190217,0.03453658,1.2863278658722506,0
0.014975432716842532,0.012254314,0.7399192454539536,0
0.023104187266411336,0.085291855,0.7086734905199816,0
0.013368694811514701,0.0328139,0.5164318438600064,0
0.01611167051132696,0.06123477,0.37409103405396954,0
0.03251080045904221,0.04824647,0.6563980511177269,0
0.020532883016800032,0.03421141,0.8550296413303975,0
0.02658548847549925,0.085869156,0.9446093398827612,0
0.02134160026528701,0.0703564,0.6483134342785235,0
0.021237015376625156,0.02659775,1.0167507044546378,0
0.009098032176806051,0.017936597,0.3284710096700783,0
0.013942682878922582,0.02314187,0.5471470975398433,0
0.017888602565520315,0.026549758,0.7635788503545308,0
0.04475875988688293,0.10530478,1.9281340937440006,0
0.020379548077552823,0.046794295,0.5403464104765208,0
0.04413549042794083,0.12011174,1.7175649386053358,0
0.019724899848804392,0.02543715,0.9269706193703483,0
0.036540901087911845,0.21052666,0.8536892178957592,0
0.009289858624201676,0.011507515,0.35106517296592393,0
0.01905998471263223,0.036818434,0.46373189177747315,0
0.019471408467542622,0.08659706,0.4291670200837611,0
0.02206885693984791,0.029332489,0.9452142020429259,0
0.013403567362900336,0.008584461,0.6618947290288149,0
0.014317515015620608,0.06303831,0.2726753290062516,0
0.020264564545165703,0.031230794,0.9598519133841698,0
0.01202924307644233,0.026016708,0.34539415005487484,0
0.023978519047531052,0.06793864,0.5149362740230138,0
0.014080336807104799,0.046980888,0.4935042741591684,0
0.015707910349566298,0.005336302,0.8475362593367034,0
0.0395643280916408,0.091011375,1.168743647565808,0
0.010452987412839676,0.031509444,0.3191010096720703,0
0.01824894261399379,0.026741797,0.5669547359153495,0
0.02185778006280826,0.038180586,0.7987370295655597,0
0.016622561386481726,0.02790012,0.6938643973689327,0
0.0116745651536776,0.015249523,0.5416166526358086,0
0.04696804601136298,0.05949601,2.196124618677823,0
0.03322855179370381,0.09005094,1.2531048081830705,0
0.03472400602883465,0.06897102,1.2918362367393068,0
0.025397981088491103,0.030791003,1.1229043392972544,0
0.035924899002712174,0.02351622,1.9206044292376294,0
0.02806088147863131,0.035618093,1.4008274725448282,0
0.008053409311964497,0.012040761,0.30370959902829797,0
0.015227039477845747,0.03156669,0.3861783696979077,0
0.029525052100512136,0.11753487,0.7444021096765358,0
0.014694843888755237,0.01028195,0.7122658260077623,0
0.027168142548306757,0.08135557,0.8848571399786803,0
0.055464238796014274,0.052872475,1.9710278658631337,0
0.01623585741747182,0.014152993,0.7457341359187535,0
0.03372911087786452,0.04942543,1.5097416009605007,0
0.03677450775897326,0.10603017,1.3296562997981676,0
0.03582085626236224,0.024183847,1.7982491385871957,0
0.01405576767677161,0.010128037,0.6651055251654573,0
0.026225680483994866,0.07173469,0.7943496130116457,0
0.02215931791624361,0.024807429,0.771590645734194,0
0.02144431895837793,0.08786644,0.6690237608240982,0
0.01170050694064615,0.032458115,0.06977628750639239,0
0.014576130298978102,0.023194473,0.5999991007087314,0
0.036199155410446104,0.07884981,0.9639789170058135,0
0.024790013451865364,0.039879534,0.46007643376618235,0
0.04161617434903481,0.2559833,0.7855221780726809,0
0.017220694217306855,0.04983477,0.6045882880221187,0
0.03209709422073319,0.101054125,1.2167508425430524,0
0.03803573791771688,0.013853708,1.8675710800098495,0
0.022670431013243397,0.04706276,0.7603998348289113,0
0.024707412296842243,0.039478723,0.6526419145867622,0
0.025749469606366277,0.019245341,1.0307521699211561,0
0.014322355250925265,0.03358251,0.5452627179963732,0
0.01545331525555535,0.027358796,0.6619629063762603,0
0.014526928184241067,0.021552036,0.6229822807403073,0
0.04009834339646941,0.12405417,1.4427108897477174,0
0.029962136708024122,0.13270584,0.8082430353403042,0
0.029035787387167087,0.032094304,1.2323070688445517,0
0.02468571264233129,0.038100652,1.093354410546398,0
0.02397905587033427,0.0456326,0.48384292687329433,0
0.016178420106567316,0.044683605,0.39692178617147816,0
0.01995871862199383,0.030924171,0.706681357014197,0
0.017189829394245355,0.023888702,0.8422388851081305,0
0.01376507251898291,0.030263022,0.37578956824515963,0
0.01747224925570629,0.091955654,0.41923817373248673,0
0.026616353240157303,0.067348845,0.7421800773291037,0
0.013033035881012555,0.012921916,0.5797117438689404,0
0.030465634252127477,0.026640352,1.1662197262212957,0
0.022671817120652794,0.01049227,1.211243423551698,0
0.019706769707764374,0.016983092,0.8309741733753241,0
0.03843126415684038,0.07254332,0.6228265769053272,0
0.017477257872132203,0.04466695,0.6769909413475201,0
0.04603560325137359,0.08236289,0.9827271164066073,0
0.009294453997687314,0.010473742,0.4042482939135201,0
0.013222740957468317,0.03247478,0.5090821730486255,0
0.03349527721065376,0.03455753,1.624519141964011,0
0.04221124219921134,0.055272304,2.0748277320135404,0
0.012415449443345442,0.026737161,0.4577812805122244,0
0.012062255716685484,0.0028634053,0.6623204131752,0
0.01953414349427193,0.013000661,0.8608192193441954,0
0.04015464076717133,0.1464098,1.4185212860969536,0
0.027723200851579994,0.13674372,0.5586476955526005,0
0.02419704262941672,0.08988712,0.8065438320045657,0
0.030039578706272732,0.01926161,1.3072380978613387,0
0.029953934237294512,0.11297993,0.6127911245410349,0
0.022104434526888924,0.032570694,1.0183388019078952,0
0.01368613615761341,0.02571431,0.5203605126402637,0
0.0222614167283112,0.014205438,1.154228662735513,0
0.023522924871156994,0.09002869,0.5502631051368719,0
0.02254161831159177,0.009543526,1.1373289422702217,0
0.043431569827652845,0.088281356,1.8526113860847018,0
0.015831602508769183,0.025136806,0.5163391295485256,0
0.04242927678771289,0.1887908,0.8540967488326473,0
0.017275095198152936,0.020199444,0.7221325944103849,0
0.020456466721207274,0.025025276,0.9971092288702803,0
0.019927585593013462,0.041506607,0.5060244952516358,0
0.030392443047322148,0.038859267,1.5001028538813705,0
0.010061281344628824,0.039157026,0.2998621976895866,0
0.03704538257362919,0.029810512,1.9433103431624248,0
0.020480980647656376,0.03875798,0.7388499514504174,0
0.011546441202315339,0.030602828,0.39949276663157324,0
0.01720605186637795,0.028529026,0.5785014954839378,0
0.026145011859698565,0.10608116,0.8654072045211405,0
0.024311233612743333,0.023386223,0.8200415469734065,0
2.0894999882032543,3.4982421,35.17085918314169,0
0.006230385592681216,0.020654472,0.23812929419811427,0
0.014541768855238448,0.030719455,0.4109511601531329,0
0.03639120652753883,0.06779588,1.502545646544991,0
0.007245542226289597,0.0057795905,0.3338134548572885,0
0.03068317059455542,0.028568564,1.5383042260721285,0
0.03179526540237332,0.024427652,1.4905785037575072,0
0.006829197689847819,0.009292065,0.27116426949733596,0
0.02662748210707029,0.12759705,0.7658575966908735,0
0.016263242829869407,0.04678013,0.5187028160656234,0
0.009982002680630429,0.014810329,0.4037522395208893,0
0.02266298736549302,0.06359495,0.7213473448117412,0
0.01869324604728117,0.03638479,0.6825155164401084,0
0.024051854505505166,0.0483578,1.0798633733002856,0
0.027357334036650437,0.03510163,0.9309323055222279,0
0.008871448460839529,0.020536708,0.3605960086890837,0
0.01956013090245061,0.031734638,0.7974707765075467,0
0.022069985540274988,0.016311437,1.0266988831372317,0
0.0366423358347149,0.047795005,0.9188813847671741,0
0.0315725436978899,0.07560145,1.2748214398266655,0
0.017978742591691188,0.039592586,0.7533424040167205,0
0.01506309557406893,0.061228406,0.42727009901962903,0
0.03101206138756305,0.060537446,1.2741157266344412,0
0.024581251670147436,0.05992554,1.018926846890641,0
0.021386660733213526,0.08315582,0.5744416998824712,0
0.012257266482458996,0.008379416,0.5677745049156585,0
0.01825289054293909,0.00972869,0.8931801950758217,0
0.016262677029084495,0.025066173,0.6940995647125754,0
0.02600544468288752,0.04314721,0.5137403414537168,0
0.011236939417270367,0.009730604,0.4721056143377443,0
0.009650578591981294,0.0132031385,0.368915104827617,0
0.006112182651340488,0.0046007247,0.26540701845391707,0
0.02729687857941307,0.055441435,0.8648843467436654,0
0.017715603454797592,0.04288674,0.709225598687812,0
0.03798375952363373,0.08292426,1.51006337743619,0
0.014982090689790515,0.08027369,0.08473870909891189,0
0.03660454764131811,0.10677821,1.3811562843654341,0
0.03144729390949104,0.15108529,0.7480166365080987,0
0.03233421715663896,0.04352434,1.097313982629181,0
0.0112792259720395,0.036193024,0.4006910556194985,0
0.00852044748119289,0.013210817,0.3761919888892387,0
0.01676493875371603,0.024990592,0.6865501203552563,0
0.030687022962891962,0.050625443,1.4209241941326907,0
0.02938027910528872,0.07156175,0.394775461202255,0
0.03171495487080969,0.053394474,0.693118605192183,0
0.04675602360568708,0.035750214,1.7952178434823014,0
0.027219788470361644,0.026359687,0.907789307300191,0
0.011942160743069528,0.019734044,0.4509511248361333,0
0.013177676522579989,0.043486685,0.30395187178200606,0
0.021401090816649274,0.08586927,0.6476057889613498,0
0.02364560578659604,0.05860256,0.9652543336621674,0
0.022476362970847187,0.14134963,0.43186042671129954,0
0.022399061075028485,0.086595505,0.3638943733521305,0
0.018045462681189915,0.02262055,0.7291113554766687,0
0.015227243114542937,0.018831437,0.6538055333811182,0
0.017738058196340542,0.105384745,0.22446674788390208,0
0.025644619462147102,0.1436232,0.5764871479522182,0
0.037696991723870116,0.07597485,1.381116525290923,0
0.041389253519793,0.04340666,2.1045596989393003,0
0.015949304650838457,0.029779656,0.6314860451043537,0
0.03193476852940652,0.028146764,1.6194181812536215,0
0.04471482845102445,0.07028844,1.672783041601352,0
0.021623331853911576,0.016809236,0.9015446182057393,0
0.01922620256083656,0.022343492,0.8344439070779617,0
0.019815805827440743,0.047106374,0.8468376154662743,0
0.0256838123198678,0.0690048,0.9274656504431259,0
0.035476352870480087,0.07255233,0.3090909175636908,0
0.018457648920698847,0.040527336,0.5979136723880529,0
0.03629839409060981,0.10480757,1.2062426704339029,0
0.020472753611824844,0.025766535,0.7178745892548276,0
0.009067547865795477,0.026166249,0.20756498708904503,0
0.09651765088029583,0.15117069,4.511621505568704,0
0.020932174836467865,0.07169993,0.6215443644251004,0
0.015208890529570238,0.01944843,0.7048471801678402,0
0.018204593016842976,0.02703549,0.8392462960497334,0
0.022705844121620678,0.04501238,0.7262006793469751,0
0.04771296962225076,0.1834479,1.5833698126337779,0
0.046792284016329684,0.024724435,2.234960913941846,0
0.035140542571971994,0.1104291,0.9136075055749253,0
0.03575570467364171,0.056685325,0.8071546999176191,0
0.11618141433832267,0.102340035,4.541111660643092,0
0.02638681384633112,0.050636947,0.7200727268076632,0
0.017089861526983958,0.06345525,0.35861006907732923,0
0.019689634612293082,0.037622742,0.7449776804543513,0
0.0261874038008004,0.062452897,0.3455529690636298,0
0.018043539332362718,0.018423859,0.8524454991132935,0
0.02986945275814368,0.04569738,1.0981860259124543,0
0.029443173800721176,0.07892768,0.7172164544070161,0
0.0278271062744544,0.07025307,0.5119307810192133,0
0.012558754313076893,0.049567696,0.26771330731247794,0
0.013200301171544653,0.029569848,0.5545543689347695,0
0.01932873095478657,0.03578728,0.5781131787473013,0
0.010187198483184216,0.01846491,0.3473475936848491,0
0.0374869793186317,0.095219016,0.6515502904832875,0
0.028604442714465793,0.08751093,0.5904094756615589,0
0.024900837257401942,0.034116935,1.1353288203075844,0
0.022503990938600255,0.020950899,1.130171006253667,0
0.02510189332770921,0.058664,1.0038901172932237,0
0.012334638757172217,0.030552153,0.4828585701218104,0
0.016452780324818898,0.006026772,0.8866857655186783,0
0.026643658759773706,0.028985625,1.0982910170373026,0
0.016804392149941807,0.041662235,0.3362972065843937,0
0.019301147212770348,0.060758706,0.6084597189698779,0
0.022343889068931425,0.097338,0.5353840154579282,0
0.013982113944667087,0.018431498,0.6405948927968639,0
0.00924271950642817,0.023161085,0.3440257429623986,0
0.03708209778111913,0.02732248,1.9667301762421487,0
0.02069121404431899,0.048272803,0.9024874043150718,0
0.029082559347266286,0.038607698,1.440532056319215,0
0.029369449644173908,0.06328692,0.13223643402302668,0
0.022559205746667976,0.047329426,0.9781789106390785,0
0.01615711153585561,0.040574152,0.46911811814303256,0
0.015389641556769508,0.023139061,0.3742731180047982,0
0.019593494356863438,0.0600726,0.44031840983330933,0
0.015039989122621928,0.022076242,0.48747379489570974,0
0.02281022505577504,0.042454436,0.9813662840928613,0
0.04002353382570058,0.05524895,1.2332905575247233,0
0.03716378026476057,0.088439986,1.5225227617227333,0
0.011820079654029281,0.025722556,0.2587901520397058,0
0.010062849827211624,0.030255688,0.2846980382297873,0
0.0316360483703801,0.04076953,1.2448246696111336,0
0.012545264535129686,0.015237601,0.5271262778184812,0
0.02404039677242757,0.017714936,0.9281521907762952,0
0.03466728616899143,0.05355049,1.074769490622583,0
0.014087717604776187,0.037439715,0.5504640535699595,0
0.018629912144064904,0.022908827,0.6663738978871159,0
0.029634870333906924,0.13241975,0.4815427293130593,0
0.01788448625449124,0.029999625,0.6859944724887395,0
0.03632930604415542,0.15602238,0.8700877311229575,0
0.02628718694083908,0.020996418,1.349946858337845,0
0.0328770367232985,0.08641481,1.0543107419098694,0
0.03028022714401062,0.071587816,1.308743129643647,0
0.028781326640092027,0.020967018,1.5000317601618216,0
0.027562999187226506,0.069293,1.081196054991905,0
0.023781700360290765,0.030319326,1.149017554967164,0
0.024093632673402855,0.04712906,0.39651206974285563,0
0.021238628049029668,0.02762719,0.9105406675570799,0
0.023009033636709378,0.0705871,0.7364242592660514,0
0.022598939567278258,0.09309007,0.5443859052859215,0
0.024164321955732537,0.12852797,0.3212275923550472,0
0.03276034363577653,0.13387659,1.0621564282033882,0
0.020180487615311708,0.039981954,0.31136887856686346,0
0.008966442677790986,0.018625928,0.3955433926842224,0
0.03461270392767602,0.049407404,1.475976337375495,0
0.0331539289198862,0.06599191,1.4670171708950084,0
0.023124206971485307,0.03036479,1.1430860212266782,0
0.01934602098294334,0.059546072,0.5059746964923123,0
0.012707933606081943,0.017714443,0.5811115105820267,0
0.034221497352521876,0.040945437,1.692469409109291,0
0.016638544954499998,0.055344198,0.295819847633783,0
0.024115128173309564,0.08588364,0.3510089555438679,0
0.03720137938730396,0.013331315,2.0418558084209097,0
0.02269778731240966,0.010612513,1.1706154923447547,0
0.027379864415531165,0.07534736,1.0096401937338455,0
0.019715029821205383,0.05203269,0.7892637411325447,0
0.03729022629987746,0.06846076,1.2335563688328044,0
0.019687455242319872,0.017631447,0.8793748281993179,0
0.03316502116424637,0.069115095,1.4280303554201066,0
0.031436956289239856,0.040094852,1.543069389013433,0
0.021790664996349286,0.03240333,0.6766659008204127,0
0.013505842328655236,0.04108515,0.23480337552969438,0
0.027259085359334398,0.028213562,1.392521720916962,0
0.040024998701534475,0.076433465,0.793970383452319,0
0.03224205852987344,0.012909761,1.7545981370481196,0
0.03574117946893151,0.13681184,1.1652912230316734,0
0.010480559121767662,0.016631605,0.31065403452602847,0
0.01808388400911657,0.0642912,0.5126906263937845,0
0.03971776053713924,0.053277545,1.6400077483301552,0
0.025373511392004004,0.07188613,1.0116496751377648,0
0.013019461970568627,0.018482033,0.4744151663768137,0
0.011153242637966649,0.020912591,0.366969633956931,0
0.007093011554265477,0.027494512,0.08112904906971365,0
0.023505409577865014,0.014053108,1.1790772325160674,0
0.0268758388739257,0.07830412,0.9813217863058507,0
0.020809631737182248,0.10125389,0.5544827042937021,0
0.024312538222279793,0.14164649,0.5802912783616855,0
0.023478556133337502,0.050447915,0.40061779218075255,0
0.013005257672688744,0.039349098,0.1347739914664116,0
0.03201436558165931,0.09626966,1.1991599464775846,0
0.0269140408179041,0.046790645,1.1170381533765394,0
0.021106483866519532,0.025709534,0.7829223589662951,0
0.0354316174811035,0.08749747,1.4469760335796444,0
0.03831650876410373,0.056654636,1.7359315848587755,0
0.04119387993357161,0.022024464,2.202726910771661,0
0.01554792718662909,0.029606506,0.60557733555807,0
0.028325650511613253,0.14813218,0.7537744819275385,0
0.023487128096213984,0.014602991,1.2227982957097057,0
0.033490012866508115,0.03761905,1.677281737172066,0
0.018062466700129103,0.060191374,0.3047675732654087,0
0.01070331236548258,0.013065613,0.5376807032800488,0
0.012643034814796266,0.033163782,0.33595935686104794,0
0.02015320925121656,0.06912964,0.34582089059543275,0
0.018518280459157776,0.042616703,0.6474057630562576,0
0.023939064909736803,0.03791907,1.095702320181804,0
0.010849751089840452,0.013461559,0.37566571509765745,0
0.030136277612131883,0.025634319,1.5612518010715262,0
0.016334535119906145,0.030198595,0.4504761372102147,0
0.03966091063606558,0.042743597,1.5706529340656863,0
0.011363499957484976,0.01575499,0.5365288041078379,0
0.01153694654852061,0.017628893,0.37610383466034114,0
0.021184420808591516,0.057481702,0.5926538408536757,0
0.011706812630886215,0.016833326,0.32898958021308905,0
0.012923843211993736,0.030136196,0.3997231865985588,0
0.01825396533919031,0.030636042,0.5846199588623048,0
0.024879679535319287,0.068620086,0.9132607244489093,0
0.00861242359623473,0.021610191,0.25310559550117373,0
0.031742495763409095,0.097436726,0.8882765228981839,0
0.02561301072878532,0.07699757,0.16847434562786168,0
0.01666062296896325,0.053633153,0.5164071081301315,0
0.03387747716149561,0.09843669,1.2290300619831667,0
0.020999990425579255,0.07245373,0.657959167636238,0
0.020343968102704262,0.027769221,0.9340597674853395,0
0.014113924409355771,0.033587642,0.5675175067201897,0
0.04078871804253093,0.0122762425,2.1316311372404386,0
0.033039433152781905,0.103583,0.6157093886826916,0
0.03778932049729297,0.0489606,1.3168203936281713,0
0.012798641651340278,0.008409132,0.5785889708152966,0
0.07427712855009642,0.046746425,3.9739046171531336,0
0.02696732979336053,0.043418888,0.545428911953677,0
0.034461116562084074,0.10487421,0.9645360574988582,0
0.029611716158358756,0.073536575,1.2524649212594834,0
0.016095767813135847,0.02633554,0.6262560477560277,0
0.016241284721707654,0.066934526,0.5101454247140881,0
0.012211398333655175,0.036419716,0.3552556475151288,0
0.01350371136776825,0.028401503,0.5304460539271423,0
0.01684980481247567,0.075123996,0.48729083653552796,0
0.01773945125161255,0.044801906,0.4192771249385312,0
0.012529311522300818,0.05795409,0.11086863418759198,0
0.023942028115250764,0.09771355,0.6855308225207609,0
0.014520897951856083,0.022078369,0.6653219477116668,0
0.013381059072226876,0.07128785,0.1774935526481118,0
0.009106119478442518,0.02640221,0.3454041251249399,0
0.01637250535878563,0.023104487,0.6893321871771877,0
0.021324012659990656,0.04952569,0.883230797980575,0
0.03989600409928784,0.10090726,1.1575298857513607,0
0.020396841546935905,0.1006145,0.5793139054833744,0
0.019054760158321894,0.029914666,0.7594160998250855,0
0.030122095124853122,0.060364787,0.9470649782888764,0
0.023739327594564825,0.07898493,0.6789677029890182,0
0.016752560022805882,0.028170573,0.7537846316543281,0
0.02553729076173896,0.088109694,0.9081309150209765,0
0.012015270326404983,0.014162029,0.4130465267242047,0
0.012313923509123123,0.010006467,0.5522037156826599,0
0.015158533476310904,0.021844447,0.6603341717119586,0
0.01005251206777304,0.018054318,0.21203114420355385,0
0.01836252927377395,0.036319293,0.7534245697008105,0
0.021014319496876273,0.049034104,0.7137287680143872,0
0.014762117485766398,0.015748667,0.7236524036778899,0
0.02541762821732481,0.07389702,0.9874930345661131,0
0.03448341980452051,0.01724538,1.7891680973030348,0
0.018142881149632584,0.042717032,0.7710408880894899,0
0.023646748056559606,0.08220671,0.4106424129300832,0
0.032513508882057215,0.02764334,1.6659134118673764,0
0.011097953285536423,0.015266806,0.4969149172582231,0
0.13679488347755675,0.2359167,1.8625906496133187,0
0.016081386270887767,0.034129508,0.6116206031677642,0
0.01759630541531923,0.014823721,0.903935426488334,0
0.02653899384365701,0.020212518,1.378877023864692,0
0.017436829927105456,0.019323211,0.7150199845418371,0
0.037899411617669354,0.03901949,1.2948965771095617,0
0.02178334357072398,0.03702305,0.75383314749603,0
0.05202697167797053,0.07974631,1.0752410075280558,0
0.008675789975075532,0.026884813,0.29041245593431353,0
0.017946734353725756,0.06936121,0.6111039502025482,0
0.02993268155318557,0.13177438,0.7918696187939771,0
0.04313083454732386,0.19877216,0.8101160886644797,0
0.02796261093813584,0.12582777,0.8730111874114145,0
0.026878902607161314,0.034049768,1.2705341489765107,0
0.028607773827979813,0.03244407,1.432455367257979,0
0.01703923214934421,0.034121025,0.3251854775443808,0
0.017973496465033885,0.023918271,0.8351928304772933,0
0.02030653433319597,0.027052712,0.9743258428534661,0
0.03277538621276248,0.04149745,1.0649268086421733,0
0.021171901470407498,0.08550912,0.47066092401030457,0
0.021950919172248284,0.035599142,0.7989476105545441,0
0.013041216990296527,0.027029185,0.3052629849114673,0
0.03090949993442664,0.09382656,1.0469326146624145,0
0.025069117262290237,0.024174595,0.8336126191089646,0
0.03438918461026237,0.14367677,1.1324492495542389,0
0.011266007930355128,0.012734337,0.40993188726283825,0
0.014875699357396743,0.024466222,0.3715865999875017,0
0.018798073608378995,0.048397496,0.7869730004595794,0
0.012572547981625156,0.015328043,0.5380818813758697,0
0.014568502993420891,0.032818083,0.6086082469601053,0
0.032717549535780155,0.044077214,1.1437936338002066,0
0.024595465281349243,0.02049332,1.2687384277193905,0
0.014810621481245545,0.02720175,0.47334906349729916,0
0.020889513523573863,0.03765032,0.43838082305036,0
0.025232331036297212,0.021320071,1.2777685726554757,0
0.027677820613042605,0.08892432,0.9463828252761436,0
0.018070251398449488,0.1158645,0.3533810581462312,0
0.015026505418060016,0.045571294,0.29288674710719775,0
0.02242826390012833,0.03317498,0.9413593492014553,0
0.010015049498630708,0.035958722,0.3221782631010005,0
0.03606358717861023,0.17130809,1.0217999218162015,0
0.012862645977193292,0.024622789,0.49097806077815936,0
0.013985175917528606,0.03090131,0.41310682568970447,0
0.056982945432485416,0.2228069,1.93545713894046,0
0.028681951279851937,0.064229526,0.9491125047064376,0
0.02454563087766577,0.008641684,1.3132934440943915,0
0.007042979014765511,0.008738688,0.28559610968687354,0
0.006366640157992575,0.010727257,0.1735664895334309,0
0.032495646718828534,0.04904523,1.4279541114078154,0
0.039505266220339466,0.07678717,1.546197072547403,0
0.01413107866590723,0.039216883,0.25128789863035417,0
0.017201753892799723,0.06563252,0.16373231298941607,0
0.045469668626593206,0.043695,2.354829055088383,0
0.038006561065866556,0.15835053,1.1196088884399535,0
0.009799653592427546,0.03719486,0.2421253728057133,0
0.03554720048625236,0.09404435,1.3157256407544105,0
0.041881442304119984,0.2345317,0.933462543928858,0
0.03373026115480462,0.08989685,1.1648645443945485,0
0.01637780294040203,0.027796438,0.6203751968231243,0
0.026219078562020506,0.031090878,0.8816648965515747,0
0.02553699365939773,0.048875064,1.0932247987423533,0
0.017727798820711536,0.0022573778,0.989762918266247,0
0.04800956749120464,0.062841535,2.317474411124598,0
0.00921863746735185,0.027378429,0.2974530099420885,0
0.01732842308548173,0.02773552,0.7212572834173314,0
0.015913169248406262,0.063087165,0.3530031927484288,0
0.018019175249878675,0.05398711,0.7193113726043423,0
0.018096723930848487,0.10464287,0.4217823432513614,0
0.013532262540305859,0.024461813,0.4965137588717086,0
0.009208385672568554,0.018035037,0.17499917572180895,0
0.026005972784723823,0.07145276,1.0046761987070347,0
0.02115733432715469,0.057909552,0.28270594543301075,0
0.019603952740155525,0.04509017,0.3515161110714156,0
0.02699893707150513,0.10668436,0.8565541168631304,0
0.006280663217773124,0.0058237384,0.27606359462749147,0
0.018038363562615747,0.020515999,0.8929389858167219,0
0.006555493260371702,0.02005577,0.1737986345694533,0
0.012566665842998592,0.048372988,0.40701327803586723,0
0.049692436373950856,0.010244388,2.7674936817769136,0
0.022533460344112934,0.12856433,0.34076351704858077,0
0.03156092291696535,0.110483676,1.1316338493349416,0
0.022963520979019138,0.016828867,1.1967900633413016,0
0.0315462574807735,0.0706765,0.9445157534933766,0
0.029184207609402837,0.04122949,0.8336508583090175,0
0.03081595546984339,0.11309136,1.069172585503094,0
0.017731607748065432,0.08326926,0.32601116407947156,0
0.036941553739580635,0.0641594,0.741217640571386,0
0.011405402714096206,0.053502146,0.2719189776388077,0
0.03599744515669473,0.1499972,1.1496034624257971,0
0.0283244556771227,0.02232798,1.4891032061008829,0
0.025355074961714786,0.05567319,0.9609973408974596,0
0.014915367593690844,0.036638558,0.5357949367966856,0
0.02285640996713545,0.047958594,0.8309528278090521,0
0.01853170786682257,0.08729323,0.26508374016226766,0
0.03997828293693074,0.08715313,0.40652295781735776,0
0.0161876321555852,0.0146506615,0.5697265786820296,0
0.007620273095059284,0.012796126,0.29862484487284213,0
0.013422343765767855,0.010141911,0.6753466937012786,0
0.027188777225166185,0.1469635,0.6717657668013166,0
0.046082982614741363,0.061764948,1.736268761332349,0
0.010325008495149179,0.012192697,0.2949918390750411,0
0.028896080811708982,0.04593226,1.308826356164175,0
0.015198464234104148,0.029817125,0.5188928441173849,0
0.011766360320531417,0.020213084,0.38596543584762005,0
0.022991206332333727,0.102140255,0.6775074785175589,0
0.013038523388097785,0.013149296,0.47770433154884095,0
0.016036400320006597,0.027796822,0.31771162428175176,0
0.013567777882837652,0.013689425,0.6169516882564186,0
0.015132519478770342,0.019282425,0.7005169314071163,0
0.021981174586816046,0.06377964,0.6812585688519018,0
0.024550894758609762,0.048536126,1.078613816424785,0
0.020757432424857065,0.066314965,0.6891726694981326,0
0.036358296273978116,0.10678746,1.378071205720486,0
0.030244970508044564,0.09080083,0.9072829917308919,0
0.012835874232250435,0.021315714,0.4007264254470406,0
0.021946895179954566,0.033960637,0.9402947613600792,0
0.017284849016606256,0.015507653,0.828318935173969,0
0.031358109667207944,0.0766194,1.248456440736216,0
0.02227609237148846,0.020353379,0.9100749251715102,0
0.04205060198820901,0.063186415,1.6855206837036179,0
0.01247823407989551,0.026244633,0.5435113331699449,0
0.009651463471491492,0.013759557,0.3041718287774113,0
0.019555520078679008,0.026776936,0.8588659950955131,0
0.018276420386558606,0.024499752,0.7810861841101174,0
0.020878957048148832,0.061966673,0.4292897916833487,0
0.023504238541340004,0.021342842,0.9075421740898959,0
0.014831084315729716,0.027276063,0.5212465014970569,0
0.03889452612439892,0.06543097,1.6502070232951112,0
0.024269245728784437,0.020806937,1.089779983475554,0
0.011138946488202576,0.019456252,0.3213122273213066,0
0.0174874801555731,0.04505403,0.03875261715152113,0
0.01641590334653538,0.06625021,0.1499727582249158,0
0.022217782209393862,0.10832657,0.44552961074175407,0
0.02745120334038295,0.14026421,0.5961945739028305,0
0.019713809983060597,0.032601785,0.7413305252139283,0
0.018411369987347825,0.010967439,0.9522183496406241,0
0.026178562471977036,0.01972777,1.3619612339080145,0
0.01460101645813222,0.06318476,0.4341323221622111,0
0.028517293846749878,0.043373235,0.728259267837449,0
0.011919509503675615,0.048825312,0.21769477079962601,0
0.04008402175839741,0.12872384,1.1066034843288397,0
0.006105600584505783,0.008622431,0.2819851980881374,0
0.013642697365705283,0.038356803,0.36474414809038425,0
0.035121919971139504,0.04264635,1.7637386404696374,0
0.021823753133964712,0.0078242915,1.1837456410717024,0
0.06176672121209789,0.14588536,2.636029649110045,0
0.010274265349545859,0.03411744,0.31957849036214026,0
0.020587731837590578,0.029192466,0.9625018794008159,0
0.029552360257268876,0.052870534,1.3384674395723226,0
0.01585554309408086,0.01817152,0.622047513146603,0
0.020494398567700002,0.053884428,0.7049702858767707,0
0.014017819948146928,0.01901944,0.40174551362252875,0
0.027092042113751248,0.06587799,0.8274334867628264,0
0.013474489347297376,0.034216836,0.43642583699859855,0
0.022259660579196996,0.077329315,0.29910265766436894,0
0.06544568551687643,0.0457651,2.6744176517477274,0
0.027686005198819558,0.022697777,1.4453057396342395,0
0.039636790503641904,0.035618667,1.9816460513348393,0
0.02489028655108868,0.04660247,0.9004224338917607,0
0.017531367028692714,0.01277569,0.7513478898999751,0
0.04527732642368794,0.09217193,0.8366479639663944,0
0.022326449012413534,0.049238537,0.7148299406819635,0
0.03765590486971077,0.023447994,1.5785647184448899,0
0.03445185534488743,0.063892744,1.4518841870679071,0
0.030712316488656584,0.024755022,1.616125222511202,0
0.013516969442267003,0.07755826,0.2600869561067147,0
0.0070613192429626655,0.008533227,0.26625794557152976,0
0.012983004513069314,0.020009669,0.5188039576436905,0
0.027246415434145594,0.062652454,1.1605575055105073,0
0.017914310208627878,0.04108728,0.6419728748596772,0
0.08954423083912239,0.14063221,1.6572547820285728,0
0.020137879891299643,0.016614985,0.7753319591182476,0
0.027784574055423002,0.03151841,0.7989493839943007,0
0.03743780272391093,0.2148835,0.8073431186175867,0
0.01830264706775811,0.052410945,0.5386932657194954,0
0.031194714736671292,0.022127183,1.5714079566577883,0
0.021741798936657744,0.09169354,0.7082870869651967,0
0.013665626650603556,0.014706546,0.5181038866823159,0
0.025199851988026375,0.019081522,1.2810893059075485,0
0.017954946044329602,0.033624228,0.7872734578938566,0
0.01844693190383653,0.013566031,0.9703858026384186,0
0.007604545479555542,0.021684123,0.14644912937226714,0
0.017992193398709302,0.034304406,0.7020087136021965,0
0.015980428384802695,0.03977945,0.31685910953548585,0
0.01138859185914386,0.022024699,0.2732422457855463,0
0.02653881893937637,0.0688427,1.0569612008610965,0
0.017149285621193364,0.013587446,0.7576310082699848,0
0.020263314412274813,0.06884626,0.5504178473600827,0
0.011357919853533825,0.034044936,0.3002918324696532,0
0.02971405563885638,0.09426765,1.0944826020255607,0
0.015235667367077294,0.05569386,0.44297892322471566,0
0.0329432614708975,0.13230613,0.9655910819124351,0
0.029194840458828215,0.17046374,0.4161495120544302,0
0.01482622158962527,0.030819578,0.6660148522457925,0
0.019208761634286746,0.01750569,0.770737022351943,0
0.024456363615831426,0.06305943,0.4954219272205949,0
0.019738257903488814,0.104535535,0.22256817310924573,0
0.01786000489700011,0.01083158,0.8019314424205906,0
0.01305501949181455,0.008311639,0.6242860771858996,0
0.031757040224516336,0.022048663,1.6442494772940877,0
0.01527838523813327,0.032350168,0.6189275558924793,0
0.019675347563481195,0.031101292,0.6717983879217514,0
0.028802073220468294,0.09145481,0.6165828747529083,0
0.027880548343011107,0.08578105,1.0451718128879206,0
0.01816170683922254,0.06305855,0.19088048080210238,0
0.030762701351275273,0.016907284,1.6305645137186693,0
0.024782670497509145,0.10379689,0.6582946900093096,0
0.04044643185274826,0.08073718,1.8087051961887992,0
0.02494161133272877,0.021672413,1.2881123522856146,0
0.03317754142175716,0.061269686,1.1866166534832938,0
0.0177990254992844,0.01474168,0.7537260280692035,0
0.011932996203276723,0.018806828,0.4408777777706919,0
0.08216449103130628,0.099091575,4.134516727708682,0
0.024125395575148444,0.06401667,0.884114213636314,0
0.020130563143413147,0.019769022,0.9626842055611213,0
0.028925866118409985,0.07068874,0.8821476526133974,0
0.02080594547409479,0.016982414,1.0817358571788258,0
0.007108340875329133,0.015447166,0.2144922269752954,0
0.02340993621693296,0.08725248,0.6870820051487848,0
0.0173015796247983,0.045829855,0.7063906858558947,0
0.017695910935651864,0.05130757,0.43111303924765076,0
0.0132679636643867,0.03449015,0.37732472965995095,0
0.02084208504036323,0.04771821,0.6432364485483679,0
0.013843898224186463,0.0098041585,0.6806560867230113,0
0.01598191380950935,0.03996213,0.5789797832152992,0
0.007703205681937776,0.010030614,0.25596565441551095,0
0.024181359367850347,0.09855929,0.48786327901441773,0
0.014692982090799644,0.028777886,0.4992772708748846,0
0.01364794406647625,0.018378355,0.6418769179948941,0
0.0405647772513006,0.12756255,1.0616829992770274,0
0.030305291312443323,0.022435293,1.3062569112201132,0
0.03537628706733843,0.034797594,1.5962216658035866,0
0.014115967286664173,0.049713466,0.2093522596195245,0
0.01764235609377252,0.078631,0.5294685064202261,0
0.03547219507159574,0.11476394,1.2112087280015074,0
0.027403452394392434,0.0770946,0.9543606659705601,0
0.027046798603123926,0.071673974,1.080613399476256,0
0.026107452979939324,0.021573532,1.3290082399692462,0
0.023048509701263993,0.037463766,1.0574493188544458,0
0.023581851867843166,0.038652867,0.979318960536368,0
0.02449356566258849,0.028444897,0.7266125924852747,0
0.018490096459809452,0.019815056,0.6634890795612128,0
0.04609542032428916,0.26516545,1.108279125082676,0
0.017683431014699828,0.091557,0.29507492287841747,0
0.03989400788786969,0.08192309,0.9220406824393933,0
0.012751128711894658,0.032386195,0.5223704505382936,0
0.01912960521770255,0.029798469,0.845120660957952,0
0.029437669576891607,0.05100808,0.8732417144752982,0
0.018960933645683388,0.036377016,0.7925661054209103,0
0.014163024685627384,0.05269104,0.37565223796855973,0
0.020077695926685735,0.03670583,0.43453038356082124,0
0.02424669555197565,0.05727665,0.8061887379206786,0
0.01424594690760739,0.025659313,0.468058590709646,0
0.01134020210520497,0.016680831,0.29174434231515944,0
0.0250407695253061,0.026010493,1.250098550185063,0
0.016954863841095832,0.06365766,0.5698048990434859,0
0.06376134505780678,0.042170078,3.3583477161572546,0
0.037164229536405295,0.08885801,1.362987600117517,0
0.01754775226308663,0.017426938,0.6445132998460066,0
0.05434687125043774,0.13931513,2.2117106979474377,0
0.02297609157122548,0.059309494,0.4484930845385952,0
0.03855417133331507,0.06468223,1.6538597244633524,0
0.020447637390208145,0.06394285,0.7014127481228439,0
0.018812963946686717,0.041258946,0.6794925769354144,0
0.014569293112791964,0.06293493,0.44987771271964644,0
0.013327641696984591,0.058407255,0.17715650042560485,0
0.025360742651755582,0.016851077,1.2085119044035832,0
0.011829724343646122,0.012039322,0.5531096684993888,0
0.024983934679221317,0.09349759,0.736957059250306,0
0.019567672477138774,0.033384528,0.9076817326733259,0
0.0205866460917438,0.094966926,0.5881720246765579,0
0.027768817587587882,0.047358878,1.0368151839538569,0
0.014584604831417687,0.04154804,0.30816944788426054,0
0.030581326570450554,0.061588172,1.1710242670272226,0
0.01898113141960233,0.059534717,0.6538657578146261,0
0.01952560201601397,0.064548545,0.6385845089531477,0
0.023734326351183343,0.060609914,1.0094804745266024,0
0.02352959365605521,0.071810186,0.757984021636514,0
0.016565019051808696,0.035740998,0.487328328825513,0
0.019451322844253237,0.011461619,1.0330422127057073,0
0.01772362909428178,0.03418815,0.4847814185352194,0
0.033663870581493074,0.023240522,1.402384301529852,0
0.010294946322773687,0.014597661,0.33747177310146154,0
0.0426741166100592,0.042388204,2.194441772792033,0
0.04896244439805911,0.037651118,2.323044205637546,0
0.021001338863615066,0.030251099,0.8960917853514297,0
0.021770550671187192,0.023938714,0.9350525391721426,0
0.025695935831806006,0.022758663,1.3202105068467886,0
0.023420554047021418,0.036919832,0.8743897943421836,0
0.01491989242321728,0.030295921,0.3819935640906696,0
0.006056090182430262,0.009768694,0.21225054670749463,0
0.07166239687303226,0.033648673,3.875042871076637,0
0.03235098279196267,0.07538346,1.4129091678814265,0
0.02094974370365843,0.09921326,0.5020086062423871,0
0.010749611136648218,0.045884814,0.2557117741274475,0
0.0272910649577466,0.033869594,0.7221672063297012,0
0.04870121467833192,0.095572405,2.0091501477327465,0
0.04573338852404338,0.109684326,1.4720280698265968,0
0.041486144525040645,0.030753117,2.109975127798752,0
0.012021201483388198,0.032268077,0.40701731230764143,0
0.01758763958071742,0.01962896,0.8231706209951947,0
0.018543329213079395,0.02430565,0.8174744528838084,0
0.03238379437298143,0.12370577,1.1023047768136962,0
0.018897476850334598,0.026374795,0.7355221415791869,0
0.013865873232043288,0.03066519,0.5451670774412894,0
0.02168579471852923,0.09568634,0.5220021045618926,0
0.01752560672409284,0.034091223,0.6702014763529414,0
0.02745791475969145,0.056470014,1.1092314978594864,0
1.8710085498805704,0.13268854,103.91598429605723,0
0.010505072187607921,0.011707039,0.5055875309334428,0
0.015948357564109002,0.039695848,0.6658277599184611,0
0.01689935332818221,0.021240637,0.481990679836081,0
0.020944975873744255,0.045169435,0.9120753191595163,0
0.016171809890133053,0.05538658,0.4830827994322314,0
0.0248530118178647,0.12641948,0.428937813738548,0
0.02062299690622888,0.051654957,0.8607786089936401,0
0.04846493345347924,0.08336103,0.9798818859715112,0
0.017347183335011195,0.05461857,0.63305825903261,0
0.013520970518661928,0.020866247,0.47924155964100107,0
0.021040543945534083,0.12491887,0.26467783628179337,0
0.03087562580717863,0.1562194,0.632339594849453,0
0.03933282352320294,0.11712902,1.495572994486356,0
0.016191513975295325,0.025948657,0.5410339183255303,0
0.018006662098333848,0.09845036,0.3316259189392446,0
0.024607735612878184,0.02744136,1.2072241655418814,0
0.02810284674982139,0.0716655,1.1948713952895622,0
0.022110974355838902,0.014447953,1.1634776850970205,0
0.014529148393408953,0.041776374,0.34527082751386007,0
0.022149598620971635,0.06912554,0.7277574791106561,0
0.013880154188016481,0.018594947,0.4790223547665721,0
0.02415592050437973,0.019461703,1.1838784973855143,0
0.018229154730292293,0.049205426,0.6485837365685512,0
0.01440919807695664,0.035481054,0.5876345848884259,0
0.010391379577537215,0.02053143,0.34011134340149696,0
0.017193221250617383,0.029875327,0.6301871767780786,0
0.03495457393710026,0.017374808,1.8223966153108586,0
0.010221817945114384,0.027666189,0.230648281620439,0
0.03706650665382732,0.10745715,1.2136378755126251,0
0.012644751985922107,0.017782437,0.48509924803725574,0
0.02483483411508289,0.022799399,1.0012613938022406,0
0.011466256483839012,0.019369664,0.3312206136885533,0
0.006120760451433684,0.011411805,0.16786559879257767,0
0.017206156357518647,0.018613085,0.5652764988284827,0
0.017168115727507025,0.084527954,0.4319690119217627,0
0.02158634464424205,0.056207713,0.8974156507128601,0
0.01241416073716804,0.040403415,0.3701455918664269,0
0.016199856849526573,0.022343373,0.4768644294376567,0
0.011649493359182373,0.016783586,0.39816063486414593,0
0.03330399379634273,0.070297435,0.26841923308732835,0
0.020035145433478917,0.033020295,0.7904001149983462,0
0.023076023903152672,0.07686192,0.7139772294720026,0
0.023352583441978905,0.09280688,0.48987154809911215,0
0.03174915585701368,0.012861074,1.728225484529065,0
0.020991982632513072,0.027032632,0.998354168591501,0
0.02200161655274198,0.08226766,0.7767068549772411,0
0.024039688900519492,0.0686689,0.927378988193337,0
0.007422840021198327,0.01579298,0.09401249977849617,0
0.011451888330888182,0.036136914,0.2824958751335977,0
0.01641801232440449,0.075567566,0.418340041980603,0
0.03490773134847444,0.08384754,0.7486250787011446,0
0.018403349280864137,0.015472083,0.8590360175001369,0
0.022223681814082817,0.07421981,0.8438616622303856,0
0.014285174229954574,0.023413233,0.38888584018397054,0
0.021465544485162094,0.04903545,0.9252508229221639,0
0.0365786216126531,0.032767043,1.873048106296237,0
0.02129998933915471,0.0130369775,0.9415834068831962,0
0.013089855176795446,0.034124672,0.46061181454976574,0
0.022336442416294195,0.029527904,0.6521372530298173,0
0.023302800113341016,0.07397195,0.5342749578286923,0
0.030148643362723417,0.054210402,1.0173727553209932,0
0.012340449003965607,0.037253864,0.3655671842186247,0
0.02566807477410033,0.08323767,0.5690272980201249,0
0.04945226009568337,0.010694028,2.7012469398309893,0
0.0316135885428768,0.019342862,1.6691479009657095,0
0.014060138502036312,0.045648947,0.35824172834007373,0
0.008999163253962068,0.02215982,0.33247529091097877,0
0.022345991656899857,0.03611381,1.0102007645606093,0
0.014030335890577901,0.06696309,0.2554370928046685,0
0.008062524611639803,0.026969103,0.17912565341930672,0
0.06048193488983035,0.039148975,2.5210952380064606,0
0.011676737708556196,0.01365927,0.5016705854554032,0
0.027605160665448727,0.031116426,1.3515134935475241,0
0.029191508981310475,0.033985335,1.4750172427474446,0
0.030032379622379098,0.07678903,0.6029744400050737,0
0.01287734409195667,0.02385206,0.3139498284180294,0
0.020286276144591258,0.02813508,0.9908041110176073,0
0.03861013506353477,0.034156337,2.0051748185285967,0
0.01698201276511742,0.038325645,0.6815096245729969,0
0.009155276840127815,0.036351264,0.24824862302348327,0
0.040259207238673,0.114770375,1.5547467620658222,0
0.029689851454596156,0.030449623,1.4603837041900543,0
0.027960170090840345,0.08341887,1.084359660436782,0
0.022970813774762434,0.03457057,1.03881152735699,0
0.020717345716774416,0.0724907,0.5708399742960455,0
0.026585436711500147,0.05266129,1.0186391679638203,0
0.021330370985386725,0.06988686,0.6372526180668212,0
0.027194642879188144,0.08608735,1.016960763257447,0
0.030417334111890598,0.032115027,1.3907190593030583,0
0.0174509357529569,0.024410017,0.39643488286153516,0
0.02844833569837888,0.12521544,0.7930709196375926,0
0.013166087587213127,0.035035636,0.5366194631010883,0
0.03454328621249944,0.027690604,1.2773406850003353,0
0.010521161216623762,0.02894961,0.3500813104419473,0
0.022052003062034635,0.047843922,0.3620055750421949,0
0.07628209010970974,0.120623425,1.9432288700804412,0
0.02956747446737304,0.08850566,0.9439492169368388,0
0.02126558487191517,0.10038272,0.5880331778273132,0
0.017210105956881015,0.05174985,0.618576485663607,0
0.016577873974625682,0.02282614,0.5544474701922466,0
0.01916063264541169,0.04657248,0.5935672189075888,0
0.038675600796124074,0.11488462,1.555152119379195,0
0.019458315781912816,0.054489665,0.779325170181359,0
0.03347258044100941,0.11649191,1.1570004588369056,0
0.019590324455193025,0.040725593,0.5744310601724149,0
0.018933013320341842,0.04217032,0.7990407927930734,0
0.01245386727184447,0.014265856,0.5540083648419789,0
0.03705893249400179,0.050455242,1.684998584709661,0
0.039610355508188005,0.13701218,1.3367679853338938,0
0.021450044320560996,0.040514953,0.9919122059027048,0
0.01404470854918725,0.058906123,0.42089853348639505,0
0.03019740123795784,0.105161004,0.49989709961003426,0
0.011150959227352476,0.033633653,0.3619300325867201,0
0.009738354382220916,0.0136187505,0.291342087083328,0
0.015250471741691784,0.008028037,0.8060238255022479,0
0.022585145139314214,0.045639053,0.8872042972774227,0
0.017409888497567347,0.026026424,0.5497699000607128,0
0.01972179548835999,0.047287572,0.6258369286653017,0
0.018834314749202375,0.036667474,0.3224988794637911,0
0.010290411183156493,0.017765459,0.3483813157472744,0
0.014228086154026511,0.054718345,0.33147453278216493,0
0.018281672546265622,0.023776852,0.7352947263391642,0
0.014856395835882257,0.027289912,0.56178036786614,0
0.02325780828646645,0.040705223,1.0048614056357386,0
0.014865754701254142,0.0075342422,0.7835529886247053,0
0.007570067193393258,0.015481616,0.3040004477992145,0
0.017264061073736806,0.027884727,0.4596758627105635,0
0.013141501146859351,0.046027638,0.3326618241639561,0
0.04252806497471544,0.13664629,1.36299061218649,0
0.012479059981285774,0.029760474,0.3016814849213568,0
0.02595425862693181,0.07740575,1.0354629213216573,0
0.044919677429215016,0.094651274,0.18018531958506367,0
0.021216946162899965,0.02478037,1.0440177852312367,0
0.012042401372481727,0.011749203,0.5190028371797757,0
0.004190258776778456,0.014909336,0.13121809797166042,0
0.03875725200900743,0.06411994,1.8451176258648891,0
0.011966920049692095,0.028669428,0.293798696136512,0
0.03345730470716956,0.1397691,0.9301843269230404,0
0.020930804677509334,0.1245429,0.13898519247207483,0
0.019257126835559066,0.029298468,0.8464587000619828,0
0.012992191262952375,0.02472265,0.4306973826989833,0
0.017935925894034154,0.06571419,0.356600429812152,0
0.0243220853092389,0.027469104,1.0833029667120728,0
0.018145841521075234,0.03743457,0.6428095385480372,0
0.030930130070789423,0.02861434,1.4658805403088198,0
0.029624244055814687,0.046906807,1.2580013353280455,0
0.01456497491573999,0.018244972,0.709994561433623,0
0.041276501440627056,0.09654246,1.7733787872335796,0
0.020240680685269765,0.023556313,0.6153496928108063,0
0.029060090287123364,0.08247193,0.8440119906093302,0
0.023196552684736905,0.05867072,0.4759991804371082,0
0.016773182427802985,0.027631823,0.778510564184193,0
0.02935314381698852,0.04021851,1.1218870222308694,0
0.013183155577631613,0.044300303,0.33385337758388584,0
0.020980050670090712,0.061772037,0.8035148664655211,0
0.017047132335615674,0.045134597,0.6866602065348504,0
0.01232170559789346,0.023989735,0.4263762474607608,0
0.04106520706369496,0.111064546,1.3184190536727642,0
0.02181627812515525,0.009954809,1.149785101173875,0
0.027159934275479216,0.028328042,1.3010491373311226,0
0.026079536287325022,0.07353163,0.6832344341343923,0
0.04525874107780087,0.07546463,2.1004172227439524,0
0.022673173289890033,0.06302943,0.8179210465033134,0
0.017507074643976044,0.06397638,0.2909828812451625,0
0.02655548663377767,0.027448079,1.3289078800876613,0
0.03671696165805389,0.05489818,0.7144297501027708,0
0.012611834689313085,0.01580871,0.3647760914741177,0
0.01864560423366652,0.02941264,0.7525531028637956,0
0.014230367224986197,0.05187592,0.3592901196611021,0
0.021051131519975966,0.056711584,0.737178707552484,0
0.01730624459690467,0.030582622,0.7841194512711547,0
0.02961207953466691,0.036628667,1.013583066298459,0
0.0379848700680765,0.06167574,0.6232680844371454,0
0.023056882398916755,0.04836318,0.9866693819976543,0
0.012265097918513575,0.017111152,0.5084875526069446,0
0.01758097336951199,0.06350662,0.3493432272943571,0
0.019565667223321564,0.04586473,0.6690816071550548,0
0.01916651306948884,0.019813975,0.8374642325603949,0
0.028008776662091048,0.06112986,0.8263168696178931,0
0.021715450659493648,0.06515777,0.6853296340362082,0
0.012726785864252894,0.05807352,0.2704561887799381,0
0.03950600964112351,0.088990286,0.2661499990867126,0
0.0194749205283282,0.021826144,0.7873224791690957,0
0.02449358677431608,0.014033704,1.2973721034270798,0
0.04436931129449185,0.020232426,2.0746834734388764,0
0.036965905806727886,0.037663512,1.2181201158087578,0
0.02243581035684307,0.058226205,0.7147298276880832,0
0.04046364193325844,0.06169954,1.5706898153385556,0
0.012112978443687252,0.04752459,0.23032398761182005,0
0.022355786045925655,0.032016646,1.0766809778485626,0
0.022657253940363643,0.0565404,0.6364436528260206,0
0.02420551941476268,0.06688626,0.706025745799637,0
0.02324721950153423,0.10322148,0.5804608449392588,0
0.022207993739737135,0.045388184,0.8305774276606359,0
0.05401243481128755,0.0796637,2.6291694378529007,0
0.010355408597066957,0.027767068,0.27996152013534925,0
0.025026484812556943,0.038140994,0.9869799948914362,0
0.030619692747531752,0.031615127,1.553562664879671,0
0.03480772115025281,0.042306505,1.7200136682471632,0
0.020409227968036184,0.017854206,0.7967585442287286,0
0.010908432313041755,0.0250317,0.35920805325412897,0
0.019100520434167448,0.018268298,0.6673389984837503,0
0.026068240633694572,0.01229396,1.3857399280229854,0
0.012879843193393404,0.022559287,0.585496399386351,0
0.015290628588934926,0.057807166,0.32789664768917887,0
0.024826221313068938,0.06864916,0.6593658201324378,0
0.019721124684090676,0.09590502,0.4968174155686813,0
0.042614535498905516,0.14528385,0.7209027253444573,0
0.011320535646460739,0.008853825,0.5100357101313668,0
0.015832620157050822,0.0391532,0.5479419181298558,0
0.035460723109666734,0.10009717,0.3222393343848908,0
0.016368077658867324,0.039594147,0.4870814169279035,0
0.025617810305607763,0.032090366,0.8886267336502508,0
0.005490722475072957,0.014569453,0.13263472928214803,0
0.02003510641886864,0.006639577,1.0689265773363978,0
0.01771186797334848,0.0381539,0.5773218422696332,0
0.011716843497994064,0.037868526,0.3400220198736025,0
0.005890473633027497,0.016440371,0.1845573757857388,0
0.021976962785890522,0.03275744,0.6420658555369009,0
0.022985003343742413,0.089933634,0.5698126090755437,0
0.04663248075363656,0.112697914,1.6405239771071598,0
0.023339815694542295,0.0510076,0.9586379288153789,0
0.018934501208817442,0.017634314,0.9397437359995126,0
0.014825239961182674,0.09695769,0.18490710517451434,0
0.006671230609678709,0.031842854,0.17275783287070642,0
0.027000225874020074,0.022438046,1.2755703657944355,0
0.014813908707748066,0.03680547,0.568728446823769,0
0.021233032681513938,0.030212214,0.8738948627712283,0
0.01265876261386463,0.033075277,0.46513160606409315,0
0.03192025409449434,0.020806758,1.6042104712715002,0
0.014930129905228778,0.034523744,0.30423358995449207,0
0.01803210827398176,0.05253211,0.39946344438335774,0
0.02803458871737558,0.073322915,1.1756126895215615,0
0.023258197404597267,0.020033645,1.1272399093571732,0
0.01620768872428161,0.028296048,0.22176846519993842,0
0.010574137351908052,0.045759603,0.1523341640915614,0
0.014787700269314329,0.02256709,0.5175538896489995,0
0.024587175013163994,0.08745251,0.7058869850834373,0
0.01210582327594731,0.01365745,0.5070303426744349,0
0.022449096315271616,0.11049275,0.6352243280932751,0
0.02290387419738947,0.030174734,0.7818875411407006,0
0.021438094605514997,0.03880199,0.5441798904187881,0
0.01430565788052442,0.06072117,0.46058674630015217,0
0.024928079546765968,0.048303504,0.9362165695829007,0
0.02960321045295362,0.10568493,0.9608475436945111,0
0.010586309060127523,0.02086575,0.21226543336401188,0
0.020232813437548014,0.03222876,0.899361263890482,0
0.03714498559150197,0.014645466,2.028943702535247,0
0.01599255965010382,0.04721136,0.5899593328125597,0
0.017286399034951237,0.022675486,0.765734222343958,0
0.019637749802960083,0.06795681,0.5096864472874859,0
0.02852933853397694,0.059091445,0.8250378662070293,0
0.008164209930063338,0.01742045,0.2711321984439443,0
0.02188983741549943,0.046752375,0.5927508142883547,0
0.01678402375631114,0.024001328,0.8219948188122782,0
0.03277023931521589,0.064660825,0.9977185241881095,0
0.01486063195929592,0.027141092,0.6892875133844276,0
0.01380586708343426,0.041021824,0.45802098135825786,0
0.018048913944211126,0.028204145,0.5976553610803533,0
0.019912940622082147,0.048430927,0.6651049414927723,0
0.025657940826746953,0.040452413,1.1653703811095717,0
0.029438386169195824,0.0567398,1.20130788980426,0
0.014342984647361338,0.040965,0.42756191778868474,0
0.00901289406238627,0.01841173,0.2057423898190635,0
0.011411179071165947,0.015219716,0.3613115231915845,0
0.03295246652033962,0.08009287,0.9733551845430115,0
0.020376899336665314,0.035175342,0.9379064789712891,0
0.016672325656038114,0.03327401,0.684645801906727,0
0.01994803308062198,0.062468167,0.5670389124888753,0
0.04128541360233897,0.13046347,1.5731506903878643,0
0.010399677908454348,0.049020186,0.18990229088112437,0
0.03008754292479433,0.029071841,1.2204549782514051,0
0.03173940966926299,0.030283403,1.118918902096431,0
0.019185930646077605,0.016794926,0.827017909876673,0
0.015566888858384876,0.03782198,0.5259090187025266,0
0.01638461252674166,0.019160647,0.7311399870684046,0
0.018564080202786055,0.039230466,0.4786757366776726,0
0.05329170169326033,0.060975384,2.6048635537388387,0
0.022487630381995048,0.047803514,1.0104464871811327,0
0.01503908695394969,0.046068735,0.4887775768235118,0
0.014669341920239021,0.037277907,0.5886904534155604,0
0.013980128739754346,0.028567092,0.242060193050971,0
0.017702179895689306,0.026340788,0.7485410780550957,0
0.07109796441853239,0.14511113,0.440986147705208,0
0.02869517067770071,0.048069302,1.356977849721639,0
0.012018597242707436,0.05365846,0.2650585921820821,0
0.006820702859720971,0.020300997,0.19420812767788614,0
0.025603243536790003,0.117330864,0.27039114979600515,0
0.024912649806962638,0.034642637,1.1009121175871759,0
0.009995067100334577,0.03771607,0.27556998939246485,0
0.025109517223831042,0.028032966,1.2294722875847928,0
0.0061720947621157285,0.011868985,0.17555942250158454,0
0.013057366845155582,0.038421884,0.33867423059195445,0
0.009211358524639793,0.028891549,0.2766190010318946,0
0.03238275394302125,0.0606416,0.9047380250818684,0
0.027940511768888506,0.06677795,1.1834965498693055,0
0.055788843519765166,0.18533134,0.7474063952589225,0
0.015841915041571467,0.04671407,0.5666636697500909,0
0.02530656031476525,0.020634549,1.1899573571434747,0
0.03178741605943769,0.076476395,1.0788436992994441,0
0.030176459321179815,0.03717745,1.1812214246978643,0
0.021943706064808707,0.035357893,0.9768755584098603,0
0.02532299476494028,0.027042061,1.2448660806577514,0
0.018598498545992853,0.01550798,0.7041552977036083,0
0.021427352386261988,0.0302563,0.9901093946041528,0
0.04662950033008908,0.08127407,2.134943217473218,0
0.012837827436848198,0.01531233,0.5235201126255242,0
0.030313251792705165,0.054563217,0.7694452637477864,0
0.00885470723681476,0.010681676,0.37150374062316294,0
0.013753316230071505,0.047984146,0.46472342202416544,0
0.04199579327961693,0.016837416,1.989363361669085,0
0.01670354977162558,0.035615172,0.7164958618683188,0
0.020658252423688378,0.014856646,0.9347052854657794,0
0.006546875088436587,0.008519473,0.24897626204097312,0
0.020468394867845532,0.09503344,0.4340876909177383,0
0.03807572021158915,0.25281963,0.5864887750090385,0
0.024638026889649355,0.027876146,0.9462969325982904,0
0.023970062914076315,0.036122788,1.1623084495322844,0
0.029758744521028477,0.007068157,1.5269323779407917,0
0.01578451199376351,0.024357887,0.7282334325711579,0
0.01742172592998938,0.015094848,0.826182311483226,0
0.01833423764367597,0.06097823,0.6300214125210293,0
0.015091406480716113,0.021997055,0.6182894448268941,0
0.05152710831830497,0.070057146,2.548941742280623,0
0.029830437059061177,0.053101916,1.326631425696728,0
0.01563232243938123,0.065731615,0.3712535668007258,0
0.01840998052291674,0.031044006,0.67441210846218,0
0.027698673510457048,0.042837944,1.1348769233385512,0
0.04677872059749951,0.099576205,2.043784313405922,0
0.026606470204151196,0.06583601,0.8299095974686369,0
0.02466879168311001,0.09170173,0.805544526737688,0
0.02831775978290903,0.115940005,0.5640531921802489,0
0.031240258443255273,0.06559737,0.4436757527046825,0
0.016930128935077123,0.030605266,0.638326749349629,0
0.01752584797469603,0.046018556,0.6089881492529924,0
0.026009874190942354,0.13591686,0.5361854181839494,0
0.009340677502947863,0.014335369,0.28402869950415527,0
0.02127563011580316,0.038820613,0.8629880189949858,0
0.013459086536331799,0.037827637,0.49512474193452044,0
0.02864299407777644,0.066334195,1.2231587719281123,0
0.02240811270196355,0.047144964,0.9941389324886643,0
0.020639749092254,0.025144218,0.736424104074627,0
0.013371238674750908,0.03271527,0.41556200682909356,0
0.01938031397280263,0.060996473,0.5996314145909708,0
0.014463047096189646,0.025154779,0.3231086924699329,0
0.033844241893519734,0.024309717,1.7918149260193534,0
0.020711896117597033,0.098626494,0.6133319971830846,0
0.032915511265934456,0.029996574,1.2813273255362847,0
0.01911898346045407,0.018191164,0.7480660460758926,0
0.02672649365948101,0.089117795,0.5158103393150313,0
0.02005323172187183,0.02500821,0.8561241174437288,0
0.02907355987444198,0.031629212,1.2629824835747312,0
0.016260947060434607,0.046652343,0.47906642450227255,0
0.027912933030807236,0.090940915,0.28768925541466517,0
0.009874621296114878,0.0058579184,0.49153275638391014,0
0.014097468050792546,0.043582417,0.3340357939346807,0
0.013634099978211023,0.010170397,0.6384512458702186,0
0.02410607077864168,0.028360834,1.1664097424114053,0
0.020148065609893406,0.03796198,0.419629998891223,0
0.00821955740982316,0.027642982,0.09313416851122677,0
0.03216769884356829,0.03741278,1.6225120579326242,0
0.020177891765987672,0.024449913,0.8698802359940371,0
0.011974076595546322,0.016267441,0.35547065034682596,0
0.011849843008809514,0.024719652,0.27776917514628463,0
0.017743335879482278,0.03774357,0.6517952051249459,0
0.011860603625605003,0.014905635,0.5400981915629213,0
0.012448045509717258,0.009173765,0.6035641516568667,0
0.0199560459555193,0.040018536,0.7549684330269932,0
0.03128168469063601,0.037896186,1.1187823808387227,0
0.023894159799559618,0.028179646,1.042072048616517,0
0.0089069706200571,0.020753179,0.3429636420546848,0
0.019506870983690392,0.026255744,0.7235583431840216,0
0.02259781867408603,0.025734669,0.8403262866526189,0
0.05081682071443491,0.01559211,2.8150755672464305,0
0.025698262310654824,0.061833378,1.0817885752294805,0
0.029941795840147827,0.06944693,0.699297204356558,0
0.026929511237404107,0.038187977,0.8371313308758636,0
0.021428107486647655,0.024411147,0.7116112210551727,0
0.01793654130108313,0.049873523,0.6664230819911949,0
0.021328828942420008,0.0964175,0.5939658803336088,0
0.01853579785082169,0.032184154,0.6152028968715004,0
0.030763015320088165,0.02889223,1.2729256099941395,0
0.023216599851462683,0.048779715,1.0079764403967413,0
0.013441030313300397,0.048937257,0.3931577964725248,0
0.020793216600195667,0.023228604,0.9935960799453029,0
0.021945192854596774,0.030581696,0.7494965827668182,0
0.03992368555482168,0.064308,1.859480659011707,0
0.02233840680097529,0.036787633,0.7107437041159321,0
0.0267253301468436,0.04170629,1.2712939182138718,0
0.02093404104847737,0.06118145,0.7588384414214044,0
0.018363447513190228,0.022462338,0.8837017677626072,0
0.029806212215761883,0.033714708,1.4965182552193308,0
0.03134756744978484,0.060882345,1.444936350733117,0
0.02338722222959849,0.022464316,1.1658163295876587,0
0.0231023595502824,0.026615629,0.6774282834871177,0
0.015205684529415418,0.03656649,0.3536052134861239,0
0.01701077085625044,0.02657844,0.7399954013302674,0
0.02343808409788909,0.013366306,1.0986253182759307,0
0.039643463972002836,0.012184269,2.133388553204438,0
0.0126294635694784,0.021238621,0.5525799128945731,0
0.029931349824512194,0.034936886,1.3080529246531118,0
0.00916335833197937,0.039189607,0.18679834145010837,0
0.03248454589698567,0.06400734,1.0407226239964804,0
0.01663744495334909,0.011859931,0.8503143884055915,0
0.016134474270583003,0.084436096,0.4026142962332871,0
0.04087720371011341,0.0530032,1.2582611452976353,0
0.023691117635207738,0.023843719,0.9638833853139237,0
0.023927905512830937,0.06516994,0.9255291542618603,0
0.010102199493542139,0.020254076,0.46176050760975307,0
0.02836923191961821,0.068601,1.1441403465550302,0
0.04354175460175623,0.061959513,1.9745094520540267,0
0.03603604516408889,0.022017082,1.872040438587371,0
0.018748300712669155,0.019414293,0.8106245186954525,0
0.01696074008682491,0.010655312,0.8947689284193058,0
0.010893048500887658,0.0728514,0.17680765176475052,0
0.015268855227047715,0.011765451,0.6614161338602211,0
0.019345971785143506,0.072861694,0.25910872402021984,0
0.012571099535016356,0.016568802,0.5598275224152482,0
0.022822687583624313,0.025624286,1.1305189546025116,0
0.013312658468633531,0.039292656,0.2997627119097273,0
0.02172430721408191,0.057917695,0.12922404431647058,0
0.024263655235633667,0.1320871,0.34910257070912876,0
0.02948896699588357,0.05703466,1.0873430751852717,0
0.010928381392681066,0.04960857,0.2043527590111405,0
0.019637107050081704,0.022704963,0.9283423908368217,0
0.018993445188824863,0.068615146,0.49653370079455916,0
0.036099832046740984,0.04128089,1.2960829035459702,0
0.016596055474431864,0.037114386,0.5868888803518031,0
0.01636709012867148,0.010739565,0.7947677598503385,0
0.008763140739544206,0.011970838,0.3291211346795155,0
0.04442317432253499,0.11100416,1.6077187537016158,0
0.01752518162079998,0.06443504,0.611928439393315,0
0.028344055717529522,0.044071566,0.7071509404071887,0
0.03706179107892736,0.08852262,0.4890636975334625,0
0.01651453249265311,0.019156441,0.7618369249940184,0
0.033949701138469734,0.073100224,1.5064431792815711,0
0.02354258459973612,0.14953001,0.30032489749097085,0
0.011618242065137188,0.037809934,0.3320353685603473,0
0.030352978054703706,0.052480835,0.9785429540587047,0
0.021797553537841814,0.04656625,0.3491597449870192,0
0.020802914483144738,0.036474504,0.9173702495352908,0
0.01956292148570559,0.057893157,0.5917507275979758,0
0.021348677127544673,0.056342997,0.5454889236063912,0
0.0357080712826985,0.10932529,1.1858628112981804,0
0.035537034805133386,0.099032916,0.4242008817152307,0
0.008201579732912724,0.015610343,0.2870289445506724,0
0.011347584919220645,0.021045094,0.3859065967961617,0
0.011404976992769543,0.01713842,0.5203544160297513,0
0.02478947431764645,0.013003414,1.2894586398767165,0
0.011032872362057373,0.036734644,0.2303359898441979,0
0.02086198418632659,0.023982704,1.0525814273111935,0
0.011245981121059937,0.021769809,0.4080242569028291,0
0.016788643495697038,0.026828667,0.748939243910452,0
0.018826633559176693,0.06270318,0.42424075755459967,0
0.031211369815211772,0.11492746,1.0797955531290369,0
0.005736991494882666,0.005138264,0.24590240280135298,0
0.019085980396004856,0.071582496,0.6622920891515732,0
0.023147440945544252,0.058311645,0.9858144343611245,0
0.016531046018893707,0.060437936,0.29136282352860815,0
0.12763053372664535,0.08910144,5.755575021688941,0
0.024629906209948135,0.026774716,0.9485207721060611,0
0.010209945465005022,0.044277623,0.3090320139332129,0
0.013618678921475698,0.05079911,0.4828009205562397,0
0.014146236731075266,0.012044073,0.7198032692523074,0
0.006845138035714626,0.021302871,0.0,0
0.017541634877283063,0.041857146,0.7641903807531041,0
0.007483277677520406,0.03121026,0.135450854029567,0
0.016687296791819788,0.030971,0.6930368565692352,0
0.03320321639889559,0.036009178,1.5095895813825337,0
0.012635380056463688,0.03235582,0.35851060129227974,0
0.03426406259056672,0.049470562,1.0247833904140433,0
0.010909786270879004,0.023068618,0.4493949009812186,0
0.01675466398987599,0.047376152,0.4272382829424353,0
0.03296221142113885,0.07680465,0.8637707494486022,0
0.0327524403282904,0.07338845,1.359143559438043,0
0.036677423462955584,0.040392704,1.8635619702642388,0
0.031098528888537973,0.09310421,1.1333800401574186,0
0.02751342990125016,0.0149954995,1.301541126422024,0
0.03349948820986322,0.051104706,1.5426769885896048,0
0.013499460097651888,0.018800238,0.4748349596477979,0
0.03680761077919924,0.14937147,1.1714698175046971,0
0.0560850856805556,0.060681917,2.859167409686608,0
0.02361536618452624,0.013938357,1.217617642519647,0
0.013140637527417556,0.019664783,0.5349733585027786,0
0.03723567335025318,0.04048471,1.8491373445681452,0
0.023418733015246787,0.09468296,0.5719815510466384,0
0.0074455487203035145,0.015734538,0.21094209829801333,0
0.012188456622001314,0.01128249,0.4787830083860793,0
0.012068982096967967,0.015829597,0.5354108104231049,0
0.047900314124326326,0.04390487,2.024528616311845,0
0.01847044854551272,0.040117588,0.4994766921846204,0
0.013590413926975058,0.026134899,0.5477548292558307,0
0.015897227664649478,0.011462044,0.8129817477154276,0
0.027254025732824667,0.035006646,1.3591315016545436,0
0.041628632314287005,0.1298475,1.438119253129313,0
0.01664563747335733,0.013375549,0.84713044777269,0
0.0174249726436004,0.025425555,0.7195228315102694,0
0.007990786202917806,0.01238951,0.36305620952300843,0
0.02484792656479512,0.0496715,0.9309583052782124,0
0.027390070771470335,0.08674883,0.532068030413958,0
0.031924069054445406,0.095077306,0.7557684430481033,0
0.025911362092579972,0.057585865,0.5479132499839116,0
0.042459534611655164,0.12162266,1.7328360753815353,0
0.0311882932249973,0.075147755,1.3164729577197287,0
0.028219051720060975,0.028469628,1.3385310648817157,0
0.006270145656754647,0.018123457,0.19662493166798423,0
0.021735456088109326,0.14044243,0.3241857650562469,0
0.023450366099556204,0.040096387,0.5189180656836982,0
0.04077639333027348,0.017758591,2.0295143498522044,0
0.01567302236874058,0.05375797,0.5327165022424974,0
0.022241078650516992,0.05308642,0.9478078678625621,0
0.01474222854059038,0.034423567,0.11146699907721835,0
0.015906724194569396,0.022874288,0.7474318324190444,0
0.012504993427161673,0.029665537,0.4027020278260065,0
0.025502064663868,0.03008555,1.0536395983950801,0
0.0074279641991204,0.021624787,0.24140407574070127,0
0.01959042309823055,0.09745564,0.4125070140463043,0
0.038926602666305384,0.038182393,1.8194967796675203,0
0.03251125419810438,0.054321293,1.35120092266503,0
0.12645447872278276,0.03463219,6.401981112787114,0
0.019637973777799675,0.022166114,0.7883696108548565,0
0.018997601613193436,0.02036111,0.935879291982295,0
0.04301220118831597,0.026776025,2.2490126925037806,0
0.01187402274913545,0.019714322,0.3381889110693081,0
0.023933186397514756,0.02154148,1.0626111739943096,0
0.10071362562024164,0.18199663,3.034574078183462,0
0.04106533954510171,0.030863108,2.0390873474652587,0
0.029392210256699015,0.07166285,1.053038889899506,0
0.01788959918121704,0.033639695,0.43480706008635817,0
0.03135994859993163,0.020660592,1.459375512511256,0
0.025322547636015717,0.072707415,0.8855118004044286,0
0.021770259404927016,0.052885443,0.8208937048190071,0
0.019112533802358347,0.092240795,0.37134665463722943,0
0.022267243588143755,0.05179269,0.5089231444646747,0
0.03127882890783052,0.06534558,0.3829978846945742,0
0.023694576643241656,0.025922976,1.202415099908493,0
0.01030482955735921,0.018455409,0.35526868701638786,0
0.015233769519621144,0.01752629,0.6122054084170383,0
0.02136011635712541,0.046905532,0.9200283113793648,0
0.013245490726368605,0.018563695,0.5714057884442502,0
0.039065278215895144,0.14133348,1.4184825390311888,0
0.011954982177981716,0.03452542,0.3411621257548429,0
0.040433984114783925,0.0715319,1.0710897673363053,0
0.023004140884610946,0.053801447,0.5396591263149103,0
0.027352598744704477,0.1181069,0.8726635091588566,0
0.026297850745842045,0.07609823,0.6087254674144928,0
0.027082876942638636,0.12058588,0.41898566496600786,0
0.062390224440496654,0.0332984,3.316963116924114,0
0.014154006527571388,0.021264426,0.5015381913239721,0
0.01659474678971196,0.062330995,0.38100874592350437,0
0.032768299732936,0.057598524,1.5137947786866413,0
0.017828752054033243,0.084944636,0.43005996627112886,0
0.019533097033918846,0.02182853,0.7336185451947748,0
0.015865130474363644,0.051149983,0.47872548477240695,0
0.015241507923857098,0.01962881,0.7474221857443221,0
0.02275559818509717,0.040637467,0.8820809918195727,0
0.02545063704409322,0.038036972,1.1316524723633592,0
0.026985954243099464,0.018666904,1.4246943370017515,0
0.020866097162098727,0.073333316,0.6366271636718395,0
0.10357891664441074,0.050931748,4.755998330621061,0
0.05535624665197272,0.0628269,2.7945393888048544,0
0.013983132623083606,0.026409928,0.6398800466722117,0
0.031152065528997866,0.03107051,1.54992964037833,0
0.014591838746978076,0.057904195,0.27209374179613754,0
0.03543991913719308,0.050797686,1.6305235916379248,0
0.018794519872967857,0.11007841,0.4257348183196911,0
0.015261580116543515,0.025362048,0.5888983164100904,0
0.019369677510057727,0.014818256,0.919280955911109,0
0.04480157906054622,0.02815505,2.3840291164810257,0
0.024566421395310373,0.12712726,0.522183389638715,0
0.013935410021082641,0.06071554,0.13320061892658724,0
0.057922786052892715,0.122115366,1.3173911962249225,0
0.017736064856412,0.06593588,0.6309982021610315,0
0.021952108890080327,0.051417988,0.8220105420209053,0
0.01930591861496593,0.02944278,0.909431538057621,0
0.030508203689070233,0.017034762,1.4662795993030415,0
0.013184352792346695,0.010435333,0.5896660400277011,0
0.03634495849718426,0.12291024,1.1085538978792127,0
0.02633913445356275,0.049340893,1.1695767150825453,0
0.01788120380991028,0.017241416,0.9003685774723702,0
0.014452295379143165,0.036417775,0.39162162270015793,0
0.009068248501015664,0.019311156,0.27208256986230994,0
0.009599268966071384,0.031699087,0.25472689284113526,0
0.008893761875719074,0.03145758,0.10761908050889465,0
0.011629990760885217,0.014000211,0.44899202295349694,0
0.02896695042148315,0.061501287,0.6638580048968705,0
0.01767189300051282,0.034987185,0.6185037848381327,0
0.025835797916098704,0.1186977,0.6694584717420818,0
0.017357817662527412,0.025310803,0.4845546330976594,0
0.021207172782671733,0.03008178,1.0309699714937643,0
0.01673017461509022,0.04008376,0.38297912317705146,0
0.014209165293336013,0.025156222,0.5994038911037831,0
0.033985425907850704,0.08362472,0.6972910883899638,0
0.014553253069908997,0.02711314,0.4022836811314624,0
0.008540193503444054,0.01180545,0.4047222229249782,0
0.054372145519374,0.03624865,2.8545218942450123,0
0.019881111587540787,0.027145075,0.658326930400084,0
0.032459759666031984,0.017184056,1.7547221644802797,0
0.014621250676719188,0.00981494,0.6575526298269629,0
0.012286887971698045,0.0091202855,0.4920919978771977,0
0.015202780216499174,0.08608935,0.14644490989622955,0
0.015918305662359654,0.039094035,0.6803742761265148,0
0.006708785079886529,0.010792717,0.2001176793285054,0
0.01849014482106273,0.04559867,0.7496077292860849,0
0.028984023207274674,0.10662084,0.8336822683705262,0
0.02945407527749071,0.022393715,1.1770386296194415,0
0.02387560281977577,0.052867107,0.8894502493651156,0
0.016279491619631874,0.011487225,0.694098232245343,0
0.033238966389802935,0.11993689,1.1611564060343247,0
0.029377879997675094,0.02714786,1.379534925675824,0
0.017219092237567353,0.053955264,0.5881436677694205,0
0.013718192056005642,0.019604202,0.6562113348556805,0
0.023224164679354148,0.040494587,0.8440063660118119,0
0.019127753383513177,0.0478174,0.77734341893601,0
0.01348513249027125,0.014947362,0.4966895825677216,0
0.027341792175677202,0.036053576,0.977776307044609,0
0.018125964222936244,0.017817644,0.6926809338970115,0
0.014159142421947055,0.022082662,0.6126672834190552,0
0.008374692341326767,0.023587689,0.2731909678408035,0
0.024100138334252123,0.072265446,0.4983486107943239,0
0.009025615997098214,0.020539766,0.3066667496745876,0
0.007814401819661691,0.009113906,0.3323897852951157,0
0.024290908488090644,0.03400677,1.027913421876663,0
0.015768468955512246,0.006189007,0.8615167425233794,0
0.012043583093055279,0.015564382,0.522111019498491,0
0.02985412762092816,0.017332707,1.5800107690875698,0
0.02744559126556028,0.06722924,0.9644578876802768,0
0.025168229518073643,0.06586647,0.8994457695790292,0
0.030532670684390004,0.1359178,0.8311916274465072,0
0.021994580635784175,0.04918382,0.7853634923169003,0
0.01770872989405925,0.018056594,0.8482740866370553,0
0.014146812391537476,0.019967135,0.47353125971276755,0
0.025893414156989744,0.08959279,0.4951325656824323,0
0.03407040568522246,0.051471353,1.5143320488505783,0
0.01563816050679789,0.013689924,0.7774634904353321,0
0.02071262314623576,0.03236938,0.5693248024029045,0
0.010762252166057234,0.010118542,0.5016886014440715,0
0.017703006867756332,0.031260572,0.557222407693863,0
0.022084549274423652,0.012303831,1.1511564926031053,0
0.0198434061045962,0.028164497,0.8612649798638806,0
0.03910176175609652,0.04584266,1.8665511609794638,0
0.019883452633510847,0.026121877,0.8825301672919903,0
0.021235424419000427,0.13589342,0.3560217614838249,0
0.02479719200232942,0.10271525,0.3450271217514313,0
0.014230010641241318,0.036194995,0.4643231743550041,0
0.024265791163105108,0.063777395,0.8889919086388061,0
0.016014897940776537,0.045278385,0.6066675260272172,0
0.04887846994177904,0.21713695,1.4341655275770462,0
0.024778969368229264,0.107715495,0.6638054223121116,0
0.01628897215339028,0.035330918,0.6077528027969269,0
0.03620276553318738,0.054503486,1.6345434290731884,0
0.02052498812042393,0.023511723,0.8191541217836693,0
0.025647632498201282,0.037159417,0.8248840644829809,0
0.011167266553116634,0.0276281,0.1128578387602639,0
0.02782420806120398,0.036266692,0.9043277137442024,0
0.008197797312252918,0.013657386,0.32967968232049916,0
0.013042201921960104,0.026254166,0.5376599212825997,0
0.011569958101326522,0.045409437,0.2627314928382437,0
0.05442576904426079,0.024527531,2.8479372621908885,0
0.023819237037003695,0.027300822,1.1566559049114704,0
0.019213948684620806,0.017968748,0.9065031232251816,0
0.026504973580831547,0.061491873,1.0551280860359178,0
0.011371883747090805,0.020046271,0.42129600363269587,0
0.018288948701104348,0.046400566,0.24529147041473545,0
0.0235254896966502,0.059940282,0.8349527514277892,0
0.012376021433892343,0.027170427,0.1375851336832115,0
0.020142537362720356,0.02520442,0.7676017816336831,0
0.02257179291653278,0.02500869,0.9037171419049744,0
0.020712883935153203,0.02843353,0.760776339925188,0
0.018550602217245565,0.02436898,0.5442256023260399,0
0.02635418653669893,0.033580277,1.3036191535957824,0
0.0180129264390623,0.033881973,0.6599280746099546,0
0.020357437443484536,0.08591786,0.6714101574019629,0
0.017726706028219658,0.03279543,0.7885057813702002,0
0.030139841082632207,0.0478828,1.1592724765702989,0
0.021746374453395802,0.024312166,0.942002549273476,0
0.035624658631016715,0.105849415,1.3241788562749366,0
0.027744974211429317,0.086282924,1.026893873669217,0
0.01074144373018372,0.044803716,0.3454266458005504,0
0.015474247221990584,0.012534159,0.7841126369353094,0
0.023114417922813997,0.055044845,0.6207985222789354,0
0.024105983079746984,0.060765103,0.7652032344295174,0
0.021526441643490036,0.028980654,1.0648425246475341,0
0.019743232362942408,0.06256723,0.6394713559585073,0
0.03284489875985802,0.020006277,1.7031560146624438,0
0.020104431642950282,0.00874396,1.0960179366466016,0
0.023695558324867676,0.056650843,0.929666920565569,0
0.037442623016959914,0.06892581,1.3211360281161697,0
0.06595301201255349,0.031852867,3.3214489250979105,0
0.0391588011968213,0.15482275,1.342691960483642,0
0.04168249113843063,0.059411358,1.763618239797208,0
0.05248107872721234,0.03538434,2.2778266907452367,0
0.029552286780297907,0.12499158,0.9220899619691248,0
0.014103509447498734,0.04675665,0.4529580532041241,0
0.018838077047808675,0.039425287,0.5704916683510189,0
0.032722892129277405,0.06326084,0.9384494160567802,0
0.01633329858933851,0.033832718,0.600747758019348,0
0.031489792609577696,0.08823283,1.0569773958382176,0
0.030853191313156215,0.0090928655,1.671103533086989,0
0.03153539572910527,0.10724423,0.8777439459875935,0
0.025476951162688857,0.021689288,1.3316350255343263,0
0.022427245780626257,0.03735139,0.44439797630420186,0
0.025955046562645228,0.07587892,0.8719771162831798,0
0.012603402078188455,0.029851219,0.33325519815611476,0
0.01729311957607935,0.048068553,0.4370689146253286,0
0.03731297191756418,0.058406718,1.600482397763804,0
0.09885158860194998,0.021409905,5.332520706766433,0
0.013867312501405398,0.02513963,0.5606165866797768,0
0.007100757708827211,0.01585409,0.21790563466198012,0
0.01828843806770307,0.068085015,0.4386990936253959,0
0.03405612184295612,0.041492287,1.0638970728677977,0
0.0236760782866352,0.082571246,0.3069029969112353,0
0.03015299441039011,0.045270357,1.2412141108020875,0
0.016277088846331143,0.047198083,0.5959478558145039,0
0.0337148206371993,0.13488388,1.095590464403398,0
0.014236670827798266,0.06828225,0.38795740768749154,0
0.031379983171251874,0.08231161,1.3259259135194164,0
0.012064094625571656,0.018906144,0.45997500585078166,0
0.01273636138487121,0.017652353,0.6124215030156819,0
0.035976294706700544,0.013999093,1.839056757920447,0
0.016109500483755767,0.02997272,0.6209013044605344,0
0.019515040339469207,0.060106114,0.507615017229955,0
0.008212549029581188,0.022679012,0.20338101544568424,0
0.00924518130379031,0.029561352,0.2915915991880777,0
0.021629701026214164,0.053965073,0.5950507566344171,0
0.016798891400758763,0.016798276,0.7496688123954917,0
0.011245201017187647,0.006603057,0.5570714574168092,0
0.009269942385230427,0.018155614,0.4186873995448106,0
0.035097335790813755,0.08814465,1.0783090368756203,0
0.028016232476366608,0.027290305,1.0629052640204588,0
0.028470164556921244,0.039439265,1.4029716508332626,0
0.014607381964854484,0.017091505,0.5669073262055642,0
0.020954254654664127,0.030824568,0.9026057429313545,0
0.017165222452423592,0.040807832,0.6820625179181161,0
0.02111732160640502,0.12447373,0.4631493336787983,0
0.022097389032405657,0.04691817,0.3772805895372826,0
0.03635772300121059,0.023964476,1.9039625521754087,0
0.011862381646723279,0.03953693,0.1040874569031845,0
0.02246676323548673,0.051598273,0.974110018043259,0
0.02457678436955475,0.01818087,1.0674477248831575,0
0.015330632158523141,0.03374221,0.24050429752580735,0
0.01392203842190752,0.03343002,0.2638345157548638,0
0.028132604800403842,0.13162541,0.7250421036877579,0
0.0205641565290355,0.044378854,0.9021813014786242,0
0.03228091379299064,0.03378531,1.3528840772854618,0
0.017140227726125057,0.046832994,0.6380234387443212,0
0.016703448138114863,0.069471866,0.2784282256763662,0
0.027910734557174972,0.057116818,1.2193969025935874,0
0.029825848542396075,0.08171397,0.5562559963196332,0
0.05150324501239567,0.11523306,1.3553577789063511,0
0.0112983903079428,0.03069056,0.3260261249500614,0
0.01892863943774726,0.024991985,0.6597467195054726,0
0.025999275903743308,0.0653772,1.1138256780895055,0
0.014397826545754961,0.026982935,0.4564182418674888,0
0.0254358391665005,0.04366464,0.7010752339918329,0
0.018920289904489476,0.032374132,0.6982900509908267,0
0.020638332865303678,0.038336415,0.7718808080250875,0
0.009734857134291347,0.02602666,0.18772138636309976,0
0.029700013594229385,0.01279449,1.618842732998091,0
0.01625493421962561,0.022694685,0.6403910243317804,0
0.008575546359767374,0.041258313,0.12376880621449717,0
0.025490542793227353,0.058439545,1.0931029899081186,0
0.03457626756468146,0.043527298,0.9096825119917838,0
0.02306331213212036,0.01985645,1.1117138372076336,0
0.020149430753172114,0.049284607,0.8288320381312182,0
0.027918278654860695,0.035454325,1.3948397650053248,0
0.024586069169712114,0.036867365,0.9898467962720676,0
0.019851401235203125,0.054926347,0.7990295344451331,0
0.019727021558918634,0.07236718,0.4048440476763015,0
0.04456021446628141,0.012807835,2.466999686009966,0
0.014538359092380881,0.04257786,0.40171692021981464,0
0.014245504534900337,0.034107506,0.5531507152117152,0
0.01789654090490743,0.038776975,0.6709919130089157,0
0.013050628456980247,0.031998184,0.38713822262167336,0
0.014575202389619275,0.025687227,0.4089039435078566,0
0.01587167718001988,0.046586204,0.3907372254645788,0
0.02905400931038665,0.13062587,0.6674081435364402,0
0.01569094684081858,0.016738523,0.6852930701681319,0
0.019357144501583563,0.051801737,0.8009119918536085,0
0.014299763055158617,0.023338595,0.535578700474546,0
0.024005207918889392,0.031570684,1.1574913738602859,0
0.018099780344800614,0.070042714,0.5491366524339585,0
0.025983460571709437,0.0138181,1.3627616562924978,0
0.03868594935283262,0.018374482,1.9822597859012363,0
0.024116422940578103,0.05916158,0.7968626935006823,0
0.017813141803187608,0.040862307,0.4159686254478639,0
0.02095743299139399,0.054722723,0.4133246461793916,0
0.04770704779493932,0.055343214,2.367736383151753,0
0.015142409772047172,0.03724668,0.5933264303382315,0
0.01481513630300747,0.040584534,0.4959710103717495,0
0.026148980917397553,0.035932664,0.9813653934334853,0
0.028657637479029167,0.053736,1.3062579873798785,0
0.025119118314711263,0.079944305,0.9078592417911762,0
0.02569314310235433,0.03970808,0.858877149673043,0
0.030607992403187418,0.110368684,0.8976552420189221,0
0.014127966908583695,0.009119631,0.6962414939737608,0
0.017926708577242934,0.03566765,0.7160844372586648,0
0.012343871067842505,0.008304591,0.5973793710614911,0
0.0057596001378977645,0.014174876,0.12600279927222402,0
0.015149567416551891,0.02948333,0.5059363723697972,0
0.01816071875264684,0.060762897,0.6241808542328773,0
0.010217634453673885,0.03858361,0.2741531454064242,0
0.019146943714865004,0.033527974,0.7036404730480931,0
0.029740128146063444,0.10893434,0.9647072544347863,0
0.008981313880190762,0.027632382,0.3397726479900798,0
0.03599451731537228,0.09177818,1.4879231294329611,0
0.03463334358845216,0.04213099,1.6544924916317658,0
0.026761775730257304,0.10709129,0.8755083693290525,0
0.0139958269373777,0.07804618,0.24447620232075873,0
0.005122495959837919,0.012261647,0.21343379488861333,0
0.03658790033470532,0.11956903,0.9189280395978301,0
0.016150446141268374,0.016031306,0.8069019265403405,0
0.034621671581311415,0.016274825,1.8127204286421115,0
0.02921781251003069,0.0597756,1.2722824845194187,0
0.020864893098533545,0.061067197,0.8157970139669687,0
0.026653461771969936,0.08118384,0.9333135288151617,0
0.022267614803182574,0.1894644,0.13884074158476503,0
0.008869496989825051,0.011221559,0.34627987210193173,0
0.04497653538866135,0.018427934,2.401259625461889,0
0.014933661304071007,0.022569658,0.6201564827088761,0
0.0625200306029961,0.1735864,0.9074143072436821,0
0.10917023719118281,0.112284414,5.067856055495036,0
0.024381650204559725,0.01918425,0.9581743717253787,0
0.026692418365610218,0.044759586,1.0036591051043793,0
0.006518414244055748,0.028611835,0.0,0
0.014949392409555187,0.025664274,0.5218756712270877,0
0.010834824993047385,0.008653984,0.5004958652328303,0
0.025040870323899806,0.06148478,0.332082184674627,0
0.036205406580110205,0.10538996,1.433617502566478,0
0.04466231239165433,0.08521426,2.0311430202463225,0
0.0907345877893472,0.06052944,3.9335372014149317,0
0.024613848745498084,0.12995796,0.5276775687006873,0
0.024654377014616577,0.040547,1.1513053707231242,0
0.035626515241657164,0.044614058,1.0758230672653093,0
0.05730181161998015,0.16134225,2.125018471865441,0
0.02345824947746487,0.041250624,1.0683531414168224,0
0.017408224291568526,0.03493856,0.4638420687412757,0
0.014416591702507225,0.021483717,0.5736936535925765,0
0.03368865943359478,0.071534835,1.290129492973467,0
0.017100432878104636,0.012555124,0.8537572372410815,0
0.022866873755270578,0.057551906,0.6685344728780744,0
0.01766376832195224,0.012481135,0.8194169711937884,0
0.05017401539098219,0.07856755,2.359910175580173,0
0.059430492816617705,0.12144737,0.8243911200313747,0
0.015563102658515899,0.027542874,0.6758758590450419,0
0.01305539128909144,0.033128418,0.5186767565185204,0
0.015970410925337658,0.027606253,0.726709604446962,0
0.0272869689679313,0.11982251,0.8654232185572465,0
0.0161959971467803,0.076524355,0.393921209535656,0
0.022101045017766885,0.01735258,1.1203061780154817,0
0.02448661776097338,0.03509564,1.0362187041440056,0
0.022327106064263684,0.060805287,0.46993385505292073,0
0.03376302781717244,0.0065538613,1.7775424879993347,0
0.02253112480727309,0.020766374,1.1623368227025477,0
0.011265183559591637,0.006266897,0.5526190794264197,0
0.03143344221438886,0.02497722,1.3498613088412978,0
0.02205821595630198,0.0514503,0.200182120914907,0
0.012717689090132687,0.015407329,0.4543488089455413,0
0.00804519956290567,0.012362726,0.3524346197188411,0
0.0164075967554949,0.04374835,0.35465751223250247,0
0.02208464048488407,0.021425666,1.0639627745172444,0
0.00997503467504629,0.02632159,0.24764435260729414,0
0.0076501519883542595,0.014362927,0.3106164141592335,0
0.003625449917096281,0.009963223,0.12371510073963234,0
0.016733186729057183,0.032702606,0.17491583202633113,0
0.02883228422009652,0.07763163,1.1724620792892737,0
0.026316170885875238,0.026568145,1.3480230674701874,0
0.02268029593756136,0.030611768,1.0451492144019432,0
0.02104445923131565,0.061108142,0.7444269088142226,0
0.03163163302869709,0.11684776,1.0113604828470575,0
0.008726102888784294,0.0032514613,0.43963713917487185,0
0.01891050900091528,0.08160667,0.5365785634253168,0
0.014818585878034085,0.026267359,0.6612361860111137,0
0.026003662910486877,0.08048827,0.6538659324177301,0
0.026134680959250364,0.054542884,1.0032521763064988,0
0.013336675479003392,0.035003524,0.34146971826804523,0
0.03295775632337765,0.02132007,1.7188109355647514,0
0.025934682728474698,0.028408702,0.8653072497718837,0
0.019011519964279425,0.036965862,0.8575640876636473,0
0.01938863848654001,0.033611983,0.8209964517289957,0
0.02375134200160832,0.06023499,0.5582319095883848,0
0.0317127980546896,0.06493412,0.36955142058536217,0
0.07196566875119512,0.11008257,3.437095927943993,0
0.017711803420303443,0.024326108,0.8587556214955104,0
0.014275947593993553,0.018311344,0.5207154267460107,0
0.011966378904764829,0.02607029,0.4986425233434864,0
0.021804492091299366,0.014942845,1.1281902290795613,0
0.019272823390113387,0.015559583,0.9838244122546905,0
0.017520047196935878,0.030864408,0.39723309974466287,0
0.042620126022011456,0.048861697,1.4358776844131795,0
0.036182193728880735,0.09587398,1.192226205071891,0
0.012787220217796326,0.023876669,0.45582001994496113,0
0.024258133025401255,0.023231732,1.0756792887517557,0
0.020099307601382926,0.046154257,0.5256505156919629,0
0.021431304384520348,0.019284185,0.9407036975321469,0
0.028103062060981815,0.043617025,1.2529479702574084,0
0.006862034163272227,0.0073317587,0.2742986136851619,0
0.012895973631329003,0.010225895,0.6770005798125909,0
0.022079230170933793,0.029138576,1.054134971114493,0
0.03688730015633922,0.054495987,1.0800269149751485,0
0.010007689061399467,0.014180268,0.30464977204702726,0
0.017631916045459356,0.034607757,0.6728264175493464,0
0.012684444050531022,0.041591696,0.4297380584471181,0
0.028451202875072527,0.050585743,1.2915401853959996,0
0.022192704239535774,0.06097135,0.7080030942289298,0
0.01583317719247182,0.019563273,0.6821981234762435,0
0.020458144901709087,0.019104168,0.8209292847694544,0
0.03304142431724523,0.12582049,1.1174317662356994,0
0.023473912556038846,0.05623524,0.8276619229323289,0
0.017435659155232704,0.045078814,0.31054946305105424,0
0.03050267100414433,0.043321326,1.4673468603726763,0
0.018009102229501358,0.024576783,0.6424887226232145,0
0.015428001957347396,0.026654523,0.5401286628329155,0
0.034792352113628314,0.02693251,1.766106192545853,0
0.018415646341968586,0.060646884,0.6399481813000806,0
0.03019446789754262,0.024821587,1.235290672879846,0
0.03079753546036821,0.06071377,1.3584526101042296,0
0.013675972192263582,0.056059603,0.3478239324601521,0
0.007313061124220517,0.013823904,0.23553702396655998,0
0.02448570348158036,0.035271466,1.0480260628331441,0
0.019191312423739657,0.025470432,0.8704866285946937,0
0.0242417256290788,0.057274986,0.7118641235524498,0
0.02354422428697739,0.040073685,0.7097811099124536,0
0.013802497996483464,0.028060911,0.4818836597085379,0
0.015353218627780819,0.010574273,0.7953351799677896,0
0.02304635440628212,0.0356761,0.6734554577740429,0
0.006221777693423993,0.027390689,0.14930549021201828,0
0.013171737905273677,0.03381794,0.5086240375608014,0
0.014069837740673767,0.029730078,0.5548248167727817,0
0.015088267903616948,0.03624001,0.3394228517084001,0
0.04625247730254723,0.03191533,2.1991032187860626,0
0.020462360506224662,0.043072566,0.6307284984702356,0
0.01950472512982722,0.059314635,0.6873713289858815,0
0.012923754299061339,0.016606148,0.5734405253672644,0
0.014613817210630353,0.04182105,0.4529133521979408,0
0.002500719569023648,0.0042843763,0.06618365614416072,0
0.01970424256161587,0.019990128,0.966251792704696,0
0.012538760383648428,0.028295524,0.552624292892037,0
0.015010673720958611,0.027973032,0.6941419297228357,0
0.01586840652130011,0.025400743,0.5775572350279102,0
0.021117227289787086,0.05460043,0.7815134543792276,0
0.017613798303562123,0.026066894,0.3521433116126793,0
0.02724916492950154,0.035992797,0.9403535005717186,0
0.02018062983219632,0.08384523,0.39477054183051535,0
0.03670059399166456,0.03985467,1.733288100202762,0
0.02036003120103608,0.020677669,0.9322182908821647,0
0.020699760762409175,0.01825363,1.0293126363286071,0
0.020295655833468457,0.054055046,0.6507122030103588,0
0.006967041311655275,0.015309743,0.27695339973495176,0
0.03431545296519768,0.20887683,0.5517621609725414,0
0.01706068493220962,0.04594733,0.594160714968524,0
0.021761946778422338,0.04562181,0.6366078577718802,0
0.012638293280403487,0.019101664,0.4540186866099867,0
0.021961873644558223,0.067863986,0.7375693575562928,0
0.031348118497037496,0.073466145,0.47059576142261317,0
0.026648050107825498,0.113752626,0.8254870009751396,0
0.020351550613938677,0.045990992,0.42444930349795085,0
0.026099644050283043,0.050224215,0.9065174026659623,0
0.011457632745987913,0.023802798,0.3014763048267578,0
0.05624834286993558,0.046786964,2.115261041991827,0
0.021877464313515796,0.062139053,0.8069304446265191,0
0.011633355084646448,0.03279884,0.35633224474165537,0
0.0346570785539899,0.041392382,1.4571846669473627,0
0.014920778223641159,0.052856933,0.21188199965492283,0
0.023257765629484235,0.07456751,0.8903108461761857,0
0.01048014808711443,0.016279165,0.38204491422440806,0
0.06681712007399332,0.2340435,2.4114625533598324,0
0.021100759602298225,0.060326308,0.3728615263994337,0
0.03641538089329842,0.078492224,1.3164247006813816,0
0.019132700680741688,0.035749506,0.8311496545860221,0
0.020239978591758526,0.015318216,1.0543338419216026,0
0.03198248389697084,0.059717968,0.8294484929119974,0
0.020482534172642636,0.043850947,0.8940494896774467,0
0.015455009681581647,0.03718586,0.5228144973723746,0
0.053957582070209134,0.0701159,2.5191497281527284,0
0.02030779809617572,0.029893229,0.9532243445463539,0
0.039237288596762364,0.07153225,0.5735400467036341,0
0.014009496095997363,0.078609094,0.3040139553200793,0
0.015177090061909105,0.038383145,0.5468196017201962,0
0.018079082563962175,0.06171387,0.46483076984215893,0
0.024767093918229507,0.046479836,1.130253092387424,0
0.041765876137561,0.07327852,0.6512594991849034,0
0.021844635221620796,0.031649977,1.005208703451441,0
0.012103488205473724,0.01894394,0.22298339837865502,0
0.012974148379069149,0.021922188,0.566904153400243,0
0.006592319353571215,0.012445908,0.1474720021304654,0
0.037125246837262156,0.03727034,1.8765853900688618,0
0.01596386088399917,0.01853143,0.7408822708092138,0
0.030623664700104115,0.053353485,0.6363548294120175,0
0.021647357408470833,0.03518917,0.9521254903372476,0
0.008971511076138538,0.0070107533,0.4203148026695538,0
0.03297676630232281,0.015605961,1.6437099539048314,0
0.015430364461545618,0.0235894,0.31712059690990185,0
0.03668170831875633,0.06520708,0.7966054110026134,0
0.025635812272549168,0.03824711,1.2270375789071022,0
0.015041652931889856,0.03672912,0.4504541696795184,0
0.018281822241317032,0.05491307,0.5613900650596239,0
0.031023122788170234,0.10905106,0.9977216678632205,0
0.022482058343830887,0.021190235,1.164957949740643,0
0.01608516088268315,0.037696093,0.15746141944389802,0
0.019941432549515317,0.052958556,0.41233772825935805,0
0.02675827279191132,0.056483988,0.4329676463446882,0
0.0067840415349974086,0.014837532,0.25978310382833714,0
0.03648562225327465,0.10469991,1.1896970018830202,0
0.02397938323712048,0.030011546,1.1687575019091372,0
0.042699257093411054,0.09532789,1.8150888448297675,0
0.04721724577199638,0.045074932,2.349768934611342,0
0.008686218309411325,0.016998673,0.3494257753456614,0
0.01095333118376534,0.019041412,0.3440402732602964,0
0.04418738968173655,0.08037636,1.9503514672118951,0
0.018211975430897427,0.05527042,0.7000842896674777,0
0.021319326418801587,0.0114784585,1.0725165074296317,0
0.030684657114218288,0.026866289,1.3546326026267426,0
0.07187912325871731,0.20855273,2.2552689620694917,0
0.009506973463487917,0.038635414,0.1828603338820274,0
0.012060984772226363,0.026045693,0.3205108843888108,0
0.03249023986972231,0.16014966,0.8426715696886328,0
0.020914271189273134,0.03118405,1.012674405807762,0
0.021781463747677456,0.029259948,0.868062968357805,0
0.023592348292364076,0.038770206,0.8482498421717392,0
0.01299013246643748,0.007782797,0.6931382940103872,0
0.023309753664060347,0.0520755,0.9101283053241856,0
0.013581516052179249,0.021236865,0.31934084256753664,0
0.014344816007539974,0.015202158,0.5102402055251465,0
0.02298250468100796,0.033813495,0.9903828455795961,0
0.01581488724883052,0.06592358,0.48358829917676827,0
0.011497067476390411,0.043430816,0.26146773641624155,0
0.037884689606194843,0.06312701,1.56135791060072,0
0.052715702111449825,0.06644106,1.6131032860368755,0
0.04130157838593326,0.05626614,1.388696031958599,0
0.008319716486477443,0.025473094,0.21955229835765272,0
0.03272381408182505,0.041469507,1.4469733782915966,0
0.012055005931439593,0.048588004,0.3941948194044456,0
0.015263213598079063,0.038552526,0.5148409731399514,0
0.010268235173241607,0.010314193,0.42971368443330993,0
0.019473249871862497,0.0071177217,1.054015280606615,0
0.02998891528963885,0.07927633,1.1552375243751356,0
0.0108348036587647,0.013711703,0.4303020961091482,0
0.017449391198811726,0.029257871,0.7296105526201765,0
0.029491778358494244,0.03765457,1.4650613769859524,0
0.07812692330329352,0.13076629,2.200611878858314,0
0.024609277434204754,0.033871077,1.16253381187848,0
0.012779326632951279,0.017903974,0.4758476995484245,0
0.008911026444921775,0.044480484,0.21522586621678053,0
0.014450738798357296,0.021881912,0.5099486007699311,0
0.012642352798354375,0.062710285,0.2594904100240735,0
0.012198457001886607,0.015868176,0.4347267848582303,0
0.028539539720028713,0.028444128,1.4518823160710133,0
0.028888218090552642,0.086837105,0.8598049692744129,0
0.01637491330852228,0.019319976,0.4635805888389819,0
0.03678400557886498,0.071036704,1.6676366692681892,0
0.025070113543190126,0.08045353,0.9371075806942918,0
0.03707357509097131,0.11660755,1.2513350063059112,0
0.023148176106885018,0.013170776,1.238478139418608,0
0.017105872268149358,0.03161922,0.6779049190650651,0
0.014170292585169034,0.023899257,0.4881941906114877,0
0.01620908030111607,0.04221103,0.5649913777325875,0
0.028021852630406383,0.043774012,1.3458573546919583,0
0.02787234118560189,0.10889119,0.9575671999782807,0
0.02327053398100764,0.017406998,1.1508652694563342,0
0.0246805409506846,0.05568027,1.0902225787607658,0
0.025100427421740113,0.07509094,0.6626852689785706,0
0.0178900984721689,0.025405763,0.8754016518366888,0
0.0241803672132041,0.054740287,0.5983191069547816,0
0.02155144396346227,0.037579775,0.5627887913106127,0
0.013340858407564932,0.028539753,0.513819210530105,0
0.03689076935625428,0.05170068,1.7625114243711248,0
0.08168160260568474,0.1498006,1.8593167088922702,0
0.030029306113633344,0.012823161,1.6006320826551137,0
0.0076713806256824444,0.0059647034,0.3737187550254438,0
0.022619466404100383,0.045256164,0.2399088532495439,0
0.011635043591732936,0.008078517,0.6024143099963911,0
0.012338569835956955,0.011877328,0.5031427225759012,0
0.024514817454674667,0.026586408,1.2363172302373489,0
0.005000012042103182,0.0073463996,0.18178025140010298,0
0.03156208289190078,0.017460065,1.7063795277817695,0
0.014500774206831586,0.048005346,0.49533520350751303,0
0.029372111713952716,0.07839056,0.7610375428816857,0
0.012802973682524357,0.03751116,0.3925398196036517,0
0.023748347842505083,0.05212688,0.9886448203354384,0
0.021660182955791,0.014158815,0.8953182908279553,0
0.01635494393852716,0.024751984,0.496793987291183,0
0.035269726906627455,0.075498894,1.4482387284783134,0
0.020345250893312943,0.063635185,0.6093131079052401,0
0.009988466122297592,0.024947446,0.19114536965835452,0
0.021378563057760258,0.11176032,0.5538483693583113,0
0.02447350353690878,0.014769033,1.110960568256446,0
0.024191053430405333,0.07886815,0.4401982126750991,0
0.022482436820552884,0.057859484,0.6964472140331757,0
0.035335842112876714,0.090355724,1.246980249645166,0
0.023161551541179,0.023537816,1.0733642600037367,0
0.02103311910344536,0.056867518,0.5130943583201057,0
0.01632108780480819,0.008799843,0.8659495170837157,0
0.020171858504782834,0.050677795,0.5164497673959152,0
0.030242168627403174,0.047137707,1.3769767716901715,0
0.02452800226576292,0.05318473,0.6821678589910884,0
0.011466443518227048,0.027663475,0.25578898242033826,0
0.007869989357546672,0.021859886,0.1286929423841771,0
0.03841048580733699,0.057381615,0.7676195125732158,0
0.007570502969739179,0.013910627,0.2710647906400171,0
0.020685410412124915,0.07833847,0.5032815448309866,0
0.02329465740059012,0.03981269,1.083020404098713,0
0.007297025684359285,0.012166008,0.171601441553457,0
0.03122671253085483,0.057031676,0.43921826385355206,0
0.04125143123483434,0.16028577,0.9372183350371156,0
0.03086093825904049,0.050060403,1.4548228033026989,0
0.012817805896881251,0.028824031,0.44729568361184424,0
0.013786198719881711,0.026225824,0.5848419464657804,0
0.019909731200268205,0.07024694,0.37932459243030103,0
0.016193578658354895,0.033503424,0.6211750057514361,0
0.0186753475490707,0.06914818,0.5877576678665016,0
0.016283103310099717,0.024676606,0.5452313523516373,0
0.009420312855714482,0.029561246,0.23806317038099187,0
0.015855645051540263,0.027937826,0.3695546548374208,0
0.042828122043072625,0.18277971,0.4626216194626707,0
0.029525600936366594,0.056043662,1.3269767347466062,0
0.021232080697407014,0.056764446,0.465256160793754,0
0.009470680023824996,0.02249728,0.32993096681895734,0
0.03330990188762081,0.038210005,1.3467803723074048,0
0.0162061252057667,0.0347768,0.13564683325856766,0
0.030783622975512792,0.034652613,1.4370791109033512,0
0.032380836729106625,0.034937307,1.0811191443913553,0
0.007257722850106489,0.01083458,0.294693678199866,0
0.014355838586574292,0.032662112,0.5075350986519053,0
0.016648885753069772,0.07284833,0.34984607556439934,0
0.009052429028227175,0.027413607,0.230784896685185,0
0.034562362733818366,0.022386339,1.8155755736421726,0
0.043100868724804814,0.14258033,1.489199346242579,0
0.04424552932035582,0.17211555,1.53101397542241,0
0.05507683138204534,0.15672497,2.2499784721864353,0
0.015461330048359983,0.048887856,0.4925701231560977,0
0.017067634594207556,0.031421866,0.5115330427100772,0
0.019861938085227647,0.046633635,0.4417412907712965,0
0.017554900192617472,0.04431298,0.7449726309414911,0
0.03008375919023472,0.07258554,0.7513442056050854,0
0.0324804981014607,0.069082834,1.4636821263771227,0
0.0337524654539814,0.053736176,1.5329761321446127,0
0.021408055518586794,0.115670875,0.5030557897215422,0
0.02036157706508649,0.048398357,0.3819865947894058,0
0.025012486935021443,0.09968639,0.7101962580854916,0
0.018546923122497443,0.038479507,0.8155514574580599,0
0.011501633218941045,0.021905504,0.46742796490928806,0
0.0180389570606743,0.0399376,0.2700492797182968,0
0.016575966494147942,0.055079926,0.4875839660884834,0
0.026192791154650424,0.082004346,0.5158167052108782,0
0.011254198471540041,0.01976087,0.497339015497111,0
0.024076031750664483,0.02550046,1.143313035611766,0
0.02416547471496148,0.058477353,0.8767445808580785,0
0.01516028134155381,0.0146657,0.5675395554744094,0
0.03618249865094175,0.05472357,1.1119565096728605,0
0.015247827563255574,0.0231173,0.6171102157871261,0
0.01280746610169177,0.020782461,0.4859591022304444,0
0.01870184453129329,0.04199312,0.7900950007015676,0
0.01464409825579352,0.015628338,0.6533555400125651,0
0.018766983509308836,0.060462225,0.38406271653215335,0
0.017594945599833746,0.02369051,0.8278697926538561,0
0.03019604997020873,0.058744732,1.2622292451290833,0
0.014274936690089866,0.038433038,0.5106547475402053,0
0.018980227877890367,0.06973061,0.32214525863610693,0
0.03285917295089108,0.06670829,0.7604771201480013,0
0.015288621177632319,0.04526583,0.28170421485753466,0
0.03389661931811871,0.06588184,0.7717731620538442,0
0.01891789846262676,0.05864394,0.5511317955180159,0
0.035559745942247846,0.030789385,1.834575682641737,0
0.017122214943915234,0.074098215,0.49312457321791936,0
0.02238345559448928,0.0570251,0.27079482581890413,0
0.020842112827996792,0.09690762,0.37785941811555196,0
0.018515354333805727,0.03139949,0.6158550967343429,0
0.01356700501144734,0.046131838,0.44073621666358936,0
0.019498204317301322,0.01865496,0.9933584853723745,0
0.021407632157206535,0.06359585,0.0,0
0.01970129792041468,0.079381645,0.660383166591303,0
0.032960744581842144,0.08143655,0.7280315715901132,0
0.02327836484972686,0.025247175,0.9619966293993043,0
0.016124824369474378,0.052547272,0.4099622723103094,0
0.042646954360377465,0.082697175,1.8939433450752308,0
0.03261667264391229,0.012058863,1.7927856028803948,0
0.03818665852438227,0.04723908,1.7230134755528004,0
0.05090365342150303,0.11473465,0.6532410890436743,0
0.017431680259083863,0.060158964,0.19780746273186725,0
0.02035403602736993,0.033594668,0.9178678356540956,0
0.02800947301025005,0.10214444,0.9526762602902484,0
0.024363526200858788,0.04058411,1.1437961015594513,0
0.024911269229006897,0.0459278,0.8284185251726015,0
0.024094747730693956,0.063847974,0.9216100913583454,0
0.013384101418911058,0.0693476,0.35495316350428113,0
0.027963144975494257,0.054518066,1.190702491253355,0
0.03234040067612527,0.09588024,1.2665074001906784,0
0.03277730598699208,0.036667883,1.5526901655881078,0
0.020734834117766863,0.05195913,0.5311686362427424,0
0.010182715689737021,0.020564523,0.19891264930209887,0
0.026034587334455926,0.11979475,0.6684010470762564,0
0.011265317223106627,0.053388514,0.2607604148498278,0
0.014674560785669198,0.03262082,0.5871209887537345,0
0.022768056980364222,0.09161412,0.7352684784256027,0
0.016903604910383473,0.028145934,0.48795893657228917,0
0.027460999639636843,0.032033917,1.198869826085651,0
0.009383579896017786,0.012434496,0.44336309733270873,0
0.016430955601052157,0.054735877,0.5287175925068077,0
0.010591498389981448,0.014995249,0.4362533630315513,0
0.014864497547564092,0.025159638,0.4329720526111691,0
0.01553981991146863,0.06045216,0.23027916493158548,0
0.015864348297997988,0.039110098,0.6833055596602913,0
0.017826170119974068,0.08018967,0.49606684340892043,0
0.03470146822862648,0.095793724,1.4352948204712752,0
0.017019994814819337,0.029257102,0.6596096856981424,0
0.04284139547822625,0.02567999,2.1697988407091793,0
0.018346178413145245,0.11082401,0.34555586921872966,0
0.038003844390647495,0.13103765,1.1255538740048843,0
0.015036242678240504,0.019230833,0.6551742575679993,0
0.018992561349423287,0.046682913,0.4406259869381287,0
0.025851077902857966,0.09248578,0.9395988973182293,0
0.014908245170564015,0.033846393,0.3028280888393749,0
0.018350399011045838,0.01343594,0.898641674121684,0
0.012224016985422352,0.035779368,0.29168209696366293,0
0.015759907595585935,0.03309511,0.6433685444364333,0
0.023649357071505905,0.02149845,1.2187139111993224,0
0.062065008672547405,0.058306366,3.1442855148325886,0
0.01726723288291432,0.022794677,0.7666319253631954,0
0.016799938278904476,0.0302876,0.5913976586765243,0
0.017885109361402207,0.04686284,0.3886587851830832,0
0.012972516308287305,0.03055385,0.43278102679640995,0
0.05002139034566662,0.05577316,2.487803178899144,0
0.0281446597568209,0.043070506,1.209942094269504,0
0.01136850169102983,0.022596411,0.37075519417486874,0
0.029960983759810815,0.09069007,0.8622527578714391,0
0.015571539711246906,0.029304963,0.6961558494958259,0
0.04353977745066857,0.17284162,1.1430807189891807,0
0.018550965841188392,0.095585704,0.34099878976393183,0
0.026651915481889752,0.046659257,0.5669668709308673,0
0.02026082721477917,0.0614254,0.618174091897305,0
0.006007112730598698,0.009737492,0.20973897737547686,0
0.02448986053384661,0.040948436,1.1174627851748926,0
0.021736399504906228,0.009162109,1.1780025528142088,0
0.04433550804399496,0.22407246,0.985244076923857,0
0.01908473538251338,0.072515935,0.47189817424090436,0
0.06964573676052806,0.1004293,3.2904942413177323,0
0.02032787691498017,0.06230033,0.44837089697185356,0
0.03822551127505669,0.13122843,1.0979069226864933,0
0.01824303314603947,0.023795387,0.7402974002086568,0
0.01173090513233832,0.020699153,0.3471902001494367,0
0.028690977495563135,0.06957955,1.1511966086675267,0
0.01645289980410854,0.018794028,0.710512330498345,0
0.013192687472742392,0.030120857,0.4504129994006589,0
0.024260562499449398,0.028572498,0.7880289469303395,0
0.016883605899056166,0.0744931,0.48005673987918807,0
0.017684868920585312,0.063964754,0.5524526159246358,0
0.023073316133353564,0.0246073,1.1046849169886102,0
0.014804532695667092,0.019941146,0.646299883528743,0
0.011712562275090842,0.019854672,0.4388457629754985,0
0.02658588524385802,0.054039355,0.9033186599841361,0
0.04740516143025808,0.13270666,1.894300485965037,0
0.025990932828092707,0.04725715,0.9059302846206189,0
0.03551277969891874,0.08738945,1.4672127778023476,0
0.039237768563185775,0.031673577,2.05534409684097,0
0.040913429534824367,0.09877984,1.5422688517719503,0
0.02427421791157734,0.027306823,1.1889019880630838,0
0.016112069958583088,0.038186602,0.4971150888793674,0
0.020613996448826805,0.012074386,0.923146364705432,0
0.02993480039725638,0.09401156,1.0443547167001632,0
0.014143623467900514,0.06307293,0.3269923215292047,0
0.027129048827350344,0.080934525,0.7515022554122064,0
0.024904813558498683,0.062003154,0.9027160037008688,0
0.016417584334115023,0.033166733,0.5389278828254687,0
0.012051335935581723,0.052423656,0.2396806990225864,0
0.0270846189260194,0.060010638,1.1796570528223784,0
0.015942208297069653,0.00936363,0.8083032528318631,0
0.017419011530927647,0.014195319,0.8879436533184301,0
0.013193502100995486,0.025948917,0.550711309828816,0
0.005513369718815796,0.013849047,0.11671963040797644,0
0.035747441595664856,0.15793936,1.1283992853089315,0
0.05932196813724898,0.072834134,2.972094106107111,0
0.05100573671166599,0.063816585,2.121318486029719,0
0.04430098397791908,0.044860665,2.2715979927610097,0
0.03804068405865774,0.24153301,0.5985678694269043,0
0.0462369054409514,0.022569615,2.112068084055877,0
0.012540717330472302,0.0153215565,0.5525270697196729,0
0.01742803630631292,0.038129743,0.7122815814277078,0
0.025568437251855678,0.16487323,0.4199843007390033,0
0.02419404092928745,0.043374706,0.3232794508108157,0
0.009317070341335783,0.048240695,0.21875959873091722,0
0.01066104583277917,0.01192877,0.45529826487263014,0
0.00881018817222061,0.01074851,0.31757862437431267,0
0.01126810846396742,0.033662353,0.2216783163876673,0
0.01037361863440819,0.025726,0.3567549846880982,0
0.03784254084415888,0.12059239,1.3792833226827825,0
0.017472932047717736,0.02174568,0.829630591195964,0
0.02503788712783623,0.08194224,0.8651581625379299,0
0.016493745472811558,0.028000105,0.7382904138503001,0
0.028209629714691754,0.09227586,1.051381224961848,0
0.023543934884056834,0.061505135,0.5241758555185572,0
0.012028582441348606,0.0169557,0.4571195376147712,0
0.012003761418432929,0.031600866,0.1890968650412191,0
0.011272179648819245,0.025235107,0.3909346943104563,0
0.017915942901098367,0.022150297,0.5848201512143694,0
0.03956817675321606,0.11164091,0.3277260449403398,0
0.01983471151962577,0.05068568,0.7623365871854331,0
0.01949393913240185,0.06672244,0.31233637377935375,0
0.014360284889737802,0.010253213,0.6699471083706018,0
0.02071445993414291,0.034653377,0.6811305293974103,0
0.01792177987946011,0.0699197,0.3965586817057003,0
0.03006783986715175,0.055737894,0.91210160601687,0
0.021735599312401335,0.04633805,0.7408517322737596,0
0.007496232163416442,0.013953289,0.28859444867721823,0
0.0157960175253238,0.031801436,0.6757039001706783,0
0.0418009274343641,0.08194484,1.8892612240020694,0
0.031587912551064634,0.0493098,1.3595905003573365,0
0.03073416098989295,0.021532672,1.401750896430632,0
0.010247433587740594,0.01883011,0.4404261140483131,0
0.007749966867615558,0.026576415,0.1585433414116743,0
0.042836587208759574,0.054233007,2.0481650795977195,0
0.012644815938640565,0.03579014,0.3716968525176001,0
0.01931282389531285,0.03617068,0.8091499796684546,0
0.027137479982481796,0.16573012,0.40072865296288407,0
0.031358046271504084,0.06524821,1.1521341744455131,0
0.04421910471941419,0.048781056,2.22325339704916,0
0.03420505857579439,0.056097023,1.6017536378854897,0
0.0249453047179152,0.021584429,1.2750152907102905,0
0.024429998763055533,0.016274996,1.2913229713511085,0
0.013102499435134361,0.041418757,0.4140264382930364,0
0.026206718284712126,0.0321004,0.8613640403897471,0
0.022611077474500627,0.048644535,0.9155468947006887,0
0.01567436504398032,0.06518561,0.4896073730446169,0
0.01993478859457808,0.017522363,1.0099559143292514,0
0.018497316001107576,0.062978186,0.6964557305570139,0
0.01720285868222311,0.027437396,0.6734273762363513,0
0.027682313934392598,0.068673976,0.8154503756378264,0
0.04754132931456692,0.09842542,2.1101758265342525,0
0.019637858840465865,0.08785049,0.453874734592592,0
0.0221731639047801,0.035775125,0.8900286881695549,0
0.021288567630744153,0.025575705,0.9332540730447428,0
0.13682196587271966,0.14334719,4.595732867685877,0
0.020940846386505993,0.030325886,1.0072689461138653,0
0.010652456565155899,0.032173365,0.26337162174400075,0
0.021526413789924325,0.001830716,1.2127015059059718,0
0.011372487147274719,0.013268724,0.42900089169472905,0
0.04452710759022922,0.18097267,1.4808445479030279,0
0.03205269321803028,0.089584015,1.160281441767718,0
0.016771237055725703,0.02593153,0.7261004241410738,0
0.02808553481647827,0.09424244,0.8925359506631905,0
0.01401829203749601,0.04652774,0.5287055449372416,0
0.02537060727958088,0.056133986,1.0809250146314147,0
0.043470602845901936,0.080643974,0.4423753651039729,0
0.020918816942685048,0.06856221,0.7932233607844116,0
0.02437157693688954,0.027529612,1.1622240272851472,0
0.021297998918692843,0.09687067,0.6471572865877921,0
0.018265084040835513,0.08184163,0.4410384229890668,0
0.009545693266396971,0.03339749,0.32063547187584845,0
0.01926359407516291,0.045334395,0.7142749106002991,0
0.0374365492236534,0.07824192,1.48676343649438,0
0.03338024882178005,0.09090106,1.2830864808254165,0
0.01065540789709692,0.017844224,0.31961313191895663,0
0.02143769323247338,0.04531466,0.8866627324637328,0
0.014664316876795116,0.013646718,0.7519809945630247,0
0.005024983091664247,0.006610816,0.22188506569531005,0
0.01764948375462128,0.015119389,0.6351528114574623,0
0.014988586955211701,0.014266263,0.5963566068419738,0
0.010865301102680965,0.016667023,0.4302186067079536,0
0.027692905162422003,0.06782196,1.0998640547573781,0
0.049052828283712685,0.1912517,1.6906091337926072,0
0.015019839041576437,0.033618674,0.4043178167083553,0
0.012345279001208605,0.008680304,0.6006498981261589,0
0.005124619149983825,0.0032867328,0.2314374736096593,0
0.01646275839611131,0.099439576,0.3596832700436356,0
0.03390388979541796,0.050703518,1.5907667174855673,0
0.10495311473512492,0.093655735,5.47566766728625,0
0.017299495102426697,0.038183928,0.6679410836732361,0
0.02687040687587944,0.030938977,1.278920222048852,0
0.0164372456418024,0.018716194,0.8198817068825983,0
0.024637400494575218,0.029998451,1.1253775777850885,0
0.020464699207899582,0.022680141,1.028545818338738,0
0.015098792330185677,0.038726065,0.5438263487283199,0
0.015601298164116392,0.022153834,0.716302167225496,0
0.01466850774408492,0.05638489,0.2692246199191087,0
0.04670999784799915,0.08443565,1.8557994986716486,0
0.03351356288931494,0.06106991,1.5650743566581118,0
0.011593435174277446,0.016416665,0.39495372670167495,0
0.01936322840985759,0.08927309,0.4075076656692509,0
0.026331673851073004,0.056670006,0.605230293274626,0
0.022748482324606457,0.035363752,1.0767243825560804,0
0.026644480013483067,0.06546777,0.7260154150867983,0
0.028714374966618612,0.052111577,0.6078568127367423,0
0.04398773332253228,0.045256976,2.2377496386941136,0
0.02918844903625099,0.13222846,0.7354949673321529,0
0.014301870196443469,0.021648658,0.5680489409139051,0
0.02769056225949096,0.032063864,0.8883712666280154,0
0.038713896154748434,0.05964571,1.8284972679725593,0
0.05694153727821473,0.021692956,2.8661729106367644,0
0.013740654907676684,0.018681815,0.6751560679833954,0
0.027536770306390554,0.07516734,1.0326072073410548,0
0.03317802854625376,0.061661217,1.071151347520567,0
0.036996728566166925,0.017409887,1.9806321460263325,0
0.018089356791809546,0.028713213,0.680852223935513,0
0.015913114433524465,0.055483535,0.5294947549219685,0
0.024072567259861368,0.14124465,0.5369063511701136,0
0.030226673330373367,0.012884049,1.4964314469366917,0
0.010035502102699455,0.01711113,0.369393683509504,0
0.012413062625542912,0.019334074,0.5403190166095714,0
0.07971280796516697,0.08001735,2.822834465075627,0
0.016894577765165,0.03839888,0.35117298864526475,0
0.02963850029419934,0.028500741,1.5189677634284129,0
0.02905814646650132,0.12987086,0.9144316592211942,0
0.01755820993220764,0.0615127,0.49689265272542715,0
0.009793564372459342,0.022909958,0.2673535436107228,0
0.013495160647321664,0.021054532,0.5739129500554977,0
0.03547666648353193,0.05173566,0.8502530348204356,0
0.012900388773194247,0.022432426,0.5829701444429872,0
0.017796516192619606,0.034010217,0.6212798102977934,0
0.017679435918294364,0.02006776,0.8605202067028297,0
0.01693513368611872,0.006114289,0.9154645296224483,0
0.011515848827588455,0.019696027,0.4477601360297277,0
0.017409824648529686,0.045515876,0.6740021000584246,0
0.007601377948121745,0.008701159,0.23124011900327338,0
0.007699097747546096,0.019404052,0.2970487561041895,0
0.02817028103365828,0.07265908,1.1549689238133276,0
0.013487300910782745,0.032052733,0.2288769219941583,0
0.020618448536532514,0.04806729,0.6573968251483621,0
0.020270447695692924,0.034414187,0.9327511493481132,0
0.0322401055932113,0.07898666,0.13256702343889443,0
0.032844786998618855,0.06583427,0.4957103438854324,0
0.021357875564112387,0.07287915,0.6851163861851461,0
0.034289640244497994,0.15505667,0.44279651405020876,0
0.01859053501885432,0.03312359,0.600216479280109,0
0.013388461375659218,0.033609297,0.39246912306663456,0
0.029947447842171196,0.12996525,0.8465869676414012,0
0.012797551505587262,0.03645143,0.41374408755236447,0
0.04941412852793535,0.060009774,2.4589023320292753,0
0.021936121739613627,0.012803574,1.1490366072194969,0
0.023760235896869195,0.03628023,0.9697417222534349,0
0.01302438039917553,0.024469437,0.3068564119060016,0
0.0592038598128244,0.061447613,2.736855969236104,0
0.01418754453462354,0.035834897,0.45984608488390005,0
0.026917402628643304,0.060955826,1.0001383033613767,0
0.031992093319038864,0.09838343,1.0868185072616188,0
0.010416062198245259,0.019738553,0.4685880961336662,0
0.040633949096468065,0.13514581,1.2508471535762686,0
0.015419914428072673,0.010727149,0.7953455490625179,0
0.043303358136435766,0.041650135,1.4501465310496011,0
0.0178360700003196,0.039514128,0.5448040272527719,0
0.02992352322915436,0.03179931,1.0813125625645332,0
0.01593507321960711,0.054089177,0.6010285036145842,0
0.030019144669058074,0.08617307,0.6118382687526877,0
0.017168187780791027,0.06404107,0.4097302023518664,0
0.028660589019082746,0.07621151,1.0939354307772728,0
0.07493529404824682,0.11462219,3.5836654313505725,0
0.015774056608391138,0.038649242,0.4759347218262412,0
0.021648955156303547,0.06652743,0.5693025424087104,0
0.021505340115821395,0.027424088,0.9278363554435234,0
0.029719824667435883,0.038949307,0.8281661329949024,0
0.03922616522661608,0.04095916,1.997710787854083,0
0.010717930355490035,0.010623143,0.3641865184092316,0
0.02301469216574893,0.048536833,0.627829790281604,0
0.012826697004685231,0.034000132,0.45748604593905495,0
0.025198042880548634,0.034183223,1.240616045378653,0
0.020268341562242803,0.057178058,0.643376821277903,0
0.016268208388770466,0.029958699,0.6834333840096112,0
0.010593473451655972,0.033772364,0.2289607479291212,0
0.02459048882369915,0.022620345,1.2780358796818705,0
0.015369839715279124,0.026459955,0.26260725890893544,0
0.031767940523180146,0.082409725,1.1680815776730284,0
0.029019987467047738,0.054258358,1.030925982929116,0
0.018224578901271545,0.046497185,0.6420855714852408,0
0.03927817887850042,0.12874465,0.781630063020795,0
0.04512713918619214,0.05976979,1.4528166009232075,0
0.020854756025487635,0.061197326,0.738171348461961,0
0.01563736131396173,0.033626232,0.6979830535788044,0
0.023203358980821105,0.030209413,0.8637224568408082,0
0.015749674840688482,0.023273518,0.7212908063058844,0
0.021662503040953338,0.07186512,0.6386239428489299,0
0.021740806668642268,0.06927711,0.8362301403563451,0
0.050466301069444455,0.30961898,0.9771158789088052,0
0.03067381184382645,0.11108171,0.8462791506536501,0
0.014313713588500159,0.09588876,0.10006909815370212,0
0.041531711728762556,0.123608924,1.670385135320177,0
0.02732786731885349,0.040314548,0.857371667228461,0
0.026138140978380266,0.047227778,1.2103415731948437,0
0.04798864718616146,0.06746004,2.327764250845165,0
0.03025043797446878,0.09823947,0.9857803626937072,0
0.04423932593820731,0.14100513,1.6687640123288994,0
0.0306933846826265,0.039272737,1.4814692504770692,0
0.02463572373150825,0.059648618,1.058662802701139,0
0.02542713582902572,0.089856446,0.5662639943880169,0
0.025062845142644917,0.09885384,0.8054483000655052,0
0.06431597590770369,0.023476887,3.191505422805717,0
0.021428827480545462,0.013362739,1.0564769084521999,0
0.03733746803660751,0.03475941,1.7142418668354855,0
0.025671534980945543,0.055613946,0.6507620037026828,0
0.019200658624302435,0.0396619,0.7818138261046805,0
0.018153069985853053,0.016489342,0.8961074110072808,0
0.04733985961199004,0.12545219,0.9221561772825342,0
0.02459552181483317,0.006297374,1.3446668567461821,0
0.008007802143560202,0.040468525,0.15561351146255745,0
0.019058617151933303,0.030875836,0.4125843186187171,0
0.0361060294545453,0.014237959,1.9659793017796925,0
0.02309427993397737,0.015984358,1.1328298699021389,0
0.016220209813378066,0.034150295,0.7228383820212982,0
0.008785595991338872,0.04042929,0.09190074835000801,0
0.05368478921688704,0.078880645,2.5733176054652542,0
0.021121306906013923,0.025635872,1.0203878589330082,0
0.03892083019522266,0.04218775,1.1667115272805637,0
0.04585652310889522,0.047964808,2.3139631174758666,0
0.03579868794104496,0.103634305,1.249795617536738,0
0.02928548337908625,0.015396865,1.5828910755784074,0
0.023251429385132662,0.012082561,1.241476811954486,0
0.023103305113815965,0.029318457,0.8667185074924623,0
0.03922672363635532,0.1939705,1.0316265315009605,0
0.018217298964638962,0.020316776,0.9014084297228366,0
0.04494471789114081,0.19645697,1.2766495137635483,0
0.012706536617641505,0.02141524,0.4156139589972387,0
0.02131016574583638,0.07666241,0.5843106899853205,0
0.060074910087669596,0.092764,1.8818358727399804,0
0.033585485631123464,0.12686169,1.1558847380856754,0
0.03162327474626255,0.026812654,1.2759951677302133,0
0.02314718430355833,0.020541945,1.0227289085143045,0
0.028419416440943472,0.05516784,0.6815034712505454,0
0.028321355533481824,0.018595632,1.3279818314773992,0
0.024003590853547703,0.055005886,1.045684055394789,0
0.01028191309244804,0.019485984,0.4073977250642293,0
0.01970255960666466,0.05403071,0.28175449677922876,0
0.024613398542020434,0.020527948,1.2364448633430636,0
0.033346947853676534,0.027844448,1.7500454025722258,0
0.034653641001375565,0.108130895,1.3228566682134084,0
0.026287532080532566,0.010635479,1.4269304255828374,0
0.01492332419854787,0.023652606,0.6760395759814166,0
0.010241566171817075,0.026949655,0.32706696704185173,0
0.021745586916270175,0.042364918,0.8935326394846204,0
0.019975287537191137,0.025556229,0.8115209581314743,0
0.01086704321381032,0.029225023,0.3196916359249836,0
0.018151531656460048,0.09016476,0.49238816166638605,0
0.031258321047707455,0.036376256,1.4973620763119821,0
0.01778495935249729,0.02813899,0.4147000951805281,0
0.014135081983746117,0.0161318,0.595391069697518,0
0.049136921704216685,0.026186634,2.648251874539322,0
0.025443713086468957,0.027318696,1.2277200145659326,0
0.02866835148230598,0.049326267,0.3986443116963972,0
0.042252197814836766,0.078345954,0.7683897689189522,0
0.03002479585334243,0.044811536,1.4267859401445855,0
0.018580255324273157,0.046377383,0.5804740982684752,0
0.02376752037814739,0.010727167,1.1187977757261407,0
0.008912851496854196,0.030711684,0.17621217970509195,0
0.01834763763085611,0.03549035,0.27187978314030936,0
0.026509108801187113,0.025472127,1.0247728662214257,0
0.00940377095037806,0.016662326,0.30010275321573276,0
0.0202930273130974,0.10481836,0.5402189867106778,0
0.01815888558649571,0.015712649,0.9283619897131691,0
0.024133047419188064,0.029191114,1.1636533313783988,0
0.014168286701519706,0.03930385,0.5358484043800661,0
0.01875806339061769,0.04432295,0.7078518946566564,0
0.0034045777930386137,0.010628286,0.07423364789577964,0
0.011858041383272443,0.029423004,0.33270331609123593,0
0.03263501339449228,0.025870295,1.7116401931016514,0
0.01596971963338028,0.016339026,0.7128107821172832,0
0.01585342084165764,0.022910263,0.7072691974200663,0
0.020289526842287953,0.030221561,0.9400885242289263,0
0.021267101188034286,0.053148534,0.22502261103012003,0
0.02018594462147981,0.058212597,0.5072498682463717,0
0.013830543712918452,0.008133149,0.6842701480649304,0
0.02294667575024275,0.039677955,0.6518268557798532,0
0.04120250435780933,0.023771083,2.19796581028427,0
0.03189305074444913,0.04886303,0.9123952644813318,0
0.04878398036733014,0.06989915,2.0972984337593603,0
0.027512096300260264,0.053514514,1.1951881738475403,0
0.022196317165470807,0.08073459,0.8023790383015771,0
0.0180132104039284,0.029314851,0.4938342240248813,0
0.029930742950980235,0.10355989,1.0957120483362204,0
0.036430412974562815,0.16162361,1.106517436765937,0
0.0200906958093912,0.058483142,0.7681121544977292,0
0.02190545954080353,0.074697584,0.7668113086366672,0
0.014317169043374817,0.025828322,0.5535114975454882,0
0.017741064161441538,0.054550737,0.5365005053018689,0
0.02920595500640072,0.086572334,0.9659912210725321,0
0.012712773179611548,0.018579442,0.5667144564532612,0
0.024732503830270647,0.05267139,0.43238820832035624,0
0.01663648008183409,0.015818816,0.8306891926352147,0
0.036152973614423,0.07724981,1.5895375695637213,0
0.012361151356446942,0.024034623,0.4506846271536182,0
0.01594446146559426,0.030440254,0.6706110318981922,0
0.01441086502352579,0.05741323,0.3983058429577567,0
0.024452829667171324,0.11319629,0.6012701932945564,0
0.0522454779401361,0.04393176,2.640127382811701,0
0.037540705381062356,0.048263784,1.392152607131809,0
0.027077901633930687,0.060065005,0.6012216115314029,0
0.019790048996536216,0.05127489,0.7483016680047582,0
0.01680107677401241,0.033010162,0.6534189753134355,0
0.02028217823201387,0.092073716,0.4249090057566677,0
0.03052204924560646,0.0874285,0.35948026406203876,0
0.03788114372832726,0.10987432,1.5167366392094705,0
0.06545731282497044,0.05737644,2.584119494784089,0
0.019969085837266504,0.005100127,1.1079023249422775,0
0.011347504949886395,0.019816644,0.2699323130144515,0
0.02893084006408741,0.06237476,0.9790458246006302,0
0.03656390388138639,0.1135612,0.5060704252643643,0
0.04338192067455421,0.030180583,2.1181712822679932,0
0.014735210107556221,0.037629247,0.4663527702132496,0
0.015744278750330847,0.05973642,0.5215354802841602,0
0.019772337272977718,0.044680033,0.6912613805562781,0
0.03075260513210484,0.11526141,0.8339053904728683,0
0.01169865657677776,0.031493787,0.32983884505856714,0
0.037644004416983096,0.039993025,1.3164109583050458,0
0.02083521951819434,0.028991466,0.7926148308937419,0
0.014993198414798455,0.06048253,0.4073931544619841,0
0.021780575669244653,0.026503047,1.031456831183268,0
0.021935765673833072,0.025553532,1.0420870867364065,0
0.03415343732899664,0.07765323,0.23981413660767176,0
0.01571920656955722,0.020351248,0.7617147442575146,0
0.014081755703709451,0.02789084,0.608745708642916,0
0.03378252437303571,0.02200952,1.807200450967378,0
0.05514656647814909,0.022878299,2.9958925719383234,0
0.0175515982636915,0.025229197,0.4566852380654231,0
0.022378737837898982,0.108532235,0.533623885354077,0
0.011021335281780736,0.016211273,0.4181712028373625,0
0.021254724783029078,0.05945901,0.6708102183775037,0
0.029778871546246605,0.05949679,1.1954748223314149,0
0.020512399851963688,0.060154106,0.6879182240547577,0
0.02067290920460223,0.08143057,0.40322940835083415,0
0.01452296368428946,0.05311878,0.45003075991319247,0
0.03312359653555999,0.082459256,1.0496001302625069,0
0.02410302055020985,0.023698715,1.2434516131242404,0
0.00924199990966211,0.008801255,0.4075906097298563,0
0.03536130448118401,0.1687965,0.8605570685104948,0
0.028398673669455275,0.014451514,1.3294047902055455,0
0.012987988064448735,0.08334861,0.23342886494126144,0
0.025169087955692313,0.053323586,0.3759237086747592,0
0.04985466387563188,0.026237702,2.608734896665065,0
0.024068659391954572,0.05152077,0.8004973295851384,0
0.02849140550760982,0.054931246,1.2884899855560283,0
0.018615700933094823,0.05074632,0.494161607783991,0
0.02013864605472636,0.01656376,0.8911696015129756,0
0.01745157324075492,0.03546131,0.534249930798497,0
0.030526269716934,0.036399797,1.1854677774448448,0
0.02161075794845307,0.014256408,1.109535651001012,0
0.021148049266589565,0.08088213,0.5231804838868851,0
0.004006566945463419,0.013801404,0.0,0
0.015158846485161116,0.014601554,0.6782093952591863,0
0.01131269044321757,0.043921873,0.3634366000005284,0
0.010749258371393223,0.019355364,0.4753226848910711,0
0.013702056617135444,0.008996062,0.6819168294069943,0
0.024959348394845957,0.066473305,0.7903228041663422,0
0.007894672517814148,0.017150873,0.16467943975661092,0
0.013254293538685511,0.02285423,0.37924066785405747,0
0.03311911261070391,0.080196045,1.2042067673869434,0
0.040801695438357814,0.014115581,2.220648852496428,0
0.020924831039940448,0.05725212,0.8337750523431973,0
0.02579082239089705,0.03237924,0.7918230128025125,0
0.012925274306955803,0.021675358,0.5522491348808343,0
0.0328813668866802,0.052463274,1.3781474849403534,0
0.024383315734363375,0.12613009,0.5047617004880512,0
0.042790335107313344,0.022652678,1.989942449189474,0
0.015996463725187357,0.020318564,0.5965521178779323,0
0.017540027660677863,0.059100773,0.576251790108954,0
0.030940864002522186,0.061026666,1.3054084192059938,0
0.017614346997960544,0.07499787,0.4682883922629911,0
0.020983108708035846,0.0421121,0.4821999584508906,0
0.02047021575429431,0.027456766,0.9536618439081342,0
0.017004065572931992,0.024368221,0.46002377316270293,0
0.02301590750124812,0.13538845,0.5032996445815894,0
0.029165749776721775,0.13426457,0.5048113501897584,0
0.03484487058145293,0.05837314,1.5816015868222673,0
0.018347012350146834,0.08858426,0.30279858795656633,0
0.022134964592796163,0.086340964,0.560414687184765,0
0.020340405171380686,0.06295381,0.5530985137040978,0
0.012993848455539404,0.040718403,0.26315595847182255,0
0.014691457033756045,0.04884105,0.1683970798911615,0
0.01244081177386588,0.04222744,0.284542155063683,0
0.02238395950716205,0.016698357,1.142967858284154,0
0.022799156686208456,0.04643208,0.3921384537510668,0
0.03207125243625984,0.05213445,1.4884098824728496,0
0.026724070804847407,0.073838755,1.0787437774095407,0
0.026994530665083494,0.08565335,0.6331032859316467,0
0.02523398547514636,0.024687132,1.1743764875212734,0
0.02454646822528255,0.041300327,0.9520064708983595,0
0.07080646748460317,0.21137837,2.8399050142471878,0
0.008298164376250335,0.018409837,0.20012575147581219,0
0.006388755451684191,0.012148821,0.12645142393033856,0
0.03646295828985317,0.11856814,1.4009708547930941,0
0.05230247259391927,0.039774388,2.68038745494847,0
0.015292983786945078,0.06900973,0.23678613297752596,0
0.023750130843254287,0.04139839,1.0182608131262434,0
0.3586218244490097,0.33290967,12.671674515365908,0
0.013273398847159194,0.012417225,0.4938660587691858,0
0.01599558338542781,0.028429702,0.6173268715436887,0
0.007999474293294694,0.011144036,0.33377512937442383,0
0.023105735280017775,0.0364677,0.9780789453782422,0
0.031603690164188986,0.026472135,1.5785812572598952,0
0.01727559461034177,0.026724748,0.8149779699334546,0
0.026318494202368273,0.12010306,0.7364790194660428,0
0.010704591649327005,0.0077651357,0.5247254083332277,0
0.018274252677070914,0.03604723,0.6312407684431447,0
0.011646338724333623,0.049591403,0.2503586355439519,0
0.034548181823807485,0.21611582,0.6954804780073862,0
0.024026345123696478,0.018092409,1.2350065317892545,0
0.035970386548565395,0.080433145,1.5243810670008522,0
0.020390203522597232,0.058484633,0.5158838316718112,0
0.016894548678226654,0.050170016,0.5229565828082294,0
0.027023800358058896,0.031767808,1.2451138004038083,0
0.019579487674479586,0.030123776,0.8387690177717028,0
0.026054697925978983,0.09881368,0.12995261321142895,0
0.02885466198221372,0.038456917,1.4032271408230204,0
0.034713696419611875,0.05329032,1.6063520748131461,0
0.016392714302567647,0.038941044,0.4778004915702034,0
0.032127576520937624,0.042955097,1.4541334065726357,0
0.016287461358035334,0.01738168,0.6581841606502197,0
0.037129110693884956,0.076130815,1.2562539644488766,0
0.031393341975920856,0.08107651,0.8946995140852894,0
0.011722976903585145,0.02280331,0.5090080206310648,0
0.014826236057037154,0.035167016,0.6086949460641151,0
0.03859676527519012,0.035380244,1.981908715554628,0
0.031690312428224995,0.217515,0.5583173716130686,0
0.01912031775584169,0.028700618,0.8459865028953935,0
0.025240136231726527,0.0799988,0.6317221641110778,0
0.021374426229413025,0.019052373,0.8206965558975374,0
0.04904992563028289,0.05285961,1.576077709652174,0
0.028330300613917257,0.068678856,1.0776377203184648,0
0.035492191266368,0.15042184,1.0492953985218614,0
0.041937815706266715,0.16217884,1.4386282697357926,0
0.029330772114414733,0.13333473,0.7816761303554687,0
0.0444695829982248,0.06808845,1.7396182409004446,0
0.02542219547005492,0.062161267,0.8790379041613378,0
0.00650826689977777,0.0250173,0.18086593703472648,0
0.013991543890892655,0.06063828,0.450054923934045,0
0.01102451539411765,0.010798695,0.5411359319414092,0
0.026911054088342594,0.11251971,0.8822245485809248,0
0.046723197467304675,0.19431849,1.4675638613946729,0
0.01199932879995504,0.011911496,0.49075557213756266,0
0.019208898943607618,0.047379725,0.6093671829834055,0
0.01646721747168002,0.059357066,0.5132823994952832,0
0.021599566847230394,0.018366965,1.0862815194001483,0
0.013616555286706723,0.0242098,0.21440673024541232,0
0.03297493781777788,0.106451094,1.132360834326993,0
0.011170384651147693,0.047216434,0.12714243407921458,0
0.018489646276246136,0.054057293,0.7248814141768412,0
0.029055064312466447,0.055010285,0.800505307809206,0
0.01608926170024332,0.06546219,0.3167439505521541,0
0.029213730756745313,0.052395917,1.3477849297710012,0
0.03517170819155946,0.051279586,1.5332752349727052,0
0.006678522158434437,0.022745881,0.05895755600157371,0
0.01468768156436187,0.051223297,0.3468549349395843,0
0.05095501847864597,0.07056609,2.50528926755951,0
0.022409397728304855,0.036825296,1.0393888976685028,0
0.009092793984506329,0.02465669,0.2693224270374459,0
0.015000710583767176,0.05055434,0.5406595702969482,0
0.05743827720105024,0.18604852,2.137509756710375,0
0.029014397145485003,0.13699552,0.833622331743195,0
0.031971526310310756,0.027017467,1.6750568017388143,0
0.07099413986258739,0.023041397,3.882691482258713,0
0.01642190120969486,0.02876813,0.6884341182095487,0
0.04473893064051136,0.06972977,2.1594702268456856,0
0.01831505665197477,0.038432498,0.33296122788760485,0
0.02369704507921853,0.06374318,0.5457832027258469,0
0.024219601353049687,0.058087002,0.7159256976502487,0
0.012925755099872201,0.023531558,0.4814006363617612,0
0.021681200695486957,0.07101784,0.6668311542261375,0
0.02905938828656808,0.07372854,0.6441007436710069,0
0.02200932182172685,0.051369872,0.8810994913085972,0
0.027863425667772515,0.0407916,1.217561874452033,0
0.0446801319486406,0.14788361,1.6787434976540823,0
0.04038059625972467,0.056744773,1.2500141086448562,0
0.020157926836749503,0.018263873,0.8279911564818189,0
0.041771372396535195,0.111812316,1.6459312802442636,0
0.02384251541024785,0.046070334,0.5037861079401095,0
0.04089250679156192,0.050918423,2.0442855613287616,0
0.021106696074838803,0.05660162,0.593349543784705,0
0.027129139893537588,0.02504125,1.3660622280678987,0
0.01969119039842935,0.038613763,0.3013533193595585,0
0.02165830208063458,0.0397954,0.8271541728841507,0
0.01803181924132338,0.019047882,0.8695245150959694,0
0.01756013826322788,0.018117284,0.7680205619088543,0
0.04976834187385957,0.2526293,1.2994018777929774,0
0.017547046968913745,0.06389677,0.5848868794363491,0
0.03178380845287843,0.024621943,1.3624789032034104,0
0.02699949284848314,0.057930198,0.5050659526745307,0
0.028133767094169225,0.040790945,0.7829369217098047,0
0.024002651050875363,0.038778957,1.0788909087289502,0
0.024688265964766233,0.03552315,1.0371720283388552,0
0.02399725980943572,0.09425457,0.765051384245811,0
0.02296690726203947,0.06335226,0.5827955970133386,0
0.05690990648029297,0.02317586,3.097717907748963,0
0.03238527755664602,0.0636074,1.453611237550213,0
0.01760714801174209,0.034254976,0.7964285103810241,0
0.010751190604164549,0.0054629473,0.5536887452946988,0
0.027302966634845785,0.07101556,1.0459201648676826,0
0.01643725826482676,0.030437732,0.6602161261296327,0
0.023353491967047273,0.03692899,1.04990189121819,0
0.04687352058111953,0.19820741,1.4498715484516942,0
0.018043901131899395,0.024983214,0.6250225168237238,0
0.014763496665192399,0.031884585,0.417166788276499,0
0.01917664496350297,0.02338284,0.8206644238482819,0
0.01432886927671652,0.016924847,0.5263169141970291,0
0.0237427159156293,0.0625089,0.5702814204005042,0
0.041109884894753125,0.08408581,1.6136514435481841,0
0.01886800495687762,0.04656574,0.7782499264773185,0
0.01750107903311624,0.02922061,0.6973067668370159,0
0.019688992897365337,0.07638557,0.5706439568300035,0
0.03578561456024873,0.043820612,1.3514663751753981,0
0.016074334719125092,0.040223498,0.3523071594660105,0
0.024969318289108228,0.04439774,0.9002957916476478,0
0.03070551249690852,0.05081921,1.154970047358769,0
0.0254714620692714,0.04960344,0.8475678933703573,0
0.012997794624669655,0.019080324,0.5947387997934014,0
0.02085952481216361,0.05851903,0.8317956566845128,0
0.02103232754744075,0.036079682,0.3002658811325648,0
0.02536266650677662,0.01776249,1.0390750400685613,0
0.01698760956599092,0.021170506,0.7205957299673187,0
0.025606885662027283,0.0905088,0.6693701776079987,0
0.031233617761985293,0.032536726,1.2882867334168067,0
0.031259459428304014,0.032289244,1.3742154105240956,0
0.013866217867647456,0.02147438,0.607861293101363,0
0.014821273792931312,0.043059323,0.19967105848399272,0
0.011398655917191063,0.016561426,0.3352999145157963,0
0.02824633386491933,0.15847108,0.5609319560542025,0
0.014106790919067733,0.07868777,0.22579519034338538,0
0.026636612290080464,0.11918976,0.7185016251702779,0
0.015157152987450235,0.008589233,0.7982051065545192,0
0.01367181305694006,0.029945659,0.39987812013426344,0
0.014212604050014323,0.06042659,0.4261247445798373,0
0.01508992704438615,0.037515156,0.5763550697878295,0
0.014762585775047197,0.03931528,0.5614342808025533,0
0.0062336105770126,0.017353123,0.18308526928228103,0
0.009986257152846935,0.023632258,0.26126223136431515,0
0.029311654440808743,0.113254294,0.8143358300262045,0
0.015212169888116243,0.043568764,0.5211659542284701,0
0.0173783231738562,0.0380981,0.604555300520047,0
0.01604116792306931,0.05633129,0.4397117788733714,0
0.010722104361754789,0.017651323,0.2828783886646413,0
0.03504442231901156,0.028096719,1.4943712157098998,0
0.031693998177091065,0.05077704,1.49483548024597,0
0.030672048449791815,0.109340206,0.9987658223364013,0
0.048617372160071795,0.03356015,2.542024152841386,0
0.02551869617492334,0.046367537,0.6184208755762668,0
0.02742802068950685,0.031287063,0.8481840416220201,0
0.021788975579704065,0.03826925,1.0017509423056716,0
0.022897621905405462,0.010612555,1.2301545053577785,0
0.032024577347931765,0.043650277,1.429257803193046,0
0.06426861882317435,0.14807153,0.872479826902649,0
0.02165659522254966,0.041020207,0.7149109942091153,0
0.01400892414356379,0.018665023,0.6596406342059152,0
0.040799550572034264,0.060334742,1.477727320440751,0
0.014004125735967746,0.0348872,0.5563195221483688,0
0.016555196812725957,0.026921557,0.484084973535738,0
0.01279317483034378,0.011247506,0.5668115793478815,0
0.04735159678957003,0.23337415,1.237804549143694,0
0.0259382309751424,0.07691027,0.9325616092781304,0
0.0169786971786317,0.03698221,0.58082630846999,0
0.019237390279019193,0.038605727,0.7894832915207505,0
0.011595257804499185,0.026881143,0.41165308748531804,0
0.04462457441818245,0.088613935,0.8833837932823275,0
0.014289863051838369,0.015192809,0.6425201437070119,0
0.021162049303164253,0.07449744,0.41980457961064216,0
0.011111568940774015,0.024547389,0.49323532351702065,0
0.019748966841049848,0.02337102,0.9949210757543873,0
0.018224119337784176,0.018625299,0.8866298384198394,0
0.02438860379092887,0.07066674,0.9169220491942346,0
0.015054149630681316,0.034811772,0.35672264210029625,0
0.027578971321234994,0.05397934,1.261141894909388,0
0.035109427681512664,0.015624343,1.8774709754733259,0
0.010056416418477022,0.005663104,0.4691102939477892,0
0.05942883046019738,0.08158272,1.854165564179012,0
0.02087283082843907,0.036711644,0.6899747947665981,0
0.019744886623789176,0.06200578,0.7110563407835891,0
0.0072433542536800505,0.0047373753,0.35043063448470474,0
0.0299023830236077,0.14217716,0.7816043354759538,0
0.016121783492244295,0.023017311,0.513977669469087,0
0.013809435196894577,0.0375203,0.47399515205515363,0
0.026325130943156794,0.11282646,0.7672356892629328,0
0.02128709443708929,0.11248322,0.18453322763003202,0
0.02277153528157355,0.08331814,0.7564112114732945,0
0.014848333819131213,0.02309316,0.7064662247547139,0
0.029365643281568196,0.18566066,0.6127539531657773,0
0.019139154255375275,0.036854133,0.8493621391236206,0
0.03133025952800886,0.08373359,1.3153188242177951,0
0.013013723102228255,0.05692952,0.33729191171409556,0
0.02529224051817242,0.027420258,1.2796909409416537,0
0.01975864250059222,0.03354943,0.8866858379564341,0
0.017040905265711608,0.028906344,0.7974738084573503,0
0.014295327099755457,0.014948703,0.7024320539070745,0
0.01051736095140168,0.040363412,0.33787541535155574,0
0.03202381951348807,0.11150716,1.0886134992193854,0
0.05751816760267604,0.10567963,2.61320445346894,0
0.017125588942684906,0.032884657,0.7835330004673159,0
0.02422715231413941,0.0415761,0.453922244176822,0
0.021877799120254064,0.02841812,0.8813689942780796,0
0.018029422553868767,0.018790808,0.7572584073347153,0
0.03246635741108461,0.014727267,1.5796280586254425,0
0.032857612216970145,0.108182244,1.1583623824113745,0
0.012523087465234083,0.03018238,0.31268602162499354,0
0.029654787583167797,0.06967777,1.1930804066248721,0
0.026106551702328097,0.073487386,0.3601819386809439,0
0.03998349072071884,0.043028552,1.6410099511655976,0
0.012651663500094296,0.013862535,0.5356712323348823,0
0.01664334396367719,0.017673943,0.6749896563737271,0
0.026421195391770062,0.054297958,1.0992511269887926,0
0.0070265493063758205,0.04048611,0.07866045353709418,0
0.018145053199423274,0.053390395,0.7123540202074203,0
0.026284303590189018,0.0449708,0.7338195204124535,0
0.017103203938322972,0.04612842,0.6200435799672414,0
0.027427369013997633,0.048858248,0.8396883144914626,0
0.03366652852458704,0.03248955,1.7230458319359623,0
0.03188549719319521,0.074101016,1.342730395913244,0
0.023789788029190857,0.086491555,0.7160125935398998,0
0.028003364989648796,0.032872718,1.364928445975994,0
0.0300125405526353,0.09490677,1.0569578487904205,0
0.050262363373447735,0.10390287,0.29521644945954245,0
0.025532789600036562,0.10671379,0.6548436970900819,0
0.014723246074181984,0.058354158,0.11520395202053041,0
0.014615281180292629,0.047251254,0.4546958408305684,0
0.009867342889514335,0.0053019114,0.4968993171457462,0
0.04337609174113041,0.19208084,1.2346915814648507,0
0.05890526752835651,0.05296237,2.2550477537877613,0
0.02213428652614731,0.036329012,0.5821042694029543,0
0.0373553585568539,0.08005985,1.6182918656226302,0
0.02438675781571826,0.077316724,0.8865163361477879,0
0.01661052191076074,0.044311598,0.5507737331251197,0
0.0350705213376313,0.12386541,0.7706238597627734,0
0.026233158335432452,0.074286565,0.8919185601795007,0
0.04863592705995579,0.046836086,1.863407782188359,0
0.024112485525207103,0.104744546,0.6834015244022084,0
0.022733653055948648,0.04671051,0.795703649987252,0
0.028897637741109726,0.082127444,1.1478451068256712,0
0.008234923630392903,0.010650952,0.3228887310162196,0
0.01796164139749784,0.017268447,0.87181384850867,0
0.024315847081560926,0.08474238,0.5617706260193049,0
0.025308530959014367,0.053289626,1.128964886466851,0
0.05846444753973927,0.055002745,2.0155989914728565,0
0.02532714698268288,0.053627487,0.996926993984559,0
0.014737517290276057,0.031590108,0.5463872363599683,0
0.05697055416888838,0.23233849,1.7585900831148344,0
0.011385825118001982,0.0623853,0.25409024777377537,0
0.022372642017604586,0.056697417,0.9428866946741827,0
0.02495055985395199,0.02223458,1.1579662673657418,0
0.016593151239256185,0.045084838,0.6550137795043521,0
0.022553039447747076,0.092285745,0.7094661945854244,0
0.0186673376894407,0.03123059,0.33174021864745457,0
0.02430173690148735,0.03050905,1.1356574106276864,0
0.03779385056354214,0.019015234,2.000020730677593,0
0.031512097554426605,0.062901735,0.6859861596125423,0
0.01297452009769828,0.031448867,0.35518447773679895,0
0.014654385309351035,0.016705902,0.5245579098933472,0
0.01515762788554209,0.017341666,0.4953743579447103,0
0.043908689006230205,0.056575295,2.046796482552122,0
0.02804959389591644,0.06263659,1.0848692074670347,0
0.03255270128403162,0.020690024,1.5185768144100056,0
0.011446123164748958,0.003930955,0.5659648846890837,0
0.013961591798529455,0.017888842,0.6278226798864146,0
0.013645081841127747,0.037118576,0.44893729190199944,0
0.023670080169007342,0.16597536,0.36888811463538157,0
0.014497580181241362,0.036768675,0.235405948199343,0
0.05049665857141134,0.07498819,2.4500220606949847,0
0.01307717889327799,0.028168682,0.511774277365906,0
0.02394779632221169,0.056872975,0.22050318600482188,0
0.02371047320628024,0.038559686,0.5709571638028211,0
0.046276621571366416,0.16136391,1.691493149215812,0
0.030062459342644114,0.047385573,1.4411161233174905,0
0.032450881350175556,0.046340413,0.6843577691533304,0
0.026815866776894157,0.0406352,1.2224433095736247,0
0.020373475371416802,0.04262883,0.48980367663854457,0
0.03565886907763344,0.07517404,1.0138582926775597,0
0.030690591688436443,0.114545986,1.0106018278478797,0
0.01978391136855126,0.046369538,0.3855368087303902,0
0.010963387492998676,0.0033292777,0.5770736848111909,0
0.049409153620490184,0.06318644,2.372352908746437,0
0.018608016162828353,0.045691542,0.5423234349111243,0
0.01919583190121594,0.02632912,0.9032312359327391,0
0.021037324647841082,0.048192557,0.3457525715534532,0
0.01820682241874088,0.024302324,0.505899076467801,0
0.013070685265862268,0.024679247,0.45399512027753225,0
0.012920162152618537,0.018071832,0.3700540717483545,0
0.03797386812191833,0.057040706,1.6206369997912007,0
0.0218715151545384,0.011801599,1.1178279631897203,0
0.02531213995177319,0.030815095,0.872786188634795,0
0.03489011125206137,0.08148543,0.7879101158288466,0
0.011958629587234643,0.027586259,0.49588518043974167,0
0.016783499485904428,0.06205548,0.5204234277383851,0
0.016746112806691166,0.02500285,0.6493158399935058,0
0.0296525680203504,0.053632114,0.6202583616410451,0
0.020122388199317505,0.039598238,0.7881386663926186,0
0.011310688152527289,0.028782502,0.25629363999373705,0
0.02067427387239011,0.044298507,0.7884056696527364,0
0.019940372577008054,0.095354885,0.4840329360160362,0
0.027685949129416892,0.019388357,1.2721963451394525,0
0.027676138174562992,0.034108847,1.329615641336716,0
0.008501851527135024,0.009649139,0.37121571563755584,0
0.02334901554004261,0.11623904,0.5268470970408516,0
0.019339692443244294,0.02121394,0.9049124139352129,0
0.01429148612867266,0.020773657,0.6012870262254273,0
0.019391705048654166,0.05437392,0.45100682239531054,0
0.03951387075009345,0.13738574,1.3964240464168698,0
0.020355791914081583,0.0066088014,1.0946324040122668,0
0.022440120608550225,0.033114236,0.7144303184250884,0
0.041020305730086165,0.05905697,0.8627242834261266,0
0.015333217331774738,0.02728076,0.6455140945703347,0
0.01392302025076968,0.0347104,0.3579676615985097,0
0.032315338605114506,0.015143957,1.638728527146529,0
0.03269173560405477,0.1180348,0.829518247373594,0
0.029777990210134504,0.031834375,1.1026283615718608,0
0.015920706851578037,0.042564034,0.649836380674529,0
0.013237896265777696,0.034186434,0.41406169593757497,0
0.01874828056665456,0.03273036,0.3199620778318576,0
0.03218604983002657,0.04055998,0.9525942560008291,0
0.02073408030857268,0.053109374,0.7811546326072971,0
0.03399969518407843,0.044967897,1.5968599267238668,0
0.08851766915193551,0.35174525,3.05171163412877,0
0.02950476690218183,0.046776295,1.3029780447351202,0
0.06004206659301649,0.08868785,1.484311636179206,0
0.01672944485190658,0.046328034,0.39863415275633207,0
0.013250139878747598,0.023015793,0.5964590684942014,0
0.016174640387959946,0.052769303,0.6056217678554427,0
0.022591326094601592,0.08399969,0.5627591192738265,0
0.02750795541951507,0.07919925,0.4662899830990022,0
0.01725774357693423,0.028373197,0.6442066907521105,0
0.008917401848735847,0.015332142,0.334782393255744,0
0.017879877526088862,0.04124045,0.560374082335266,0
0.018939161587629642,0.008145122,0.9145062293659612,0
0.02112091409610246,0.03598472,0.8635139936564883,0
0.12699682114606292,0.017920515,6.830173608898171,0
0.15096859257475892,0.034120936,7.863832270634836,0
0.02111923996330578,0.044615977,0.7451122862578239,0
0.01640414619939575,0.015513237,0.6043259789754064,0
0.02827675061481673,0.08363815,1.1107264717698602,0
0.014473567955972926,0.034910318,0.3686797512804351,0
0.021100313359658753,0.010699286,1.0818116888403528,0
0.029467117208550702,0.053755008,0.9358640986403187,0
0.01801151107265738,0.061739244,0.6059519850603272,0
0.04356726524795129,0.07089778,1.922983617410607,0
0.008629295182215082,0.01225545,0.36443763775135307,0
0.007966957561560913,0.005087974,0.37780027694474644,0
0.012203742981733254,0.018841898,0.5458609410608628,0
0.01860338939331191,0.058732804,0.6770294419294098,0
0.0195165318976525,0.019372487,0.9745191875740259,0
0.02023811749184436,0.030821582,0.8070689562487692,0
0.025151894803613704,0.14035335,0.3180198725060617,0
0.018509930405898916,0.044102073,0.6113171618321755,0
0.01300169697927625,0.03548439,0.46429714750068973,0
0.038788768812317874,0.047818758,1.8362481668511352,0
0.03146007939746051,0.16244245,0.5622236616855922,0
0.03774559565679471,0.04763731,1.0958142449687096,0
0.02192915934366472,0.08292964,0.658337524306279,0
0.012118741672286005,0.018428462,0.5070891075115181,0
0.016598817941474144,0.00796579,0.8657998712954715,0
0.02428245365794595,0.046300042,0.4265709312457829,0
0.021674368580257397,0.12605125,0.2869904645089822,0
0.014925586988844447,0.03214343,0.5946901101176797,0
0.026989795298640585,0.03736078,0.6178915709408519,0
0.030305842399687068,0.083126746,0.43806733566071276,0
0.023843998177649935,0.05655895,0.8027490432766052,0
0.021985198080916014,0.015935576,0.943226829595654,0
0.020635344533044792,0.04997051,0.6323684474061744,0
0.04535435208281076,0.07246664,2.173251827275486,0
0.03071899505021067,0.027716955,1.584640254286813,0
0.017417969348298597,0.053044766,0.6176046840563043,0
0.014734818422201182,0.02244236,0.4992004535936365,0
0.020665989338820717,0.035441384,0.8952668633617709,0
0.028688022767287265,0.07437033,0.29389417637982324,0
0.017956807224845987,0.016860489,0.7531285112637419,0
0.030634011626421435,0.01689832,1.340197095015683,0
0.025860412896357654,0.052356824,1.1693830761234978,0
0.05208469332605068,0.056141283,2.0320324839213186,0
0.03663402821718249,0.079545714,1.5007184003977785,0
0.010975269410139167,0.014645206,0.38268772427057896,0
0.010160542899466024,0.010176734,0.47164351813626854,0
0.06567165427969328,0.12332195,0.8871375115907768,0
0.026858863766988123,0.037618376,0.6009078433784178,0
0.014983680808551465,0.020425081,0.5852493887059353,0
0.010595384610526604,0.02932979,0.2364645960535874,0
0.012505953712947347,0.044078976,0.24173744621929075,0
0.013857346379809232,0.04665629,0.5180395330526537,0
0.04434475337234885,0.1794192,1.4312202700318783,0
0.01900420375962015,0.045458954,0.7574343567357592,0
0.016081384766274832,0.027875414,0.6839698560321088,0
0.028327819271962564,0.12810867,0.7945307377019417,0
0.020449613989309966,0.041637592,0.8702240141260926,0
0.010487295689724736,0.0624324,0.16487033466210235,0
0.01026631159441358,0.011151225,0.5032632463825091,0
0.025403234815424485,0.041232474,1.1177779699688828,0
0.08976330718239495,0.25288376,2.7800633595415194,0
0.022040522865647783,0.031481832,0.9216768642748028,0
0.012987376390877523,0.024276782,0.5322384604567045,0
0.019703668452126566,0.06587423,0.7031075120452998,0
0.025490945804974293,0.046003595,0.6658985486088081,0
0.034213172536949166,0.019577244,1.77400610219345,0
0.026075045882623427,0.032620996,1.26554442441373,0
0.019384182577212708,0.020901592,0.8822540974000475,0
0.021253633299484147,0.11967109,0.21040338964527835,0
0.022993357712586406,0.022704834,1.163807037082471,0
0.022481665460865788,0.045187775,0.7350537782312512,0
0.03582818353000325,0.06245942,0.9826404866650187,0
0.03055938296955386,0.19813637,0.20341645960948596,0
0.01796947688579887,0.036894772,0.4614962394305944,0
0.02457652557555234,0.036347087,1.134946302136444,0
0.01194230229983402,0.042516507,0.35013008860329436,0
0.02049610671304574,0.04423629,0.49139246404034476,0
0.010127833252136873,0.02512851,0.30885713349128174,0
0.024545773588695592,0.0038609395,1.3482842689476289,0
0.018703018061349337,0.033874337,0.5976402038138638,0
0.024582650421317864,0.02010481,1.1796495168917045,0
0.02897296821901172,0.025934296,1.5082310729441035,0
0.01795450743379781,0.053460594,0.48237696406419817,0
0.008468292752622342,0.023403501,0.268970600694885,0
0.0230771926793212,0.020217596,1.035844822899103,0
0.01182887627172013,0.024295373,0.4947087037448375,0
0.012222806162249918,0.051839612,0.151317941631013,0
0.02001882471523407,0.021467369,0.9977717558455862,0
0.030157322082707844,0.044117324,1.3231941394817919,0
0.006678503993593354,0.008361163,0.30617142362090044,0
0.017455327432159155,0.03136162,0.48057931988168634,0
0.023545192914912805,0.03480555,0.832360490239874,0
0.01585778797134213,0.011847941,0.6927197562899052,0
0.020950608304545985,0.046850592,0.7984516152555454,0
0.009738659323932239,0.008049868,0.48744960094250256,0
0.012561397427626316,0.023141114,0.5692284475937082,0
0.01889436859808454,0.011797084,0.9239873133344433,0
0.0293028737817009,0.06820107,1.2471605335528064,0
0.03024300395996761,0.043866128,1.0950363241335133,0
0.010582657053615992,0.033436388,0.34261122604454725,0
0.01966985837807175,0.048617356,0.7319694747335197,0
0.005945664948372915,0.0150872795,0.1491293832557786,0
0.03050284839675339,0.068026245,0.9852374494845642,0
0.020362151450894657,0.0362391,0.658736561406306,0
0.01996526888970834,0.029156897,0.883995805087567,0
0.025489119494391425,0.06855236,1.0137195028529744,0
0.03374554036898007,0.16421747,0.9073997061912762,0
0.033100924028098375,0.14988162,1.029932044553169,0
0.018682393342000725,0.024753297,0.8076621642456364,0
0.016104842944448028,0.031947784,0.7188950292787557,0
0.014141558528171578,0.02158685,0.65469051255771,0
0.04074807731501151,0.049297214,1.5559195400956902,0
0.01609301076951794,0.06396185,0.4599232601852272,0
0.05283265514283286,0.04595326,2.725109568733615,0
0.0507167770702643,0.085404225,1.8987795008509536,0
0.01592087568711436,0.053179532,0.5450012897767476,0
0.03245976018946101,0.0396729,1.5942237079604167,0
0.021765841224523543,0.0490844,0.9321939860177594,0
0.01853569153703874,0.034577057,0.7678691425716722,0
0.030229678043883938,0.06871661,1.1411444449544568,0
0.024102685248006163,0.028342742,1.1712824588178317,0
0.035885803504168534,0.039379552,1.1563575423913937,0
0.020105836123321775,0.009684892,1.0318620057547412,0
0.043254155614704325,0.086842224,1.7254801113334413,0
0.01999581621634985,0.026753329,0.9599747062700202,0
0.03489849984830013,0.052482434,1.5716880734659624,0
0.030082226837247587,0.043305095,1.2747260015782367,0
0.027165031562646828,0.06598768,1.139718530764487,0
0.01722892818952032,0.06054314,0.4687432778255962,0
0.020239686512484006,0.03160792,0.8056309732085697,0
0.04993100831506839,0.08683712,1.5219685950800932,0
0.01597570884172341,0.036001176,0.5849170300892743,0
0.030693746521345676,0.018651182,1.598459439784457,0
0.023659971872800837,0.043459397,1.0370734242106978,0
0.02252213426638934,0.05051524,0.8537003299106563,0
0.012026665594038937,0.036369964,0.4372425025657045,0
0.06589340129221266,0.2863986,1.9768091920522226,0
0.026336760499015593,0.06607358,1.0726844778476747,0
0.019574682450771343,0.029267468,0.9228754432253153,0
0.020456201928423172,0.106571086,0.381713796679366,0
0.018671552028378537,0.032857463,0.2511042919419985,0
0.018713373482157875,0.05400396,0.6092452314063637,0
0.022598130548545387,0.04835339,0.19853683928531443,0
0.03104242906014218,0.034507956,1.0261862652075364,0
0.029500461620844895,0.029604921,1.4689141816801785,0
0.02411342985457797,0.079963975,0.9144280822271307,0
0.023138971453558005,0.022545613,1.1116393496086359,0
0.013669464786452014,0.05120234,0.22119215727782848,0
0.02418525174125435,0.00551135,1.3265777670924168,0
0.02721623940875957,0.04228129,1.0799103531481127,0
0.02950264949566965,0.1389827,0.6425141173629054,0
0.023134689692700577,0.053984813,1.0012555148688729,0
0.01951989150305962,0.061724253,0.39024034529415175,0
0.027941698156599935,0.08260138,0.8240028230402027,0
0.05570609166603223,0.029808264,2.567092473864291,0
0.012694129765394514,0.08403408,0.15181253619060348,0
0.011985835549753632,0.048752356,0.3112375225075717,0
0.016862919775636306,0.026847187,0.4453674600822739,0
0.018530316948257703,0.010883219,0.9283202021819567,0
0.02583413454508311,0.041858096,1.0715739313202663,0
0.017739376367579916,0.045273013,0.5967710414338924,0
0.03743331158685404,0.071917646,1.7136926891283735,0
0.023374639543961913,0.02859178,0.8785638231416174,0
0.0326503903777151,0.027933322,1.7019906784673895,0
0.01883830753760434,0.015653482,0.8455090478000191,0
0.019952370890826965,0.07130766,0.6692961125166786,0
0.02071051989616529,0.064388566,0.5380808305501503,0
0.01715309160065296,0.03678967,0.4887358862717285,0
0.01862113640818573,0.02963271,0.7940858222134369,0
0.01462178608457123,0.028238459,0.4385506656991185,0
0.021619348637171257,0.032528657,0.842761131582261,0
0.011789230571547174,0.051219657,0.20479868325259523,0
0.01025250623675629,0.0147419395,0.4958992010939322,0
0.017909420017500885,0.033731777,0.4015435298141307,0
0.012421172836150978,0.034219734,0.3553385786548951,0
0.014157802537129753,0.085295804,0.11932178903614013,0
0.02324584365614086,0.047603212,0.40237084989173366,0
0.02347806432875802,0.054691482,0.19940233642645777,0
0.02349523603391043,0.038256768,0.7827780236914739,0
0.026689236025162023,0.11781541,0.8427244263300657,0
0.025539925072601253,0.12932007,0.7101436116219421,0
0.01628387028981835,0.052615527,0.13818996606292405,0
0.03723811773158563,0.06252278,1.767437643780099,0
0.021327459582140766,0.062161144,0.8003148950329485,0
0.007730351481639026,0.012638733,0.3195674597867141,0
0.011637742660978457,0.046919234,0.24379303868450108,0
0.012727566258909018,0.03533719,0.4593724946804546,0
0.016396026820930644,0.04885223,0.6539549810555466,0
0.01013241213187227,0.009068599,0.46461483690780103,0
0.02387594009969765,0.011515651,1.2706455496197322,0
0.029151366495475263,0.04723598,1.0979458351883815,0
0.0163458405270476,0.007311823,0.8442738201388357,0
0.03211701983524555,0.070545636,1.3518000090233546,0
0.00967068275715777,0.019349376,0.43466901222631954,0
0.018710418791094634,0.08109022,0.5787327713300403,0
0.03265302827730093,0.080403335,1.323191744729449,0
0.021009818918849114,0.066841,0.42996778740910974,0
0.013338579339783333,0.03721403,0.47772514894436574,0
0.02389858195555595,0.018659564,1.210130320773335,0
0.022239820023919003,0.05545037,0.3831119229116221,0
0.022968291942358762,0.023175864,1.1350425403170208,0
0.01789627589810812,0.03633296,0.6468978044533922,0
0.03696744875374838,0.1956309,0.9475379417503712,0
0.021911886845778838,0.048441704,0.943238390793479,0
0.020734604323677193,0.029877786,0.59604488180816,0
0.01402392407255869,0.05839208,0.3492452247429438,0
0.01966153499713082,0.029758573,0.9509568434712292,0
0.03219382252257058,0.032866165,1.0758180651429978,0
0.030222947175397308,0.047408745,0.845793553474424,0
0.01978113554830887,0.03651028,0.9037374706441837,0
0.023107635891084433,0.054750483,0.06937834605629922,0
0.009469247478545727,0.015242102,0.34126901767360807,0
0.01861228223743185,0.035205033,0.7605359013430543,0
0.018549220218967082,0.021975413,0.6360758833677206,0
0.034283185670398744,0.039568424,1.0443826849715097,0
0.04071144832523291,0.04286228,2.0860601963564713,0
0.019499246472738242,0.038056016,0.495042584756963,0
0.04644327602067226,0.04222695,2.415636280486814,0
0.020917018221684583,0.033107024,0.842080431654537,0
0.019329702267192952,0.022274086,0.821890204198076,0
0.010761227107297943,0.016829388,0.4964680344794534,0
0.026705273902603903,0.14081575,0.6837365409970817,0
0.027958425251442823,0.014403219,1.4132941266501025,0
0.021257775805554845,0.030456869,1.0414178841278379,0
0.013936285224010882,0.07105335,0.36002313000621267,0
0.016277150412405333,0.08123911,0.18517694973655285,0
0.021173960998085037,0.05781539,0.8798461860416483,0
0.035438152732681,0.04586404,1.6394654478538613,0
0.014074136006114967,0.018616632,0.6159975105564272,0
0.015860445054966213,0.063680515,0.5038455368517102,0
0.02384678327469593,0.026207862,1.0554049163857908,0
0.038992390493982274,0.1669334,1.2126441911689851,0
0.013435560688604813,0.013517945,0.6635449639317321,0
0.014080634395496644,0.007640549,0.6802847367224125,0
0.01728431411773756,0.0902012,0.2736290090753953,0
0.0221520377808569,0.05775177,0.8337380041387155,0
0.017242675797443856,0.053207044,0.5366186765914672,0
0.014326978349027233,0.014425505,0.72524109151814,0
0.033870206490773144,0.026299298,1.5964929414208477,0
0.018612668684471347,0.04066182,0.6624084115173248,0
0.021398900745498,0.059100352,0.6008033279482101,0
0.02333616298866082,0.034581907,1.0151208951625397,0
0.0240376376822538,0.063615076,1.0052558724239042,0
0.017974905665612204,0.013756596,0.8307425949822613,0
0.02412226212560996,0.09094764,0.6195962741217518,0
0.019292272409402293,0.02719163,0.9133648998381455,0
0.016006566975279947,0.07178362,0.31549003535240483,0
0.005903983367185103,0.029733041,0.12487543449976038,0
0.01956388957516403,0.046936017,0.7699314454548382,0
0.020050221005849165,0.038078103,0.8072002337868526,0
0.012211127001774373,0.018937867,0.49034826007851884,0
0.025529953758851982,0.037087213,1.1995218035931832,0
0.009807519457906127,0.015395901,0.44946932718892313,0
0.0247162770475219,0.028123494,1.1944994685840988,0
0.012544192609193748,0.015202124,0.4498919275963893,0
0.01250342620672511,0.015032723,0.3792086695596555,0
0.011967510258282412,0.017669076,0.4692256740062542,0
0.029841833891688464,0.07738903,0.7861543014579244,0
0.02589150955408328,0.05067522,0.874374494354279,0
0.017244195026875908,0.032351207,0.6154719704627255,0
0.011487369664996826,0.021562006,0.5031809169854241,0
0.03107434041424631,0.07299476,1.1758814698187097,0
0.021240458363370192,0.050057966,0.5871287442882808,0
0.030106912204414072,0.030682411,1.2713036878657389,0
0.020233308154616162,0.03438208,0.6083201371150946,0
0.02521655450147565,0.03320974,0.9761591222620613,0
0.04723844677479633,0.26267782,1.1539885282368463,0
0.01750577589067292,0.035022423,0.5883577903897518,0
0.007831172707370146,0.007411762,0.3862227405175302,0
0.024126405744727155,0.03040054,0.9645814279086675,0
0.020580148776988653,0.054874104,0.13781456708546203,0
0.014391479869235365,0.034959886,0.4224252872563507,0
0.014894674667775715,0.022010533,0.60844763978735,0
0.01062869058354884,0.0072791693,0.539197804181479,0
0.014982317340320317,0.02604086,0.5295029314785121,0
0.016388072183467127,0.02717279,0.6879301708269382,0
0.013964603048028115,0.064088,0.41499951110681665,0
0.0174531135258466,0.030171987,0.6522879990389334,0
0.0474918158953969,0.13519762,1.440336793188953,0
0.02178672379288596,0.06562682,0.825375242833946,0
0.021647997662550215,0.011884972,1.0800500492437493,0
0.03485442468799682,0.0365912,1.757351726668982,0
0.011575509390138237,0.043025445,0.23578579096884952,0
0.013699074025820072,0.07128012,0.3381020869169842,0
0.03863868832937278,0.14798082,1.3253304232823397,0
0.022882918596569844,0.025856555,0.8706870223697903,0
0.017458108528943975,0.06384169,0.20061681231519535,0
0.031060413863903097,0.07850703,0.6243739222192014,0
0.03596552263663454,0.066063784,1.5759787926994486,0
0.02117231853415829,0.07681221,0.7310997626532064,0
0.013607184707138639,0.020476783,0.45160566870426466,0
0.02733469090766269,0.036137156,1.264174066846767,0
0.018791472338051382,0.018162256,0.8950890888242216,0
0.035134157014312946,0.090796895,0.8935353703769741,0
0.024925681308851644,0.06577725,0.7266168422608614,0
0.01680269745608139,0.0076612746,0.896493858937887,0
0.0186703376899622,0.026813831,0.8574647869828466,0
0.012751529656594684,0.02549083,0.469749446464859,0
0.016087885315929484,0.04895236,0.6190728623006351,0
0.01702528406758047,0.02411288,0.4886112196482431,0
0.018122797259814923,0.04736296,0.6176990637872881,0
0.024403383889383703,0.028717367,1.2237582263229483,0
0.020427630925206275,0.012862482,0.9047465310529867,0
0.021997466584805107,0.03615924,0.8283175789274394,0
0.06676250179794277,0.025826331,3.2071757002007093,0
0.008197815492797971,0.018581988,0.23728684743574668,0
0.02831667828768835,0.058619883,0.9840264099614624,0
0.00772321941878889,0.00921425,0.2585312888487957,0
0.012459510366555756,0.06053205,0.25305692858110534,0
0.027327694457952075,0.049651448,1.22030694314587,0
0.018818720402026267,0.019034967,0.9640357736426806,0
0.020411286122614176,0.039877195,0.5055636970154325,0
0.011354478513330294,0.02603631,0.3493546761853417,0
0.010330813971646606,0.023307605,0.42952058341380517,0
0.011668728352598953,0.021205435,0.269468660688552,0
0.022591708860022014,0.078804575,0.8394151307249951,0
0.04763705978396412,0.044918515,2.3781594089962415,0
0.016408345168265105,0.013932195,0.7887499902772332,0
0.033954798742817004,0.05204966,0.8259796607508089,0
0.02404518739805576,0.026036875,1.1403595192648592,0
0.01125133032553374,0.03225317,0.33953998658904466,0
0.015518112874929707,0.038312156,0.5303473709574303,0
0.00799812537585722,0.017360523,0.13332359730586932,0
0.009765381620935674,0.016959138,0.27820228530303726,0
0.02701738558061762,0.04044273,1.255253652994326,0
0.02384445627045026,0.038101435,1.068735332460728,0
0.011468157270425728,0.011458978,0.5758821427832529,0
0.0480891462112663,0.057948552,1.6923620513517352,0
0.022571836819343993,0.026025092,0.695071812317583,0
0.0047656778838099855,0.0075431936,0.18641469421813125,0
0.013170316987393195,0.025545835,0.48291631548628267,0
0.0402050866674516,0.08724871,0.8546120035412392,0
0.046724425482366966,0.04235316,1.936751997517201,0
0.05049604971284706,0.04247788,2.616516899309068,0
0.02956853752911561,0.06939306,0.8375721397614209,0
0.02737613664716611,0.024425406,1.1860933198837398,0
0.016385074038652508,0.06699536,0.5493414579620627,0
0.018861478199604417,0.04217433,0.6055025134284724,0
0.045566400262045205,0.010450576,2.4978564207711393,0
0.019828540885281284,0.05072338,0.7872345920876566,0
0.013314086449942027,0.027495077,0.2762237607104666,0
0.011493276514139832,0.026142221,0.38476441621747415,0
0.021381085164553018,0.083169505,0.6740354778084018,0
0.021727420853680304,0.060469244,0.5505984376110902,0
0.021270881220062536,0.052507434,0.7341414848480449,0
0.026844993301424876,0.04282482,0.46026756230668997,0
0.02750088200145598,0.037623156,1.2284490733897862,0
0.01818454036793712,0.03296319,0.8172816286920291,0
0.01690266198903541,0.025359364,0.7604877691141373,0
0.0191864900439351,0.041838594,0.6387034125446284,0
0.04307214108388107,0.20851961,1.051559133608507,0
0.018135032997433215,0.056731638,0.48643227405008405,0
0.007706669592019974,0.018271409,0.3128393640499467,0
0.031385292456777764,0.120804325,0.8397519706113845,0
0.01074364297690317,0.0076335864,0.5271112010783346,0
0.014618091958030922,0.027564881,0.4592955756777046,0
0.037249299448542314,0.18673047,1.0566666957948057,0
0.03263031839724967,0.058127157,1.506641418525996,0
0.02638223134664275,0.040441275,0.75369948650424,0
0.006252532039663964,0.040057704,0.12610512400692042,0
0.011069370778649801,0.016202541,0.4793326505357841,0
0.03502723754999537,0.06360276,0.6124308295375299,0
0.03419949546804629,0.015264305,1.8472662768250663,0
0.029909284432326953,0.09753922,0.527170201611846,0
0.01324237542548673,0.031068461,0.4184822936791425,0
0.017080138061774656,0.035558734,0.4789733439640303,0
0.0081616284666223,0.019550506,0.1231781574112966,0
0.024775977099115075,0.07492175,0.48841075748846047,0
0.017304431524671305,0.027691616,0.3471488932259062,0
0.02374611413449141,0.0671086,0.8177063469520007,0
0.01246888577355679,0.037731506,0.19265189704660188,0
0.02032038179240047,0.016104333,0.9806554856711293,0
0.11030906477822384,0.47714746,1.8594972526504068,0
0.021525392809912672,0.056014866,0.8130889061183252,0
0.026031110027082124,0.052601397,0.8915298413528968,0
0.022957678709618977,0.03504161,0.470838600180512,0
0.01890852513129706,0.035040967,0.4749222236046288,0
0.030995007657314905,0.065559074,1.3837806407878928,0
0.008932260207925355,0.015860915,0.2944278369355533,0
0.011418699814872427,0.03070659,0.2072711386000215,0
0.0362262225666065,0.039026495,1.6038881952699031,0
0.031501572115929494,0.053358365,1.28308521335328,0
0.01761171005963036,0.020849368,0.8408574614811914,0
0.017298564954562598,0.1361191,0.17001369037864986,0
0.03719754643408388,0.06166961,1.361341030752007,0
0.01991614404371199,0.014588104,0.9067076033834935,0
0.058178769440389196,0.14833722,0.5690165506367884,0
0.011877034676171867,0.020362882,0.41383069651540005,0
0.02216066636255401,0.026872315,0.8603066326096676,0
0.009445911183692627,0.034212515,0.22396939494697274,0
0.026072340931454944,0.06678271,1.0011800625895868,0
0.026354205322824852,0.05011597,0.8142484884309105,0
0.030919671911416046,0.05586711,1.4363520923660875,0
0.007442095323406426,0.01508084,0.16474739148243359,0
0.013669741309993697,0.038390208,0.23399251421038011,0
0.0390070643690765,0.029903552,2.043026144574433,0
0.01928036762691747,0.052801568,0.6172996960834652,0
0.023828742487310022,0.045112133,0.8763687349544311,0
0.011955149601482109,0.03774077,0.34763201015258105,0
0.019683561391320294,0.013569454,1.0256174097384567,0
0.023606957528494295,0.10483519,0.580666645221345,0
0.03579067253246815,0.019691965,1.738147660946903,0
0.01776754557780412,0.02040245,0.718994526368451,0
0.137692325949722,0.21393877,4.597348315033002,0
0.025995753036026432,0.096107244,0.8171675292019287,0
0.021389842172515612,0.03260337,0.6192507847776814,0
0.031291308230839615,0.10964079,0.9581976003638623,0
0.041195723596879584,0.025951501,1.9380213216401097,0
0.008364381213428522,0.015536809,0.31512096611917356,0
0.022082362860916433,0.023255361,0.7865248083854915,0
0.020565501710910115,0.054023694,0.7757463825841412,0
0.046908267684564534,0.13992861,1.2669266080365456,0
0.01845716166828825,0.061341994,0.6620064235511108,0
0.018693518821952852,0.05020091,0.6630934941167553,0
0.01051274595677932,0.013556573,0.42916554599514084,0
0.017757505326919568,0.015337952,0.9240593295460181,0
0.023742709011919792,0.12027562,0.4511717571496144,0
0.036086015155394974,0.07127448,1.6469905543153558,0
0.016805701339452275,0.03115608,0.2999876398267096,0
0.010225744528294986,0.012842172,0.44389311805767284,0
0.04082878740392221,0.037639562,2.0834999093577906,0
0.02055979270891062,0.032877915,0.5260000356433662,0
0.04407227105690329,0.059249174,2.151635905029949,0
0.011647382442741985,0.021435793,0.4243022191871555,0
0.025053995845947516,0.06837261,0.6463811525347366,0
0.019954691550457024,0.021401314,0.7261619084257626,0
0.04149304864374975,0.033127543,2.0980867962027583,0
0.03494845409732157,0.02813595,1.4384053877186684,0
0.008797525611657548,0.050162464,0.20639528049856098,0
0.016952585571257735,0.0075415093,0.8733120842066339,0
0.014913362731296075,0.040281378,0.4277721757821773,0
0.012414083470425892,0.07303814,0.28323378444811004,0
0.020557154185730654,0.047864772,0.5544750359861764,0
0.021564387923587103,0.025754973,0.9378706290852833,0
0.02376123838557974,0.018244015,1.2286560864332619,0
0.017438276357860577,0.03302721,0.48986525812468673,0
0.022203612722095773,0.011038507,1.188978980146522,0
0.012849039306301255,0.030993134,0.4060399332589662,0
0.024769157815254208,0.047424607,1.0728546154603025,0
0.04195191465284911,0.062364932,1.9789023230842961,0
0.017866741926750113,0.042885378,0.5712417007832351,0
0.0196040960362149,0.021794368,0.9396710169663508,0
0.022316734180670858,0.07019571,0.6213674879083283,0
0.02975487051084803,0.049403805,1.3423198118890072,0
0.017468353146697403,0.020988185,0.84805474326756,0
0.007240582611097052,0.01678813,0.1454675749330231,0
0.033740197951444326,0.23916993,0.5511914470283461,0
0.03845060599062008,0.0975592,0.5525104269810661,0
0.020748684613028014,0.040894836,0.5505970482944298,0
0.03907675063700283,0.04922032,1.9291716167704498,0
0.01871972484800486,0.032916643,0.6963028613686604,0
0.025743480578528717,0.11898184,0.3624685232265726,0
0.009024178108576864,0.021738745,0.33863981654773573,0
0.013035359145898434,0.017378565,0.6089217061500638,0
0.011362474462472568,0.033537466,0.26045731407495304,0
0.008387610486747889,0.014869953,0.24316819115467067,0
0.014674747568659366,0.028703997,0.6309831459484643,0
0.02315655693530829,0.024549361,1.01346571987545,0
0.019024676476739895,0.12377174,0.26750584340355305,0
0.014465225530512646,0.05634417,0.32220892582623234,0
0.014836951839733511,0.060569525,0.46556985194012523,0
0.02039106193165322,0.028216196,0.9131593146560085,0
0.015385121061114502,0.006065424,0.818604325899573,0
0.026844535603401852,0.03136737,1.33112760981213,0
0.020985080369614113,0.027061598,0.7202880295220105,0
0.04792782151312619,0.11579861,1.738838336327285,0
0.022329100995957873,0.04407402,0.8999496274096994,0
0.02353121860662186,0.03182436,1.1645381467968552,0
0.02166378617556334,0.009042563,1.1128126543848982,0
0.024719773698463163,0.04226549,0.8166750415440273,0
0.014084174685609612,0.025079638,0.5783302285768286,0
0.02659402371058832,0.007804636,1.4678890493611199,0
0.025358505511251163,0.060382735,0.7192644343589275,0
0.01853998792313396,0.044233646,0.7759064187709557,0
0.04931338855418055,0.13791503,1.9483855668998595,0
0.02729954457752247,0.029728895,1.3700838960756792,0
0.021213369503266497,0.059151955,0.6800407444747338,0
0.012972536283521059,0.030025842,0.4146514074607735,0
0.0284524511644945,0.11789053,0.8776962136323403,0
0.015161906960240916,0.020463677,0.6690168896538401,0
0.03849241052349353,0.0880389,1.603884608905908,0
0.014025219995757541,0.03666973,0.5757727700985706,0
0.015412991409914695,0.021754283,0.5868177040953986,0
0.05687240424129366,0.13984837,2.3486011572030376,0
0.025667177194932222,0.055393893,1.0768927229075358,0
0.024961087755908207,0.09025769,0.35459257358738766,0
0.017493253007304255,0.013298646,0.8403330821690786,0
0.011893508938928425,0.023014609,0.4255288951726841,0
0.031531405771671586,0.10215673,1.1043574465465542,0
0.048366287198995314,0.095849596,0.3550448356894148,0
0.04025485968662211,0.039205965,1.3114001874247905,0
0.024442404154611862,0.087959394,0.4412403386633796,0
0.017309243616908367,0.024295572,0.8031899356457911,0
0.014484214547333797,0.031698093,0.5399576138134261,0
0.021168785014507557,0.058824163,0.8624460832941773,0
0.04063799745844189,0.016964726,1.9753786207590844,0
0.011815913797028458,0.013042538,0.5318906873803083,0
0.017329992272788718,0.0438664,0.5527900486619939,0
0.01078072326143642,0.026787937,0.4323653396715918,0
0.025081571577204715,0.068025045,1.0465839855628105,0
0.021190112542136423,0.040876523,0.554903943057765,0
0.05256069570070455,0.080861725,2.514956508625438,0
0.024514512656199024,0.0671263,0.11492729942611958,0
0.03757513244737584,0.054830246,1.6598697573695076,0
0.1369390255659933,0.14223343,6.683373991695472,0
0.029996659287741635,0.069370255,1.138119312322999,0
0.014598043228553917,0.07764739,0.24112278321964795,0
0.022658435145899193,0.0421088,0.8900531022311222,0
0.018369853404165012,0.04910139,0.4729193046305643,0
0.013223009603387178,0.018703572,0.5166069314315656,0
0.013842494443585335,0.07117395,0.295027739091903,0
0.022025767791805276,0.10844938,0.5579717114251985,0
0.011086798180705732,0.03836766,0.21087827003354626,0
0.01742433501049813,0.03291507,0.6558365653620759,0
0.0379285642730011,0.031962138,1.9194818610741256,0
0.027670330634363034,0.041021038,1.1176822459247358,0
0.0043634575206356555,0.012837391,0.0843881124240218,0
0.0355420731170147,0.08854418,0.8777111336880337,0
0.03398802109458536,0.0789817,1.2385450834884777,0
0.018300538010263222,0.010278734,0.9845665828932764,0
0.03373262032967253,0.062758654,0.47108184395340735,0
0.024782340410754423,0.052313898,1.009246008427848,0
0.015877633144071483,0.09318179,0.23348995129875286,0
0.016488175252242908,0.021789266,0.6614879926739337,0
0.01836181830652693,0.02452076,0.7842039690103826,0
0.0174278230095727,0.03624779,0.5916819971021641,0
0.01273841684465215,0.02289827,0.4001988961535075,0
0.02983729015748511,0.039599266,1.3303077727977701,0
0.021623432640136234,0.015383957,1.1402294190462234,0
0.012647255050850825,0.018718993,0.40221744486378225,0
0.01795174130180889,0.06490294,0.45373002415179814,0
0.009791627975090565,0.03724442,0.08670383442108116,0
0.027867969715458234,0.15194622,0.5177080957644542,0
0.016039724576241227,0.05175209,0.5535314502249967,0
0.01932110918270335,0.015322393,0.9795643605708225,0
0.021399539596661743,0.024578743,0.9871784027267203,0
0.01005400005106495,0.0068245386,0.45757765668482175,0
0.008571587334626984,0.024091266,0.08160975860139233,0
0.0074041264779359526,0.01987524,0.06886891850612989,0
0.0293489599792831,0.061092585,1.2863629473930187,0
0.021006130633526302,0.033387136,0.6157498791236186,0
0.03461855364370918,0.01997067,1.864202066506455,0
0.02672461715278095,0.036956,0.6198035508100525,0
0.020946206008791664,0.0928483,0.453628851781514,0
0.027782577849917327,0.06276428,0.76827364856768,0
0.03054074143877075,0.060348596,1.3140840224272041,0
0.01980760149188518,0.031422146,0.8834025082119067,0
0.018549547794381588,0.049340405,0.7010454021537548,0
0.005234586248613993,0.0092801815,0.1375759213685289,0
0.014668667720265892,0.046679936,0.5385271740375178,0
0.035702935334506206,0.114799246,1.1684431244596267,0
0.030416395113294102,0.09864256,0.8534886762694466,0
0.06325361980622944,0.10627703,1.6639186643881478,0
0.01870757977339621,0.031316705,0.7088238694629373,0
0.007603451265625169,0.008610981,0.31436149123370755,0
0.06285483510805703,0.062914595,2.853744724979111,0
0.01741012145629115,0.048448674,0.2883955366139961,0
0.030736581896141656,0.014639541,1.5383354394169781,0
0.00971281986731997,0.023117581,0.2935724652608478,0
0.018324106536241863,0.08259325,0.2820299607558949,0
0.01772228347978841,0.03256624,0.4047685889348284,0
0.012918306103497725,0.067885086,0.31606375195512426,0
0.016344047360091263,0.05734029,0.5675036480991836,0
0.029223706399356203,0.065209605,1.2582520494903462,0
0.02171183168058906,0.10030891,0.5746475471710158,0
0.020037992702992453,0.036116894,0.8579769518283694,0
0.012310448367853433,0.02360513,0.5049537260791515,0
0.037019456069966886,0.09624424,1.546309593245005,0
0.02841254430524069,0.039480247,0.67216996975034,0
0.03141816627413362,0.16058104,0.8392630780828376,0
0.019199309573182843,0.03398516,0.256462754040054,0
0.023577890983392823,0.06770212,0.5067595713103956,0
0.02603450158875691,0.02544118,1.291761326258312,0
0.010608946313131749,0.025177522,0.23862377718744932,0
0.03690446113025139,0.057634536,0.6507668388583205,0
0.03619873987735174,0.044271886,1.1592771746344668,0
0.02917450903171366,0.09593209,0.9950037911590952,0
0.011987299823318382,0.029745609,0.37798329176984197,0
0.01260985846080217,0.013606988,0.5665712579145995,0
0.02124485365679415,0.12646897,0.3059209667945462,0
0.02599678099496324,0.04659477,0.3973449232739239,0
0.005952044054600427,0.011283069,0.2648328218483547,0
0.019551166282883267,0.04458623,0.474698091068765,0
0.016358473534396213,0.04134499,0.37497718323226303,0
0.014026150501419712,0.06307306,0.3815652855473349,0
0.024911853663002546,0.08354296,0.9415849696693732,0
0.028146731455787628,0.03590481,1.2988577887593806,0
0.036724379202997814,0.012377383,1.9806293631524965,0
0.01824056056051896,0.022491198,0.8280482866004367,0
0.01785396624237505,0.0441571,0.4798459903888152,0
0.026632565061604774,0.11061278,0.8369965131638472,0
0.028625675621028666,0.072653726,0.41472573291666354,0
0.00853516568161377,0.010579377,0.38346116031314914,0
0.02346408238918024,0.039896518,0.8963413927568653,0
0.0247136218919605,0.049759366,1.0821316001814016,0
0.01469208490284834,0.022384435,0.6449253000520149,0
0.024420248738729538,0.028173864,1.20506183713515,0
0.04515473612321084,0.09039244,2.0096788816115336,0
0.020893625767022743,0.025490042,1.0152967260270396,0
0.04388947309908195,0.14605084,1.6590455802520243,0
0.012999930444909599,0.023910016,0.42656593911985613,0
0.042144895657757135,0.08249505,0.9685630399915073,0
0.027962472557716177,0.08256839,0.5507653391225128,0
0.010064487881314073,0.017649077,0.3309729352290436,0
0.017361798728931604,0.024446074,0.7961163607872492,0
0.015235506673959431,0.040747374,0.42409865056246054,0
0.014079341780334579,0.029636417,0.3126585859772681,0
0.010486697352429226,0.015157984,0.4755638227232914,0
0.016149132035423515,0.03292231,0.6575629080317378,0
0.018991953639629598,0.006939567,0.9795705531938651,0
0.011993985661126078,0.023231955,0.5206043444929467,0
0.026854513442416305,0.0127335265,1.3812839899709524,0
0.028412500378184456,0.0328816,1.288455955334191,0
0.03485574870766967,0.070370674,0.7665392809508038,0
0.02999129503029457,0.06402286,0.3265976523646392,0
0.00978362631022656,0.022195183,0.20245349096237847,0
0.027225364544608957,0.06398749,0.45911851704550344,0
0.006870880495468733,0.015033338,0.25352705736164904,0
0.02358468689596753,0.08152344,0.7917880640950091,0
0.03746760308545467,0.045533262,1.7694033253961259,0
0.017271809801459377,0.020440692,0.5244816651500451,0
0.043617722902273705,0.19727488,0.6658410631591943,0
0.014579021871753247,0.05746032,0.4753376257359243,0
0.029274664758953326,0.05027428,1.2685156158465365,0
0.04737284326352849,0.12849613,1.4943994538466514,0
0.027123739890199845,0.05800695,0.6373361542130256,0
0.024163586547099127,0.025370466,1.077761402120775,0
0.04132875801619527,0.030707793,2.154387046717582,0
0.0158348347013893,0.030611807,0.6537185951425754,0
0.02278665860073637,0.02213527,1.1407769742162475,0
0.018037724488116025,0.03153104,0.8345122962900577,0
0.013483303530319943,0.04059943,0.3622725092674711,0
0.021056276207257228,0.061089706,0.6926921949010726,0
0.03131110963442336,0.1913433,0.2111404622906087,0
0.01932447193202731,0.051058687,0.6735919614193997,0
0.01761410809480589,0.023909302,0.47685342171805295,0
0.01782619590047114,0.052400373,0.358890000819267,0
0.02883145725301815,0.021331424,1.3949816943951885,0
0.015817955136299133,0.054683696,0.0,0
0.015330431025076289,0.041714553,0.24039165461195586,0
0.03532609629296406,0.09664604,1.3998574659672638,0
0.02796351609597767,0.019357389,1.4371250036537109,0
0.008310952775442668,0.017693128,0.1496464614314463,0
0.01433305995068894,0.016318543,0.7225571910986011,0
0.01809440247459016,0.08813376,0.4584259002219868,0
0.08524635080389914,0.18864028,0.9970268430056815,0
0.036131873113379356,0.024772435,1.5355277691686726,0
0.010870417645149153,0.020957913,0.4207407771829802,0
0.022616172750159456,0.050469358,0.9374660662092854,0
0.01779996895897399,0.11486427,0.29085005946691256,0
0.013832558791608218,0.033401333,0.49866845114772307,0
0.015655780542601687,0.028216965,0.6915346611061345,0
0.2369051483407191,0.0623331,12.042595639785269,0
0.03175446215432319,0.07922305,1.221867914617514,0
0.016846317373687227,0.028055644,0.6566887268887291,0
0.056183275192035656,0.033585977,2.8769048071913126,0
0.01997933458359569,0.029350586,0.717120138972599,0
0.017104580146160016,0.07956284,0.437030458985971,0
0.020118129929545807,0.027951263,0.9814605390375409,0
0.03279356604301778,0.055394854,1.424171143824479,0
0.020982571419896536,0.030331833,0.6403879982713853,0
0.04578212894773022,0.06981078,0.9696128351091395,0
0.041657313963516164,0.044021484,2.0657691448464304,0
0.027146266165920363,0.040909864,1.0726102044133994,0
0.023773479880589712,0.0647064,0.760644371758094,0
0.017411197622475984,0.017084232,0.8002039306147034,0
0.023398157422617555,0.04902373,0.8839865733886568,0
0.044632466178738166,0.025277928,2.402392756457466,0
0.009589527014069317,0.030589692,0.3375798040044002,0
0.013657007469529352,0.022926169,0.29175639214250493,0
0.030770558304216284,0.15514354,0.8006839411489913,0
0.016475635600933614,0.023516407,0.7415127115723569,0
0.032046143880136616,0.14058027,0.9920900986270321,0
0.020586060359358685,0.027445277,0.9838522110553328,0
0.03066077216492752,0.060234815,1.1620713328378114,0
0.02179935219301898,0.0371392,0.935391321815589,0
0.014809380206290551,0.04468155,0.27746789276026873,0
0.02791383421925536,0.14609672,0.649024279465642,0
0.020088054736926084,0.044074308,0.8405911695157279,0
0.03399241917366981,0.086456835,1.3086679357156552,0
0.025126119661430052,0.047968455,0.3319413002395596,0
0.01821533767898397,0.025459602,0.6618187517579625,0
0.0591010867482644,0.029533343,2.717400349459165,0
0.024619585295940136,0.05329639,0.6613191083499061,0
0.023592731974002627,0.047664065,0.47693823927710066,0
0.016757544464798404,0.044807807,0.6260488085594313,0
0.0202200801151161,0.024306336,1.018639322592268,0
0.0273492234987718,0.032805573,0.9202424392187217,0
0.032325316686726016,0.115658596,0.8198098102632918,0
0.02291804158743481,0.03040529,0.6708239224825258,0
0.014136976202113117,0.022402348,0.6767509704929396,0
0.014562230706762769,0.04090471,0.1861635912261414,0
0.013004545215958434,0.008616744,0.6295463852068116,0
0.14122951881908238,0.47286227,5.138276881651652,0
0.035909204383301294,0.117424004,1.2672205574263091,0
0.01701508148239475,0.03005417,0.5461246705439303,0
0.022607644171407495,0.057087973,0.6832383949356654,0
0.03169203523373847,0.03619362,1.0437554496972672,0
0.01559060706939333,0.0286907,0.4099348203819073,0
0.038764380819248656,0.015997846,2.0850775394243892,0
0.033460719645462975,0.12918058,1.14285724843501,0
0.023000903540181333,0.062710986,0.8056872533152388,0
0.026784587625547925,0.022531789,1.356080177098387,0
0.009266949366227309,0.014219148,0.2932937986060678,0
0.021851037249694758,0.042767163,0.6370393958004219,0
0.03518805397617844,0.037293855,1.732051143600531,0
0.019825557444626114,0.02497486,0.530221033217543,0
0.01828100549564882,0.0659767,0.3169076606146568,0
0.03336013614759237,0.11634418,1.1757171973666376,0
0.01739753847440133,0.06317576,0.5788103310127556,0
0.031638027284619244,0.021926071,1.6327885841560834,0
0.011881210942546232,0.016657995,0.4284248221127454,0
0.023656173339574493,0.010553612,1.2850314481627352,0
0.08357411475503788,0.13817447,3.977013629905062,0
0.006499579674033052,0.011448926,0.24618371174313447,0
0.019370437983184316,0.02546728,0.8250346601139555,0
0.06895270608445578,0.07935998,3.4778413131456634,0
0.02231182536345504,0.010307895,1.0507074533903638,0
0.025753887877955402,0.041405857,0.8940448975754055,0
0.023322685664886916,0.044222303,1.0812725757458146,0
0.15383391192241233,0.060562525,8.005571247596057,0
0.023947655623567644,0.060983505,0.8111090526167419,0
0.01743832209208186,0.04457182,0.4173880988253388,0
0.011295320863095202,0.023058088,0.35481861176917734,0
0.008175925978446302,0.0328943,0.2517728549303126,0
0.02126544813633623,0.025302557,1.0452316164310524,0
0.044775953580832265,0.046775844,2.27865609828807,0
0.017424664654470134,0.03143563,0.7695052380065038,0
0.02171253859553295,0.042953297,0.7614973527516207,0
0.02063838002259454,0.037178844,0.6757188220149847,0
0.026706338036212144,0.045943435,1.1390317006162847,0
0.027504091156607152,0.047865663,1.0032225611993142,0
0.01036697734008762,0.030756986,0.2760131555017263,0
0.05514038738445588,0.2044998,1.7448754569929985,0
0.04060115698109803,0.040434938,2.07614964901904,0
0.01650428512304889,0.05266754,0.43499378872681344,0
0.025585487285934086,0.052020047,0.8234850008928762,0
0.06566458479935089,0.037759412,3.5432930631573574,0
0.02582429945542989,0.08812032,0.48088322516123955,0
0.05313469721967505,0.058908813,2.646935423553769,0
0.02020923378870046,0.05069673,0.35155920407410113,0
0.008908701159211127,0.01788399,0.1461175983000542,0
0.026002086430470514,0.103519015,0.7615448394508527,0
0.044079190943892364,0.06744557,2.0895351939481617,0
0.009101380202784561,0.028908608,0.32359378318735293,0
0.04013516912173038,0.032108534,2.03247746460503,0
0.015665431287057274,0.022270605,0.557583574193594,0
0.0063747432176239635,0.008590734,0.2726997000818829,0
0.021142152154264533,0.02883709,1.0241005024317822,0
0.057280082312868325,0.28426054,1.6127313567781365,0
0.05419519595848049,0.07022772,1.3985114647114059,0
0.09076070727501064,0.07773529,4.642552863425727,0
0.0210266379140729,0.050963894,0.8154450016657375,0
0.05615366478895885,0.17362525,2.0090882157957184,0
0.013417263736278216,0.0067002554,0.6719763613943818,0
0.029537513553805243,0.1059502,0.9606339664367084,0
0.013741473923880239,0.026412819,0.6133177450151941,0
0.01788135329073673,0.037009895,0.7805609231358487,0
0.033762625271452816,0.04346011,1.1714526196678012,0
0.02360448105701348,0.016300285,1.1816707002058444,0
0.027543227901966245,0.060578156,1.0598137606142648,0
0.02020492533317365,0.0566579,0.6834636466811218,0
0.019708295176247836,0.017076097,0.971191404819841,0
0.04703774724745067,0.0985944,2.0850076398680923,0
0.03853431534373936,0.067005895,1.2165753680521254,0
0.03648588518454576,0.21827202,0.8187746314738141,0
0.01787973483127221,0.01814164,0.8496409197183097,0
0.012021038191746554,0.021223417,0.4785453567204756,0
0.024727541758351818,0.085120514,0.777405983661613,0
0.019840580938500905,0.036159378,0.6825191694620452,0
0.023615270759717852,0.03386951,1.0890491651799419,0
0.01073604349348562,0.009083401,0.5373360938806192,0
0.04243882098664016,0.19118972,1.1907493028001128,0
0.024167960258514122,0.086673334,0.5091559570414483,0
0.03305535376091617,0.04817778,1.0666562267241546,0
0.05392890324082831,0.1059866,2.477035973888213,0
0.027298014993830066,0.010445463,1.4296164450422049,0
0.031419228707754994,0.06606237,1.0004071324309356,0
0.022072568174230228,0.04393869,0.8368133853716855,0
0.009494165043356156,0.014014924,0.3968400787713564,0
0.015908101227641573,0.008596045,0.8219441244750391,0
0.030108449732690428,0.070436664,0.9454377589158053,0
0.011894039375252779,0.023035498,0.2484593919873887,0
0.007920307999662486,0.013844196,0.22885191589353432,0
0.027430064721772035,0.03247737,1.174004783072865,0
0.013711344430731966,0.013272058,0.685886928297236,0
0.01789911735925264,0.03795554,0.7409540180855989,0
0.019198753862775794,0.07441391,0.3820609848215233,0
0.022651150799297883,0.034629527,0.9848708817808428,0
0.04155989886788458,0.058098387,1.7279288232819492,0
0.011160058224197751,0.03022423,0.3496066890414457,0
0.056366989602405146,0.13375442,2.2829157169412637,0
0.0545857344724122,0.22697106,1.700110395600474,0
0.041964543069412615,0.05957882,1.9212093244770354,0
0.016319391951926044,0.014231241,0.6964068711668884,0
0.025624028952752953,0.022853954,1.097920123422228,0
0.01600240747303847,0.02600782,0.7238603767067672,0
0.019276299952907562,0.0624621,0.6389400495429639,0
0.022200658817530677,0.08807416,0.6888032277309883,0
0.0457630945878389,0.05194682,2.2526511714369217,0
0.025160160758534403,0.05920653,0.4229267490810408,0
0.013543635720252412,0.07042374,0.18265836809378275,0
0.00888976036344558,0.021529961,0.25270904892727725,0
0.05526414194031247,0.030814968,2.6519517096979395,0
0.03761680151402759,0.16984265,1.1737389309754356,0
0.018020147293244942,0.056479085,0.5293031524289501,0
0.013521009877485371,0.015250628,0.5873661095031695,0
0.0166667561134137,0.026783807,0.7635919297328138,0
0.05320757096842189,0.087714575,1.9447371535040365,0
0.03839682489966682,0.0799873,0.21491685431246443,0
0.01732361713747552,0.036999475,0.6110720929013316,0
0.0449745010601261,0.09279649,1.8759166209700635,0
0.019184495706280256,0.061531805,0.5420661393630782,0
0.024815985922669655,0.046927836,0.2791233638065844,0
0.01898965379460009,0.061967626,0.4875808714019745,0
0.017747339111709327,0.03973325,0.3522671275166916,0
0.03581474461901292,0.11820874,1.2076070185533254,0
0.022331217258693907,0.026365919,1.0644139162421298,0
0.040604853365992497,0.08966273,1.4946576233969553,0
0.013618381848720206,0.030597862,0.5865784423764173,0
0.019328536100508054,0.055208147,0.4815275151454788,0
0.0348941067112182,0.04667974,1.4875931518282206,0
0.10932863490033512,0.19711134,4.446305652453722,0
0.016155532592588805,0.035790622,0.16932359297179578,0
0.02516110575879057,0.030502327,1.253049367828431,0
0.010711580768419942,0.009004713,0.5110446266430992,0
0.012821801568588288,0.010713949,0.5976359950152185,0
0.013162807427731314,0.02417601,0.41666028804864247,0
0.03840226813108387,0.061759148,0.9833768821600669,0
0.028514762687819762,0.026145464,1.4390203956090903,0
0.012554006515133515,0.032114923,0.44679526930455926,0
0.03184585854773337,0.01707933,1.5817519763134973,0
0.15704731000014133,0.06620572,8.60208005115629,0
0.03217230525184483,0.056751817,0.8619656963495061,0
0.015536849047472538,0.046442833,0.4618549176241076,0
0.02120391268847257,0.098367296,0.4923871038865219,0
0.018117455099412864,0.021721477,0.5529518532709905,0
0.00761362325926687,0.015763534,0.30499732029146415,0
0.041270486681358395,0.15437935,1.0912542889155457,0
0.010905021088994046,0.02432398,0.17722533216476044,0
0.04606612967720772,0.10593679,0.9495109193053457,0
0.009543400955325507,0.02178481,0.39358495511007713,0
0.02660501380044903,0.02633546,0.9810137229827901,0
0.03267368391954184,0.0344509,1.493265580264155,0
0.023084291499249718,0.04075677,1.0540300041215447,0
0.026923938215009647,0.07284901,0.9518465464625598,0
0.03219566714653909,0.027592462,1.5806054449076459,0
0.00949256426424732,0.046728197,0.13104541107367598,0
0.01726495138731118,0.061738454,0.1637318750584418,0
0.028510919174533612,0.041036624,1.0876532697389132,0
0.024004489130057448,0.037468575,1.143101310209193,0
0.018955205556302365,0.059871476,0.6864916140036708,0
0.022262285956155484,0.020570729,1.003928739954535,0
0.024902572801527117,0.02219169,1.291479806103792,0
0.0282254787758007,0.04999827,0.4833624057757824,0
0.0115699004343644,0.014583061,0.4492469145781257,0
0.03628514971746521,0.051184054,0.8060810415145209,0
0.052166294033757096,0.21594706,1.6425434060488535,0
0.02096991205927385,0.11323561,0.540930258171427,0
0.015792834834524545,0.031955518,0.5560555604213391,0
0.026151956527086115,0.09408847,0.605272874847722,0
0.015823550769520325,0.026374882,0.7347593350147373,0
0.0068934727075591045,0.013351017,0.18616941012685564,0
0.02488620599477613,0.03199686,0.9669125397954292,0
0.032794656462373714,0.040051524,1.6436385329797505,0
0.013711019781128504,0.0102002425,0.6278936015287895,0
0.045650987206098725,0.10387769,1.9930007625668409,0
0.022869667256762802,0.029306738,1.0866479313225255,0
0.02194589686943603,0.100566275,0.6290252222126759,0
0.04917405655927329,0.028946672,2.5927706612979664,0
0.016137250158153874,0.040058002,0.5823552645348414,0
0.02455450011026503,0.015130129,1.1889729029959242,0
0.02144387181528848,0.022135077,0.9514957526597402,0
0.02148306058297689,0.042841826,0.9248996960673004,0
0.01813496179959706,0.023286974,0.6151445503664802,0
0.041276246284655815,0.1433906,1.539298761019703,0
0.060804548627081435,0.06916545,2.5059436299442224,0
0.03177668648121881,0.076780826,1.3083526871238211,0
0.020616283968040723,0.05244716,0.7814065301149782,0
0.018137080192226984,0.054989323,0.6208146002505156,0
0.018232231061999456,0.03908366,0.23777494855123096,0
0.02005568704993327,0.024078691,0.8849296872629112,0
0.02085921280128104,0.06932763,0.4393041177331513,0
0.014252682813316762,0.02813637,0.18071654099098933,0
0.0273139123834378,0.07327955,0.7052195986299247,0
0.02221631210701696,0.03370493,0.6492173504999718,0
0.03653767765506423,0.08183778,1.4350572504190806,0
0.008342875506936855,0.007373817,0.3630403152730466,0
0.024919850669762426,0.04072689,1.1741559108888018,0
0.03537294021419597,0.18529503,0.5656970428862137,0
0.028988432302934714,0.12042378,0.5495257605431321,0
0.021422429978288537,0.0478111,0.9410648800093661,0
0.02016844591976157,0.009774053,1.0266017466127284,0
0.018225731485062187,0.037718322,0.5349594746114458,0
0.014826854287984043,0.033226226,0.37383149139280303,0
0.02022273473321967,0.09631135,0.42590893633604465,0
0.04393060736901421,0.046783514,2.069806731544237,0
0.02771082578469528,0.035688683,1.3598723408388749,0
0.025500796600375353,0.07162989,0.59333121503231,0
0.02432552974905864,0.042514917,1.1280093797050512,0
0.025158650389655292,0.09590451,0.466992688547838,0
0.01458409795572509,0.009150462,0.7615511749163941,0
0.03434596058896995,0.053898793,1.6089161789716189,0
0.015887686846081536,0.027943116,0.4341254817941109,0
0.01410130669245809,0.014825745,0.5436886484825167,0
0.023865688039398626,0.017416054,1.1703220133553591,0
0.018895188228405968,0.025723273,0.9173729726220085,0
0.026034490036240244,0.13682997,0.5050726825568862,0
0.021878169973880666,0.036805525,0.6368588515295194,0
0.03179552031451281,0.032678254,1.6149373699979905,0
0.02043934636541978,0.013001632,1.0554108649399538,0
0.04467402735044987,0.07123346,2.1215942731375175,0
0.012871018432012493,0.03853304,0.35597778994551355,0
0.027352386887317587,0.027637318,1.3308269968536637,0
0.01565987766109479,0.017229214,0.6407792184246058,0
0.07610757403626159,0.23172024,2.9399344055906083,0
0.032392769189763373,0.07481619,1.2770158203640924,0
0.05612035421778732,0.09518171,2.2753866752088343,0
0.02074707425820285,0.061090734,0.38899380641622366,0
0.025299710661423835,0.14922266,0.29180657063712695,0
0.040557176569526204,0.11025383,1.6222015573129709,0
0.013558251411912881,0.04666101,0.39653885730467797,0
0.012689858029593474,0.01798645,0.5890981627045881,0
0.03820480370131556,0.08457163,1.5829129680225418,0
0.019313197189446484,0.03251152,0.7341477695906153,0
0.061478868350865835,0.095779486,2.719194424312194,0
0.029079797202291587,0.042207453,1.4041505024564072,0
0.018725780527756815,0.02292961,0.7308626973803736,0
0.03450139761642003,0.035222027,1.6555522697235558,0
0.02261966443536222,0.05678921,0.9455755908153727,0
0.04662460529434679,0.042072754,2.244351028302102,0
0.011055037417301334,0.008181783,0.5152709139081211,0
0.01946864367577541,0.035778888,0.8363097314629203,0
0.042456493174148915,0.19392245,1.313606122771515,0
0.02456898051250963,0.05041099,0.6816009563532177,0
0.013971273592486691,0.044246588,0.32587135570681625,0
0.036173282067979096,0.07714133,0.9413379450140331,0
0.014103309332501448,0.027276367,0.37869685497219663,0
0.027491820360830095,0.103833474,0.6426642031395831,0
0.016423873416942104,0.025569858,0.7523818652408815,0
0.02113642538807923,0.070399,0.40946199397741223,0
0.02955049207581144,0.07158945,1.0843319783679062,0
0.019977502652179693,0.027805414,0.6178926970345296,0
0.03041131293032487,0.11975405,1.0037323499815913,0
0.06180932614023671,0.23357004,2.1482266469251994,0
0.02229415095240397,0.04391921,0.8401059739187003,0
0.01995729400828802,0.046453886,0.7420317658676817,0
0.04295194098602981,0.14865662,1.5623547307797565,0
0.012042295580719715,0.0048936093,0.5850882141377542,0
0.03336543236449628,0.06202523,1.1778022070380805,0
0.07330812620296401,0.10392829,3.5954085451669857,0
0.024897067574748237,0.1549566,0.3634747465597453,0
0.039924398409190376,0.059024796,1.7808792647438694,0
0.0217355771811622,0.033606917,0.5350887209838531,0
0.030723101610524557,0.05050912,1.2662937620839538,0
0.019450659290755727,0.042031933,0.6641309031616343,0
0.03829823738208585,0.02269336,2.051162130808781,0
0.009320856048036716,0.014570256,0.34984631665895805,0
0.03338600432509415,0.04505816,1.5896627727114718,0
0.035247260336749575,0.04897864,1.6765762588810684,0
0.003378668799996376,0.024977962,0.0,0
0.008393874255109776,0.0052800006,0.43755295608929407,0
0.018477757056087025,0.026231578,0.6041269538546526,0
0.024076686211889582,0.035468273,1.143592071378429,0
0.010352603776627167,0.008964219,0.40087310917526037,0
0.0293897080586721,0.09460228,0.8981183152786913,0
0.01171224576104661,0.018699022,0.4409113960424167,0
0.03529926796701729,0.057887122,0.8504221776945539,0
0.02040325494812939,0.022371842,0.9695111981911765,0
0.03591341180262695,0.031187471,1.806602260085724,0
0.01975053191317338,0.012237616,1.0475956004692604,0
0.0208757471431326,0.04698509,0.6661958843904394,0
0.043607626424527576,0.1392026,1.5465317906821086,0
0.013546407516465625,0.018606422,0.5701333024877983,0
0.012121244160450517,0.035148077,0.29629215552655214,0
0.02454697074586699,0.067574225,0.8974516463722508,0
0.0065201985207583475,0.01747462,0.17753967388769729,0
0.017256731608936884,0.06040156,0.5691103300443962,0
0.01585316328290955,0.029089052,0.2539582506121367,0
0.009868755191693283,0.02262271,0.2673996488492972,0
0.036694365232582064,0.13270792,1.112926319536098,0
0.01284771797668044,0.03672565,0.39207786509633014,0
0.0320889343429276,0.011763965,1.7287030439504756,0
0.013031151391244342,0.017064964,0.6232645408685895,0
0.03923411736591916,0.094887584,0.7680807452168794,0
0.0691177813432152,0.024626756,3.8080959250705715,0
0.03337756896122227,0.12614992,1.179654819624773,0
0.02861868353501796,0.015867023,1.479974765360151,0
0.027733664784455297,0.037700165,1.370486291485413,0
0.05984842106447515,0.10898477,2.5508611869151934,0
0.041032988179723756,0.09813376,1.6866809884037497,0
0.017635250713655994,0.05847145,0.5838102735238311,0
0.021062586336538174,0.07812645,0.6757069791759245,0
0.041805890062108775,0.19260599,0.9401043905180804,0
0.028326584712245178,0.076526724,0.923821437643093,0
0.03104096878478701,0.050003827,1.3749077920244537,0
0.03321044627652533,0.011637146,1.8033071935779768,0
0.04484640288735143,0.040869463,2.3054887294629824,0
0.020472529677343976,0.048155654,0.6958189773944098,0
0.01842151696320287,0.0283658,0.8186210491532222,0
0.016299914205984683,0.036280036,0.21358794533346304,0
0.016693862395032552,0.01588146,0.8495511490095624,0
0.00447259027178713,0.014852505,0.16364452161072834,0
0.02295282975367488,0.028746903,1.124158012291081,0
0.02663273864577865,0.0958486,0.5130337244411824,0
0.011961019820862048,0.035875715,0.2500454209212756,0
0.021653711764723364,0.025610797,0.9139217043643731,0
0.009272794739852637,0.042799078,0.13697632419825023,0
0.02870526238807713,0.12048708,0.5641514697486631,0
0.028214177644023335,0.15479873,0.7103151578994374,0
0.008501790201134582,0.016625835,0.18952239316589983,0
0.01357907354799394,0.039731603,0.5252225346835881,0
0.01726899982911138,0.0537137,0.4004033182467654,0
0.030863286573810725,0.06587689,1.0343359199247955,0
0.040777885823481394,0.018613216,1.9965499120416001,0
0.009594344804722856,0.006366784,0.4062355482392809,0
0.045187276706038386,0.058691744,2.206575716201739,0
0.015954976325964727,0.034306362,0.5678203265197576,0
0.013601166599003948,0.029057216,0.4308437135310329,0
0.019142741079252408,0.027270094,0.44198152639969435,0
0.010515303714932714,0.0540517,0.25921589177755117,0
0.014885392256991595,0.023411676,0.2726746110337227,0
0.018163024293541892,0.038355444,0.6962188890608787,0
0.025184442936327475,0.029651344,1.1880690213248555,0
0.02273943130875001,0.038020723,0.6049161013901352,0
0.05205715430803718,0.050462585,2.655036994200795,0
0.022166995286524584,0.06106239,0.9184053225438343,0
0.028449890181858763,0.06250564,0.9485141851169866,0
0.017609360610063875,0.07323996,0.5454614674202315,0
0.021921690934420014,0.04108585,0.7778763392194543,0
0.009985264258153015,0.010061455,0.44446684200055225,0
0.03392175282669403,0.02636202,1.7299322771945984,0
0.03463628644408424,0.07390262,1.1153237547656056,0
0.05970498647399964,0.05902192,3.008964364110874,0
0.06448360186931762,0.018660584,3.5837641142924257,0
0.03703113797251185,0.06404306,1.6572314036530376,0
0.03328107350147555,0.048487227,0.8737273270702217,0
0.029791950011126087,0.059505295,1.0458247850300135,0
0.04949545059114228,0.03479542,2.6119405591182736,0
0.033435268965684675,0.057991117,0.8576916500741563,0
0.05244189983179729,0.12173198,2.0091787544695263,0
0.019121075428818614,0.02882557,0.7053567522762414,0
0.017756960797634093,0.01740864,0.8201586688434049,0
0.014109252439726879,0.01322098,0.621982943182743,0
0.02409200270604267,0.07994267,0.7633028777289896,0
0.0287671215852537,0.07014885,1.1335077043803052,0
0.02280831615732269,0.05755217,0.5010726556251618,0
0.035124893746939334,0.08515405,1.438177036950013,0
0.05484004724720359,0.18149404,1.8767695172395003,0
0.015895453411814538,0.03872267,0.47177275273283675,0
0.016840296210587847,0.024840755,0.6444690822573373,0
0.028364644805084285,0.048634615,0.7229815774411908,0
0.052686136069197594,0.09611854,2.2932037221089088,0
0.024487951058657125,0.032735404,1.1463460659086997,0
0.021767658302111765,0.046892464,0.9178964029058023,0
0.020781653305077738,0.1178299,0.38092991266591386,0
0.02436393144069869,0.04357167,1.0913650947722835,0
0.018437083491940474,0.017011385,0.8297169280064377,0
0.013015065093409633,0.022523832,0.35714147942060526,0
0.021392599466608507,0.09647091,0.6310944727100322,0
0.016938919109227124,0.041671626,0.5425406768274434,0
0.015585238518514533,0.08913943,0.1346432754812087,0
0.040488246169210394,0.028829133,2.121976973417368,0
0.01117552165566189,0.02590176,0.32480057499258386,0
0.025521231509850986,0.016065983,1.3479668168292684,0
0.024647782818292076,0.037904374,1.0413332171684813,0
0.019456844319679416,0.0268107,0.7065652742787831,0
0.02117373456864168,0.03885142,0.33779940521789154,0
0.016900984547978302,0.051817954,0.5324473154233111,0
0.03269263092257371,0.040325835,1.316957917335555,0
0.01532216651658985,0.05251301,0.5435940265855327,0
0.015912883999031773,0.02319764,0.46902562666359604,0
0.02027674301696199,0.039862514,0.8478589709321444,0
0.023061546385159587,0.019967003,1.1611668237056598,0
0.031912620266946384,0.07676071,1.0006669012116698,0
0.024515890622085593,0.023977792,1.1668033030452751,0
0.03231522469175829,0.016392546,1.439972540209182,0
0.03573095755246484,0.102899514,0.7104787072858564,0
0.01908173470074178,0.055960342,0.6689698113931067,0
0.010889600795550744,0.028977623,0.4160178081417682,0
0.01895600547869924,0.038379196,0.8634899851336734,0
0.012958555674242216,0.025559908,0.5322930347968092,0
0.07426070717660709,0.0501701,3.911779734266632,0
0.021315130659756452,0.024823548,1.0532585269578623,0
0.03994729001624625,0.12395443,1.5249759115512531,0
0.02775523234738285,0.122120194,0.8088125816785386,0
0.033430227570724357,0.15765877,1.004958257545913,0
0.05520448175147948,0.048238486,2.481757875583451,0
0.023756637840688252,0.07193997,0.6220171980360066,0
0.026051424436368795,0.054072123,1.025754127232371,0
0.01666806253099951,0.040197473,0.24365391800519834,0
0.004562803222760107,0.019371305,0.10413942229628033,0
0.039322508533592385,0.046179786,1.873061854577996,0
0.02486506562940074,0.01738909,1.3151290949452792,0
0.025296823343319084,0.04297055,0.6992798492100794,0
0.08850028717432151,0.1076036,4.224692850221067,0
0.02609975704151557,0.04552869,0.5681391229096455,0
0.025039149172357573,0.0240421,0.9081670158368175,0
0.06335655928674386,0.112105474,2.9702432187546246,0
0.02904644166755162,0.07124994,1.1240178851521503,0
0.03494513868609901,0.1839794,0.7958301074321894,0
0.017612015059748888,0.03916633,0.6070275756322524,0
0.017014774320236636,0.025014967,0.4082769489272546,0
0.025049882496841085,0.10228579,0.6107518615990911,0
0.01979163604595697,0.022921754,0.9573879434858662,0
0.022062643702984323,0.06031409,0.7623361051399079,0
0.020841992426230256,0.038853616,0.3099133216194544,0
0.027160847601644028,0.07156439,0.366541143723974,0
0.034084139186481156,0.027516508,1.7380846563131664,0
0.03143591731597779,0.085629,1.280931019465458,0
0.03159405918539355,0.10706585,1.1931232034912598,0
0.025080008160610717,0.07304573,0.9831569969997677,0
0.034947558050976005,0.067909814,0.7831782371125421,0
0.018443607347957913,0.046996083,0.5592177679771267,0
0.04481649504245756,0.10198265,1.9363730441818843,0
0.020662108875425297,0.039307524,0.9071235319708406,0
0.01394890279701895,0.03779089,0.5605784290186435,0
0.019205775675328475,0.02559552,0.5508634866618395,0
0.009534955410964737,0.0049335896,0.49444374941368746,0
0.07274708038354565,0.18615414,3.0515557804323716,0
0.036317975629473184,0.035287462,1.7813564455791076,0
0.017659877841463112,0.07640373,0.4202481698082468,0
0.033775896810693214,0.15575472,0.7634567234365086,0
0.025460901252809056,0.035579402,1.1710292925405998,0
0.01649510481003474,0.020785064,0.41862004911477146,0
0.016155841734968594,0.033516582,0.28062274954724103,0
0.005398747750447529,0.0032307713,0.24927534470813786,0
0.01806313887607073,0.043220866,0.37120320880529434,0
0.01644949816273708,0.013270512,0.8417157562834021,0
0.02812945682298989,0.029978279,1.1600972933153098,0
0.014885228634133132,0.026442673,0.4512624899754487,0
0.043465823202403435,0.17379248,1.4735956129421997,0
0.02735676192621549,0.04776595,1.113236495183405,0
0.012899395397374842,0.01678137,0.4242261892341158,0
0.013389859185918992,0.019329691,0.4647726725154259,0
0.025634490943071093,0.11780416,0.7815246022386544,0
0.02204301063607658,0.03743056,1.0344453270920195,0
0.0245451891228798,0.08164593,0.6371642359941964,0
0.02977429846259941,0.09973617,0.9919821260109276,0
0.009027320998914174,0.03110623,0.14903764200373693,0
0.02043117126178868,0.012386334,1.0202666628057129,0
0.04141409535101187,0.1029223,1.5496235155169296,0
0.04389894790763425,0.04069897,1.5449451623181296,0
0.013571661757963711,0.02859913,0.18407647165149799,0
0.008321360409015485,0.026201552,0.15547563362904263,0
0.0377217480469512,0.1209795,1.4659159331556904,0
0.017101094163753053,0.029495722,0.6773565855805347,0
0.025225528202762144,0.11160687,0.7363421859115001,0
0.01738667084759002,0.035398815,0.5220806460392513,0
0.0595210524129927,0.049057342,2.303648711090302,0
0.009777162381347074,0.029539645,0.3071517216774058,0
0.028414136443348996,0.06970566,0.953297490155015,0
0.018078090121761113,0.034688216,0.791480958279672,0
0.031778213484939644,0.03403486,1.2395275179700112,0
0.0244014807613874,0.09193404,0.7932734560103226,0
0.00784667926661263,0.016515428,0.28632382228648856,0
0.0240793882019063,0.061509572,0.7997936051613466,0
0.031197687076077563,0.021143062,1.3803971555067187,0
0.013736732558294478,0.041782577,0.37897514173590746,0
0.013695116386762709,0.026055012,0.35698950857273604,0
0.015541991924291319,0.01577888,0.5928728667699443,0
0.018624164043195557,0.076011024,0.5104377455528283,0
0.012189486556271853,0.016708417,0.4168949782652917,0
0.01680733905303032,0.0492398,0.4987940350558152,0
0.017719685466828054,0.028031249,0.8447631403088647,0
0.01764192487452644,0.032613967,0.6198706214703105,0
0.019205535266907155,0.026969401,0.890796858383428,0
0.016424400584603156,0.038870923,0.48116414022421794,0
0.03023800860887281,0.044632856,0.8119087764171936,0
0.019984865217252686,0.069301195,0.5409275371480059,0
0.022877804419417676,0.05720137,0.6992731368608603,0
0.015352408021018003,0.03568171,0.3936101196798524,0
0.03278213105011121,0.094142966,0.7030797796136848,0
0.05455716233373273,0.07941524,1.6424781611662436,0
0.03218996420358668,0.046298984,1.5779814789482967,0
0.07534293688452914,0.095065124,2.3759074750018794,0
0.023361872468960935,0.11729773,0.6040307971732978,0
0.03489953975417159,0.1006868,1.163870129471909,0
0.019252251559658793,0.027269537,0.5424200442058409,0
0.011460189233652433,0.010366273,0.5550150549940094,0
0.021033073892240968,0.041249298,0.357978598744741,0
0.05303821770830149,0.04064661,2.799488467781543,0
0.03929613227663007,0.03917288,1.9630587327906097,0
0.03308499793664467,0.091143556,1.276113165898168,0
0.018112283323068204,0.07126021,0.6251210379629145,0
0.031835156941964995,0.095737755,0.9609302153534128,0
0.04972908649139372,0.029769765,2.661431183376403,0
0.007000112025973442,0.009658357,0.2273424092302474,0
0.02151085486946205,0.0138698295,1.110994410560166,0
0.026877210050977627,0.018266734,1.3361034784449588,0
0.03603555189593061,0.03717772,1.3164299684412042,0
0.02112853128487036,0.041534644,0.9592247618375777,0
0.021674227581212728,0.046928044,0.6999308206010181,0
0.020364674657988288,0.032979492,0.8499834735590711,0
0.027545119231071096,0.034970853,0.7084661509493216,0
0.03306675662990244,0.13034359,0.8802899121714673,0
0.016638493057662993,0.037695955,0.6507977068637767,0
0.028486035605962322,0.06529358,1.2143464204626546,0
0.0808429833170974,0.07500003,3.106664178993056,0
0.02421444875770736,0.053971257,0.536697395314979,0
0.014546419224176295,0.038131673,0.5899030126363737,0
0.024616577025401265,0.0370221,1.0595918888338922,0
0.034083299680458826,0.038908686,1.1113760646422235,0
0.0201386331546188,0.017830588,1.006066664794969,0
0.011571250544068469,0.024565542,0.42685441522016104,0
0.022465263767140538,0.04060393,0.5777958130989305,0
0.031079540131947848,0.06701532,1.2059745978479668,0
0.046070297744065986,0.26885042,0.9280395487813441,0
0.01910787169739418,0.029000776,0.8896297653227515,0
0.03546717638667023,0.09906447,0.77897275834897,0
0.022433199542611398,0.03253355,1.018223929206396,0
0.017116032341874626,0.031055912,0.6388765936171922,0
0.03357719560239766,0.16340087,0.49694648807047576,0
0.028402539770082117,0.0721216,1.0308504551047126,0
0.018694467368082994,0.037410744,0.5122293159274066,0
0.015052373505283746,0.018809475,0.7346566670086879,0
0.03802310479350488,0.15950832,0.8655240206268199,0
0.020511026522757696,0.0527122,0.6979192964767243,0
0.011078312211708272,0.02098075,0.3572820013935013,0
0.021581400762550065,0.03543331,0.9052925689053851,0
0.014391920890126739,0.07885459,0.201862366250975,0
0.025268916895178784,0.15172933,0.3353808000631062,0
0.01056572498266456,0.026853243,0.30807279114326414,0
0.013389304289193518,0.03994292,0.4269349284453237,0
0.025259927214252947,0.08644374,0.5953210661027183,0
0.01779417082717985,0.04448243,0.5434455189237322,0
0.017297274317912108,0.034368616,0.5230064145305198,0
0.013713335669573255,0.012503236,0.5698923643415498,0
0.04034902972714386,0.04490253,1.7246400957447698,0
0.04663830626060625,0.070987955,2.2028112478677286,0
0.015838739914219083,0.016702399,0.7740697134460232,0
0.020240050198949755,0.020539785,0.9942712334379408,0
0.051486462429590346,0.12063191,0.45296235523598044,0
0.013885146690090628,0.014571151,0.6371768341873836,0
0.05147605255872837,0.072371736,1.9057472461836344,0
0.02810535975898129,0.06677889,0.7230050989938014,0
0.03749693300949068,0.073686376,1.7198847882796926,0
0.03720962468462426,0.096104994,1.1245664359150114,0
0.014126852640503559,0.017919874,0.6784954919735499,0
0.013723931237330891,0.014740446,0.6433539652624524,0
0.018827043711858324,0.048585128,0.5519783896851378,0
0.049504071067886825,0.11840896,2.008797938576444,0
0.01944701874897389,0.04290529,0.41693669867920913,0
0.03513956639707799,0.07251856,1.0226888197435389,0
0.029428440670337074,0.049106583,0.822960825309625,0
0.009636922841493588,0.042273298,0.18534060406976774,0
0.009734536180815618,0.017518809,0.2949973448577665,0
0.013408857998253504,0.021041462,0.5860806778600315,0
0.020188393001442033,0.027809951,0.9670944180067597,0
0.01717687278100969,0.006630712,0.9199676287421877,0
0.02590491078145824,0.045885943,1.1789246764542762,0
0.01642560105903604,0.03119314,0.7258995164998291,0
0.04101067968769876,0.06289551,0.7784668625547041,0
0.011319712180310918,0.012227998,0.4497500758178795,0
0.03378181070922481,0.06808809,0.49415762567730587,0
0.02870532619454665,0.033423282,1.362583535553641,0
0.046805483411577475,0.07695835,1.8999529813900702,0
0.06651505462855234,0.10399291,3.136484556301817,0
0.019779153977314667,0.12166437,0.428616828335287,0
0.014767250426691766,0.038546953,0.2351907556845732,0
0.021271219243358466,0.029268906,0.7884665123082867,0
0.0165542148241337,0.035714194,0.37744632913932014,0
0.03206895833396385,0.023114186,1.2654795636779794,0
0.010258591728666347,0.03810277,0.19782618372735128,0
0.04547369659665844,0.07702751,2.0541917687422098,0
0.03532745862589641,0.10067737,1.3298955604940954,0
0.021598256925732272,0.033129312,1.025454988668377,0
0.018553915219822442,0.041376658,0.6543165021900217,0
0.03258625064568426,0.06022294,0.6198038196574768,0
0.019352568640374625,0.0055148196,1.0035563317356369,0
0.03537293135554816,0.052064396,1.228124352967472,0
0.025475183913052327,0.0502328,0.3929913926001256,0
0.018665906004927714,0.056005564,0.4552234082462313,0
0.02082313052684652,0.031714667,0.8390962449153833,0
0.04636237373182499,0.1293678,1.8313593447885914,0
0.00980099967758534,0.012058211,0.3439832954327923,0
0.008465624070055985,0.021214247,0.19766274668512354,0
0.032776437464764496,0.16179717,0.8663592168264515,0
0.03770593517379877,0.095141456,0.8334772913894787,0
0.014643591215539965,0.024863804,0.6039969015488174,0
0.015883486742779895,0.022577722,0.42457315132856477,0
0.02133334800315345,0.04824144,0.7412291506781844,0
0.01209273715369169,0.03156768,0.2543865349024444,0
0.06386048984938583,0.04397156,3.3649192337557277,0
0.047029403087228666,0.10307129,0.9177643573662136,0
0.033342825596579286,0.021808324,1.7732227429275325,0
0.016705416356404525,0.08929019,0.32858643265644244,0
0.024934040504947914,0.04997592,0.7085397124071091,0
0.016153958565783503,0.03924889,0.28712268639684324,0
0.024282699479762235,0.07295924,0.8915930456727104,0
0.0211094220862745,0.020244263,0.9430887949995846,0
0.017843082835441865,0.037028335,0.7703995979618257,0
0.0775423402361309,0.14012513,3.5023799118763193,0
0.014136171935281138,0.045830406,0.20049897782269835,0
0.014357725083295391,0.049129322,0.16177862908192267,0
0.007221738308139055,0.008153035,0.32265351205621584,0
0.028503707526018024,0.097852014,0.5240939104949959,0
0.029363588629405444,0.06871626,0.41332682797586934,0
0.018281010304890433,0.024653506,0.8633362098749482,0
0.019036530963671586,0.06607591,0.5882808037086217,0
0.023640152188227452,0.018147094,1.1349638301706981,0
0.027698868503685664,0.042256184,0.570606681261692,0
0.01596587930625165,0.021357888,0.7466486187632725,0
0.01954961901460618,0.011734585,0.8941408688879209,0
0.05293188464267451,0.057972375,1.7822167542012044,0
0.03164726401087499,0.066863924,0.9865797368789778,0
0.021614498694719923,0.059593976,0.5952114592916804,0
0.024448822654032393,0.104871824,0.43425357868046627,0
0.027089629184446212,0.02575852,1.2998641519807985,0
0.020007289693731146,0.07942195,0.18766797072408134,0
0.02227595486983948,0.055350717,0.6943036922237455,0
0.022575813676645545,0.00911121,1.1673364042140093,0
0.022725242267741034,0.03681642,1.0487987901575153,0
0.01090858146828027,0.023705943,0.4673968305335127,0
0.014338227761883681,0.055151943,0.4851967793276139,0
0.018258119073256418,0.021512138,0.841638992181421,0
0.032303688886024896,0.14595298,0.9884529078685229,0
0.017053578254713042,0.064078026,0.24572471163904747,0
0.028624968361125762,0.04812283,0.9308075474067227,0
0.01052749613300838,0.023782767,0.3111825861569755,0
0.018130532726140472,0.038390238,0.4942670277260475,0
0.011288545193048678,0.043290004,0.27452860040550775,0
0.030876177342500512,0.043491323,1.5169046520352485,0
0.011079926468558076,0.023115264,0.3592815550195068,0
0.009900700260880982,0.02312977,0.35000978671052674,0
0.014261935440173477,0.016672915,0.567347186038913,0
0.016107287150536727,0.04478048,0.5626886134355082,0
0.02287402635856551,0.032389324,0.9400528511506059,0
0.012593630759980259,0.035753384,0.3498340750786396,0
0.016975192162909554,0.032930806,0.3763052059982393,0
0.012666576194373818,0.0333807,0.19514851651237283,0
0.015031094579947972,0.03351392,0.6031814980539996,0
0.013323265586631541,0.028947651,0.5261904895078895,0
0.04176015952044284,0.067148395,1.9570011611276024,0
0.021769367691842432,0.038972046,0.9708571264127551,0
0.016334736158915942,0.024050273,0.39958551102491474,0
0.025271044418279254,0.050115537,0.28469505535597056,0
0.02482923573280313,0.0337455,0.8776168689058749,0
0.01334959573287033,0.054977313,0.3126639833175584,0
0.014302218062558575,0.043954324,0.4056697054345646,0
0.01770373426244231,0.025280276,0.49546010377834443,0
0.051729920436659534,0.122542836,2.1183593254501165,0
0.06364406031290495,0.13766545,2.6496724989630933,0
0.062493656061443845,0.050978653,2.3880099177110132,0
0.02516218142377909,0.035922002,1.072281780636995,0
0.025186729462721553,0.048861302,1.088803648379518,0
0.02595417295213444,0.09541864,0.452137018953231,0
0.02866243092482891,0.037686385,1.358432571053811,0
0.06389675635143782,0.0292965,3.3973749245227434,0
0.02052768793129448,0.030338172,0.5474722698252731,0
0.033968438182689596,0.03295843,1.1967408044032386,0
0.006868490224648918,0.009379096,0.2318860013819357,0
0.01905292729818498,0.028762355,0.7695345438409895,0
0.008146530282356386,0.007806782,0.3431810424271702,0
0.03111917269299826,0.08313208,1.097760129591618,0
0.0188477368114717,0.05547945,0.329348482892789,0
0.01943886860531714,0.038440835,0.6494553798406147,0
0.012820141031793771,0.028035505,0.49754993872500775,0
0.025777288343861025,0.021861928,1.3424278366086264,0
0.029783066054219584,0.13213937,0.6857262155908518,0
0.04276209503832567,0.09510298,1.7664256001939178,0
0.019027247215437703,0.043873567,0.324439542084066,0
0.014984341368550211,0.022497086,0.49570372883213437,0
0.014716582701521702,0.016675426,0.5203169729372226,0
0.015896271612468423,0.024006322,0.578049884503425,0
0.025192842939531498,0.016968818,1.255189727044446,0
0.017608899209187172,0.057395015,0.621231481266389,0
0.028313742417153454,0.03508063,0.8320941150164303,0
0.014486285172701471,0.041980185,0.15341934971523058,0
0.015490276269630534,0.013129667,0.7635797173885701,0
0.011793605540051572,0.019625986,0.48039063102802493,0
0.033030553912102814,0.12611102,1.0881134455663672,0
0.02006675270071296,0.02369243,0.8332630495650878,0
0.017580770241837504,0.03787044,0.34440040579856895,0
0.035958543494358564,0.04316707,1.0830879671160853,0
0.021843287939876617,0.044952966,0.6147447107643332,0
0.03041772645526788,0.0781328,1.289438067463345,0
0.0873923517508557,0.029604157,4.323571492335664,0
0.07451099891249621,0.06998723,3.2865482840088314,0
0.016309115207399097,0.01903138,0.7488112136720281,0
0.016312235270803985,0.018953806,0.6348878947715364,0
0.011680749267149728,0.036924418,0.35354761482170766,0
0.03756318365238562,0.0708423,0.6176204602853781,0
0.014487837345539007,0.007961171,0.7254193184914904,0
0.0448040229461764,0.047888286,2.079141030010544,0
0.045571316849241414,0.03109122,2.096168934671197,0
0.028033360915651014,0.04939737,0.942005233935103,0
0.016263479154416845,0.039401997,0.5007974885793907,0
0.034044616860429464,0.09257172,1.3144291917102684,0
0.02404076804800736,0.014934099,1.193823639227356,0
0.02442196386851403,0.024630964,1.1541824430139862,0
0.0298043499216686,0.055712406,1.1701064430649282,0
0.04155070231104333,0.15364397,1.4059669538283053,0
0.04106215038510883,0.021054186,1.9009290645315315,0
0.02252110764221866,0.050360747,0.8761411389803306,0
0.016366549143086936,0.04327654,0.5691010108609459,0
0.040297907542021894,0.025019959,2.031684391502999,0
0.018615352644957554,0.016494837,0.8820015349441687,0
0.00942434783206571,0.021087335,0.20804347634279224,0
0.015296676598126516,0.009420926,0.819548745280207,0
0.0516395573967054,0.028148768,2.759966001080469,0
0.027873015337216145,0.07438829,0.31680308097948673,0
0.10630368827698661,0.31840977,4.156255495239284,0
0.032385454012408776,0.021553785,1.6450592771599826,0
0.030897696458905704,0.09267086,0.8740588253407008,0
0.024474463040485343,0.010545914,1.1560066668353461,0
0.01853403454679163,0.031045325,0.6350694714638622,0
0.041677922512311796,0.06112135,1.7257472674373668,0
0.0628300164825687,0.12349265,2.8748556232788913,0
0.03653278454561854,0.0280347,1.9224135959577928,0
0.03345791421060388,0.021280985,1.7950083494340239,0
0.03497859394221721,0.05307207,1.1331160174862343,0
0.02212447620343123,0.074666865,0.41379508117767577,0
0.03210335060430759,0.058369976,0.9731133919794575,0
0.020399774238452153,0.06066424,0.7065923971140413,0
0.014136528940345129,0.037292354,0.5207748099331422,0
0.01676566011943004,0.018992787,0.8033328847774538,0
0.03746890872796898,0.12481753,1.14617214501931,0
0.009631903123371794,0.0167075,0.2568546386852887,0
0.07901622260471783,0.017230285,4.425282824142573,0
0.03386362017466027,0.06934373,1.5276973549456119,0
0.03284676999608489,0.06621918,1.4038475055833526,0
0.07511556328402222,0.30887333,2.493548703218476,0
0.022230730781263534,0.087305516,0.26226066349176397,0
0.0349477760958628,0.04921766,1.3079485078459732,0
0.08854128802290738,0.05823958,4.090285256835999,0
0.02040924291397766,0.037643213,0.8969351437624549,0
0.010182512154289424,0.008041798,0.4737864663893094,0
0.01959206532530525,0.024426209,0.9166990295925259,0
0.040539942175368965,0.04406093,1.8899950631534033,0
0.04071073187858257,0.15110588,0.6930687668291738,0
0.017699356019204297,0.02585321,0.8284837671169745,0
0.04602219447082616,0.20206559,1.3868034786082244,0
0.014226129865639339,0.03393536,0.38093273037842207,0
0.0172451698447686,0.010621155,0.8577516644473325,0
0.01891177764893932,0.029232848,0.9063385621428144,0
0.022222385550518423,0.015034825,0.999629230089825,0
0.01359806386110645,0.037500966,0.5555523335204708,0
0.014712430610063264,0.019642625,0.6153277444631956,0
0.018534922685548738,0.03697259,0.4502452532435778,0
0.02439809938919204,0.07777576,0.9444368163837539,0
0.025832288581926332,0.06735485,0.8430969218610355,0
0.011987002146786638,0.043251436,0.22824003185905037,0
0.022298962702626164,0.06143431,0.7052482951605048,0
0.014723444023086531,0.06106857,0.4258597142680519,0
0.026883674284457516,0.05415939,1.052617553117121,0
0.017926241489211906,0.036615755,0.6643830251464481,0
0.009059719785433833,0.020563183,0.27780409987507904,0
0.015736001537399815,0.008081706,0.7966359918735293,0
0.011983435503781063,0.030032175,0.2487504147208331,0
0.0259162443761862,0.01874195,1.2681610235047969,0
0.03935460272844086,0.15811634,1.27149942033297,0
0.01744157473903332,0.09677833,0.14559141981952994,0
0.023608385765239465,0.058920253,1.001278208436502,0
0.026107133705345033,0.08350366,0.9449768081462425,0
0.04024293780173286,0.2681493,0.7275507599243468,0
0.010941961231925522,0.015222887,0.46583513170152063,0
0.011925442458605176,0.028954506,0.3741113034402397,0
0.02108236023412724,0.08735863,0.5006149763287433,0
0.02683873336898215,0.02250956,1.1229493215136874,0
0.018598472181780807,0.050323654,0.30787944499290504,0
0.011149907757319558,0.037241936,0.38488883263538815,0
0.04944993113644919,0.17691773,1.7638181931200136,0
0.02036808821004309,0.051096883,0.5719390802091783,0
0.026770721252033853,0.035274047,0.9810389638035982,0
0.03838534041451577,0.010742679,2.080600028361479,0
0.0142607308104927,0.030352231,0.3496919243826997,0
0.020848747582503293,0.043663472,0.9138323137688676,0
0.026673777452362758,0.034266114,1.3220437026855811,0
0.03158837489817737,0.071383424,1.3951591609021965,0
0.017304225358867904,0.07730835,0.5278425952537253,0
0.021921839775454536,0.02216977,0.7267598340279474,0
0.03397986734122224,0.044142984,1.6858154842264281,0
0.02381270800402997,0.042357218,1.1024697199345792,0
0.03074492386771454,0.13118187,0.5814483815414344,0
0.02894901076911684,0.041818142,1.3121931916746807,0
0.022296273825493648,0.03763758,0.739726814757438,0
0.01902076752940191,0.11198765,0.18373548353882752,0
0.011640799871411428,0.04152721,0.16998711666610627,0
0.16098751899351116,0.69626987,0.6338069923698186,0
0.03135958587000485,0.022740483,1.6506201434192451,0
0.017096612807747998,0.04393768,0.6781537530003939,0
0.015842975930834315,0.073215775,0.41240542795636237,0
0.016728301285875845,0.03304017,0.7425649722987862,0
0.02068942300703005,0.069095664,0.6769680522595342,0
0.017405148055202407,0.031376824,0.6647300673619181,0
0.029290614395477425,0.11239919,0.9096323594637735,0
0.05798692526613858,0.10375607,0.8832887561312291,0
0.035895024132145306,0.08584622,1.268480997934882,0
0.016783394016206765,0.032485437,0.7632245266265663,0
0.017073364866360616,0.029118055,0.6067637467077684,0
0.03070455841078877,0.050548643,1.261828333329025,0
0.028124085320759266,0.11480763,0.8766060972985662,0
0.05096343037720563,0.14052731,1.5926197916108205,0
0.030660457779257536,0.15412289,0.8730604388414319,0
0.005364682511573111,0.012596405,0.09918648555060469,0
0.014329866791154992,0.034992944,0.5801600997309148,0
0.02031615247137527,0.0599801,0.5412872416173145,0
0.013694777056416026,0.00785653,0.6480916852449433,0
0.03312803612755415,0.040017243,1.6089829903509,0
0.05529775748299093,0.15868911,2.0609647046614,0
0.01285809732719995,0.03137647,0.29935475169434206,0
0.01811063691996007,0.025088497,0.6729186050913953,0
0.03463036883578842,0.03880574,1.0355000818667128,0
0.01909736698886278,0.058784906,0.48382150122131257,0
0.021526597481258115,0.026123274,0.660277804509724,0
0.013423770404425496,0.010309295,0.5543461021513986,0
0.01871729716709914,0.035210785,0.6619695973578529,0
0.012255959327273665,0.011570224,0.5934905314783642,0
0.0373918132571179,0.04845535,1.129161418472641,0
0.0204805343426668,0.08633849,0.5513873673273136,0
0.013071424377763095,0.025355006,0.48228790440957714,0
0.04231693443625819,0.25232133,0.9417569611080446,0
0.022972318752025163,0.03402167,0.9452932419589828,0
0.020049816859788277,0.06155362,0.6268807878458418,0
0.03229774703793858,0.2178681,0.482018392719467,0
0.019414059590985046,0.045584694,0.5524904671510176,0
0.04031507588270504,0.121395685,0.9498782025236909,0
0.029589831750112903,0.06581091,1.0230226344310738,0
0.03302732323508574,0.10324235,1.2851639275141888,0
0.04115748902215324,0.08349189,1.6885774737572339,0
0.020957889716895037,0.013281233,1.0065288250362967,0
0.02003432495982115,0.0103002135,1.0616631935428034,0
0.021059159989914967,0.018437024,1.0406904898901264,0
0.02802198711227947,0.10384624,0.908687649690787,0
0.009233691571162373,0.02539857,0.16536676813413134,0
0.013188244168754975,0.019415302,0.4968179470155292,0
0.01544647742383394,0.011598025,0.6914965474491692,0
0.01096678645458189,0.037190847,0.23386467886164441,0
0.03194707410603341,0.040853027,1.5109120491868167,0
0.017218598350377604,0.03492263,0.748093074714136,0
0.04677802185302132,0.048996516,2.3553248617102107,0
0.03882650892451711,0.090799406,1.7008698494236176,0
0.028839934291039156,0.04771438,1.3472433491897915,0
0.017701771106882407,0.025668805,0.6842563816646386,0
0.03226518921801661,0.060046908,1.3048037538955088,0
0.0232766337612847,0.04732452,0.7146570571422929,0
0.014692573891589516,0.034319382,0.5761837174673989,0
0.025303355251292077,0.036943033,0.667767468550601,0
0.013949012281405163,0.013267236,0.5217426435016501,0
0.023381303766890956,0.024511682,1.1619718054845745,0
0.009127986516602259,0.015539197,0.35959987575357494,0
0.07364282647114298,0.11278097,3.3061351822348195,0
0.007967662426135114,0.01662324,0.18310106384860345,0
0.03340222163651964,0.08350144,1.3146576498279754,0
0.06829091586318951,0.036785565,3.159141813562552,0
0.027195440993924118,0.053880285,1.126373588607319,0
0.0371408268304632,0.04561824,1.7193385813491129,0
0.020304560173662688,0.08132935,0.5628804505936273,0
0.009180391341377811,0.018355839,0.31580926526261566,0
0.04403409463561825,0.032313567,2.2946599797934604,0
0.023039264752459546,0.047573704,1.0143198925353256,0
0.013168009948363393,0.027596936,0.42730568022943655,0
0.037830101607440034,0.19364133,0.9131086896293978,0
0.005985455262780318,0.013284697,0.12150384404594207,0
0.014929090932949324,0.021007081,0.3671437096203115,0
0.009117882857260088,0.0173778,0.3353093767023363,0
0.007391337960616584,0.0035441075,0.38995234926619304,0
0.03092057216997076,0.06356807,0.7364270241773396,0
0.032695390322337516,0.06402873,0.9036777852851154,0
0.016778461629004458,0.018331725,0.6806921967022743,0
0.020850512932040217,0.050809596,0.7624073682964057,0
0.05137234258267577,0.24201195,1.3685489331940062,0
0.022799352012042983,0.034064967,0.5272772538629011,0
0.011240159448214413,0.012886628,0.5591732030226628,0
0.02250488496318979,0.045292735,0.6121993657749315,0
0.028513717310610653,0.057063732,1.1993683761173781,0
0.02493245313436109,0.035744913,1.1873157267199348,0
0.020844023287056035,0.04966268,0.7611273373120735,0
0.016312691425218767,0.010488648,0.786585824853421,0
0.223981175707142,0.16021845,11.313640501691054,0
0.011330535179969552,0.020942057,0.24017658580026963,0
0.03193937517522269,0.03277555,1.6340745851778593,0
0.024549905731945286,0.081227794,0.46000654699613497,0
0.03343101294250053,0.087595314,1.2586807506765412,0
0.013928244241988706,0.018142562,0.6220541493776887,0
0.027074054077163116,0.06358134,0.4528277859648677,0
0.005694221968512536,0.021365505,0.10976083488378267,0
0.01318344776398705,0.014976538,0.5087317659219371,0
0.015220843864952444,0.046662513,0.44836123959849605,0
0.03145346700928786,0.13318616,0.9961409907438828,0
0.03203627321146602,0.10101632,1.1985920876656326,0
0.011096376663659513,0.025975332,0.40396453317446823,0
0.0476691985207717,0.001392165,2.7038302200813917,0
0.028866850618520935,0.07324639,0.5035209499069829,0
0.02130081336832295,0.04024147,0.8087086823650842,0
0.023069939473896364,0.06323808,0.8064006756127733,0
0.023275334349890035,0.045619007,0.6223927150006621,0
0.010553911553114938,0.017998667,0.41697695189166806,0
0.02744948969109756,0.076720044,1.1237688432194826,0
0.02631825431068422,0.018432796,1.1913140118187626,0
0.02865950411568068,0.12223454,0.9262301191946003,0
0.027329502912727045,0.05128836,1.0926945869095666,0
0.04165507624962991,0.15976016,1.3749870654108312,0
0.023313165195354733,0.015840622,1.1747654443402773,0
0.030671562100670124,0.13493021,0.819108997333195,0
0.011020009069456674,0.021130277,0.3556618313073309,0
0.024579342237063463,0.030914072,1.2300069469313137,0
0.024306356184921656,0.034879718,1.1429157095352638,0
0.015796289911254938,0.01674303,0.7231584522131225,0
0.02657695674086893,0.049648046,1.1768430884871297,0
0.02290804478668136,0.06784091,0.6054299313638015,0
0.01887687588334478,0.07296984,0.4306410868905883,0
0.0062797309843129,0.010561187,0.2957548043919654,0
0.03449301567931888,0.08004149,1.4220821812812012,0
0.020112318733507037,0.066564254,0.6713587596549485,0
0.02322461479050446,0.09032155,0.36189139648651103,0
0.028292461128249135,0.030159438,1.1529103089394874,0
0.015222865501417548,0.027929785,0.4254674975432056,0
0.010406825905346171,0.018716002,0.46543576938558634,0
0.024065377481901396,0.022626365,1.218239387236733,0
0.021744428935024825,0.057722975,0.779575849163879,0
0.1035521232254234,0.14168459,3.0377105008372887,0
0.0286401860847187,0.057481207,1.301243945939286,0
0.03787844292988277,0.16064633,1.240345832850963,0
0.035361300843914735,0.010044061,1.9464846008361436,0
0.00997622900077995,0.02076179,0.2145227588199891,0
0.012278109792039589,0.024204038,0.4468245723800789,0
0.0381758098509766,0.07157896,1.5190130313367196,0
0.018798399942733888,0.010065651,0.929253546116495,0
0.06730555336232844,0.07091737,3.110660974541156,0
0.02912465259676837,0.05569661,1.0001004495351125,0
0.0811767804844662,0.032223653,4.449981440979795,0
0.06133682586790096,0.17952174,2.310083491081361,0
0.03569562642534401,0.097643964,1.4269374562573724,0
0.007466635650186857,0.026563685,0.19315449376478033,0
0.04683250379989633,0.15282336,1.7894250951193345,0
0.027491731565550903,0.15479234,0.6341775146995696,0
0.03399370163241897,0.10861354,1.1144931830717464,0
0.01326581057686625,0.013366001,0.6039238801009134,0
0.01966451826277146,0.028406652,0.9086745177719784,0
0.01828250198113348,0.035946757,0.6551707963197596,0
0.020764763048330144,0.07033501,0.5154970310345323,0
0.028842296673247253,0.047010034,1.2116643390156399,0
0.006900498605956828,0.008597306,0.30339953542041104,0
0.01965274051844102,0.03791971,0.7351064972791059,0
0.03001363472439469,0.05219463,1.3953226112498045,0
0.010962058706849869,0.025112394,0.45392725713963844,0
0.02094756492406466,0.037778303,0.7992802663502999,0
0.0315448738715168,0.045751877,1.379917947460393,0
0.023442384583043877,0.059451483,0.8901344134221046,0
0.016865286558817312,0.03572992,0.6899463590976271,0
0.02388326991808279,0.01933849,1.1604435667069666,0
0.11545307006921081,0.1547502,5.6627372741279185,0
0.016467285043206804,0.039343894,0.6931439616056627,0
0.024607150139892255,0.024774691,1.1363136673522671,0
0.004790971129044969,0.009355176,0.21728475684734322,0
0.02908617643515946,0.09275475,1.0781941397058143,0
0.0237305695387361,0.029133586,1.0466845764794266,0
0.01924919867304424,0.038481176,0.6446478050359691,0
0.040503855177917755,0.14054294,1.3754137274050764,0
0.030785423263950725,0.055010308,1.2638136758840064,0
0.00886551744758432,0.023566369,0.2774916095175326,0
0.020947482577005638,0.023603708,0.839710801706367,0
0.01854821539624788,0.05408873,0.5201190457162002,0
0.029005142196593555,0.029240254,1.0759742294479937,0
0.010585723029718148,0.01088317,0.46735915197022093,0
0.02743566983889409,0.10729043,0.9047589366960214,0
0.017319149772417886,0.015297238,0.8235103569262976,0
0.017666014576589315,0.05875728,0.5783348868627729,0
0.017535002451621394,0.053377636,0.20334777918684133,0
0.029627666501170706,0.13952495,0.7241992304670788,0
0.015109198005545558,0.046153367,0.5615337213450402,0
0.015030633850345757,0.022714378,0.39394691284290784,0
0.027954080901341355,0.046090152,0.5137713018215754,0
0.010006501567233612,0.027423376,0.17130740065898903,0
0.008006467327673681,0.013950609,0.3206705423896576,0
0.031242365924098618,0.039403405,0.8305934235331123,0
0.01191159183773123,0.005166693,0.6080125794649389,0
0.014723978237547335,0.022102797,0.5868915416175513,0
0.02548679094714841,0.022879187,1.1671424532046324,0
0.02198340465462738,0.11213911,0.5993754605483829,0
0.03893262137669001,0.04269784,1.8279765150742886,0
0.043702051008354545,0.1528117,1.0900531529599111,0
0.03333152460802569,0.08960029,1.347320502559591,0
0.016277859255772048,0.031243145,0.5231571809120497,0
0.008412506959080097,0.05608347,0.1280735210139304,0
0.013173044137305136,0.02906193,0.449848768635249,0
0.01863618650726323,0.014481077,0.7966524750131609,0
0.012885582304241345,0.039106846,0.4135753525482054,0
0.02656272223459614,0.069145516,1.1124903969717168,0
0.013142013195054652,0.04891771,0.2587828059336568,0
0.00994591301856727,0.026713062,0.3227616983823989,0
0.01603034258881443,0.031072658,0.6112615520602879,0
0.021682977436089195,0.10865499,0.5186133684246984,0
0.06928338874813539,0.16229728,2.7953577018933697,0
0.022559227792407294,0.044881728,0.36574021614115576,0
0.027296248022348597,0.034459017,0.8289292674962367,0
0.029140687906058057,0.054353714,1.357240811012164,0
0.012316279502884667,0.016098173,0.5480147408698879,0
0.051096645476601615,0.069144115,1.6521525007556144,0
0.006105505058976647,0.017630568,0.1928928471624918,0
0.015737337324881417,0.023103546,0.7167987933010865,0
0.019480036791344975,0.10153825,0.49395806606491083,0
0.10298104995474278,0.44876474,1.8058429149159785,0
0.03382512142369211,0.06269551,1.443366331594156,0
0.025042710897690477,0.021113195,1.2491016644775959,0
0.021805109503356956,0.05916714,0.36579836094409646,0
0.040212868341658194,0.06382403,0.7218507089604741,0
0.026615377173133496,0.10134035,0.43708171461641304,0
0.03639236251965873,0.0878344,1.2977080191832273,0
0.012800438578161547,0.053189144,0.3136465697980367,0
0.03390045211683314,0.029548533,1.6913826247892088,0
0.013797469558699274,0.05107587,0.3090140400773535,0
0.015269883869867369,0.044074446,0.3090813189431774,0
0.03782685101958499,0.017978936,1.9238084511141047,0
0.014184240979045117,0.018867506,0.6330695985072339,0
0.016451575169576415,0.018889895,0.5934629616501622,0
0.05094169666610343,0.24642411,1.3070742140703682,0
0.02164041622466318,0.013556724,1.0116341250303835,0
0.011629741236425883,0.018890409,0.5095001925731334,0
0.01418324468156203,0.03935505,0.32587931841707085,0
0.025743011078137413,0.055348225,0.6337062142607242,0
0.03337048290925986,0.041640945,0.9406158296145697,0
0.025938053650919904,0.07186985,0.930743156765815,0
0.0426072463662263,0.02239189,2.290323721428818,0
0.04480372937998314,0.116862155,1.6976275156318912,0
0.01986242920693288,0.040059585,0.6734089990925751,0
0.08469073541348618,0.1819957,3.7682358940181544,0
0.024194392121513406,0.07636549,0.7657568791990595,0
0.028358130657498412,0.032900333,1.2447679286709659,0
0.0357007602616331,0.041656185,1.1561514270919857,0
0.0067199375484836244,0.011012334,0.2564529393690377,0
0.022988055062930876,0.067005016,0.7023195467490955,0
0.05523763924195807,0.09666971,1.0552913080995883,0
0.01811153644228164,0.053026076,0.6974583197696255,0
0.1528684565597612,0.066152,7.185968888240466,0
0.028929501212432457,0.022800593,1.1877186915506261,0
0.02812270659008067,0.026240712,1.3214811360318266,0
0.02869207820560013,0.058799382,0.42992115530624625,0
0.015249379451403597,0.038815103,0.2962904315989042,0
0.01489830882592034,0.023627436,0.42012540506328444,0
0.033033216246919,0.06426959,0.9414585404249665,0
0.03233526225809384,0.037641734,1.09408683399364,0
0.019850614510679578,0.07272399,0.718459569704459,0
0.01765767549785928,0.054764397,0.6484611851837596,0
0.0108895539609355,0.023264635,0.24564850228894822,0
0.03788595150057993,0.04435577,1.8951935687943589,0
0.01882721161357314,0.018999062,0.8000137096120742,0
0.012662624459805358,0.048491362,0.3382611957736722,0
0.08995597773215593,0.03506571,4.363281541809201,0
0.02242323500779459,0.04266885,0.8811203500332302,0
0.04041909078367102,0.12818724,1.1058813853299432,0
0.03710883834336077,0.051008068,1.275223146241174,0
0.014107018115766798,0.03810998,0.40000898088536285,0
0.02292156062302015,0.058010057,0.2711314194002042,0
0.03204683568157589,0.018576303,1.646050926488874,0
0.04738297358731771,0.15269113,1.789766894519511,0
0.010034822361927138,0.010901739,0.5020111381995377,0
0.012168453459954941,0.011709053,0.5783427415308813,0
0.026576298679450768,0.06521661,1.124207084722719,0
0.02566342073690081,0.049451083,0.6643606647094482,0
0.01669667397726136,0.020396601,0.6045233239393125,0
0.04006379840497615,0.0465649,1.5643084059158805,0
0.018862182201566435,0.098999195,0.46274296421429756,0
0.02125830178166,0.02896123,0.7049168092477378,0
0.06729378030762213,0.10393708,2.0385070121728104,0
0.02185130690875803,0.019882778,1.0819109364634034,0
0.013941476335406317,0.028174164,0.49168179846645327,0
0.01398247191236773,0.023560794,0.2965663279228336,0
0.029266784370262557,0.030004064,1.5018282209716052,0
0.04832128092548771,0.2677897,1.1743989646106927,0
0.027168515493887123,0.05605788,1.1987089719211281,0
0.017958762478078396,0.013100857,0.9336276359306601,0
0.03954297412836477,0.19364525,0.9805967677528882,0
0.019246135891255588,0.05441748,0.7258835330782601,0
0.023488333348697335,0.032284494,1.0235629652178062,0
0.021581103093106478,0.034979578,0.5803795298626439,0
0.04110139801093591,0.08109963,0.8350845448283736,0
0.015221082693821275,0.041985676,0.17969022257521375,0
0.04242747982804622,0.13691245,1.6017408629285441,0
0.042582725569186144,0.059274655,2.039252730742315,0
0.02771798027884135,0.03512954,1.057309799171628,0
0.03512684141477324,0.08571482,1.2656022379718264,0
0.018970349396281214,0.00944358,1.0138873243157833,0
0.02080803795031627,0.0255689,0.7569448356965183,0
0.036825282509216684,0.027181624,1.894947806984885,0
0.020569382879620277,0.074778706,0.6331030243229772,0
0.014783248102002277,0.06326754,0.39083216383871394,0
0.019656372675978882,0.071994744,0.23056047662228918,0
0.03322961212451114,0.07136424,1.2865755910708943,0
0.04241097385698672,0.035188347,2.2255339475739038,0
0.09267074611217418,0.07297465,4.0665410572593546,0
0.01637367396562114,0.0165192,0.636419713902511,0
0.014571114655776735,0.016764143,0.5242724995823703,0
0.011974514312285255,0.03350119,0.43722310523431707,0
0.029203386116872253,0.14626662,0.8017772877912558,0
0.025290895218238785,0.03936767,1.0063885116285414,0
0.04673554042554563,0.02844618,2.5015637429543887,0
0.03189462106377644,0.020899836,1.612288356862077,0
0.02684148614990682,0.08276863,0.4694763768470487,0
0.03296504185051501,0.05462611,0.8540706615530964,0
0.011569411237835099,0.013877024,0.5429513459100879,0
0.027175347275461136,0.101848856,0.4614336505494297,0
0.05820918782631255,0.093589164,2.775005728679128,0
0.02040879670024389,0.05159548,0.7315931730316414,0
0.021085179194127196,0.077017166,0.4899117943039823,0
0.03836852027452477,0.04750567,1.785164411971285,0
0.021539707093828884,0.03278725,0.83943995444544,0
0.01405755835176244,0.016661553,0.6315913195722839,0
0.01661716162245347,0.020907825,0.6966321739833963,0
0.08302100242323109,0.18351866,2.4695999597508713,0
0.007139440160244703,0.06459699,0.0,0
0.021320452559743727,0.033460233,0.5839345697346432,0
0.018980007150334217,0.02929566,0.7740473291967037,0
0.013916608529598732,0.038060464,0.48469272185189455,0
0.010480116455544267,0.023539124,0.4183163022199587,0
0.023085060981575662,0.015977956,1.1983932946505298,0
0.08976435597201786,0.23792356,2.600463222049552,0
0.014830517443579676,0.013895126,0.6049129477932441,0
0.019039205217163707,0.03411745,0.7232099878924045,0
0.018693518217337758,0.04710039,0.6639294639571014,0
0.02312678751209054,0.07865174,0.7804747244681077,0
0.020388597883873906,0.03849837,0.9065892195614609,0
0.016491471131924774,0.024081975,0.36949617429344556,0
0.039851058029967176,0.056288466,1.7881364670656266,0
0.021211226444327477,0.062074028,0.6569489371980264,0
0.025855229534493197,0.054105483,0.9875038047328938,0
0.024917286043652235,0.07010506,0.27459079566788286,0
0.024255533994725492,0.1410669,0.4527448154790141,0
0.016483499372952994,0.025542231,0.6867827878653957,0
0.018231568125000614,0.07026409,0.2739447583447038,0
0.013983700836897778,0.017938511,0.6632430617069338,0
0.06061641624228807,0.27367285,1.801412519354116,0
0.019206903988550447,0.053417627,0.506814290275842,0
0.04296088411371152,0.0869221,0.4880134980581756,0
0.03615823846627108,0.054830514,1.518209802228838,0
0.01787029524643035,0.05156449,0.5533061761984707,0
0.03278582574671911,0.042891867,1.4270878971426195,0
0.011420194602135274,0.033099473,0.2666927980358953,0
0.024888603346272513,0.05812641,0.728488945930237,0
0.025364432083007496,0.04024978,0.882209461704394,0
0.02537286846297753,0.019241428,1.3391158063465711,0
0.018042733845113637,0.03770483,0.6499780876026129,0
0.012045865359469615,0.016930405,0.5417819944518114,0
0.028200270586763214,0.07820089,1.157763326955971,0
0.02535707486589186,0.023784937,1.0211464616454453,0
0.01064306033060606,0.046038132,0.2865675241965396,0
0.0679054103087318,0.05657492,2.7570216065635305,0
0.023045038017412086,0.0059871357,1.255566389316276,0
0.05574120481745052,0.08420023,2.6745536788510855,0
0.007275864863665578,0.0098898895,0.26572142119776715,0
0.011090368850589732,0.008669597,0.4531869936482488,0
0.019308488903411247,0.049923226,0.44892774186270723,0
0.023705678332713843,0.034311935,1.1232971686761646,0
0.032829562758069544,0.13328,0.8795444087318136,0
0.05918369852747005,0.08603656,1.632640202757491,0
0.044881636029374596,0.040162157,2.328660348896439,0
0.017440450753839418,0.053617742,0.5508024311124732,0
0.017077840850183823,0.022366572,0.7909888523644277,0
0.0344222549203928,0.16422896,0.6614401501144659,0
0.018027250994869404,0.01687233,0.7155540623382985,0
0.019622548138698466,0.05984796,0.5945882246287998,0
0.038623750885091776,0.20674178,1.0148941122033828,0
0.011071472144945742,0.041314576,0.39010989340354124,0
0.07782876481543462,0.10135507,3.859991223859927,0
0.0372811591839191,0.12979399,1.3181219685899117,0
0.1306179698666168,0.15125127,6.562269621672455,0
0.03594826964688112,0.0629376,1.250487181322496,0
0.015860899368191135,0.011592023,0.7946638961278196,0
0.021418779828920133,0.04890403,0.5094799103003085,0
0.03838482223880543,0.09158118,1.0416069990977308,0
0.024792037471008253,0.027432198,1.2246786799918035,0
0.017919112223556112,0.023569025,0.8432325028945711,0
0.02830496950024426,0.08488161,1.0632086748264944,0
0.016002218979755473,0.067472495,0.27021593302481645,0
0.03281015911768468,0.056812927,1.498177533654068,0
0.01937466788161006,0.04165034,0.673369712958175,0
0.045771921630908326,0.17635216,1.5965949579425611,0
0.03299152928288625,0.04924325,1.5684740930955399,0
0.021687645151592296,0.037168246,0.49349310239976224,0
0.08530683544475984,0.4849059,2.012067279393348,0
0.02542790190401386,0.060819738,0.6900510114141305,0
0.010256044931094362,0.013719496,0.3635005007153043,0
0.04333019372501126,0.08813316,1.7150183585667187,0
0.035745089154391854,0.058530618,1.5895316142740212,0
0.018446911849506788,0.026820872,0.8934408650624772,0
0.010823611236844971,0.029766558,0.35389400935534265,0
0.026232295310488853,0.08312573,0.884531088085644,0
0.029190936980549635,0.031778626,1.4512532707314518,0
0.01682612316676512,0.017540857,0.7919151138197215,0
0.02528947951641292,0.068923466,0.9572482835147844,0
0.01757126829794614,0.015966283,0.8690084991073562,0
0.07660472942653844,0.13292082,3.621012136702899,0
0.03292364990932725,0.040894754,1.5103289369570772,0
0.01822302982071731,0.09583469,0.4875974546723099,0
0.02694886773458847,0.05405339,1.2019503510122436,0
0.02701214137730767,0.05642233,1.0744647397690827,0
0.02391839547302481,0.04118924,0.4597966799736484,0
0.01764633320560708,0.054840527,0.4619725445622357,0
0.026194142539432207,0.06375224,0.3582471779525429,0
0.05179913953067559,0.1373045,2.0613373543611484,0
3.087422804091582,0.16965276,175.56622416134795,0
0.022373374117509497,0.04190069,0.850191267205392,0
0.017311964920712047,0.06743541,0.3839480807035859,0
0.025425558433090925,0.03486016,0.7353364311843618,0
0.013954363644506782,0.030179702,0.25539133170744466,0
0.018568183807950764,0.01157771,0.8385898982877392,0
0.017401244051485396,0.02909215,0.6343915734470413,0
0.02711481596994155,0.044494364,0.958255527937871,0
0.02935082388156164,0.12967807,0.5710452850932941,0
0.02991941016143376,0.061147984,1.1398765056040503,0
0.005606514885092632,0.008809962,0.23499996984512503,0
0.05467962570533472,0.10163974,2.527118555202759,0
0.01618507253064093,0.027770363,0.621052682128052,0
0.03536530082309264,0.043401003,1.7724172068899176,0
0.012654051486661596,0.011183413,0.4831659983648624,0
0.02107710147813562,0.065852016,0.4294672678347126,0
0.026247272674601592,0.019446729,1.2503099067703314,0
0.03183526332615472,0.08309569,0.6425930396135385,0
0.04325297660984048,0.127783,1.3999224023938461,0
0.015446650867307234,0.074560575,0.3752523580149584,0
0.017387054619767358,0.041497402,0.6010657845491636,0
0.025323548163171415,0.037374515,0.7764980489752161,0
0.01732584463635966,0.027041046,0.7343498441905911,0
0.04852567036734467,0.15573944,1.6853811841301365,0
0.026571106305841103,0.14944121,0.5952756469131482,0
0.01142744291274191,0.016280094,0.43828153416499455,0
0.02737033744712327,0.027746363,1.0435685979102471,0
0.018070222953043023,0.08486764,0.3861602809357358,0
0.013388760413994555,0.018851928,0.5950695340816079,0
0.03469289953951438,0.051456112,1.5867569301638909,0
0.02380702465095026,0.029691493,1.191493220757364,0
0.013691835385812593,0.06745036,0.32675044962580524,0
0.0465022438978609,0.039127324,2.4183266426959844,0
0.028470535234342734,0.021348078,1.3519000858856176,0
0.03880441909577778,0.044489544,1.3567651979554245,0
0.04349889202330461,0.12761146,1.6359398380708143,0
0.042859851098599834,0.045564476,1.9706101444801964,0
0.03568837465335098,0.038304836,1.4103219255556736,0
0.04053670897523842,0.04618482,2.004576869405518,0
0.03227792864242781,0.029137015,1.291299448195684,0
0.038046996231438854,0.07667838,1.636067075326811,0
0.01816448363159032,0.04711174,0.5538277450932323,0
0.025243690037475622,0.047480974,1.095929374041664,0
0.040194433714369565,0.13991408,1.2375075781198066,0
0.0156450034504063,0.02024263,0.7062178301451622,0
0.02322687272859907,0.03007896,1.1177501557954754,0
0.013292616468792361,0.0135396635,0.6301483704638735,0
0.0066756136842552405,0.018429702,0.16581812271074484,0
0.020771406333397496,0.025148787,0.9973080558714119,0
0.02998943427650737,0.048255246,1.2593636653124032,0
0.04152137025292943,0.15052226,1.4934531362871404,0
0.032759023518996455,0.0708107,0.7408207623986128,0
0.011530053400769985,0.04806901,0.3453403178720597,0
0.018506198204122668,0.06869515,0.27948824670787753,0
0.01737134045195392,0.010649875,0.8280645091093007,0
0.03715286252020605,0.05423126,1.3435331808045683,0
0.013781113135578723,0.022085166,0.43187107656333484,0
0.015818567474107932,0.018675573,0.6371706047982081,0
0.006548609813085155,0.010985121,0.2137831331855719,0
0.02403735788943568,0.016972138,1.2024150897977515,0
0.029794730457893968,0.028243633,1.1625564789243155,0
0.022010447550606542,0.018470397,0.9734995839839631,0
0.016662265788846227,0.047562845,0.5885161080223226,0
0.040029784896068794,0.06139273,0.7725598288013316,0
0.04067651186966797,0.016462618,1.9632666427906316,0
0.014873676272989148,0.028341351,0.41488080683301,0
0.03288530081821116,0.08472006,1.3841617347398214,0
0.033738877804519625,0.086437605,1.081334268743469,0
0.021704303884510605,0.058244582,0.8626919438648184,0
0.00911147788521876,0.028341057,0.3464943564766496,0
0.017965450806057867,0.036960073,0.7008662769403984,0
0.022962832937709517,0.12842438,0.30741540186945276,0
0.04313612723751863,0.033572964,2.238357655140979,0
0.06608712357416413,0.06177171,2.8721967111828404,0
0.018237897303260333,0.048467375,0.6855801107452286,0
0.015310229943688681,0.014792248,0.770932648394122,0
0.029490085903797366,0.029903572,1.4883097662742828,0
0.014081659892827092,0.02124579,0.57005480135714,0
0.02825001478641795,0.03911881,1.343412880657536,0
0.040806681686978305,0.026650054,2.143439804144402,0
0.03753201767849977,0.097054,1.3625160241424168,0
0.03342720800514126,0.063727476,1.3331773827425197,0
0.0180272752426961,0.06716131,0.535089954294499,0
0.006923792886914348,0.0046489816,0.33406551298176307,0
0.02056985347073174,0.06525266,0.18664825848747604,0
0.024884990769769327,0.078408115,0.9536662503228095,0
0.08030967531072233,0.057242252,3.7258960067456877,0
0.02478932710554072,0.05015541,0.7510662935500088,0
0.01227222973829222,0.025454875,0.46984222132343373,0
0.017528437153866684,0.030601082,0.8067152880633238,0
0.04916130733194392,0.12564006,2.0549343851742363,0
0.01208840161274885,0.029787594,0.1329582444714695,0
0.018647208851305407,0.020459993,0.9267340628460715,0
0.012536291315697631,0.012134558,0.5829777794138075,0
0.05163909143083372,0.112170786,2.1889440530064475,0
0.016370017987311226,0.015835807,0.6279559848438276,0
0.014144019864936746,0.02364086,0.29281456868484596,0
0.017741310599409844,0.040752895,0.45483650165885464,0
0.05759907915411621,0.0562274,2.8800698756939123,0
0.0350381541645549,0.024739131,1.7984454409907937,0
0.02552202071084328,0.0947664,0.6670155207190243,0
0.03132777211254692,0.03611288,1.2896658694250502,0
0.012640736215583294,0.03807504,0.3529135617991246,0
0.02591114723683423,0.024258545,1.3179859988954097,0
0.022621603875809276,0.06329046,0.3207952133632253,0
0.02459574903207826,0.05238342,0.3426289920514034,0
0.04893389454490926,0.09902629,2.1925145323368556,0
0.027640868184298267,0.06382333,1.09717230496347,0
0.015700675231001444,0.032974742,0.5919748784909569,0
0.018699845435814308,0.045576755,0.5413041855820303,0
0.022176299000193894,0.039359763,1.0089753804530202,0
0.017240632469714898,0.05110656,0.24876883805310027,0
0.0304206481334191,0.05206597,1.2282916595240942,0
0.023669185462281105,0.0483605,0.8162029832119415,0
0.017843633337511447,0.016436746,0.7105389448029029,0
0.04186518505247666,0.0567937,1.5821852619809167,0
0.04270916778516737,0.054306243,1.4971587747828297,0
0.01877099770882739,0.06881183,0.5078537167942768,0
0.02369455463458024,0.036314625,0.8232251082395393,0
0.023661471859880934,0.022252299,1.2066773652427951,0
0.021453767182669038,0.08658532,0.6292840635697214,0
0.029167760752234796,0.050835118,1.0790072787118097,0
0.0202954625265761,0.017956747,1.022517936118045,0
0.031784570978603544,0.047878787,0.8748163501190537,0
0.03422677365307918,0.12871318,1.1397963753268352,0
0.033672235877564266,0.048691515,1.4586211532874198,0
0.028816814738395143,0.04087588,1.3342312288729623,0
0.03213008434674678,0.1239539,1.01121283483015,0
0.041212220385319305,0.07076294,0.6022261401052106,0
0.03309857590957506,0.101723745,1.0287353594951967,0
0.029520524639412214,0.16347009,0.5293298407721144,0
0.012165695928118645,0.022407277,0.30084331452083407,0
0.02564495249874273,0.030591704,1.1199551400541017,0
0.0160884799273613,0.029668188,0.6524486595421045,0
0.017436745077686992,0.04174407,0.5201497192860953,0
0.0441726546769398,0.08860104,1.6322009573360623,0
0.013193852184473198,0.008304532,0.6892807349219633,0
0.02348183742184861,0.0153141925,1.1835375909812504,0
0.015059218963328874,0.04203566,0.41014678920591807,0
0.020596010618656325,0.070017554,0.6321345417627531,0
0.029793868840309507,0.054748073,1.3753001880414644,0
0.01716796408294546,0.014776666,0.619923420707874,0
0.03729258942855136,0.097865194,1.4429025414830188,0
0.03837843415578218,0.03181964,1.9713250570570127,0
0.04096374821562522,0.062032625,1.3324948671386572,0
0.030701327192929784,0.21766111,0.47999330799814355,0
0.03806281209360845,0.033924513,1.813012712196973,0
0.03418284101864668,0.025947556,1.7912221558976247,0
0.04479726100395101,0.17823416,1.5131238628629824,0
0.04359523562908952,0.015748639,2.266889056543043,0
0.04425406091961221,0.056297395,1.9815121613961153,0
0.045675365181393514,0.08859287,1.166003360264599,0
0.013236909572221645,0.027204195,0.5660082744558504,0
0.02796790595335004,0.14442591,0.70150900490935,0
0.022117491964055148,0.021242244,1.0456663789800438,0
0.030484289044452023,0.06940092,1.3487466563361634,0
0.015344491814672236,0.01771193,0.763121488183895,0
0.04078007712549511,0.012883961,2.0901638120653065,0
0.014509779487826144,0.056080583,0.34745999897844093,0
0.02678682398018827,0.023391107,1.1458508774024645,0
0.024914537664308248,0.059915945,1.0093975116370595,0
0.013183717968463142,0.0076109846,0.6714138321518563,0
0.013416588347812657,0.020473009,0.5820556233503253,0
0.019767245962464444,0.017827807,0.9122102226998208,0
0.027777257748314684,0.03815913,1.3695975845446577,0
0.010509140618030422,0.042171203,0.30455414988233975,0
0.021903169317954056,0.07942828,0.7704969903405214,0
0.03012919184697824,0.041231982,1.194235332891888,0
0.023558430936213706,0.016348733,1.2225624856418955,0
0.016903079952113223,0.06278748,0.4113919999956419,0
0.02396227122179205,0.1121043,0.5732928249206437,0
0.010371670390055404,0.02151929,0.33512324670351146,0
0.02535158025295674,0.012573527,1.2689609434773967,0
0.09637381998184084,0.074815,5.0238464596856245,0
0.011130286491385838,0.030463757,0.3039279230825782,0
0.05128630510247841,0.049451746,2.6550633527542757,0
0.02327276260996106,0.07452535,0.7715732573721865,0
0.016557881357621318,0.05087245,0.44830542820898284,0
0.014897021939084477,0.029155836,0.4850209381921423,0
0.014186836751174091,0.03417418,0.3320658665984044,0
0.03576360400632522,0.043126084,1.0514234939262415,0
0.03022481316482385,0.050591715,1.3157715113152926,0
0.01991471785095774,0.032033063,0.8523856488115391,0
0.0322944655872925,0.041491643,1.5100226445102882,0
0.01624868014576002,0.035415865,0.6466610173580462,0
0.030689290172261487,0.033583857,1.038972379675398,0
0.015937759145807466,0.0059747845,0.8222878322484664,0
0.0299296414697248,0.086553164,1.0470659626253294,0
0.03862605775868569,0.051680006,1.8685097295773316,0
0.015033248129221539,0.06416499,0.35910174552872404,0
0.031339892129437386,0.061775267,1.3593402699787378,0
0.027429982809040555,0.046769287,0.3977914858447355,0
0.16065800622876655,0.037050817,8.493490691747883,0
0.013302345205396613,0.020114502,0.6222089639827296,0
0.0218682324189309,0.018250817,1.138972878269204,0
0.0170986833052967,0.03549798,0.773765538701853,0
0.021323080174870675,0.024007807,0.7601382627688523,0
0.020164847022351027,0.01612416,1.026831503148321,0
0.011281827027975656,0.03742982,0.2345636921558795,0
0.01581259981202398,0.05319426,0.5107426971777144,0
0.026117760597910402,0.07214759,1.0526695234491692,0
0.010979553632412885,0.026227204,0.340692420811944,0
0.029894668449500162,0.043846052,1.3302036642757409,0
0.029808699208494504,0.020657014,1.4336182367695043,0
0.01337991316903779,0.027532445,0.5608292537894994,0
0.030465195561324807,0.07498896,1.2345401853284363,0
0.02934660398526822,0.04998566,1.3635974336308299,0
0.02038835804798394,0.07634964,0.6343529525210426,0
0.014214567840099335,0.06366672,0.0,0
0.02078763561103296,0.06191686,0.6077660686556109,0
0.030268331575610957,0.016539281,1.5047884341942732,0
0.029845097298115405,0.038196094,1.4811685544126199,0
0.012305658448250871,0.017485764,0.5508105816591821,0
0.0176733146341842,0.028528504,0.5993197560785699,0
0.02083400821063674,0.03325463,0.8457103399219088,0
0.019052029758741283,0.01112427,0.8263311032460526,0
0.09194445029613804,0.07086287,3.557968469666447,0
0.03137899429219769,0.04451084,1.0947113208610135,0
0.03337767702512359,0.046594854,1.567984799745553,0
0.020706619579557477,0.03848168,0.9088555721425438,0
0.030649303563818644,0.05269081,1.0438187567355386,0
0.03503603025383624,0.1347867,1.1805311250707018,0
0.03217105288295032,0.14059745,0.726370608046534,0
0.01875176360030749,0.010342268,0.8302682359852451,0
0.020421628838447205,0.08854971,0.32233941191278187,0
0.021237100703452354,0.028026175,0.5430789728333559,0
0.018192176428596166,0.039971594,0.6803844757375991,0
0.019772410484344798,0.050984822,0.46576453193312595,0
0.019839486576245076,0.030958328,0.7081996902291436,0
0.009646056933824072,0.012472461,0.41857328316886866,0
0.08132574117581355,0.0897302,2.6381312007469364,0
0.016452111290440295,0.06499413,0.39806561185749567,0
0.025508045974204314,0.02950218,0.9639886101832935,0
0.020093165259417484,0.010466593,1.062870211532244,0
0.08191829322317537,0.14455983,3.786474679727552,0
0.020439585229170693,0.033141572,0.9315070433950103,0
0.057426658838806335,0.104114644,2.544054615819816,0
0.0257129499128807,0.04827255,0.7573003052742551,0
0.02453382973682051,0.04366099,1.1078029805504985,0
0.011803865767891992,0.011443948,0.5819005068423725,0
0.02916082129963065,0.1295255,0.4426563132742744,0
0.006354060644062361,0.005419717,0.2775802440760625,0
0.021029941612897105,0.028688196,0.924920864882068,0
0.03464967897270281,0.025561584,1.5770194960403194,0
0.01154905254286715,0.019090202,0.5034623413655283,0
0.02303108601870841,0.08703872,0.6653789561782611,0
0.01253385047614338,0.02104619,0.37672847368792267,0
0.030475256933179685,0.09323398,1.0930389063386357,0
0.013360286044873122,0.04258596,0.4332115466533792,0
0.022723271321353676,0.018019011,1.1388838339829674,0
0.03565115619262007,0.06907592,1.4242219998911019,0
0.025783516735539254,0.010103909,1.4067923075276236,0
0.017697047440965397,0.047628853,0.5985734996012408,0
0.01777248182852325,0.026179262,0.5840884323154183,0
0.017923426374549113,0.015397252,0.7923521577641763,0
0.010493072782423174,0.011535732,0.44132699609327086,0
0.0727377538603203,0.35680494,2.0576081747195203,0
0.02544360202525755,0.0694572,0.597956042445633,0
0.015279889528591157,0.033487752,0.5543071478719688,0
0.04456527611752406,0.04545544,1.4568681903681064,0
0.022630705379655426,0.07476379,0.854364317422917,0
0.10529025689890627,0.021939399,5.5524287291641645,0
0.04786904415330469,0.044352103,2.305550726567266,0
0.023989221975399638,0.045736887,0.9152488151137309,0
0.058117374720084346,0.06743336,2.9412781157562895,0
0.021651462659755455,0.024915677,0.6941499380098609,0
0.027158195271271144,0.0515215,0.3240246078956119,0
0.012556411554680272,0.017809378,0.5638196426513126,0
0.02629197284239708,0.085142225,0.6476732150571269,0
0.022661924912028775,0.053093717,0.568161953813676,0
0.012623650059115341,0.01977723,0.5510278346229653,0
0.01928436564657675,0.06754285,0.3407105901858443,0
0.017825821150740835,0.07084321,0.5015090259291294,0
0.016053987073796676,0.017464975,0.7883699219087188,0
0.02311776817031985,0.023503685,0.9963167893720973,0
0.022786602094044442,0.037372373,1.0046312444540577,0
0.020154980124698484,0.053469434,0.6571924841437271,0
0.021103325438310883,0.08623171,0.44879290190975824,0
0.022613065944363697,0.01037922,1.2220695284408638,0
0.03724927784842219,0.047639143,1.6023216937502938,0
0.06963394194703043,0.05336879,3.239391588528793,0
0.014436811222767555,0.025527874,0.4271994651674642,0
0.024750956003592797,0.0043320605,1.3822926247496599,0
0.026723004515585,0.092895605,0.6048311595111427,0
0.018094830684016024,0.03884722,0.4576645361734621,0
0.024846503410129925,0.09731976,0.40915052361505705,0
0.02412433207467967,0.082016625,0.7787318159071996,0
0.009973663126253125,0.024143884,0.3743023299380161,0
0.035948985053947696,0.18235618,0.9707376893498171,0
0.0381719162168338,0.1568378,1.1765341791442017,0
0.01446902504763795,0.0361766,0.4018193002909002,0
0.055025756781026385,0.046251327,2.106852235109468,0
0.014224910742707805,0.018705988,0.5253698056995056,0
0.026907702258417973,0.03938522,1.2929582944859863,0
0.024362707628492235,0.026982065,1.1613756512291769,0
0.02639804176025238,0.02785757,0.8722561119818383,0
0.010961806417655403,0.019622268,0.43815140681204706,0
0.06138512082460737,0.06292363,2.1353953367245984,0
0.01903438767322898,0.020137712,0.8120986941576835,0
0.01005645001530991,0.040915564,0.21986888440520744,0
0.009010462676258829,0.022119593,0.22600448318045227,0
0.0156516664578645,0.043129735,0.18875712774029463,0
0.0650536535308863,0.2408341,2.279420707597763,0
0.02055405806358243,0.03280099,0.8985616937027887,0
0.03275949040963849,0.03199743,1.0930231125643013,0
0.0292295054742688,0.0757929,0.6604001331187566,0
0.026248304267704567,0.046051737,1.146210708931875,0
0.02410330213733212,0.054060347,1.0284433866459934,0
0.015585218991383641,0.01183512,0.6838604559243114,0
0.020035968852123838,0.022708125,0.9279523416170519,0
0.023476423602989953,0.039726514,0.738346112010075,0
0.022282572586252228,0.08245196,0.7090851137219757,0
0.014175923113297774,0.032638505,0.5564653856028322,0
0.02110378405104238,0.0762455,0.7245653878604903,0
0.017424952496841905,0.029663717,0.4694762156759656,0
0.03294273585510895,0.042426858,0.8301612172304765,0
0.02808717740525707,0.07285055,1.1629503284791372,0
0.01502638009023964,0.01874275,0.605771332643112,0
0.043658456463065376,0.12427526,1.630266406141807,0
0.036055360625764116,0.044737764,1.2673390756356373,0
0.023004087800896415,0.0333025,1.0554860315462062,0
0.01977500002963282,0.049241524,0.7019254196441502,0
0.014890056003504279,0.037805177,0.6133685374602501,0
0.012770109666616687,0.03433495,0.3847939332046289,0
0.05349466569308882,0.16520853,2.0097339600644917,0
0.022782195859128676,0.018814437,1.1498772363975982,0
0.017560310008825013,0.07916892,0.5114216358323689,0
0.07597044606615046,0.30134833,2.610329537965546,0
0.030487435790311358,0.019269787,1.629771510319121,0
0.014767707344514746,0.022215553,0.7165304008189355,0
0.029860386923757407,0.11307464,0.5509436728638625,0
0.011150728704723873,0.025134403,0.3394629779229986,0
0.03589323757475084,0.08282502,1.5022821457622573,0
0.015028656028845656,0.021017754,0.7316747586869865,0
0.07072623316428053,0.13829654,3.1422825609954774,0
0.015921905736159314,0.022542933,0.4715569063215055,0
0.0304723324738374,0.064113684,0.4826860456524152,0
0.010650515620769418,0.022806806,0.36792972779952554,0
0.012413081511685778,0.017097117,0.562487757801603,0
0.01422658731984722,0.01720456,0.5947455824827591,0
0.011850914586810288,0.021076327,0.35310133776995134,0
0.03234535878157074,0.03619037,1.3721423975386238,0
0.017437859384110396,0.029580282,0.46142249761694454,0
0.015507313265828913,0.026024386,0.5911381093916344,0
0.024651517339529718,0.033815727,0.9577021884612036,0
0.04124792556318378,0.06225295,1.9191069501888944,0
0.015564017276904471,0.039139774,0.572952382188346,0
0.029094942810525437,0.046319045,1.0600529877895393,0
0.01518497069850406,0.026713189,0.34279871728162703,0
0.01446448821000082,0.060084317,0.4478329831342937,0
0.016548628235925976,0.04341642,0.31867956543340026,0
0.017553352452838566,0.06983867,0.596884718325468,0
0.04847508710584008,0.10937329,0.9066954699281767,0
0.023057392750433805,0.048386317,0.9813462092755924,0
0.019585231097205336,0.058199663,0.5330153569546118,0
0.016785409334379796,0.04455892,0.3571591313191917,0
0.031420256628999485,0.07429437,1.3638756609609803,0
0.09921056255258928,0.07515336,5.185374624807846,0
0.0260863204987431,0.042567357,1.0693841142886533,0
0.009940373887354434,0.005982602,0.4908479462631546,0
0.02405474764804621,0.14062159,0.5281288824052007,0
0.014094635459641751,0.014349805,0.529276539432124,0
0.010633593062876496,0.009481203,0.542138620680894,0
0.027237169836291014,0.025856063,1.4117857964971108,0
0.051140519872937204,0.1223201,2.2173124895233842,0
0.04295624275841562,0.06969121,0.9638572165850515,0
0.04965794448493665,0.08857595,2.3359617225649862,0
0.019912135271666014,0.059004758,0.4118270268745901,0
0.02246415159344162,0.015927052,0.9888728460491553,0
0.01818866662234791,0.0202714,0.7071730045601027,0
0.016526343223621162,0.030021248,0.689423789063359,0
0.054025468782489004,0.037156884,2.864377867259786,0
0.012979092347315476,0.057423066,0.21146048442974882,0
0.024395173653796495,0.023195772,1.2148869752805684,0
0.017425700611862632,0.019912248,0.883128388414506,0
0.05310067686541428,0.20902433,1.6055276187789083,0
0.020781472027671867,0.023142321,0.6728146506878601,0
0.02880211140375114,0.033796437,1.418183507325538,0
0.01750226908300094,0.017512118,0.7564662799163316,0
0.038087086101512395,0.08594305,0.42431532635152835,0
0.021275540831314894,0.0369411,0.43327694634533886,0
0.01593562721737087,0.05278259,0.1803292902945431,0
0.010636134073138237,0.035142023,0.0,0
0.012309489395780946,0.038715474,0.4039921408901106,0
0.05793642276480128,0.08802211,2.680601294981005,0
0.053242570345547205,0.019967752,2.804243371924915,0
0.02687518218643563,0.07775641,0.4514013934475007,0
0.024838425033002008,0.06338965,0.968595625563281,0
0.03174556452966017,0.056372095,1.3458941847130903,0
0.02167725367089173,0.014215843,1.1464079930540467,0
0.009165277517522222,0.032390833,0.22533430662207338,0
0.013996222807389368,0.03015302,0.3822859976756228,0
0.045551414664533565,0.18189473,1.4016327815039717,0
0.020842238570020974,0.045446053,0.9170846044485228,0
0.056289505973160917,0.18740225,2.0746941230222973,0
0.036368894770065996,0.08683224,1.5438545737003657,0
0.02420530333450609,0.039894804,0.37739476829274904,0
0.053429368118977985,0.10917935,0.6856171198537165,0
0.020842027006297476,0.046083625,0.6341328035067891,0
0.02753606050693662,0.14806089,0.5067528565893687,0
0.04253699371271327,0.047718607,2.147891227356031,0
0.05070496769387116,0.21536222,1.611390848696556,0
0.035909492455639375,0.022332445,1.857712532732845,0
0.00647931820788953,0.013776022,0.2044201020547748,0
0.02824558878367121,0.079309754,0.2082397690063627,0
0.01830459722788551,0.028214905,0.7246134411647704,0
0.01891088951726942,0.033062927,0.4502974567878955,0
0.025518966641810092,0.019838816,1.0565163278980896,0
0.01579104828185524,0.08305738,0.31742749134889986,0
0.01864732923191602,0.03861937,0.5049005128997133,0
0.032406223886101274,0.022662697,1.4444023522921756,0
0.01076383981942371,0.01391863,0.5079885494122791,0
0.012470018041939358,0.035927124,0.2294775964111482,0
0.03263978808516324,0.032994416,1.550380856071834,0
0.01841173912592475,0.06407873,0.3997130410220351,0
0.01992584263057768,0.04220689,0.7062025326327971,0
0.025226161021035587,0.056655113,0.5711434144613177,0
0.021733444823544175,0.08477588,0.4944003982247823,0
0.03872415563453266,0.03751107,1.294915367867097,0
0.024782162476999756,0.056700792,0.31788705399374395,0
0.02212810443211909,0.03568832,0.9669674746512937,0
0.02969374714980042,0.07457283,1.213768703636454,0
0.022313002648514373,0.058931474,0.933746765781666,0
0.024622900027361283,0.080224805,0.93385828595232,0
0.017192085505479498,0.0073777996,0.8810880062469785,0
0.02095969184374825,0.051950205,0.4571342492059763,0
0.016797680210803516,0.029471535,0.7749230897226301,0
0.024768070326138487,0.025249176,1.2412732235106445,0
0.014781396827014747,0.036144935,0.3445391804888205,0
0.010778790828549356,0.010171394,0.43746597371841117,0
0.02192851613868099,0.02617673,0.7396744245689706,0
0.010089142521230342,0.019661523,0.304801636315579,0
0.042533325858985935,0.07242331,1.0788591626719757,0
0.02200155789281335,0.08266895,0.3456511626258985,0
0.06234191207255625,0.0392205,3.2522323730857097,0
0.07944136720962316,0.02882568,3.8233547634262672,0
0.05291806182251268,0.13692753,2.046806002173696,0
0.041345851941614976,0.0669662,1.8944401834764237,0
0.02961926854639417,0.044817574,1.346008540892917,0
0.019898402897130095,0.01524211,0.9871497341907719,0
0.008179883566912481,0.02244569,0.23142340970775963,0
0.013574331575055136,0.015636753,0.6035625417141341,0
0.04703950840010118,0.052469976,2.262883589621226,0
0.02377058831626271,0.01072565,1.1411049293477442,0
0.04628611236927453,0.08297231,1.4825473460730512,0
0.11726483794443461,0.2496286,5.179736441865327,0
0.01472769507915065,0.03001156,0.6318206955737689,0
0.011253855609089095,0.023969682,0.37398385697823455,0
0.007826757552837998,0.0040333075,0.420815326541769,0
0.03077984241827681,0.04955246,1.3842686569382485,0
0.022340991658082246,0.025669176,0.7756926916607721,0
0.03931884329521279,0.096673146,1.3440886218252996,0
0.025014270476113716,0.06924873,0.7265487481585967,0
0.022208178947050558,0.12191286,0.48291414826847096,0
0.02633796533787232,0.037415948,1.1477894613228161,0
0.01985146863035444,0.05177909,0.3667783375741271,0
0.02905978232810106,0.08148255,0.780139014028346,0
0.0652510955181463,0.117514186,2.8967352175300602,0
0.023256453913192053,0.0972449,0.7343354219439938,0
0.017355078100592846,0.03549239,0.18733614553199066,0
0.02591216281012786,0.08451,0.7919518410062376,0
0.01664992217270396,0.061550777,0.4651494789927225,0
0.05982946170193815,0.34108177,1.1430588026379453,0
0.021321088372772926,0.072874,0.7892276819284734,0
0.018052421188911667,0.015167661,0.7692930723909555,0
0.02526910194831897,0.076944634,0.7369042332687827,0
0.038450481217011584,0.072333954,1.0342258479703261,0
0.017194437062925637,0.04878988,0.41654534120420034,0
0.0131267078433706,0.036953155,0.32116420448479926,0
0.03399225126459414,0.035896234,1.7207326458452852,0
0.06427903800813828,0.049885895,2.8637251371826564,0
0.02486514360593322,0.04372408,0.7855879024229184,0
0.04665646891541769,0.10782658,1.730495235858964,0
0.01414026975191125,0.044621322,0.5016924975407999,0
0.028883128976992363,0.099903785,0.8808126357815435,0
0.024282736039928515,0.021404194,0.912628067634756,0
0.02967283068347898,0.030710299,1.1934151195883127,0
0.05779817538620176,0.070848174,1.6818741195536793,0
0.012752896840628792,0.0071845935,0.6549727843564411,0
0.01956400212067666,0.029248912,0.6260726588543847,0
0.020235018042251744,0.031830803,0.8889567340762365,0
0.04439815510376337,0.071779825,2.0272462517498635,0
0.039672493692045216,0.09413795,1.482412077285947,0
0.01857884527773212,0.046028405,0.10966760993032043,0
0.018546593251802922,0.01781394,0.900987361822396,0
0.026238401926672362,0.05656367,0.479862599747651,0
0.04374438865791695,0.047994174,1.384273247395454,0
0.030127526141091026,0.0499288,0.5653838960822076,0
0.022299059511208277,0.008385446,1.1796415224172354,0
0.017040705449659438,0.05966362,0.553933685871583,0
0.04392881187234282,0.2381014,1.0931730885884547,0
0.015685918203572152,0.02666435,0.6732631349224433,0
0.012013492352038843,0.026555073,0.33900639110810005,0
0.010743284791650855,0.015415,0.3237469490099948,0
0.311243523584626,0.03778687,16.881996862979083,0
0.06018999509842626,0.023717197,3.3109538435494925,0
0.022761118363205216,0.01422676,1.1593462377282675,0
0.01964687261235676,0.010884623,1.0388750189497546,0
0.02009642988089169,0.031926744,0.42148890734631794,0
0.01928416304216795,0.020451447,0.9328483283800075,0
0.023344691077170975,0.068080224,0.7306093901151105,0
0.01238848043955076,0.0318612,0.3048070145778053,0
0.009796698592470688,0.011711247,0.4504436528314626,0
0.024054912384016212,0.10753631,0.6455641605914916,0
0.025998300496674166,0.056970853,0.8987884666770745,0
0.04096184717994761,0.0859195,1.830568364573279,0
0.029312122957716555,0.027769305,1.1791840484532197,0
0.19169972225478749,0.089111716,10.446328101888334,0
0.01596286403057441,0.036520403,0.569487632169804,0
0.03889279848931007,0.06859489,1.0345636517707628,0
0.021440454610825246,0.02252504,1.0143976890458777,0
0.020336184908056484,0.048891693,0.7230043799345945,0
0.043612377275821,0.032948267,2.255348689041677,0
0.031611947354449506,0.07154656,0.8290341681394157,0
0.02315836625452768,0.054781996,0.3895016985534857,0
0.035569589914036706,0.09186154,1.4855547974647498,0
0.017810788979806067,0.03716523,0.674545216019819,0
0.027645742998506237,0.048155624,1.288363215910302,0
0.022743673464164737,0.09088119,0.2373773244874931,0
0.011928880924860543,0.01845455,0.4586714746193622,0
0.013833061425876592,0.008404856,0.6300244187516688,0
0.046357779511483156,0.0795816,1.444429021237233,0
0.039064546043813736,0.021751773,2.047965690866407,0
0.044341117833356765,0.07878306,1.9753050481946388,0
0.019928157073406984,0.03992713,0.7611265977955655,0
0.024699124331162902,0.019707136,0.9305748978515623,0
0.059654019820375395,0.08926769,2.769470636259844,0
0.03347823138631564,0.021632053,1.3965614815906935,0
0.06766208036641967,0.13558237,2.9334994187626093,0
0.019331745865316087,0.05202158,0.6509887484385419,0
0.024419543391323392,0.06254274,0.4443468710391506,0
0.01339889371945732,0.08783159,0.1622157965395202,0
0.05309960100785836,0.25037286,1.46892547925287,0
0.02511313185059784,0.009957678,1.2666534055555059,0
0.023041286149063218,0.051847678,0.8862284435945238,0
0.010958065412830193,0.032728747,0.4006408684224227,0
0.024941544306456762,0.08934287,0.8487589147991427,0
0.011441319703381459,0.022453323,0.43124272222915333,0
0.019529883859064616,0.046774168,0.6750197578883582,0
0.07552345623427931,0.07828237,2.714060491879306,0
0.048981619376874994,0.12069803,0.7614737425465163,0
0.01576276270713492,0.02966007,0.43579971735681344,0
0.01541886484751072,0.05762174,0.4472704056142893,0
0.024348712316872148,0.036603864,1.1001734022537477,0
0.02398522814423613,0.037514042,1.1051597520541412,0
0.017946085949978895,0.05272915,0.6219970230671568,0
0.024977839082002493,0.031461995,1.1848966279396909,0
0.030720982672964626,0.073741,1.2137125010150531,0
0.01925168876412147,0.022381138,0.8631465285491541,0
0.01066849163549127,0.018750565,0.38720148534264365,0
0.03625185103044576,0.057378333,1.6972829935445872,0
0.018924818293956414,0.14040956,0.09254964562448724,0
0.026651627376486287,0.08108188,0.9294220996574237,0
0.03042648725269262,0.026319418,1.132584098369788,0
0.012745270092391726,0.06799969,0.2938655836752624,0
0.0112592773327608,0.015423061,0.4143326675705274,0
0.004972062921199093,0.0030426255,0.25108852798220166,0
0.01662607920957345,0.031649016,0.3680353848106397,0
0.02459113665399612,0.08591214,0.8246250095587792,0
0.012603664325118844,0.013428645,0.5163028850924941,0
0.038392939103407006,0.0776667,1.5701011793112718,0
0.02528125538441329,0.108425796,0.4845813920631772,0
0.026094536918813794,0.042701397,1.1849114981235382,0
0.031221026204740723,0.05012069,0.906238550370881,0
0.026850542612652246,0.056574482,1.1743035970991929,0
0.06293779791885878,0.10332108,2.9678000603567214,0
0.021009166716218847,0.028015584,0.9898528519453234,0
0.005182647740117388,0.017879466,0.07991730273808247,0
0.013897172255483918,0.01331907,0.6588057675829088,0
0.01588630577887614,0.016325949,0.6224207819860008,0
0.02921945477253082,0.097487785,0.7223872022997556,0
0.03035139182916893,0.021137487,1.4976730989355114,0
0.016702721420199445,0.03344681,0.20575659732882223,0
0.023676605082254623,0.03468451,0.8949448060535267,0
0.008602277543777438,0.016642697,0.36628795369323797,0
0.03816924890168869,0.059802298,0.8823270886010147,0
0.01606896997285303,0.036596984,0.3571427545089238,0
0.025261172517217094,0.05552904,1.0531153294597886,0
0.024035032232661832,0.047763206,0.9007940211634116,0
0.019879990722623062,0.052215897,0.42289476429822503,0
0.020944110841151636,0.04799018,0.7687713164621012,0
0.043819989358441495,0.056667533,2.161907393709215,0
0.02096844421106984,0.070389576,0.37293230586110215,0
0.017428799999618702,0.034384813,0.743165723006842,0
0.032135436348946875,0.054492403,1.1095242655430864,0
0.02873876865478501,0.03896464,0.7640892003492177,0
0.04935538317110556,0.11026585,2.129126266254525,0
0.028937391273408792,0.020758374,1.420708257617031,0
0.020479206448135168,0.042983383,0.8889877529712302,0
0.020366807897661814,0.0619257,0.794674418525743,0
0.021247670317954666,0.03568912,0.6085237663697615,0
0.022468457588079336,0.050780687,0.8992658348356193,0
0.022548126415141187,0.052330293,0.5630561629938062,0
0.04794733658954674,0.035583857,2.5271814999379547,0
0.04407203984691371,0.04424416,1.7016977932401003,0
0.025274307186606094,0.022589967,1.2893994002080704,0
0.027273474054889463,0.028640276,1.3473314014706412,0
0.011325235468046596,0.020876251,0.3901716742474028,0
0.027046697209483106,0.10546487,0.9207192115200629,0
0.040443685984056135,0.09334858,0.7782884850384142,0
0.020212559826108915,0.07384434,0.5558404667742907,0
0.023820852472100237,0.026120178,1.2150179535922956,0
0.02214346280574701,0.036272462,0.9184489819223141,0
0.02412055661718731,0.025861138,0.8724774500436695,0
0.021595130526981386,0.044965204,0.6728177542170537,0
0.03398447910606091,0.1285382,1.1909621340787695,0
0.08756254316578352,0.19457866,3.553382693744691,0
0.05346490395260662,0.018642332,2.941793517670075,0
0.011693124952064066,0.0370027,0.4474633850807942,0
0.02273550231065837,0.034929093,1.0377766063857494,0
0.028443189773986705,0.03142682,1.3237727551290315,0
0.013726766138267487,0.0152380625,0.5970119962805805,0
0.018709170040777125,0.022710003,0.8197537207779677,0
0.0324935018929622,0.03885587,1.5120913703860703,0
0.033151870684540646,0.03162742,1.2121567187911124,0
0.046360222713085514,0.16092221,1.5164720085958585,0
0.038392486557700584,0.14362358,1.3744093270950208,0
0.014695334128078339,0.025064318,0.38787234881483207,0
0.013930867870101782,0.022809142,0.6285800802598164,0
0.014154517350446382,0.041653212,0.42375623674671026,0
0.02842414333642171,0.045348752,1.1026458633127791,0
0.0501126310555912,0.15283021,1.8924140396860034,0
0.009736286629364715,0.024319774,0.11392817777819218,0
0.01770357419699756,0.043346297,0.7439475420979793,0
0.02318234949007645,0.032901287,1.1156517021910282,0
0.02172239928902174,0.041914683,0.8470925277878528,0
0.02362506904667379,0.05089256,0.9512065738551723,0
0.02034503538972302,0.040022813,0.7831833428232818,0
0.036118695156147566,0.023871295,1.9146522547635394,0
0.025237862225036708,0.13962685,0.50546133104348,0
0.03969617971987684,0.107388385,1.5221063981951752,0
0.03675176944612941,0.020157281,1.9896970822536844,0
0.019840984948592356,0.024291506,0.9347170638385622,0
0.01098551398505495,0.012832142,0.5280530944350085,0
0.025498405262316177,0.034381375,1.2398841960337539,0
0.014223884333111846,0.035257787,0.4452217193383434,0
0.020404822811499124,0.07820553,0.474448560678517,0
0.0068260930886386555,0.013709241,0.16854352988027899,0
0.03576971206611623,0.051435616,1.5666065459041012,0
0.025678896756186773,0.017343486,1.3292496716081945,0
0.0230968558296485,0.045312773,0.9829491244016305,0
0.00969110474703618,0.0059769256,0.45574189710095164,0
0.06522423697995686,0.13580112,0.9939813781065426,0
0.04104035372366466,0.06796994,1.824582598064132,0
0.014954757389763597,0.016377356,0.5860692096714886,0
0.05667991246449475,0.0974846,2.6320850919748224,0
0.023846799345649,0.020809827,1.0800867257494156,0
0.02601830599775865,0.03955836,1.2609787904678247,0
0.03930800150110288,0.092205845,0.8152637179408013,0
0.017919335301470815,0.06986068,0.5194511353887801,0
0.100538260653847,0.22466978,0.6561408086729253,0
0.01910544776010189,0.03536613,0.8355116854920766,0
0.016499695566851366,0.041734517,0.3231029638480761,0
0.030730888326141834,0.02207067,1.5902897042682986,0
0.015419165514145504,0.019164143,0.7350708630534598,0
0.031127219139949418,0.018265914,1.363334042541541,0
0.03499967648957795,0.08988773,0.27287835559543167,0
0.03777759754612745,0.062340736,1.5280220398303905,0
0.01631572743759358,0.0122204,0.8258406438862993,0
0.029421987012212148,0.05114208,1.235867661924135,0
0.01842722204202791,0.031588286,0.2900563631778481,0
0.02574667527573225,0.04136047,1.2245158380208958,0
0.016454376114495208,0.06284619,0.42465323504513697,0
0.0292703152892169,0.017269697,1.5639446050662837,0
0.023079670961723427,0.09173685,0.5048126645836737,0
0.0116597781883804,0.013416339,0.5283595551799414,0
0.030543056504990486,0.12274716,0.804224636676872,0
0.013532411801048872,0.023501553,0.5147951746658036,0
0.016456087601743146,0.068997785,0.5133373287918923,0
0.024290611186561145,0.11269795,0.6867839606790757,0
0.02607846793768437,0.009806357,1.2927780776999565,0
0.02359573788248083,0.054185882,0.963090190660974,0
0.033606927332001185,0.03674112,1.092847847068342,0
0.024449966449506137,0.0801683,0.8733621790782765,0
0.03239772146721473,0.10544185,1.1222600337738562,0
0.02230286168381994,0.035926633,0.4510495449827142,0
0.011751831736878965,0.025872955,0.3321039542145818,0
0.1206011600445633,0.014429851,6.56151084907439,0
0.04170845118037014,0.07848203,1.8777833247348783,0
0.031494250251773714,0.05218843,0.7125577621851023,0
0.03876800221492287,0.078655705,1.6452247197488474,0
0.014634985098767558,0.013528729,0.7546816469937703,0
0.011522802612224287,0.043441292,0.1999981892212165,0
0.018950521853677692,0.01634952,0.9551585144050233,0
0.014260634204026056,0.044789854,0.542445159870784,0
0.031048112773098727,0.13888216,0.7530919216160424,0
0.03191376691183109,0.07493026,1.281481121655191,0
0.030150344786619564,0.14897214,0.8445829973541614,0
0.03468393028814132,0.045445234,0.9174035055892142,0
0.023471447773625875,0.079896696,0.8483011249655882,0
0.02692315296348682,0.06650333,0.8892506824454689,0
0.03808574571341561,0.03646099,1.8541537316342105,0
0.04277740181208822,0.23790221,1.0271435614304885,0
0.016167442876009755,0.033424463,0.30028865871144084,0
0.02074337215745469,0.07263211,0.6967761589633474,0
0.015215169934333613,0.043695293,0.24141348005693958,0
0.01786615700285637,0.06961454,0.4559068032384499,0
0.01288630590985906,0.02902325,0.5352796367282638,0
0.10584622195967709,0.020443223,5.718050034359386,0
0.014488313318290865,0.00929597,0.6215231337355821,0
0.019074128390611223,0.008853732,0.9154893497843408,0
0.04849908696901381,0.068410166,2.3718316998754005,0
0.08187549856431084,0.08770888,4.184664761072347,0
0.016727195792104875,0.026993144,0.7730323242973375,0
0.06850910224669099,0.08897477,1.9348705239491701,0
0.023817187969865435,0.031151917,1.0741452363635577,0
0.03473881510485362,0.05681249,1.4991259746577008,0
0.02542993887329622,0.08348791,0.8784924717169496,0
0.029784528967198215,0.015024653,1.6159008392936933,0
0.037910528032899064,0.06945401,0.8099123868829214,0
0.014443576329207923,0.036212653,0.5190013152096998,0
0.02076705640052668,0.03314315,0.9018041511381049,0
0.14024247760630115,0.12152954,7.067953055320689,0
0.03799829217879173,0.117793836,0.3857073753209165,0
0.02877684880643548,0.048824552,1.2256029882330846,0
0.06931876312592902,0.10644131,3.3367816186726786,0
0.04300326716666481,0.08902005,1.862027363188613,0
0.011381998206113773,0.014515178,0.343602645455908,0
0.018915747018827755,0.05580923,0.7148416864882041,0
0.04198967576235954,0.064838395,1.7441877378382191,0
0.03854986108895033,0.09512538,0.9907146788116661,0
0.038269443987573974,0.054708574,1.5689483249718716,0
0.02428820848487348,0.06340209,0.9779013837151694,0
0.030391276670327354,0.0805497,0.7160602156811464,0
0.06677426383014146,0.070714064,3.3949049375542883,0
0.020134905693366095,0.038176358,0.789840026861973,0
0.031652581911222624,0.032151125,1.53467453950265,0
0.015962324128507198,0.05487971,0.42821796429723247,0
0.01178585194921054,0.026494455,0.2747697681658274,0
0.039236775185639866,0.1905103,1.0932309301385372,0
0.01325976116008521,0.01326838,0.6231278501165727,0
0.02976726322267279,0.12197298,0.7444009470557086,0
0.09121982409827592,0.197045,4.049549806453299,0
0.019131414381143547,0.027854849,0.8676101833510078,0
0.0691743090716845,0.09533412,3.3715155126472767,0
0.013740825430779329,0.009055407,0.6529522754680331,0
0.014494529574105899,0.020509733,0.5664068904174805,0
0.07255821583276807,0.023804286,3.891820552225523,0
0.023615734212327544,0.031983472,0.689242368100606,0
0.015283092730998347,0.044337053,0.467852529673992,0
0.010765847387553594,0.0061420207,0.5125599528615223,0
0.017369078399066918,0.0139201665,0.8790882040922622,0
0.03272645200749033,0.077017345,0.9544710329546534,0
0.04611915308447293,0.06768224,2.244121193622487,0
0.03198549421728396,0.04235392,0.9006772437655627,0
0.018241203939431523,0.03488339,0.8355249197099772,0
0.026329601289272593,0.033931803,1.2392068567437875,0
0.010401889441570243,0.005773266,0.50051231325056,0
0.019920347260276767,0.040435143,0.2794110862189203,0
0.02968165400757896,0.04414744,1.3273991237473894,0
0.010703512930906248,0.029794518,0.3130958981078185,0
0.039027435088209085,0.024526948,1.90703432441222,0
0.03441977540673807,0.053039122,1.6411339175275326,0
0.045744725586520374,0.06395336,2.154065204665305,0
0.057781093997035696,0.06477033,2.9304407572162297,0
0.006099710934407947,0.013841967,0.25133283181769367,0
0.028349175542296025,0.0431664,1.2410618316495405,0
0.015363228031633293,0.029643178,0.46970052934114204,0
0.03026674465424009,0.17497353,0.6204076193707239,0
0.023800476949524897,0.100879304,0.694654065910806,0
0.01936286755123226,0.046789095,0.6905369927896494,0
0.019062139770432508,0.057463292,0.7105753006106779,0
0.0375715425690641,0.12211963,0.937290672711449,0
0.04162960029844486,0.09591493,1.3157689734296911,0
0.02252701450163916,0.031842563,0.5624376709810179,0
0.014016751600209154,0.029146155,0.3000545554002909,0
0.019398376598202233,0.054020297,0.5788563054738267,0
0.012123829543071498,0.016146235,0.5683775453757544,0
0.014377769495653078,0.014189577,0.6448438661273549,0
0.024505546077471928,0.05245167,0.9443662201384719,0
0.029637782202521265,0.016415171,1.3948249907533066,0
0.023863411771490543,0.07367035,0.5089168231564835,0
0.01948840644742895,0.04443818,0.8249682351354283,0
0.028700554381521404,0.050966796,1.0150639003726025,0
0.03335524018732216,0.06692653,1.383715827726625,0
0.05147530356115394,0.09850843,0.49841866521837946,0
0.011798089399493485,0.009503763,0.6193409383195388,0
0.034967322304425216,0.1035848,1.2913274869806501,0
0.0111498090206462,0.016458932,0.37961792668386163,0
0.014641253687028545,0.009324902,0.7455539713721733,0
0.019733369364931662,0.10200421,0.4970724071245121,0
0.09924200134315564,0.30428225,3.6636792952822073,0
0.009651110591516817,0.012854216,0.38762624691718284,0
0.009902920926822772,0.03569886,0.19348113671460956,0
0.027510230662165822,0.028136775,1.357278396528731,0
0.016886778274779593,0.01897889,0.56091317627907,0
0.02260958982899936,0.061339997,0.8241994192862682,0
0.017428049409645537,0.040767036,0.37067370254762955,0
0.026949660404053312,0.08299374,0.7788228065016723,0
0.03961829321934972,0.0573133,1.364615896679025,0
0.01607905132054753,0.036116265,0.5203702292100748,0
0.018945683728597815,0.13395396,0.29070421713333555,0
0.009598476699743782,0.017948266,0.2640259451608314,0
0.01357038559675877,0.02424553,0.5477956099771931,0
0.018415207384026584,0.01115088,0.8593105079322148,0
0.025615438818738383,0.011120284,1.4025259518476252,0
0.019722256991061362,0.03988733,0.8191691168757771,0
0.07477864865124348,0.17319879,2.623895748801209,0
0.010564232820048305,0.019218884,0.378082859932202,0
0.0749667089709309,0.113541014,3.599538231566971,0
0.019159215857185365,0.04118823,0.6874524771499129,0
0.020156100998130762,0.012818029,1.059084631738843,0
0.01801418927498037,0.03911601,0.6761593233332056,0
0.04213144602369635,0.04166607,1.3588660127103105,0
0.02130917944767486,0.04385256,0.4958844447297584,0
0.04727255932336371,0.022616392,2.568449685792954,0
0.04038731993123661,0.09814266,1.7242292595238238,0
0.03424296380732074,0.060985807,0.8151432925303148,0
0.02405122681078215,0.052048404,0.29253967794479074,0
0.0299250347192795,0.017986525,1.4898989583670434,0
0.0298673805467896,0.04889169,1.3590945553847207,0
0.013099710203981173,0.018904544,0.4582645909526742,0
0.02001891300022133,0.050942905,0.5743766025450469,0
0.013741088617016818,0.035359487,0.43904378907124486,0
0.024734967865749274,0.030698573,1.2169333643585487,0
0.09795611100792241,0.14800149,4.738515843515309,0
0.024358649688019207,0.094608374,0.4774922787844971,0
0.017622674212633513,0.008876954,0.9492777856646452,0
0.01071932672879235,0.06378304,0.14132725588658515,0
0.023314957770541406,0.045451283,0.756256275809379,0
0.014476661747275656,0.01896217,0.603671712414674,0
0.02664415237324116,0.026521027,1.2920884840665074,0
0.01785669286454917,0.036136325,0.6535613232057096,0
0.013372593722092908,0.024311192,0.5408491257227704,0
0.023749205344811335,0.04327873,0.8677160935545098,0
0.015819415966620863,0.09467128,0.3380707012916348,0
0.02658839532793176,0.12568861,0.6282345084342726,0
0.014678382402089166,0.013361801,0.7106122192421117,0
0.03458572574779925,0.06387172,1.5829900017237641,0
0.03385480718730243,0.028831638,1.7305314884658958,0
0.01824484851693078,0.036451414,0.6093067911141483,0
0.042612877975937734,0.023048755,2.2958596375028657,0
0.041539313702000896,0.17374904,1.2852647885876836,0
0.028232975521073435,0.11022222,0.846062716618238,0
0.014659216976924223,0.036629185,0.6298178865465044,0
0.029307658249715155,0.018100858,1.5575435011075063,0
0.01865280782594318,0.07299132,0.5580914432526997,0
0.05197522994486527,0.07104182,2.5514076504219805,0
0.016177099484691954,0.054811075,0.46437139795884325,0
0.022897356515818867,0.028799878,0.7242472915330221,0
0.012808175040172376,0.011739424,0.6072076447745556,0
0.026554127712289585,0.04565535,0.5326998749323523,0
0.027538797763730458,0.13449077,0.629288537087745,0
0.022289363732240997,0.014102429,1.0322551907999462,0
0.08080348049979087,0.16146432,3.2193977411302583,0
0.023405395587994364,0.07004972,0.4339133882436244,0
0.0348943524459874,0.08723084,1.461047293753841,0
0.01807534442448974,0.030539872,0.65922759610317,0
0.03574396322523323,0.054071102,1.6992153299209065,0
0.02983628852149214,0.0048749694,1.6684701818882752,0
0.030589517902933756,0.024424491,1.5033381231887564,0
0.013294181520918845,0.010734371,0.6802654617663999,0
0.03419951510358115,0.14258446,1.128487041765695,0
0.040856620828979284,0.023585446,2.1932272538954742,0
0.013151051098668544,0.0067675533,0.6633774590895364,0
0.006163539765986078,0.0053071817,0.28609713724858926,0
0.02502463233347226,0.034472115,1.178227554991252,0
0.023920321550103034,0.017529527,1.2238775952293517,0
0.031387956497272704,0.020093393,1.6163450924487606,0
0.03145584244505909,0.05526999,0.838264508721242,0
0.028287751106828175,0.08210809,1.032394323922341,0
0.015229274507990739,0.041726615,0.3980894643059243,0
0.01288433774140816,0.018557329,0.3949633090855403,0
0.027062317223617138,0.07772609,1.065228504658916,0
0.029499505319745843,0.1245142,0.3439826619480994,0
0.02343192742182848,0.040841173,0.911554137916456,0
0.03629932068747846,0.016287344,1.8685344272848932,0
0.019667439466669174,0.052934337,0.7203476524574786,0
0.016166304143606522,0.038171414,0.3637879826920826,0
0.01791990396023566,0.041636612,0.3080999277729665,0
0.0710730948358929,0.07269438,2.7426933297471967,0
0.024523700152850745,0.059549388,0.9615779654765564,0
0.024389434320432807,0.015224504,1.3076077037450784,0
0.01676279948098679,0.018226365,0.8339168263846872,0
0.010384117852183204,0.020949729,0.24854261409235354,0
0.01551753778067065,0.029016808,0.6667331884666338,0
0.024539309850271,0.031263232,0.8725070045015093,0
0.016586403549665337,0.021794653,0.6949963848088841,0
0.02606766313361915,0.045837197,0.46272931657743543,0
0.055894066075151766,0.10927295,0.8091930259947319,0
0.02714887751464347,0.07939245,0.7674423102857137,0
0.04252005423348386,0.043233197,2.136891761192489,0
0.02214457396492394,0.057596795,0.6309394311203272,0
0.036193533247168036,0.11826744,1.3612891132760858,0
0.014288329489947198,0.022033168,0.48471467141096886,0
0.031394900499366524,0.13244037,1.0310666662117964,0
0.019847109717412482,0.058796536,0.35423478336179387,0
0.019947026184471302,0.035624567,0.5098800397149336,0
0.013853501590775471,0.038079936,0.2682277754942241,0
0.012293048991250357,0.014488704,0.5536898771797323,0
0.024027644649644752,0.021667143,0.9842943187043084,0
0.012847292299506468,0.024458908,0.4874736728951376,0
0.026684410948803465,0.05416338,0.5491070864184471,0
0.02299541048849502,0.05317005,1.0077952925719165,0
0.009439968891196457,0.012197483,0.3910447739697635,0
0.02065202056731426,0.03351428,0.9252022295723935,0
0.016415280574563134,0.015000593,0.6499989440550505,0
0.013575450105486464,0.007890258,0.7132636380651741,0
0.030532865053574488,0.061888557,1.3861726828364802,0
0.025518776318083764,0.023792371,1.1167369927803377,0
0.012979038854321919,0.023192007,0.3142817553150009,0
0.02219274900295775,0.034122232,0.4942895201020628,0
0.024386216830732207,0.017267155,1.0128766298806444,0
0.047802890140589485,0.04769272,1.674425488182583,0
0.016060603646156853,0.027679322,0.5588798208160274,0
0.012824830516477615,0.034958754,0.5220290990324529,0
0.02057358779150091,0.035944186,0.8767603374215653,0
0.026554564421462486,0.11666995,0.7665169890899344,0
0.021823941552913874,0.08405864,0.7012103152986529,0
0.020321341234001047,0.0431314,0.6953611756984792,0
0.014951755262271504,0.032392953,0.5595304024041343,0
0.024605346347996666,0.038981855,1.0962376761086616,0
0.007503184324674261,0.016012829,0.1550152958928931,0
0.016391908308723627,0.030420275,0.6734679127039215,0
0.013380150445110123,0.0132825505,0.6020666688860471,0
0.022967963057381094,0.06057855,0.9657456622482211,0
0.04381072688181819,0.09972114,0.8156167833995794,0
0.021908927699014823,0.014552213,0.9805572712474818,0
0.02112186428841577,0.12005081,0.33786662445517734,0
0.02418897477758558,0.051300853,0.8669767166595351,0
0.04045876738471781,0.049238745,1.8230635972688547,0
0.026296248017310887,0.034292474,1.2115487899404054,0
0.025940245740691977,0.0836642,0.3909187682324358,0
0.017707845107899807,0.033827886,0.682926464268545,0
0.0188585306139704,0.030816425,0.8897550726288782,0
0.06232412764758956,0.09328198,1.2534000371165406,0
0.03751422971282442,0.029708292,1.4837322620471711,0
0.0441199355547827,0.04620754,2.2328814515650794,0
0.0382781778180717,0.052770715,0.8876234485154114,0
0.017757990288867986,0.056327306,0.26191320245276345,0
0.017524189818904287,0.0355624,0.7814251897823272,0
0.01942157347597282,0.03189936,0.7286058528995889,0
0.027756281826283112,0.043493897,1.253701535331133,0
0.044736817077309365,0.078418344,2.0528667995990957,0
0.020445673391266607,0.028886864,0.6897160583576253,0
0.015464392067270544,0.055648,0.3127374758055099,0
0.021468065745057975,0.02948,1.0226491567860883,0
0.03861536315644569,0.18027082,1.023750506069374,0
0.014854284942526443,0.006336834,0.7958076021274497,0
0.011857423186552925,0.014512292,0.5827489225468216,0
0.0363315686386317,0.15077123,0.7762000277553835,0
0.01055234699218731,0.011050199,0.46609428645117007,0
0.02278962167492482,0.08093071,0.5467486893844716,0
0.021442561869588463,0.037364285,0.9957256541659512,0
0.028685184445416387,0.026646158,1.1624796414706287,0
0.04784882681548174,0.057487857,2.370589431294874,0
0.04304729538596459,0.088657506,1.945190462687164,0
0.024108407096910367,0.049368825,1.0899017440861833,0
0.023657970163211427,0.030828156,1.1717086953691789,0
0.014570564466636307,0.016062433,0.6559215270966879,0
0.017121978838403593,0.024722176,0.533396541629949,0
0.058666735755868116,0.12774768,2.3839872356863343,0
0.056162473907712035,0.07892428,2.552743564464377,0
0.037121325260683895,0.04765101,1.5550144137783797,0
0.01821839353846845,0.04429626,0.786819068507482,0
0.008564872621428467,0.004715668,0.3775420654840487,0
0.03169817014249413,0.089838,1.0377996479041278,0
0.0215763200874946,0.013201152,1.1170459577709315,0
0.03143376870286868,0.02031047,1.6517238705205541,0
0.021180211458223287,0.050609265,0.5809071024644921,0
0.015222008876373667,0.026570091,0.5935414685705935,0
0.028506448820100547,0.051037263,0.5792605715996709,0
0.019509350343824314,0.023012187,0.8104925209734395,0
0.018474034409575745,0.0945771,0.3667251510693423,0
0.012388610404523475,0.016755426,0.6082154860284794,0
0.02601354234948193,0.055585954,1.0675477302725531,0
0.02337936075239975,0.11438748,0.6270565335405648,0
0.0219778753053368,0.032390013,0.7200296800254083,0
0.016956829889450388,0.09020553,0.41550177581920933,0
0.024725875662360418,0.10635285,0.711400638645447,0
0.01794179827062547,0.036916018,0.42331608565531464,0
0.015276179261092726,0.03386189,0.4526646285227417,0
0.022214208591155638,0.029928204,1.079717603406231,0
0.03587950461426893,0.069143236,1.554106651437445,0
0.05630509501960562,0.38650694,0.7466521303762292,0
0.11787699729794887,0.096496314,5.156170747143946,0
0.03179995577061843,0.09148996,1.2737727311819078,0
0.012648834216688321,0.0062101325,0.63517239189987,0
0.02920627273116552,0.11731786,0.927910096561742,0
0.019774512641570163,0.027072532,0.9526719451670127,0
0.021329396142638887,0.05272237,0.17227950062810624,0
0.02453447962451778,0.05799759,0.7458302385629695,0
0.016847300610478896,0.05051833,0.5876383821237283,0
0.00887300865899069,0.0086201,0.3878039872070106,0
0.055542940836069615,0.110349976,1.7179236627239438,0
0.05734501778262527,0.05773519,1.9505081131481816,0
0.013002296864968826,0.01272413,0.514507395402874,0
0.021965711030643355,0.042883262,0.5660079382451024,0
0.014332241087202848,0.025473608,0.4481660206581691,0
0.057554043284379144,0.14147016,2.4809027404849795,0
0.03381828721446041,0.031640213,1.5877566279631579,0
0.03303161621125847,0.20060804,0.7427350389519388,0
0.01687746620774673,0.037561737,0.4774151405603976,0
0.025454252397894127,0.047309797,0.7726023653859317,0
0.009191423908393056,0.019463064,0.31542197905616,0
0.024579621527984555,0.038780358,0.7003424459985208,0
0.025957884547376492,0.040966164,1.198110845815006,0
0.03185400000035572,0.1445505,0.7103486416171443,0
0.008560840200965297,0.04235838,0.07347486205902977,0
0.039466215456615335,0.014928798,2.044928017484325,0
0.015747531985289928,0.058618486,0.4278637385398653,0
0.013845800531390237,0.017297093,0.4639858022755496,0
0.016419937410522223,0.03101994,0.6501339064338981,0
0.02106105042264396,0.016750492,1.0863008569469148,0
0.016813677574312638,0.016556516,0.8256776538581317,0
0.024274192493909767,0.08241019,0.8237719722625612,0
0.009014981391904932,0.024285194,0.12853325125069603,0
0.023391361260104625,0.065582275,0.6321413664273814,0
0.06951289046415468,0.056756802,2.9729963862378805,0
0.024198861749752602,0.013971356,1.2969458923949708,0
0.03729796594916074,0.07209157,0.3339199438466006,0
0.019467980329976188,0.04638876,0.4881656640111462,0
0.02161647353173312,0.017073357,0.9304565118830331,0
0.06736981385759586,0.01788731,3.4860647495495156,0
0.01961890734303751,0.064121574,0.23952109277845904,0
0.029631336399747153,0.0595753,0.4368728368177883,0
0.0397147358439252,0.027836949,2.101793343533342,0
0.03760067373620414,0.20110191,0.9085469609792062,0
0.013740512759325588,0.039524823,0.4781387874963982,0
0.021492255714697005,0.05212745,0.7347751478392465,0
0.022116530230303407,0.07679505,0.3273995421910234,0
0.02146856513325683,0.030510148,1.0319625580252074,0
0.051200015425726574,0.15647438,0.8282602191001808,0
0.016185147777123994,0.03304459,0.6697209973728115,0
0.04166970021118088,0.13812299,1.5524401483282113,0
0.026950806612429486,0.060105197,0.9762790254267342,0
0.01049749826452694,0.011537775,0.4293433531673372,0
0.03203767641243662,0.05379609,0.8339696785886126,0
0.018837560100942227,0.021346819,0.8130386457691482,0
0.04405693352556539,0.031780627,2.3220480283163023,0
0.05516006866220915,0.10536159,2.1816895657979862,0
0.022794502172654572,0.0338864,0.839705769222764,0
0.019042139932902127,0.01302025,0.7715272864680269,0
0.04027397542080279,0.016981855,2.1988682634647,0
0.030431033534091684,0.051916618,0.799731025921328,0
0.019533930039630703,0.0322233,0.9275644178084073,0
0.044518080685158494,0.06812398,1.3683142696646107,0
0.021768786382686308,0.01210559,1.1580626837252392,0
0.024070552927592005,0.041589998,1.0147369741009016,0
0.015479384611170365,0.04768143,0.47163764449869405,0
0.02479591745568245,0.042481605,1.1237637209954003,0
0.028123991826394315,0.040263653,1.1114412137078904,0
0.015072923555015145,0.06078571,0.4855041432298229,0
0.01588995084234845,0.009296382,0.7234926196979734,0
0.038454337790155876,0.16936196,1.0332069205571088,0
0.03136988040867534,0.041647803,1.1407548556012699,0
0.022404832345513534,0.051741075,0.9623649855354673,0
0.04099380871551084,0.08725535,1.750775129826455,0
0.023874109008127954,0.06939089,0.3713633270519529,0
0.027337385392380245,0.09134267,0.9586532849441889,0
0.02951944149929086,0.051967345,1.3827051742516425,0
0.010589793411456463,0.021052323,0.3666043789079851,0
0.034359331234004344,0.13706362,1.161156811115678,0
0.00939001132260729,0.022358267,0.34344162216245744,0
0.010286843047465414,0.023176553,0.3889334291619183,0
0.03463056949841346,0.028029883,1.7529076384949767,0
0.025784388764072345,0.059622813,1.073099111193822,0
0.01745180432995062,0.029203113,0.2788691113149553,0
0.031347534627199435,0.034427907,1.2176002680717946,0
0.014992804356828787,0.01261213,0.6213314550372449,0
0.010049710254086113,0.03384304,0.12314517412537601,0
0.01826931668728412,0.032143593,0.795560073250954,0
0.014518764025365056,0.016129011,0.5910775894028887,0
0.03195323633215991,0.052102797,1.5265962787411573,0
0.032077736121098,0.09347191,1.293263123152908,0
0.033329179203398646,0.03307233,1.2451573419209423,0
0.06369921091001882,0.269584,1.8399408464408618,0
0.06276139202684194,0.04158896,2.9234891342510485,0
0.015528210377642716,0.043461658,0.334558029969494,0
0.011258321857895992,0.034067616,0.1786554997132381,0
0.012120241434252275,0.032796025,0.49216316220084433,0
0.027293473610277237,0.13316233,0.7003458869681645,0
0.023238120674446045,0.090538524,0.7171165062305938,0
0.022520828735193833,0.038285587,0.9851358850728341,0
0.015243864407309685,0.04304482,0.19153850256147242,0
0.025436293816309075,0.059132524,0.8210202487862567,0
0.03203373254266114,0.03588577,1.174760916128249,0
0.03342094342560639,0.025452748,1.7339471210963324,0
0.01440670180108096,0.020462943,0.3717642760692011,0
0.02233756664207753,0.029146487,0.9935011232865083,0
0.030584506806581962,0.04023912,1.5180550398133055,0
0.01671265084035682,0.022550408,0.6891118031092232,0
0.06526845975625929,0.048793197,2.5511407033925604,0
0.03245447415100723,0.017726647,1.7555465214332722,0
0.03570018086580512,0.025170697,1.8056590283016853,0
0.018499225496449993,0.031080417,0.5047428755988964,0
0.02723801936945374,0.105600126,0.9454114982318723,0
0.03510343759573056,0.028319152,1.8114372238773024,0
0.015436934761570365,0.05567605,0.3990495060614068,0
0.036301555699522196,0.027858945,1.8922784900875007,0
0.09614014045096339,0.044020742,5.228097984852636,0
0.024140613118202703,0.028834583,1.196105873716164,0
0.028202166275958934,0.028529966,1.3601549044465313,0
0.020870197669871755,0.02949104,0.7371717043549297,0
0.035884646595546105,0.0589574,1.4500859738643261,0
0.012193479124103993,0.017531646,0.48701383299663364,0
0.03519591741442707,0.091386475,1.2510780962929648,0
0.014561042253720709,0.015059532,0.6909370575944062,0
0.0318084475630492,0.0345714,0.9825332511392795,0
0.02280303208123251,0.03701626,0.5530130568326438,0
0.011177263504876116,0.030511944,0.37507369126397794,0
0.013017805648401121,0.01608302,0.3515980151016778,0
0.10464685599438268,0.0906226,5.472985226875057,0
0.037559961598051556,0.05969941,1.7434437345856253,0
0.022333634353770483,0.09454541,0.2600383904561415,0
0.033377046445619174,0.053771082,1.4676793320709731,0
0.029261987523625677,0.09184222,0.6916069117823895,0
0.014770243299825944,0.014918224,0.5860588579070397,0
0.009893932408409896,0.043003112,0.11049661423774391,0
0.022175649022824286,0.028053978,0.9684188960155082,0
0.018812314834297683,0.055255413,0.6957172655361001,0
0.009724529602682778,0.024290854,0.2906538257828192,0
0.021277089803792094,0.03874074,0.8953269278268521,0
0.01901736703000894,0.055321485,0.5360428169974708,0
0.015608634855979159,0.06285832,0.4733724535101469,0
0.03706520850917722,0.05228768,1.4107058619988464,0
0.02934934816792231,0.056799926,1.0334085624434888,0
0.032790253245124606,0.029340114,1.687513538121611,0
0.03168709525349661,0.13271682,0.934707356757337,0
0.02124940448505689,0.042311277,0.9172132079609809,0
0.032963755326572114,0.022667747,1.6003425520213561,0
0.03796136380928155,0.042063683,1.6248951743229916,0
0.03364222928418997,0.043357957,0.9340960644465774,0
0.0216292434049849,0.057842307,0.8908600935033038,0
0.012598197777695962,0.01095405,0.5820641379547781,0
0.026135532080182447,0.049306,1.017143334152998,0
0.023143249616668707,0.0639146,0.7919998175973937,0
0.03310472745933917,0.0700416,1.3784697091834568,0
0.009000832472985842,0.024454735,0.2052612866083242,0
0.01626983046486475,0.031440705,0.5192393551307231,0
0.038058054702607286,0.04128418,1.5867500649092974,0
0.03369971194033883,0.017176148,1.7720081455263863,0
0.027496215267759878,0.09738105,0.7215162822617853,0
0.021648050623052906,0.023589933,0.9052733719535947,0
0.022450709375356568,0.039139718,0.7327299214271705,0
0.027028153133517984,0.0791732,0.6736145706690675,0
0.039181877208339405,0.085796475,1.7468438948427258,0
0.018210259114796512,0.040084127,0.5798287838720446,0
0.016074980484125923,0.05390264,0.3210629065326618,0
0.03829946669754962,0.1034701,0.5733513308901752,0
0.030965842804421634,0.07221005,1.3077409172983028,0
0.03673134483646212,0.10197717,1.4762155729581277,0
0.07130945102096976,0.1342904,3.3109409774025957,0
0.033988685820345074,0.031344704,1.6769214450686012,0
0.01865107107085967,0.06437932,0.5055044920657574,0
0.043295189027060955,0.04918374,1.609252131778199,0
0.03278128844777453,0.10668799,1.2366547585586296,0
0.017032345531628135,0.028680988,0.7797219096428306,0
0.032251413434819076,0.107729755,0.8545317699330168,0
0.019188285033590442,0.03684781,0.8191580432405706,0
0.024645912694308065,0.021623904,0.9473341778403633,0
0.0265139428549195,0.012506442,1.3359111428955368,0
0.03307035618093619,0.023364024,1.6933603794716459,0
0.05329312297914837,0.26494625,0.9431937931383353,0
0.019401720106711408,0.036212686,0.6914271379289302,0
0.040015761975998126,0.06562449,1.7992753058061532,0
0.020409825966879354,0.018234001,0.9859683163566011,0
0.03199961802092415,0.08639966,1.322960963282761,0
0.02531082589276336,0.018869486,1.302549270581242,0
0.009713797623044662,0.010804194,0.3672512556833935,0
0.03420610953854614,0.12462644,0.5364982564330064,0
0.021909766755438934,0.027014816,0.82841659133744,0
0.032105828489052975,0.090336554,0.5923272832911196,0
0.05674113454894186,0.15535249,2.3465724971630473,0
0.043710184733781195,0.12199133,1.7341661129595476,0
0.01699965930010598,0.06417012,0.5097968451071789,0
0.02409422276908726,0.16981521,0.28120191390013693,0
0.017502748130883074,0.06272119,0.2920581260132056,0
0.015117725015736947,0.022038292,0.4488604826044674,0
0.013625732677188222,0.01923887,0.5404402686444186,0
0.02842685631836362,0.026073292,1.4625743965845066,0
0.011693952877974813,0.017604606,0.33344763643758185,0
0.01764165855772689,0.051246654,0.6590821262208445,0
0.017732452539025473,0.022114476,0.6325223644100026,0
0.044110396247888664,0.0646108,1.2747262796076373,0
0.025012783497069365,0.04309243,1.1520683258093753,0
0.018564570879035035,0.023677621,0.7886841684719266,0
0.17959180804483063,0.08160022,8.464684363439735,0
0.010671192375806193,0.025473421,0.40442200095426856,0
0.02239675647060815,0.0403283,0.9875391202328917,0
0.017215317029652018,0.050862778,0.5673403737178756,0
0.014337444831987964,0.010283674,0.736347155226349,0
0.04216463237327473,0.043312624,2.1086168688951936,0
0.02936982312311466,0.026983632,1.3459023536611459,0
0.012808314170258593,0.05875825,0.26712665042503914,0
0.02812651375828006,0.05162202,0.7210859723866686,0
0.042530767226084544,0.100359134,1.8281854861711997,0
0.028290220833289012,0.13037494,0.4887099238888953,0
0.02640315540102981,0.048560783,1.0663315472490833,0
0.026047285295553023,0.033668946,0.6845676956658262,0
0.015270506097913649,0.0089717265,0.7439700081575507,0
0.02956512021643199,0.015112434,1.507183272075463,0
0.017575596050850035,0.033656444,0.7098029468256533,0
0.04028249599062504,0.15241951,1.3990145593568641,0
0.06997210263530519,0.05314251,3.577803357430738,0
0.015799402277491027,0.038589183,0.468084337447175,0
0.04230785576617589,0.017639276,2.318423948955981,0
0.01169891481104385,0.015097882,0.513441668502891,0
0.11493500692361693,0.009064967,6.4696901701525835,0
0.021484143905534984,0.047961354,0.6834115922717007,0
0.0291540038164315,0.035681,1.259343488185101,0
0.02037301756401949,0.045222506,0.6179487741073413,0
0.01869886311966302,0.020287696,0.7681337138312793,0
0.04751668200575307,0.12315177,0.42145771958671396,0
0.02602968494748068,0.1011544,0.5129329803259091,0
0.01590403930500218,0.04591704,0.5776289205401746,0
0.018811288206283017,0.07535757,0.51878664010143,0
0.013906516055025008,0.02851037,0.5115983731417414,0
0.016225305478844165,0.055985935,0.18334805594110595,0
0.01306708640027769,0.042428765,0.31710130716835466,0
0.031024783506558868,0.09197651,0.7477116743938195,0
0.010194458147620931,0.03202234,0.2225033952879944,0
0.042561052617990126,0.044281542,1.5367014372915824,0
0.035351427025099524,0.19819997,0.7490675791830512,0
0.025846395564653697,0.01913758,1.0241732546192133,0
0.02992247651342703,0.024745686,1.1028556781029644,0
0.03789194983909612,0.020907162,2.036381125067019,0
0.04223703819902489,0.037008166,2.1118242383995507,0
0.018098531307700585,0.01896035,0.7648670224599134,0
0.0482397447250442,0.039979186,2.529204668391647,0
0.023671435173544364,0.08303664,0.8740157645601158,0
0.03977312553679209,0.11559892,1.463453693057023,0
0.01860383116531395,0.025758917,0.656452128299525,0
0.049830583505384114,0.25924173,1.3690322115626443,0
0.009051693284452005,0.009007046,0.35077792688889686,0
0.016821068689291792,0.032499544,0.7028884429479905,0
0.026768878541686917,0.08848686,0.8238526937459004,0
0.018775063320874013,0.013314889,0.8400714989500199,0
0.011182634314908447,0.007984744,0.521580961525072,0
0.03013965211522462,0.041319046,1.4620243786894596,0
0.014669154667290903,0.040920693,0.41902831103640814,0
0.039876169147508495,0.0545537,1.9503053474220307,0
0.01773282770954946,0.043021575,0.7202857775165046,0
0.030270670305097815,0.04088799,1.4775511974764073,0
0.025797075544352968,0.041608546,1.2307911477645297,0
0.014567698564762888,0.025893327,0.5810899084516746,0
0.01724250550290965,0.048236564,0.26782774210186433,0
0.025519221122096817,0.060762584,0.714765424671681,0
0.030051210688311795,0.04368076,1.3577655025695974,0
0.02316133734657694,0.039014623,0.9944882488421235,0
0.03548258517158111,0.036199443,1.8135395139305595,0
0.023771686983392458,0.06280383,0.9498635778139277,0
0.021780239612417242,0.037486237,0.9830839193269366,0
0.021776361589825963,0.035961915,0.3821221482263546,0
0.03452148025714983,0.053888638,1.6548812341220147,0
0.02349189223371015,0.023250569,1.0781204525067165,0
0.020848707958519105,0.08324046,0.6955678267377579,0
0.015763290886428548,0.010601556,0.8138003754735055,0
0.00798121076376732,0.0048211175,0.39721861197491926,0
0.0211444764898836,0.0674764,0.7872695485877373,0
0.03642509773795616,0.027719073,1.4458520567480797,0
0.05172417635518811,0.07428953,2.4419065784875222,0
0.028745946807208805,0.035338163,0.9276337301805924,0
0.028433537029012086,0.07415071,1.077445528221263,0
0.05170768699399845,0.08655124,2.428352104537881,0
0.011008098578501144,0.04111578,0.23916736320714874,0
0.009910596195521319,0.023744034,0.3035371891445982,0
0.019232500786882264,0.05206205,0.30887740131304137,0
0.03903305138219926,0.0888242,1.362231593021783,0
0.015123342157312245,0.04238564,0.5002075694693571,0
0.022836581724768983,0.09743501,0.5811421053265563,0
0.02790543836197329,0.044191755,0.8065889538344672,0
0.01630845510933596,0.02022157,0.5426491826421637,0
0.02941607626612839,0.102495685,1.0750753710765864,0
0.03937473536240192,0.049661804,1.8267575812354058,0
0.03672202453416411,0.07290085,1.5921789196428422,0
0.0248631824944825,0.059763473,1.0339663854355905,0
0.01711557278165255,0.03283155,0.3919672855533858,0
0.035045516081490855,0.08529308,1.3563951735884137,0
0.06514513603614425,0.035618376,3.5140182927434833,0
0.06720406157431111,0.09543972,3.2405717073593174,0
0.019732563218237038,0.03285326,0.5716701541091376,0
0.021775834158234628,0.047727704,0.6785533546996836,0
0.028460200583591163,0.054681227,0.23997643857892514,0
0.03212141297193871,0.121258445,1.043008602438363,0
0.012808273869497934,0.037242416,0.27742170530898264,0
0.020558818933032845,0.016053222,0.8145662121312846,0
0.035892274993678946,0.0666378,1.046116192583497,0
0.02960289193197685,0.03522259,1.4529350586565921,0
0.026133422592007134,0.066547856,1.1075098293641539,0
0.027641106876940005,0.04908403,0.8766709758130536,0
0.01644933811013545,0.03073065,0.7383971999840356,0
0.018682981296401106,0.036757115,0.35605180715962614,0
0.028894209866653288,0.061725564,0.3496604144376904,0
0.028680322220749663,0.087202,0.4900102305071974,0
0.013013841155994682,0.035970736,0.18142399380089755,0
0.06724370724160438,0.027627425,3.6536836376797512,0
0.014472066580716056,0.037105173,0.5289793504509178,0
0.01153651935643606,0.008731667,0.5246367865576389,0
0.015608616553128259,0.045036398,0.1260677581222604,0
0.02733631637692932,0.024279201,0.993725140578987,0
0.030870522004261117,0.08931417,0.5018210742200574,0
0.03657656567643149,0.053477865,0.7590132209455114,0
0.02343224698236295,0.032602496,0.8543140110788113,0
0.008273157559484153,0.006763157,0.3884491618754282,0
0.022968137724990935,0.063431524,0.6295040697431799,0
0.018867971949179066,0.009774264,1.004329424566931,0
0.016175227550857346,0.0089978315,0.8430675293169838,0
0.016387816370094774,0.07732273,0.4725218697860109,0
0.02229050362060125,0.04035521,0.9396874216755556,0
0.014407215381348225,0.04047801,0.5029066803691825,0
0.020245537726195695,0.053533223,0.7933360560255879,0
0.028680496185547716,0.12728997,0.5620015339062643,0
0.024060165250116547,0.03972771,0.5023790748866992,0
0.022145825639509807,0.035161182,0.718031492077086,0
0.05218712859279415,0.090290405,2.1991263934681693,0
0.016851327269111958,0.07637626,0.46275566180420613,0
0.018526434731830126,0.06177097,0.3739528475157957,0
0.029911750103424287,0.0402299,1.3053578525877012,0
0.00574121144537329,0.010552064,0.2564004242242948,0
0.029295886124207374,0.06748575,1.2597466277181866,0
0.04263161381057321,0.16801362,1.1580889239895624,0
0.019710280562335467,0.027052943,0.719500510295407,0
0.03767030190368696,0.10325982,1.4987726181513072,0
0.01352166435054101,0.01817368,0.5401309349864788,0
0.01683621836971757,0.02111163,0.7925548513024094,0
0.008612684521586773,0.017592097,0.22420822126381762,0
0.01151413260272819,0.036544856,0.23506177364579178,0
0.03765832701158371,0.08067042,0.6436980907359183,0
0.015906904515473868,0.045087833,0.45205786680457316,0
0.019642098977429988,0.113310896,0.41361396107593046,0
0.028860087227790276,0.069165014,1.0079975408349888,0
0.03710576022975243,0.14983922,0.8306670453195611,0
0.012126469736850057,0.010946776,0.5287442194010811,0
0.029821188604942577,0.055108055,1.3043785385403095,0
0.017827998762545684,0.017651837,0.8641066771035322,0
0.04478531475801378,0.06846997,2.161280017103859,0
0.04267350743773172,0.11792585,1.516241469203352,0
0.013200596438487745,0.07599891,0.18122426186953505,0
0.01740743322342355,0.07229336,0.5830294619058962,0
0.03102168220839113,0.04120157,1.4967694763486559,0
0.027401302653978887,0.0465007,0.7746690468738298,0
0.02827422676216203,0.030845312,1.398709687222345,0
0.024908410961062957,0.032279383,0.8659757588345612,0
0.03694455920624372,0.08515193,1.2959672642292446,0
0.051120115770713764,0.12113062,2.2312860566928516,0
0.01201392374038652,0.010449377,0.5785648882068548,0
0.05172983604928272,0.054876868,2.6297368100252387,0
0.019258813382611553,0.07685273,0.5944483540698157,0
0.01668775878291929,0.009960735,0.8626894739210892,0
0.010880836031713881,0.011445399,0.5124918706308379,0
0.03184184427718656,0.05797617,1.439865052786467,0
0.019215830955989985,0.07232247,0.6828722483130312,0
0.01799834809191594,0.042618126,0.40458930288136485,0
0.01950282850976358,0.0518828,0.6596629601223577,0
0.016082787728061845,0.0290017,0.6068085109517213,0
0.02143340578185944,0.10510694,0.5319324761904163,0
0.012363077887648309,0.00826174,0.5278242151933077,0
0.010142165939511956,0.017469164,0.4782768132029185,0
0.021272427837057684,0.022868387,0.8558471404947412,0
0.020790228768385693,0.025547784,0.9333058448627218,0
0.05288565560715776,0.10587181,2.2286802308992995,0
0.01806534091745073,0.047033295,0.2801988047814028,0
0.01725070050043527,0.06979308,0.36010676270581005,0
0.016596204668876107,0.023937145,0.6858473395651118,0
0.034830249029625934,0.05178185,0.9824400627323254,0
0.021331639165989617,0.03437617,0.7611173888884838,0
0.019637762732002913,0.10117475,0.26002963327709094,0
0.026276331708134638,0.02872385,1.3173440593139705,0
0.05787078046751018,0.049358565,2.7232911042734695,0
0.027597966863544602,0.068395846,1.0633767988282006,0
0.04370392915220554,0.05837435,1.7594518532190873,0
0.03888484686672519,0.053189833,1.6681924575750577,0
0.026265033466016892,0.02696733,1.0703664655765126,0
0.04418627743116592,0.045954373,2.2089238718870914,0
0.007718437584593866,0.015544007,0.207401002031644,0
0.08471702686549412,0.19482608,3.7284017095303317,0
0.028862681308376544,0.027702471,1.3737799107142743,0
0.028950140651817252,0.097929165,0.9542962525208534,0
0.010336216078056792,0.05216369,0.2555366403801164,0
0.017248992400041106,0.0053650676,0.9103270289066725,0
0.012451240545632021,0.013117068,0.3947051453859428,0
0.020888921283493563,0.048212066,0.27681809232522925,0
0.0460799548015054,0.024708781,2.362000262296109,0
0.032326145679633586,0.09932934,0.5665986961108292,0
0.015088697681787317,0.01164912,0.7059266788870785,0
0.053581574535855526,0.09716714,0.8579435607790394,0
0.023113987590793545,0.018966552,1.0195357577826303,0
0.03405876737215848,0.11107893,1.2262054522714134,0
0.020880745223915895,0.03213226,0.9309792478604687,0
0.02693804120329676,0.09925066,0.8493497378816364,0
0.03322966409331295,0.095241226,1.2789064519569813,0
0.03694698443463343,0.086238615,1.5048531823977573,0
0.039643353838013075,0.09641872,1.3768304965617897,0
0.01818239493203023,0.02896625,0.8665267913218849,0
0.014442545763790733,0.03272763,0.6178855357359245,0
0.03614588972538185,0.05497857,1.661612592874242,0
0.026311899042226892,0.065686435,0.692737127357964,0
0.050198779000931004,0.14956897,1.5589536737464107,0
0.04896415992318838,0.044793468,2.4582732550433084,0
0.04049450191957839,0.081022166,1.5299855515347063,0
0.1102035902735863,0.06456695,5.2261304509063935,0
0.03887770077703318,0.008942315,2.156713977671087,0
0.01541098778801751,0.043758325,0.4931250978803968,0
0.01599039731740998,0.031368054,0.55705794941779,0
0.0212544430241765,0.03626803,0.9278726034271849,0
0.03877579381988831,0.09605113,1.612432723924221,0
0.018326735059280903,0.026396003,0.45267024992639526,0
0.028922602612552438,0.115699776,0.8702001489676395,0
0.011529013015145827,0.025353743,0.3480909574842193,0
0.021128400556550346,0.0039099827,1.1553460869724281,0
0.010870153632913713,0.023781205,0.3279767507484012,0
0.018359053140246145,0.04413908,0.60271281872973,0
0.03160891454238263,0.020608641,1.6710709370010859,0
0.017647440727214303,0.017726233,0.8602776242726208,0
0.04182765826428353,0.048708353,1.789113949360323,0
0.014254616287829935,0.044099938,0.27790960207054166,0
0.03233303668071642,0.083742164,1.371989158240032,0
0.021809472883628007,0.03024817,0.8823486868403697,0
0.026190755980829546,0.039281663,1.0069737273896981,0
0.01717773477790388,0.043619275,0.6665788529789949,0
0.045974540239347425,0.08604018,2.0285533072082664,0
0.0224298629671826,0.02595193,0.6494387708313575,0
0.015487709062321301,0.02346977,0.6988567237986494,0
0.02101630069263576,0.021846866,0.9990181813455923,0
0.02006442401364989,0.036900043,0.4360201861242046,0
0.024356347307811648,0.04242274,0.9305826337729901,0
0.018028012330822664,0.040100046,0.7255245098601791,0
0.05477601565476277,0.15791722,2.1719293441097194,0
0.017020498228031228,0.010471171,0.8064973346614617,0
0.00882350947149803,0.027451314,0.2064703302468197,0
0.038403474285300374,0.08700944,1.6884797269802514,0
0.0251353308191392,0.039557617,0.9624605234201347,0
0.09027726483900735,0.12577985,3.967683836836398,0
0.026104239036165985,0.033484846,1.1967901079163217,0
0.01556095042810399,0.030779725,0.6447877493215148,0
0.008620941491279304,0.012548544,0.3634756905923186,0
0.03699613997944456,0.021199219,1.6037672009868602,0
0.03466436515851465,0.051475875,1.6242861218190292,0
0.01878737562067747,0.15047212,0.18468703274213627,0
0.02352785328154522,0.022506423,1.1390561922855449,0
0.020436014743458242,0.03314369,0.5370533852908668,0
0.03932735176487779,0.07129708,0.6858993580976349,0
0.07882046056218678,0.18455327,3.281845656727427,0
0.020580482559668697,0.09036849,0.44721618122502227,0
0.03910774115901078,0.08320135,1.7242666524167523,0
0.023748833924398312,0.13892709,0.45861722761975376,0
0.022436528334148165,0.05052892,0.8990711597510955,0
0.026325664931043834,0.04108809,0.9260798153838979,0
0.028379078268082603,0.014264816,1.5372460644955868,0
0.023283771810313207,0.007910568,1.1903517942535027,0
0.031641875564203,0.06645185,1.1226210541713006,0
0.04405612369775134,0.086658195,1.9286299300820724,0
0.011598480038837183,0.020012556,0.44953506940752164,0
0.01247457451118593,0.02071058,0.48438404334112123,0
0.02613254539913129,0.053390082,0.55368656166928,0
0.02938860701210695,0.12933536,0.6973943573436828,0
0.01713857307472296,0.034217622,0.46378050155379075,0
0.03391767888644222,0.04522402,1.664562051561054,0
0.039189022672156085,0.03648833,1.7675398153706692,0
0.019359827385260393,0.023611927,0.9463542521179136,0
0.033693787318180735,0.05409003,1.092548183190307,0
0.014914395247123288,0.053840127,0.19939488405791353,0
0.021182845728550413,0.043290332,0.8744830685017866,0
0.03064104418960113,0.09689317,1.111353029326185,0
0.027539049018297297,0.046392653,0.9024521763023087,0
0.03221376329016107,0.07481494,0.5431750067490465,0
0.03736785100922573,0.087898016,1.5952265125549066,0
0.011035476951955139,0.021856474,0.4669586705951351,0
0.036497357894668195,0.08273174,0.2068531134175905,0
0.05161459546538165,0.13229148,2.0822021585398356,0
0.02625905398878902,0.11776266,0.696368763268593,0
0.039675292747699514,0.14408375,1.3259817201808495,0
0.0211385233088174,0.030991146,0.4828945116854703,0
0.021794994427851353,0.016650923,1.0620783847909612,0
0.019992377627814244,0.042469982,0.6808825629720875,0
0.010181926523428697,0.025022097,0.23394064155429867,0
0.009324123833563198,0.0097916825,0.362401792265256,0
0.014295702716074802,0.01581943,0.5593382468996584,0
0.0098004140134012,0.023465978,0.35860334992213616,0
0.04462425116384484,0.10835181,0.7290290370269956,0
0.041373533172488305,0.11513705,1.4702885573792506,0
0.0174761324216975,0.037502035,0.5674664331183181,0
0.019794412294302753,0.034104906,0.7197407280132359,0
0.02807177180826617,0.11918953,0.7121519931045381,0
0.010632862420526287,0.041308206,0.3098040186476367,0
0.01208744843322921,0.02208263,0.4024181201602453,0
0.016518604057427135,0.029318068,0.43474426477249967,0
0.023950552400777012,0.026274871,0.9579162790387197,0
0.008434352519049407,0.013214075,0.33061751100794573,0
0.009349812481052775,0.014155926,0.36038357676449023,0
0.0138077838802751,0.0312595,0.31267608433860883,0
0.03479545356701938,0.043692295,1.6127342232414756,0
0.013936778277429892,0.022672486,0.23726453556834817,0
0.020685011231456683,0.013929287,1.009539508779753,0
0.03126933246124759,0.0692621,1.3400088407020592,0
0.03577576651097207,0.09452963,1.3867761980270201,0
0.03824135237146309,0.08688076,0.6580900844343143,0
0.02299017004733612,0.061933506,0.7522131153239282,0
0.025693687728592908,0.11091332,0.7936620119160267,0
0.023242821820275074,0.022809403,1.152080845372637,0
0.04298599513948994,0.04496553,2.049348572305195,0
0.031541042424999256,0.08283146,1.280396782682352,0
0.04181186165391038,0.051467072,2.0239152834178844,0
0.023690776992236512,0.055840883,0.663553576873702,0
0.03735646549640806,0.071202904,1.0486460616261755,0
0.021437912351423196,0.05716607,0.4806224352077881,0
0.01887091179721164,0.042651124,0.7220094656213317,0
0.012478352279858478,0.016325464,0.6090318259644827,0
0.024284916775714344,0.030343784,0.8308425045786683,0
0.01858149969630261,0.017133731,0.863056253613143,0
0.017610042276296572,0.051458493,0.4903278567286253,0
0.04391680104006544,0.14632283,1.672284896276653,0
0.031537402788329685,0.018248793,1.5531330915035269,0
0.1078967583644953,0.10608672,5.563815275519926,0
0.04349913597048357,0.11400607,1.682474020208138,0
0.018295144517971804,0.017132135,0.8284190286302051,0
0.01478520825066089,0.017989224,0.4950230814197101,0
0.011068303618187631,0.04828803,0.27812975946542223,0
0.03371549377993409,0.046312347,1.2269660465001986,0
0.02483474435556946,0.05886589,1.0835185157160545,0
0.029404356466989745,0.06323818,1.2943592059750455,0
0.022493999170919134,0.07272696,0.7419972108880611,0
0.06528214513795749,0.10732532,1.0434781801378115,0
0.008003261237282896,0.013668041,0.35553290775862056,0
0.024693859309454662,0.061988063,0.9966559495936952,0
0.024888876179826915,0.06134969,0.6254147720902657,0
0.017618897738838422,0.012611091,0.8405364272107062,0
0.014657059789455182,0.024035824,0.4463037496147071,0
0.021007064354506312,0.08646677,0.5864210241635317,0
0.026584260531648876,0.08735928,0.9364286144909416,0
0.01592766015155673,0.013529038,0.7084357244691741,0
0.013492994304397729,0.054721467,0.3446655830281915,0
0.00435693676855373,0.0035504666,0.20342702494503317,0
0.07381084964871307,0.08497714,3.4281477345989386,0
0.048969143862133205,0.0892151,1.6878871185947968,0
0.02154251202088483,0.041833144,0.7128639702374886,0
0.019943770168606618,0.030080184,0.8056147912723941,0
0.0883185080128722,0.18009266,3.9779954413404948,0
0.03837924875139998,0.10736534,1.1775078873819054,0
0.02878030636375227,0.026542434,1.482459590364006,0
0.015225724820899527,0.031788476,0.514085956132317,0
0.017529974135602387,0.02746138,0.6816849171852734,0
0.012727363707136936,0.02193801,0.5492345728106455,0
0.0772190416452144,0.16116178,0.4682258293046264,0
0.019112481161594943,0.053869262,0.39580307957000066,0
0.030479951330303467,0.021089258,1.2828210789567107,0
0.03173945726972682,0.05257969,1.5032167268850314,0
0.02763747553111083,0.013687117,1.26673285388461,0
0.031162245336173382,0.03004654,1.5932021162868526,0
0.01496331601495293,0.06182225,0.4732361789938878,0
0.03202685748049604,0.08759432,0.7910731696430207,0
0.04045120638037971,0.057031415,1.9682180002243388,0
0.021037369762256664,0.0147752045,1.0743531797318742,0
0.0250138143775164,0.019200958,1.239185368935339,0
0.009776763180307117,0.009172457,0.3738794207873141,0
0.039551492240830974,0.17110628,1.1913690552749758,0
0.017625349410978534,0.026456494,0.5420654143491641,0
0.00866716811449007,0.012507852,0.369851830062545,0
0.029558681846503405,0.045895886,0.8914395761168795,0
0.03625604583764618,0.0398716,1.305673944866383,0
0.047447992781936496,0.08255221,0.9580439712500574,0
0.017627345838352855,0.040673103,0.5487207745591619,0
0.030704784417118425,0.035947137,1.5429288866085786,0
0.026747860132067282,0.019430809,1.4075454606172983,0
0.014324380474666156,0.011219263,0.6531535236423304,0
0.006825188710406714,0.011215869,0.21618316185857545,0
0.04098735803629239,0.05053403,1.1268685458176422,0
0.017742676014134335,0.03635232,0.6805796753450051,0
0.022566420976381195,0.047500342,1.017063166586975,0
0.01738380786191243,0.04749103,0.6649438651926539,0
0.0254733512263709,0.06737851,1.0201695466994793,0
0.01593646113493985,0.03353237,0.6517401909423498,0
0.030197937143346124,0.0682656,1.3255880188288522,0
0.01758312760863707,0.032137997,0.3922147824069861,0
0.032542405608224946,0.06901238,0.9386472820308049,0
0.03928715345566301,0.077523336,1.6519558925289974,0
0.023484078063628303,0.040001772,0.7534325012218698,0
0.026685771064582448,0.10060904,0.7958253873972139,0
0.03040477840316424,0.069084875,1.282651214505165,0
0.014908665785110516,0.011476184,0.7142825467758006,0
0.02227590567706793,0.03616344,0.9560595493332411,0
0.014955379157397208,0.026695218,0.47211895556471,0
0.029427621406629637,0.07319604,0.8241534042086793,0
0.010130340259787245,0.03135599,0.30574442840119864,0
0.014110818973664431,0.034230396,0.3305971909205246,0
0.02236671039621512,0.017785031,1.1395185678314352,0
0.035396041817787105,0.048833124,1.257458930620024,0
0.017752961913685528,0.077151075,0.5151579311473183,0
0.023907524415907388,0.031300724,1.064353787748095,0
0.01639966933121224,0.06289602,0.26853709735683967,0
0.024769735713603795,0.051597316,0.9962770164929793,0
0.01559649815174387,0.025207255,0.4729273072998973,0
0.025410248518740238,0.057193607,0.9999046680421215,0
0.03366922805521795,0.079905614,1.4100029796696378,0
0.015369102523312802,0.037825778,0.5150248209001127,0
0.02147974813165606,0.01365704,1.1335899046805646,0
0.010032377033771578,0.029759564,0.3350892842683597,0
0.019969821932215245,0.078405015,0.4899370478176265,0
0.03791873060489447,0.122795604,1.378848118645582,0
0.10755574576857771,0.18477668,1.8708689959909908,0
0.027721949321910796,0.046146635,0.6495126999073467,0
0.03308656132388102,0.03166245,1.5537504398393591,0
0.023094781326069538,0.024173005,1.0883572470676237,0
0.02034789495095064,0.04252433,0.8673296955434796,0
0.03292837383225074,0.06802721,1.4065978014154352,0
0.04147175310256944,0.19648361,1.1254735459538958,0
0.058701701108077035,0.026683785,3.1759278736629337,0
0.01813600314730831,0.0690504,0.5840856065324979,0
0.02289103158474291,0.040827654,0.33439667062956063,0
0.01976070131322673,0.078561746,0.5721149728168948,0
0.016613333645623188,0.024858827,0.8068221479689028,0
0.014258480971949986,0.02266181,0.5347747498927662,0
0.016563564728132245,0.022883775,0.7498269024224657,0
0.025986002489429616,0.09207118,0.48815264408918274,0
0.03779235987023466,0.10152144,1.4417406849843857,0
0.028291157578484407,0.05390754,1.01586914392223,0
0.027365756204550035,0.063127175,0.8925578606481701,0
0.018476034585327872,0.03663446,0.7761010859078175,0
0.09097208953210423,0.58584577,1.5031052883854181,0
0.025176035218562202,0.03292568,1.2446723081172422,0
0.034888705928707894,0.110018186,1.1217122418896603,0
0.053069258728935635,0.11623848,0.5275633134181301,0
0.016577155427311793,0.040972896,0.6224346110711372,0
0.016185130646020812,0.042029243,0.5790380755023009,0
0.02413279495366214,0.036948532,0.9183209227612865,0
0.05813860722432344,0.08740737,2.743895852823014,0
0.018984070593545423,0.03337032,0.8312823981958375,0
0.04236921452754874,0.027660446,2.2645548322528612,0
0.026985262548140772,0.026879817,1.368105675351095,0
0.03660079247960118,0.065929025,1.5397650656827053,0
0.01456637153253747,0.035727415,0.18563346064130928,0
0.04422379297275222,0.04587513,2.256138515343055,0
0.013220177621249298,0.021800721,0.5673034599865135,0
0.024325681837440882,0.039969,1.1365519882085744,0
0.020238431517421846,0.07898948,0.4343059759015797,0
0.024464920566879537,0.04941965,0.6955194669746025,0
0.02700761892074812,0.09698637,0.9720698013720218,0
0.015474704948016487,0.06863364,0.34280265432788903,0
0.027344623760311316,0.07089768,0.9411978367700686,0
0.027475881324541897,0.03780289,1.2452189608535909,0
0.01579318953077084,0.05679523,0.5170970339626294,0
0.01462917908104601,0.017405981,0.6702659362349987,0
0.0271311621239715,0.023870274,1.3662263315479781,0
0.019122150781659422,0.07856305,0.4718690114102066,0
0.039921238308523496,0.04357392,1.578308173261118,0
0.026572573530166992,0.039360393,1.0725865774481453,0
0.02941867341433028,0.042634785,1.32032620876432,0
0.010035903121611544,0.04311314,0.22603624858649293,0
0.014050072285891467,0.03312786,0.42838427505794374,0
0.04043142001881016,0.03905435,2.0269636598530596,0
0.04665366760332507,0.08818351,0.9556302375654878,0
0.02628662403328326,0.04171676,1.043401716236039,0
0.01914980130211332,0.03952306,0.8659222625035555,0
0.015775785820776586,0.012852609,0.7251634009092903,0
0.04912641033279088,0.10875442,2.068252647475054,0
0.05219960354946194,0.1570754,1.8932397269650816,0
0.03463412629634062,0.061350405,0.7883696726595496,0
0.06485975412320427,0.12990981,1.357932677776246,0
0.026840610846530173,0.022426885,1.1074418799914805,0
0.02678335898922899,0.0333548,1.3387548559494522,0
0.026258812969881563,0.05456457,0.551064450538371,0
0.028427424251923426,0.07827874,0.6722267041346283,0
0.035956298945929444,0.012316202,1.9303306016631772,0
0.018472725771512655,0.041100234,0.366839709380885,0
0.018245920156026347,0.030571822,0.5957138162674102,0
0.01268003243923519,0.052518338,0.37020373205494694,0
0.02529314066329387,0.045754347,1.121385686789014,0
0.04564204789632773,0.16751271,1.5903328024869643,0
0.03440780023872987,0.024662472,1.3454836170354687,0
0.013675146478983966,0.016369699,0.637980461453781,0
0.044503047385797946,0.121537566,1.8010654034440914,0
0.032224913719718654,0.033370763,1.239196932805333,0
0.03226713693111414,0.06580241,0.9312057113449773,0
0.037833799793076106,0.11362094,1.2029309528722016,0
0.03360158874375409,0.0523269,0.6070108209885814,0
0.014845324824292341,0.0063618985,0.8010729520727117,0
0.024548624196847862,0.10218411,0.8197977518434496,0
0.026736274162882722,0.03878367,1.0705923871778371,0
0.04460189711069018,0.049992908,2.1373372319066255,0
0.023564200814699707,0.013521491,1.098708923715802,0
0.009011334477996995,0.012992304,0.32165752536821546,0
0.03050760528867118,0.1473136,0.8914589881350654,0
0.030485481852181206,0.06802568,1.076225964710589,0
0.027880445104669253,0.023868578,1.3050772473676857,0
0.027902525736884495,0.0067890338,1.553959210074842,0
0.01942644375578119,0.11376027,0.4323745147176345,0
0.03380077731848269,0.12928773,1.0775021109097342,0
0.016202272801965185,0.03285067,0.6940625298791963,0
0.03984395091291361,0.07758286,1.6217100922542735,0
0.026653060331229984,0.06993896,0.27483441195215674,0
0.014880466567649213,0.014016738,0.5816843796174278,0
0.01624877425119058,0.042431027,0.6489024690620058,0
0.025480921851215678,0.08466086,0.8766361306585837,0
0.06494175955784781,0.11980092,3.0237307412654717,0
0.018453408525694992,0.07851587,0.27160799676247455,0
0.024876533727870805,0.028811874,1.20956097220114,0
0.024646296016707696,0.049856514,0.6387474365231043,0
0.01569631735116723,0.01916304,0.6127775409381028,0
0.016799166430349625,0.04562412,0.5448666872731253,0
0.026687276680640738,0.059057005,0.348214844141682,0
0.02840185082607358,0.08874626,1.0839319240168306,0
0.01578349428274055,0.0148770865,0.6117943681583805,0
0.012377736624167883,0.008527349,0.6039391668744412,0
0.020462415938092858,0.046751462,0.8135064427743905,0
0.015791148691805548,0.055070918,0.399340232611832,0
0.05734030109692715,0.19954601,2.108126227365697,0
0.008311954085293134,0.02065622,0.26693493133771373,0
0.09264513648457809,0.17203863,4.249502288208469,0
0.017770335419394455,0.03722567,0.47191961389175585,0
0.031675850669266904,0.12236807,0.744741825050919,0
0.014461588826751613,0.025140014,0.48267710305551276,0
0.024463424489280464,0.0172212,1.2908069038816563,0
0.032213498174492726,0.066210136,0.8208698655858914,0
0.01971050084415648,0.038244724,0.7691833076950185,0
0.034422470813163394,0.0781125,1.4414180747224261,0
0.01788597480595406,0.040951356,0.6840640006263471,0
0.019061721017370005,0.024008153,0.7532462066794797,0
0.02291313645008605,0.04655448,1.0323335168384424,0
0.032184671469462425,0.10695311,0.1596820240241442,0
0.02592290824797783,0.03142127,1.1655594707438295,0
0.03268845309080694,0.051367313,1.1436717538824162,0
0.020951597656395385,0.028400676,0.6000299138908484,0
0.017140013051257327,0.0398776,0.5492078206367037,0
0.013271374146230561,0.024187597,0.4379190184584569,0
0.024628649139511277,0.13066289,0.5905149783376344,0
0.038936223318818644,0.08636717,0.5112892554077794,0
0.02544505247423762,0.017056476,1.3052610528192172,0
0.023175997973521545,0.019558085,1.1051097646989743,0
0.04702357353761552,0.13448837,1.8886748177379746,0
0.02285492416480712,0.0329346,0.6065524391538878,0
0.022155922317430164,0.050243054,0.4674213513670496,0
0.029417246749606073,0.17598815,0.530180744149865,0
0.010151756674603605,0.018179327,0.21382367319851786,0
0.03112922602778267,0.029537609,1.1145311087362788,0
0.02883727614776245,0.02565659,1.2971328040534005,0
0.02143125906664423,0.038988363,0.44728055140457135,0
0.01646902611994406,0.043061435,0.1586240542458434,0
0.02455169614714629,0.083402395,0.6758052235592619,0
0.02031587367670433,0.029065352,0.7064749209442686,0
0.030434897021898322,0.10652949,0.941546637912003,0
0.008952894714587767,0.01961436,0.3357895486458903,0
0.018855575980439018,0.052726183,0.6348103770665774,0
0.025432417460689458,0.040343624,0.9919510045430974,0
0.01729143535200589,0.030842341,0.41621413678517405,0
0.047218526084556685,0.093731105,0.7007854302934272,0
0.0130227831511931,0.029623032,0.4284672346814695,0
0.021501973044432163,0.009577899,1.1536129480568402,0
0.009249423254495903,0.006639585,0.4666748679710285,0
0.01729343539311591,0.03369648,0.5922955879777568,0
0.03695061979580388,0.046042833,1.786136110633299,0
0.026236367233493804,0.08671566,0.7986938166232673,0
0.032447719474945805,0.14976329,0.8250517132780643,0
0.017905574314554924,0.062918775,0.5768806067199618,0
0.012920711236661438,0.015477572,0.6040452976517069,0
0.01838169330067521,0.0847391,0.49761299937820563,0
0.0324826883578129,0.07694167,0.7209716659780546,0
0.020144033082831577,0.020489782,1.000052810163897,0
0.019435124298874618,0.11443754,0.40917330457579343,0
0.011829181489978843,0.016266096,0.47097751699705204,0
0.017086379380112503,0.04220245,0.7271053420940022,0
0.030257393475628697,0.034979407,1.5277181959031252,0
0.06365053128715044,0.042392112,3.3688703760166896,0
0.019565318200433484,0.028889278,0.9539652350405365,0
0.011938166118429037,0.01624064,0.41336765164800354,0
0.024969228472139046,0.058343377,0.8189761228674725,0
0.02608794157426915,0.10315937,0.8621015662589911,0
0.03734653733877426,0.017346479,2.0021659614086946,0
0.010414802422263707,0.01245936,0.3961974331276599,0
0.3665232515458887,0.05046753,20.17970840021578,0
0.022707760506288983,0.11021058,0.5755993144954464,0
0.0226155873388052,0.13633317,0.0,0
0.003938383382614645,0.009135772,0.10405803642485956,0
0.031355262006203456,0.024135048,1.6525536225156368,0
0.01926761549176967,0.033234768,0.5304469838716134,0
0.00769153664059109,0.021015337,0.22488418289244597,0
0.033022604250648374,0.030779243,1.1943014422875815,0
0.022449436094923517,0.007600853,1.1906456843336917,0
0.015557963575002914,0.05451809,0.5128906808094159,0
0.015878598365531724,0.03368539,0.6537248584559908,0
0.01614678598263193,0.062413927,0.4669143694346435,0
0.03869625973387074,0.05292227,1.7690810274849784,0
0.014385753430502024,0.049558245,0.3720556721290594,0
0.043789428369533215,0.11612283,1.6500029321730134,0
0.03230671737508532,0.0716149,1.1775815831859795,0
0.008480328746305442,0.015228076,0.20710369700600278,0
0.013946614167857873,0.02837664,0.4332486072724165,0
0.0538669108553844,0.100710146,1.919578621958185,0
0.018223842894559743,0.049251404,0.3816233361148901,0
0.040456946170184964,0.04455568,1.9080921145597487,0
0.022222215493077013,0.034756444,1.0544975752175505,0
0.02134642234046708,0.06533942,0.7451518917518616,0
0.020519244499724185,0.05076814,0.7472939328043608,0
0.025536206637779675,0.087708324,0.6254091578163318,0
0.027376149229022845,0.053450234,0.29087099133481614,0
0.016970670999757805,0.029564755,0.2781928169567314,0
0.018850727884988747,0.010456394,0.9224726330347767,0
0.02085466605164676,0.02335182,1.0278242307364582,0
0.17057410461660713,0.045029636,9.27473571019262,0
0.01024544226913817,0.040555276,0.2073649898186452,0
0.036168710135023485,0.10824339,0.632539805877588,0
0.01994237867971744,0.050575655,0.7266485410326996,0
0.013224440696400802,0.030793218,0.40737994024620156,0
0.014296440127343265,0.03445839,0.2792007215726153,0
0.02662424737415618,0.090848655,0.9960311687980067,0
0.022272994189415942,0.045334753,0.9477476527521581,0
0.015968176856499858,0.043348506,0.6108583869747626,0
0.011794814958111507,0.054199096,0.18830031805894965,0
0.062377272692506994,0.10954044,0.8617467478907005,0
0.013746099963323497,0.021385737,0.44856813526693,0
0.02640664046564163,0.053867694,0.9901502351106234,0
0.02291756014564248,0.034326594,1.0820077434782296,0
0.05045891571776055,0.14323966,2.0490278934466035,0
0.03228278099964403,0.07864413,1.2902009712236944,0
0.039472707574158945,0.0667717,1.847018289473311,0
0.04314723472633536,0.11790303,1.7443220723642092,0
0.012169993320756972,0.024930105,0.44297775236565,0
0.03241054465235244,0.09541446,1.27170717630038,0
0.026785115797128736,0.05173774,1.1619306022563836,0
0.02010834588278646,0.06938616,0.5219689253087898,0
0.039942790255988396,0.02102078,1.8600396948769542,0
0.01641004442353914,0.031674482,0.44256237574287094,0
0.023983857808273907,0.0106641585,1.3087125487986369,0
0.022497146567607776,0.03344809,0.8375223418539501,0
0.02351198342680038,0.11597457,0.579820733486451,0
0.042822855772777474,0.1533432,1.5308645602353967,0
0.022994549825579993,0.045505606,0.9565444809625064,0
0.02638783575401931,0.09311134,0.8644256941283793,0
0.00807870679777112,0.024436645,0.31609072928348847,0
0.02184354521039853,0.016553324,1.1046336652812783,0
0.06376082289469728,0.06531029,2.755660219145313,0
0.022289250109825576,0.0153172845,1.156143042874893,0
0.032537737045337634,0.06132894,0.5389909913885275,0
0.04552456764982195,0.03143798,2.348018923053679,0
0.009191818988095162,0.0121123465,0.4088311239346018,0
0.020423143159892146,0.031488925,0.9793525698930394,0
0.04930971872236441,0.21530978,1.4821563497929149,0
0.027552946362692437,0.038950764,1.179269666695175,0
0.048900233736027365,0.1840468,0.6200154466725529,0
0.04744463368163709,0.14252877,1.6609040111470974,0
0.06761907335640406,0.032974135,3.6112153915463,0
0.012506252512433006,0.03840757,0.38318774687944324,0
0.010924419452154758,0.010679318,0.49807357962173837,0
0.03484235552717192,0.024838401,1.5056199734813638,0
0.01140429322128728,0.011583977,0.39458763786837053,0
0.04885033811191844,0.122850835,1.7062399061069937,0
0.02044491652913636,0.07182505,0.591066159438914,0
0.011729245763881326,0.012964879,0.3772610826963781,0
0.03583073698775879,0.024536451,1.8236881967263405,0
0.022223488406450352,0.051929682,0.7585631025208549,0
0.013609888881270548,0.028981403,0.48519913157221123,0
0.052149124939837296,0.10769027,2.303978115563467,0
0.015502673428251125,0.03155878,0.63374949916707,0
0.02135219889129953,0.09510467,0.6592550871970251,0
0.011939690586852528,0.028625146,0.43022770070040045,0
0.021355257598140047,0.022686817,0.878965611481643,0
0.04187902673355724,0.2579454,0.896826919378828,0
0.02190821296172167,0.048350237,0.5550969735066744,0
0.011710498818875141,0.026322672,0.3921289702371135,0
0.04651723573514294,0.22309402,1.3816288904795178,0
0.02069166635033662,0.072662465,0.22166661613913097,0
0.07425640136476609,0.026588993,4.100951143856438,0
0.013637440610551381,0.04954871,0.43758041039521706,0
0.009085413140050246,0.036472585,0.12313556158912856,0
0.0583033114771774,0.14755368,2.393407888937646,0
0.03572440462192521,0.07642905,1.598044972957929,0
0.020514041123024195,0.060498893,0.6906495687528328,0
0.02110933240465485,0.049916748,0.8251909630088621,0
0.017187251049079342,0.009960387,0.8670269635123032,0
0.0231677391024812,0.06284171,0.9008140364168395,0
0.03983338881794683,0.21636006,0.9620880435839508,0
0.031398112434809715,0.051637046,1.4699282938198501,0
0.02512513996723065,0.031425823,1.2290933878028136,0
0.021402044193258613,0.05570959,0.8019927799015943,0
0.03283298935363483,0.05164769,1.5465353679169322,0
0.0082881665285253,0.021430071,0.30081434010422675,0
0.02574617933170871,0.02687177,1.3038784998650856,0
0.024116232988116965,0.02582943,0.912056610756956,0
0.017215857866884152,0.013243542,0.7102301840260656,0
0.022787898503207688,0.051699463,0.8644630099079075,0
0.020984187105234142,0.06981703,0.461479988374729,0
0.03031256463577782,0.057185005,0.8881341637638188,0
0.016420182146440802,0.027241003,0.7349463014599964,0
0.02883253631352281,0.07977564,1.1527029120880448,0
0.033848006341579695,0.024908653,1.7277783698126274,0
0.018326638983180574,0.02156644,0.7952721565810515,0
0.018556344369811635,0.028075868,0.40562647464207385,0
0.02436248524945523,0.0682713,0.8367301017354276,0
0.015364878990007687,0.008151628,0.7404773733853899,0
0.027274285872164038,0.043055028,0.7834481221484412,0
0.05446423055533022,0.08535463,1.4380231324891157,0
0.013113473369345065,0.038581654,0.29225967590479,0
0.0037554465234279633,0.017823376,0.0,0
0.04289035045527356,0.07374261,1.9291801611704065,0
0.006023209009804622,0.009823808,0.2537580990667144,0
0.020051223901418107,0.08074007,0.5098964986913075,0
0.03341039278337561,0.05107222,1.5278315998695677,0
0.03283711171944578,0.049878918,1.5625675217935004,0
0.023378831265660534,0.05253117,0.911115801798174,0
0.04037584370021473,0.061634135,1.898024062792508,0
0.050691007413102285,0.12779959,2.1488515649507947,0
0.05362776270908285,0.14079733,2.067512335596552,0
0.014984137757699892,0.015093235,0.7082116112261229,0
0.05225549234500415,0.112228796,0.6114498291000715,0
0.014204398634420077,0.022704573,0.5868923766735413,0
0.01776704595018429,0.069964,0.5498931580081565,0
0.043679394353895146,0.09674731,1.9357471978217715,0
0.028951441914010435,0.06331728,0.41114366654664597,0
0.036656901930515746,0.068378985,1.6654150166669255,0
0.013370859288221886,0.026929848,0.4806725533010214,0
0.022369309822312413,0.02028234,0.8316236378710772,0
0.02088449537808786,0.031719998,0.6125300926753668,0
0.009267451340289423,0.011462093,0.2710403214141282,0
0.022864614171941244,0.03021214,0.9161647576663425,0
0.036135423078123834,0.056931634,1.7117332426069856,0
0.029786043218929328,0.09129909,1.0976951962043453,0
0.015046954212893746,0.04457115,0.23197211727444214,0
0.018239601907972844,0.032121632,0.8232742727682143,0
0.020094336288065975,0.027751422,0.9513312817817557,0
0.008888216823101047,0.021571642,0.36630081170226503,0
0.01658064064077905,0.037258506,0.4913265269818095,0
0.022727526615450053,0.028630802,1.0738294751050077,0
0.018001331450886865,0.039702136,0.48719661797725844,0
0.05271416531891951,0.10296215,0.7821749086929771,0
0.022503256651481864,0.027016161,1.1320723369631125,0
0.039201252709659865,0.052553765,1.9316038088520973,0
0.026307333357816938,0.06532277,0.2401008984016334,0
0.040081014128922954,0.051457692,1.0901109564403977,0
0.017071566350773795,0.028298128,0.6486164970338072,0
0.02866732679638527,0.056267306,1.2107109953664916,0
0.01745554452762188,0.033251718,0.5921080436708385,0
0.0327377375718423,0.060733233,1.5148200343386513,0
0.04211040638359317,0.052672535,1.7952570898743005,0
0.014039376234760842,0.078350075,0.3003652231593839,0
0.012452877347452486,0.02105814,0.5757025038261059,0
0.0198918532162462,0.033473168,0.8297896373592321,0
0.02017906562151304,0.018499227,0.9709126966340625,0
0.01719606417248098,0.019996421,0.6123264489627276,0
0.025975467201328584,0.027585624,1.3279704567222648,0
0.03904612546342764,0.09993622,1.4612624624594626,0
0.03114355547977435,0.052642453,1.0600841560850982,0
0.03456858289544049,0.01955871,1.8269732702692394,0
0.015683314844309074,0.028803168,0.6288017604819063,0
0.030222606580302156,0.07105375,0.7613561023227647,0
0.012001779782659427,0.023683546,0.21949703570933862,0
0.018462222280725013,0.033534054,0.726611917789988,0
0.023147936241426727,0.017156543,1.0628527954102975,0
0.01978694575362197,0.025947547,0.5590369616611878,0
0.02760860263963547,0.023634162,1.3929517198554848,0
0.025805367843375136,0.1061969,0.2400683820554902,0
0.03633930193421693,0.11306399,1.1455850657607864,0
0.026415236667529048,0.10590747,0.6726350231366389,0
0.0398428671932224,0.07317985,0.9811555480083086,0
0.023793222633955245,0.03087697,1.1181295690899207,0
0.014838819503206008,0.056069925,0.4472652858540873,0
0.03362833830074492,0.033865012,1.6350061107663496,0
0.023419005482129152,0.022862835,1.0401467056156326,0
0.013455239654135514,0.022079602,0.3227790824244252,0
0.02592336157100389,0.04954094,0.8602400498059869,0
0.0424427252833079,0.16192336,1.170717329485528,0
0.01725556451937546,0.045509774,0.3787357675239987,0
0.0492317683327855,0.022692097,2.3051530252537016,0
0.0365269698367118,0.12757687,0.9755900283526507,0
0.016925276502678846,0.015357036,0.7998332418681718,0
0.05478856559979149,0.07718148,2.1170081879101814,0
0.01801404692003996,0.060252503,0.6642760560306401,0
0.028525028162013615,0.02337974,1.4814451534882929,0
0.01667487571344331,0.01671263,0.7623192522682598,0
0.010159584763395313,0.021178238,0.28283213443264343,0
0.02789744477174181,0.05088219,0.9089096137689885,0
0.021109799835975565,0.06914979,0.5093441207392873,0
0.014486610627761763,0.008528615,0.7117762795907284,0
0.026636710027555584,0.0738905,1.0824720244096413,0
0.03712577110302295,0.041995272,1.777822798396867,0
0.03377862967756077,0.10214002,1.259168288894157,0
0.03522313683199324,0.03822558,1.7405429326117687,0
0.016185877543662103,0.053672943,0.6100245880523684,0
0.02031819017238404,0.028004216,0.7216516449450318,0
0.015115269132288996,0.014545071,0.6369165087217808,0
0.02357591354229965,0.042897698,1.0740003913198466,0
0.04651394937858623,0.044286024,2.3071178048777035,0
0.026233802089289965,0.06595667,1.0451068019662202,0
0.03205446855046787,0.026799964,1.6429184166035715,0
0.012271293783893513,0.035550315,0.388247288814873,0
0.009371738605776234,0.019707967,0.29695598538064416,0
0.010180984621354281,0.01973838,0.29393145450368385,0
0.015455088327275582,0.021340726,0.5416979664697466,0
0.04918405107695397,0.089120224,2.303534749957701,0
0.020911405447435135,0.06697889,0.5726889838330265,0
0.03240202321047984,0.10253675,1.104117181662588,0
0.029021247601821294,0.045989558,1.077615451718212,0
0.015114757051195244,0.045656078,0.4374286761207488,0
0.011717204935848713,0.030665545,0.0,0
0.026387150711092787,0.060915828,1.0089761059820792,0
0.015012241402036042,0.011619651,0.634860078407808,0
0.014538376064055503,0.022935133,0.5137566605516078,0
0.032482311159925115,0.03662821,1.6300907879399207,0
0.02325575716886813,0.090304166,0.7171595706634764,0
0.015803823557657547,0.016359068,0.7268888529418271,0
0.017667191997018772,0.066145144,0.3021355502265052,0
0.034254669435806094,0.03829493,1.5873163925122773,0
0.030441210169286283,0.16641402,0.5082091114809799,0
0.012582443833725938,0.016252737,0.496247537816167,0
0.05975825257375311,0.077374496,1.6695444997621425,0
0.011301140804441341,0.03253436,0.3126660253715976,0
0.020415912118521146,0.04616705,0.8199169437111136,0
0.023745533396091464,0.034624062,1.14781138720316,0
0.017781942429069025,0.028324416,0.7296322259069739,0
0.021987882625331072,0.011642128,1.113752147605623,0
0.028035986385135627,0.060440335,1.0067224543361473,0
0.017423613817116324,0.009446111,0.8928209976052572,0
0.025337075447019096,0.039507262,0.5193251949094673,0
0.03703378491834064,0.060128592,1.1168621686869165,0
0.016555451588697114,0.03753826,0.6565640087809707,0
0.021356903776517333,0.028757982,0.6790247939826322,0
0.0286828180044793,0.10086354,0.9418471918510606,0
0.009287747816335075,0.012010089,0.2611448273991645,0
0.010192505688635214,0.030599246,0.4001837929828921,0
0.01575819532188824,0.019427937,0.5458790111288105,0
0.033010597856286426,0.05822312,1.5483254472450534,0
0.03851191897846337,0.13120183,1.2943788045232498,0
0.013414239137454643,0.029352782,0.3291807322088642,0
0.04831111237989795,0.03916501,2.5013763131778965,0
0.023872658738996286,0.047020018,0.6153850038288706,0
0.024239496577945364,0.06019535,0.5766643482121583,0
0.09986197531823186,0.20386608,4.424344976004235,0
0.03558806992215244,0.078329936,1.4833448448087687,0
0.016201958394361206,0.059163522,0.3345340402313824,0
0.02653491811387868,0.02258433,1.2902209399720304,0
0.029776277434140425,0.034876645,1.068031581568649,0
0.025073599970709973,0.03636868,1.2270216980528295,0
0.03653591916530443,0.111652195,1.22115887547314,0
0.06098553675861573,0.22055715,2.174831028114021,0
0.04013820625045996,0.05721812,0.9217208372345286,0
0.037303655833587204,0.12916085,1.1629708381760782,0
0.03150938752742019,0.08094421,1.0463489749069026,0
0.049802704587269486,0.12623537,2.0964268803874173,0
0.03347675340099077,0.10162998,0.8261016822250885,0
0.022560653720241866,0.054063458,0.6272230737212869,0
0.02236345598897436,0.041214686,1.0142094817600757,0
0.019596593559027754,0.010160262,0.875198755048869,0
0.01809137478486712,0.034957398,0.643529551867549,0
0.03388621463222148,0.1916418,0.5582561153733813,0
0.0335763343306356,0.052838292,0.6255597621065535,0
0.03516730294465219,0.02902985,1.5388362843962389,0
0.026477621834602224,0.051518477,1.1797128061570812,0
0.04526093120970662,0.023597978,2.4275180175934685,0
0.03248631510123275,0.034237236,1.5851291306889497,0
0.012641737112262266,0.025973111,0.36070294989927715,0
0.01571525295582546,0.034193538,0.6014629297400507,0
0.022137691861219357,0.025367754,1.105152722912627,0
0.03572402404021955,0.07731529,1.512963833290504,0
0.0280248103508442,0.026635773,1.3661419134586976,0
0.020165967027097775,0.01830075,0.7029723658201161,0
0.01923325133674763,0.032819174,0.8056435641642911,0
0.028394365899237252,0.070717216,1.1069988133222828,0
0.022588144905439325,0.06175705,0.5787575687047559,0
0.050413237263683124,0.06819598,2.4390257791180736,0
0.029036462746758897,0.023545181,1.498697301736301,0
0.02807479021586767,0.06252706,0.47608875541090007,0
0.06880990169544501,0.07258122,2.9344683327205345,0
0.01411307022387893,0.035850376,0.46956578119281966,0
0.024107749916129413,0.08155276,0.5120055673060754,0
0.017475586139716663,0.04512048,0.6393883749276997,0
0.010950792651394222,0.015881602,0.47416407592180504,0
0.020196229315752635,0.04370148,0.7658648749642247,0
0.014515206706518288,0.036485165,0.46468789276045214,0
0.013915249504917765,0.010456857,0.5618096534729051,0
0.022456729410916573,0.055572655,0.8930497205283178,0
0.026939845834454974,0.033716187,0.7820168636860457,0
0.031947625790033574,0.060589768,1.1003912326259397,0
0.013219410799138707,0.015865507,0.49765279968007503,0
0.014231274762614887,0.064448915,0.34092883486912,0
0.017671707685970754,0.054498043,0.6531057910462641,0
0.022033752370410723,0.044026382,0.6185599917383049,0
0.013918829322101013,0.047194503,0.32121937754704316,0
0.026933680642741292,0.02773613,1.0122882165584695,0
0.010980929079755068,0.022625834,0.35158581883410384,0
0.025191367752036058,0.09199682,0.3835938376453275,0
0.022423109986962984,0.040880665,0.8015928161770601,0
0.025600573390460016,0.016765276,1.2963021024461636,0
0.04874345347716785,0.022588296,2.6579864126605495,0
0.015197633930236305,0.053757217,0.4106503523215613,0
0.01666299540111857,0.023668397,0.79108230540549,0
0.015731387449011116,0.06619658,0.32358899798331503,0
0.023586198183279866,0.052534875,0.606763828089304,0
0.010676421101526959,0.019174648,0.4643877562417909,0
0.024192715057888357,0.04101239,0.9714586324116584,0
0.015521850932049674,0.06373049,0.42811724604025453,0
0.024149934845581363,0.049870323,0.32770666487744277,0
0.020364903897311513,0.015283774,1.0316452621976548,0
0.01549813577857967,0.010008429,0.724607662954755,0
0.02042483049446147,0.07364375,0.5197240216456069,0
0.04375077672898409,0.029267054,2.304813787793893,0
0.026300284097132722,0.07216654,0.6613785308029,0
0.018613506631031018,0.020309044,0.9042957717267093,0
0.04486636580295518,0.083284646,2.0553825442314797,0
0.02016558627442045,0.06426424,0.5476613436808141,0
0.04842495519054078,0.07122503,1.6328908549830032,0
0.018885355927435458,0.055092826,0.49154115477459526,0
0.035801793583781924,0.06124273,0.8399934805406358,0
0.01863398538294602,0.06014606,0.6069479227614184,0
0.055532828300410446,0.015285669,3.0526750547085517,0
0.021340007739902633,0.028002791,0.9985110822415532,0
0.022522117579060332,0.13969728,0.4837748075649347,0
0.015046498756902846,0.026009956,0.41840541011342397,0
0.013081758690359487,0.0428883,0.350493741915615,0
0.01677450943932094,0.03113987,0.43392124360081,0
0.015612555154477854,0.03188424,0.6137264050192988,0
0.028455171279094128,0.05049395,1.2928267444472945,0
0.03032963905317827,0.045124758,1.3296740647146121,0
0.01837846784132146,0.07329868,0.5424783076666505,0
0.03172506807143817,0.049908433,1.4431915151997237,0
0.03554323324699974,0.07261558,1.1881719758939489,0
0.029940140131801515,0.03965407,1.3301334065537478,0
0.009708771138802818,0.008298981,0.47299468246889503,0
0.03110159394957547,0.113970235,0.9172395087796936,0
0.00893262745359991,0.014501715,0.2807711312651083,0
0.02138285035687179,0.041980177,0.9442267349312244,0
0.022517490414472048,0.044788446,0.8931188031312227,0
0.02485738210805091,0.028083846,1.1733519438680464,0
0.03283239042755633,0.1276149,1.1177909685526,0
0.0361791442946673,0.07912554,0.6208174720291223,0
0.022100542181538577,0.063923754,0.7193605112057785,0
0.020631207510177503,0.06883805,0.4721857253716205,0
0.02716913728894376,0.09586673,0.5120124861626401,0
0.0629751698321962,0.1216181,1.6671352895234486,0
0.017808120089985988,0.067916326,0.576164441276707,0
0.024181521811108036,0.07935177,0.7600070663763713,0
0.05303932471766269,0.050408956,1.89948293281519,0
0.017591623036763274,0.13941333,0.19005361053005118,0
0.00980047398426298,0.02665694,0.3752878288400869,0
0.013583246731100793,0.01662022,0.6234681049045384,0
0.04559117148024543,0.1682036,1.6086073932516032,0
0.051088442391108616,0.030981122,2.629394489672278,0
0.028781906418161324,0.0595711,0.9888360318140099,0
0.028111997863555713,0.019299507,1.2537434869232897,0
0.03170039255227532,0.108708374,1.1926759639481255,0
0.03250180037967231,0.088980615,1.3138318926200852,0
0.32034374827839296,0.25158814,12.211969736425843,0
0.043459088334869445,0.049926836,2.1382417474853654,0
0.020333195529235154,0.04763821,0.8351410212132134,0
0.03313812527102325,0.16229646,0.8624637318150531,0
0.009799978133065204,0.016571714,0.3067894669528809,0
0.057717168646206726,0.037956484,2.3698808715886686,0
0.02340461078882972,0.02954236,1.0132181413731647,0
0.03324993189932565,0.03871826,1.5074510057518649,0
0.03257553259412578,0.030229738,1.6656285558253054,0
0.03981324979299693,0.06532929,1.8988324739451035,0
0.015430828587097782,0.030340983,0.52423711091739,0
0.044841852699915856,0.044208296,2.2495631818105166,0
0.008002922445363471,0.014563681,0.2999039504788985,0
0.042141960282661525,0.028594997,2.2300485491507125,0
0.04831523952743839,0.0340824,2.3621187873575895,0
0.027676012104196943,0.020396728,1.4462422224078384,0
0.0345835698386323,0.010533938,1.8680055974354264,0
0.018753714293777007,0.035563815,0.4316273688838927,0
0.04037936655384174,0.1460517,1.2596728292735822,0
0.04276655206210955,0.15964714,1.3907944745615244,0
0.033370286241093575,0.04182217,1.2412063627336685,0
0.019887460170918716,0.04233289,0.6873685606851472,0
0.022330869267422664,0.042041145,0.9866649442925672,0
0.016727148421668815,0.027642932,0.7334732766244493,0
0.020744505948867398,0.11294089,0.46186617783501466,0
0.006339817825102999,0.024073219,0.194422338194131,0
0.029457521172800198,0.03301745,0.9807418211006601,0
0.04221713764181664,0.064983286,1.6891845090436102,0
0.007990244318550672,0.024899596,0.18026296669469308,0
0.092160949898407,0.05391978,4.793700631183611,0
0.020322096731230182,0.06495347,0.3293133132601877,0
0.014477315058725277,0.06365311,0.33590761897014704,0
0.013968769773690498,0.03422772,0.5086612808844035,0
0.03488495423131706,0.058749903,1.5484414181449564,0
0.021582124719240793,0.07486519,0.6969091718589352,0
0.024209154084737592,0.008839917,1.2476143740973438,0
0.03770292621613549,0.038884632,1.2506637067699742,0
0.027567540315966848,0.11891219,0.7668908130609571,0
0.05149690691751885,0.14886995,1.3039247747870413,0
0.019517109608557726,0.04292884,0.8654083863341693,0
0.02157255010737344,0.052697733,0.849985682068063,0
0.04339260793311312,0.036523897,2.257666575907334,0
0.03787706541788452,0.13628325,1.2946230467460769,0
0.026434582073033785,0.021827478,1.2583095756109344,0
0.01700603241175355,0.055293303,0.3047075593954397,0
0.10782543182311197,0.2500564,0.6839608342033283,0
0.036174380863853065,0.070597194,1.4083468373489327,0
0.035305458822349714,0.031992316,1.248853439174832,0
0.04017850939305265,0.081093125,1.687110884193634,0
0.023175980400654016,0.04064337,1.0362699492459169,0
0.028600892715142476,0.03098422,1.4581255906544908,0
0.025744654903468996,0.00587746,1.34890056730496,0
0.019595161649292297,0.02023525,0.9837068086891619,0
0.04456769602721758,0.13670471,0.7317435241276616,0
0.058452537767768036,0.2106856,2.128189856381608,0
0.014454850338915677,0.016307814,0.6537253892355881,0
0.010349793710886967,0.020377347,0.2427440894537327,0
0.029233535251232564,0.021674188,1.4386717445090633,0
0.019118940965147855,0.0492187,0.8120817737455369,0
0.0745809858204056,0.31394276,2.28944225732222,0
0.015309237308207284,0.020680849,0.47389583441530286,0
0.021452969570726108,0.00867374,1.1589764699362257,0
0.017448425316628633,0.022322912,0.4387364022785871,0
0.013560214741107158,0.05059909,0.3130449498223093,0
0.2929747112403421,0.10578147,14.168895573140235,0
0.020939455938533982,0.04075167,0.8739026733331335,0
0.009554850256558105,0.017652823,0.23464700506661224,0
0.03039288427364275,0.08367234,1.2314960204983827,0
0.024089269181186406,0.15748772,0.39837290867356623,0
0.0124903126655222,0.04096125,0.46199191992568894,0
0.02769502295309155,0.0609889,0.21017903264578636,0
0.039530424438713734,0.032021996,1.4962327676786558,0
0.024752035110607164,0.021920262,1.0379849061724986,0
0.009402898972898116,0.017914936,0.30635028036190626,0
0.017345583544094975,0.020081325,0.6930955277929798,0
0.013925473887065462,0.036326636,0.5483867761108273,0
0.023074047117468813,0.03596919,0.8964946353041411,0
0.04643340829713285,0.0697116,1.9687304990734205,0
0.013565493813356373,0.043705646,0.39906103642158425,0
0.01262856540011532,0.006231084,0.6302959649442343,0
0.032948760400991886,0.038919356,1.5958915803417157,0
0.024325645324147934,0.05604942,0.6290944016995631,0
0.011195343063247692,0.012950083,0.5511861317822004,0
0.010542120114189858,0.0104042515,0.532105988954931,0
0.007208427907811654,0.03859416,0.09921114065247302,0
0.04259807858961154,0.19150257,0.9817017342379629,0
0.01492407452006771,0.02908912,0.6751407738646864,0
0.029429170232521874,0.07809419,1.2359610393654077,0
0.023129620162573233,0.036247823,1.10551477115406,0
0.06226929333073111,0.1751973,2.422527578140471,0
0.00992158373438563,0.012031565,0.3236767105456511,0
0.03135490465242757,0.023354027,1.655677569311204,0
0.03630740051711295,0.070505984,1.5345597560540385,0
0.042986892633307544,0.042817775,2.088407765551981,0
0.023880359497795513,0.08313196,0.5746682519205581,0
0.018744306524682973,0.038581952,0.738215990340713,0
0.022903611317102043,0.03161174,1.004125420739327,0
0.012792011325394415,0.039905995,0.4505693873986604,0
0.029815362400754605,0.055668883,1.0528088595329732,0
0.02862886704925085,0.1491171,0.6505732732600079,0
0.04644088915112337,0.045843028,2.1497681584704385,0
0.01770921959843603,0.012570936,0.8081455815304845,0
0.022982500776471907,0.0071181455,1.2219995793250882,0
0.018946402424822782,0.06504043,0.7074430170209441,0
0.05188204853027945,0.08386557,2.4682729740319886,0
0.017123010707135115,0.03061142,0.6409488336653937,0
0.023757944773230757,0.01981075,1.153679966565207,0
0.03089476336947756,0.083482035,1.2625580440209077,0
0.021928038946852975,0.022294028,0.8934469086636007,0
0.02919313645798953,0.082996234,0.9689178071050666,0
0.029843438833415496,0.0676556,1.2579875735807533,0
0.030837260293679995,0.091387466,1.1496414389717735,0
0.05096521989781953,0.09109933,2.102875449278242,0
0.04038473895131046,0.007725707,2.26680711114867,0
0.033697723453480294,0.15232627,0.9291014038018728,0
0.01994374689302869,0.037984323,0.8483702284408815,0
0.028169790559826897,0.07267201,1.1408359474882226,0
0.03452542411908738,0.04751154,1.6480738668290504,0
0.02896079805788094,0.059371848,1.264712571633855,0
0.033670304557635145,0.050632853,0.8556034021889252,0
0.03150745273979859,0.078470305,0.47024100995876233,0
0.015264807914948577,0.034358058,0.4464576733064198,0
0.010329756967191718,0.03298033,0.12922926483519767,0
0.009240332858036635,0.015771149,0.41559523215565847,0
0.04393697877614071,0.027591357,1.9841920309887022,0
0.022138671975546413,0.029636836,1.0072880990747446,0
0.022108234332258694,0.025589505,0.9380762089653089,0
0.019820245011092426,0.07072707,0.6643900579065645,0
0.025973517670928273,0.053200502,0.8088794125959445,0
0.022674858666683617,0.038719777,0.7651664614565625,0
0.012811426161107618,0.026275452,0.3408974679091087,0
0.02976135279597128,0.125547,0.883349765325279,0
0.014638185486502652,0.045904666,0.5637223251934418,0
0.01319171886306569,0.02582374,0.39959364193237595,0
0.03231887042815061,0.020984389,1.5256526252026468,0
0.01658331914435142,0.013916244,0.8130155780610571,0
0.024936472570901647,0.06417379,0.7269844467450657,0
0.029643484475970556,0.08365917,0.7784131324230943,0
0.02538477292301593,0.04261255,1.1912946147290537,0
0.030745570288851547,0.032734647,1.0401013520509352,0
0.011316444836895421,0.039776493,0.29986729565764825,0
0.01784455724111729,0.01835086,0.8714833230811257,0
0.01698839309671836,0.06016434,0.46139385611241,0
0.02268366219350586,0.03451041,1.0325491156644635,0
0.03592318956597836,0.055041112,0.7558422385703005,0
0.05857621837997493,0.20890649,2.0493967432177964,0
0.020253647640941824,0.05813627,0.05963590566339328,0
0.038218883491077715,0.13973542,1.2369564191977924,0
0.029389969252616062,0.015205224,1.3542352240336364,0
0.02826539000439805,0.11147629,0.7125902967529053,0
0.027191535298200824,0.017175002,1.2771519510620712,0
0.027242639816523383,0.1134472,0.8186667816587765,0
0.021323072658751267,0.012323098,1.0614221054701827,0
0.01880837174360925,0.019701427,0.5770740589242304,0
0.013168053887883812,0.04374353,0.3603533474487563,0
0.013569630354898134,0.024096131,0.499729251071281,0
0.025731023256547726,0.042301692,1.0278585380117797,0
0.031556096674206606,0.036891177,1.1820740952630964,0
0.03026342327226591,0.09594976,0.9687737710173978,0
0.012709207435153346,0.025879886,0.372758511664563,0
0.03200003562871096,0.053919993,0.5252342166754332,0
0.029426597326138115,0.012556369,1.563286175330938,0
0.029081197194487977,0.042217765,1.2414503394279885,0
0.028252832130313942,0.0208601,1.1057952204812505,0
0.04093148314991241,0.050751213,1.5782569008815475,0
0.0229071255284818,0.0472004,0.683395951316801,0
0.017574638908618066,0.032339893,0.5569754511806941,0
0.019063118179780125,0.06301207,0.5591508369550078,0
0.030071198745094525,0.026509989,1.4608839373878986,0
0.03997189916559572,0.28504294,0.6479455711158189,0
0.022595220250181812,0.04594881,0.573342514346339,0
0.018896682340056516,0.079816446,0.30341301990490904,0
0.00895082847381257,0.012993849,0.3685740506318162,0
0.013407868657401538,0.030917259,0.5138138054965243,0
0.031295188903495995,0.1473068,0.3907842155892886,0
0.028807048485803535,0.06638979,1.1895496830907901,0
0.017015071175403226,0.043924414,0.5151878053683016,0
0.007671254367829745,0.010877152,0.25381522739648954,0
0.011509039998190303,0.043457605,0.29106254040843565,0
0.0248183742966121,0.033167724,0.8488033221794209,0
0.02989843330262219,0.11551539,0.8031593996746946,0
0.008543216981556372,0.019668559,0.2436890838756787,0
0.031013386251169704,0.02848629,1.5652787834854982,0
0.020979789071700894,0.04651827,0.7829132342561889,0
0.04192547165974735,0.24253523,0.8547087638221851,0
0.01804402792753431,0.031353094,0.7247574537911005,0
0.02204691507129209,0.07987178,0.7168276491481617,0
0.021713935533016364,0.044880535,0.8688245681539545,0
0.02293037934480185,0.046799175,0.9991331634851591,0
0.08693387359155667,0.015136474,4.626774145701657,0
0.034523488915424685,0.08519456,1.4680317660243172,0
0.025001536030870086,0.08906322,0.8973919226776826,0
0.021137683215225488,0.05930958,0.28404166252228336,0
0.01661215603445871,0.0128561715,0.8167705345872861,0
0.03430796742918574,0.08864447,1.0993729761189417,0
0.023828269864555367,0.1046205,0.34933781296373795,0
0.10063967007859628,0.24514426,4.19067926277667,0
0.033749907273457266,0.037119787,1.670648209135365,0
0.016228694062103657,0.04198689,0.5600258897299295,0
0.022507580481092335,0.05834601,0.833554926652207,0
0.020698148762193804,0.05830156,0.33963003618599064,0
0.029320850647836943,0.087201566,1.1066568462341502,0
0.009275944062987249,0.020117939,0.21564967458994316,0
0.014550732013627356,0.009594446,0.6791792452027974,0
0.02810710284276427,0.12558837,0.6844336131960552,0
0.01473309418024511,0.026199015,0.6786841304147767,0
0.02579260968151111,0.06912864,1.0526029484187303,0
0.011417681296297895,0.01377406,0.5253065642216072,0
0.006893496983823867,0.025311027,0.16070293328988214,0
0.02731566002987457,0.06523508,0.7371177837975328,0
0.011008065627663256,0.023024144,0.37382406881260927,0
0.03419622621723648,0.05592483,1.418034800163965,0
0.026445139800783696,0.043610543,1.1247587146196387,0
0.03198451592772066,0.17978613,0.6152015670310689,0
0.05080485513629754,0.12212174,1.7358646069791377,0
0.029831442154567078,0.06838845,1.2707207091404202,0
0.031792303510887895,0.093752615,1.284363230236183,0
0.02138975025872973,0.06699488,0.6317101334932688,0
0.03302490279238061,0.20417432,0.47040960823124944,0
0.022629154976631954,0.039054085,0.707621799480713,0
0.010130096919301976,0.0076761935,0.45748348225540586,0
0.029680369445065476,0.03757514,1.408614193050533,0
0.029869577419589167,0.040326204,0.7457832616796995,0
0.03363432712748238,0.015608363,1.8198652515556948,0
0.029488226654435023,0.09526563,1.1319806060047743,0
0.010715467430319906,0.026138468,0.10679387866388036,0
0.10601763645931943,0.15641087,4.841950149495511,0
0.009907575785689526,0.00895234,0.4276008444605787,0
0.008893708798689346,0.01659494,0.23190883372723237,0
0.021022933011933767,0.04261428,0.8053810589859857,0
0.030165178898225144,0.101371855,1.045487195780104,0
0.018280083397733442,0.028552722,0.8384452925128728,0
0.017533594979223712,0.05080129,0.5566679014434498,0
0.011722725938285971,0.020604916,0.3631962766131802,0
0.011217257129281908,0.011393643,0.48521699243468314,0
0.01562911251213363,0.04793566,0.5861794958351438,0
0.023163440759476073,0.09231698,0.708382511319719,0
0.049323922406655146,0.24155055,1.3831849391638322,0
0.02050301449783935,0.036993258,0.9066521535528059,0
0.03862417103865612,0.07268537,1.749385502153763,0
0.013542922193917986,0.035578456,0.22289436452987343,0
0.060804187303551985,0.18869309,2.3857658128652584,0
0.019080529057776817,0.025672967,0.5057758321203025,0
0.01982376256618592,0.055808943,0.39999535324576874,0
0.016845073252438218,0.026040377,0.6118465945191562,0
0.04853517124838762,0.06478231,2.394573065510435,0
0.016834313127350783,0.028448448,0.3693870401174927,0
0.03293625249179867,0.035297774,1.5617210102252326,0
0.03180666750620206,0.022330511,1.2931689034153766,0
0.025982938639283786,0.0864254,0.9125839190102483,0
0.018101124616403938,0.053335108,0.6667398581176849,0
0.02855259236361133,0.047751054,1.2962420841179276,0
0.01697450987363016,0.054573085,0.3753792563270791,0
0.022759954293339567,0.041434024,0.8604039369735044,0
0.05136216910262556,0.01673702,2.561437726283745,0
0.03166166958188733,0.048586257,1.434410180584251,0
0.05043588512778317,0.08986605,2.31908061146739,0
0.015093993228256537,0.017404348,0.7307147320391024,0
0.008115095395746305,0.03462842,0.19974463113327337,0
0.045962980068283595,0.051893007,2.2717239624494074,0
0.03023693043872479,0.07066824,1.3081058418683367,0
0.021733006631247498,0.053213853,0.906752124941613,0
0.04122879972505873,0.1496392,1.4926703212496846,0
0.018037330809896578,0.041341916,0.6185038040483747,0
0.030012865988235556,0.044533227,1.4417324166853025,0
0.05698251877159018,0.22445694,1.6357242057351318,0
0.029949539158223827,0.09110942,1.1905546823817128,0
0.03239981935352155,0.108323194,1.0930354999749388,0
0.0203481023371719,0.054762222,0.5382987620980567,0
0.032025534380890563,0.11037546,0.8854110665168379,0
0.03586853383961159,0.06629443,1.454344866820584,0
0.013790497684709534,0.026536623,0.3279243796797166,0
0.023091700748574254,0.047691945,0.8992127806979943,0
0.019783285534893693,0.07317009,0.5578361754552235,0
0.016428741156325987,0.07914973,0.3678868750876528,0
0.02408221574823546,0.011942545,1.2506441499117955,0
0.02282529944186734,0.0057982826,1.2476324109521382,0
0.01914338967370309,0.045805696,0.7872500661140996,0
0.02147442046650137,0.09314561,0.5534970473141743,0
0.029978918380777656,0.06781525,1.2300459130206465,0
0.05700559417223068,0.1247174,0.6840666394556097,0
0.013661657477122897,0.010785749,0.6900868497603636,0
0.02357661339962159,0.03459128,0.9930801768852311,0
0.015235112842236316,0.027513983,0.6614883252344401,0
0.03073367360490257,0.069480546,1.1571207970601438,0
0.01701773598844408,0.028062845,0.48216401795416053,0
0.0437933141923611,0.13052197,1.5907816366615724,0
0.032987917645403965,0.047619235,1.2395241536620099,0
0.019072435762015068,0.084105745,0.5154443858994,0
0.027044988118619658,0.048085883,1.1879382700354066,0
0.029771965606474424,0.05351662,0.3984251396065036,0
0.04191612136513768,0.30109906,0.6591854313085576,0
0.05172473241522274,0.112499796,2.245756035428297,0
0.0375369296532088,0.10320809,1.4251496161651311,0
0.02726072339763498,0.04599343,0.9978993283294129,0
0.024149196991351644,0.041611273,0.6004745241123639,0
0.02607264050912449,0.022152012,1.163606639149015,0
0.025191129413520127,0.035807896,1.0410102220169148,0
0.016331666818776874,0.02223049,0.578989864901104,0
0.013350624179719023,0.012975394,0.4374264484546986,0
0.03633758608735495,0.08012818,1.4110469111457797,0
0.033603528716187325,0.1343962,1.1308542620321969,0
0.04145994967435426,0.09457465,1.2866435009152983,0
0.015497075420338575,0.038463857,0.41593306884772707,0
0.022359698910324632,0.081141636,0.765917824332597,0
0.011023366214806624,0.05561556,0.12779333808714935,0
0.04123598185274684,0.06829667,1.869252947927856,0
0.02544181035545693,0.034640286,0.6307331175794247,0
0.029783849891836744,0.21067503,0.46043614182683634,0
0.046890397570269304,0.023718854,2.5261238675343534,0
0.027075464901383232,0.023155762,1.151870746227134,0
0.03092359875338272,0.07258712,1.2151664433708596,0
0.01568492654420968,0.018686118,0.6721980637108889,0
0.03269617603300473,0.042698685,1.6042585140504049,0
0.07229132753231865,0.06778032,3.22291141170219,0
0.033211120438802366,0.039256576,1.1735299147177565,0
0.01629703733697061,0.011756887,0.7816891955753992,0
0.02416826498570348,0.04584492,0.6337552666715406,0
0.02253874812023011,0.013007134,1.0841179616320322,0
0.013435100056447123,0.022310253,0.5374345468950092,0
0.0113666703603319,0.041525505,0.17184827271250772,0
0.008912522083151256,0.014439333,0.40306228783008463,0
0.009315093069642184,0.02292814,0.29569930094085045,0
0.019854839336987555,0.0366932,0.3874888728572235,0
0.013461099433641398,0.021835018,0.43491426756024076,0
0.011961605985460012,0.07937073,0.2230660077178351,0
0.03722667619671846,0.0558239,1.0028273277654105,0
0.026193004820862786,0.017417103,1.2694424851702029,0
0.025535502337806555,0.07821597,0.8659657930912039,0
0.026607719909987622,0.04077187,1.1084533755658323,0
0.05358951680385017,0.21786511,1.744918220059939,0
0.015053877527502807,0.01648533,0.676050998915788,0
0.019730639228685273,0.027445434,0.9429195172769824,0
0.0315966490062282,0.010019221,1.699265409923614,0
0.016471385729020613,0.03298065,0.2946939949139419,0
0.028486908579761175,0.03319612,1.3477772527430363,0
0.039133676652120135,0.18685187,0.9230533941651249,0
0.0334831023888372,0.04773362,1.5077749011509365,0
0.01577854227537689,0.02346738,0.48409948984611406,0
0.024732889121501005,0.1506715,0.44582520229846734,0
0.018223313422468364,0.03981127,0.6385100049397585,0
0.022976975393733237,0.010936495,1.1737632981316577,0
0.016834026821185503,0.064695254,0.2594861790894383,0
0.016323241983267713,0.030803194,0.5332600356180586,0
0.011363151024935106,0.013428515,0.42626066061917034,0
0.01782495359599494,0.043824438,0.6034908723203122,0
0.10078258347409401,0.09090828,5.237184737228566,0
0.011834510501179745,0.020399485,0.46992319897597273,0
0.03795791471167196,0.14532419,1.0645321839695199,0
0.018065962920916067,0.05251045,0.608403768274045,0
0.029766173496192573,0.03152093,1.4705558925495148,0
0.02892934411826424,0.046835735,1.187848962543846,0
0.02170517165543303,0.027342321,0.8752287967437744,0
0.024375053236817715,0.099819034,0.6914762985612585,0
0.033837875365684285,0.062214926,1.242449510497882,0
0.021503671143506355,0.02947134,1.0248212506157532,0
0.017466820895698384,0.037416294,0.773098927062551,0
0.03644873368548661,0.09705761,1.4412808942379696,0
0.01858260020222984,0.027130706,0.8818651356611726,0
0.017751571999478043,0.016338598,0.8371475542884578,0
0.03686247170864832,0.11614644,0.5062680078791455,0
0.030988282082185147,0.0773012,0.7678577919429642,0
0.023302526214493174,0.03038317,1.1382786795170845,0
0.024598973036710232,0.022144485,1.2103030470255867,0
0.03614273654397469,0.045091797,0.9369657698162209,0
0.04529633193326227,0.0953114,2.0409587117326953,0
0.02893593603368693,0.05626674,1.0336760657843338,0
0.06902827049262031,0.04864546,2.934646755969099,0
0.016922655595303746,0.027764952,0.7344299955875075,0
0.03989392941072818,0.28448015,0.6265428859068983,0
0.038137261754147375,0.16808507,1.0528359343418183,0
0.09478607379218504,0.14356735,4.590437686904551,0
0.05286047451270369,0.10761358,0.4470439024221474,0
0.013938985352312423,0.03539001,0.4370830979737338,0
0.017192212274570524,0.04191022,0.7342976489578862,0
0.008819202734587223,0.023166994,0.32712928656924856,0
0.007911969381538535,0.021642856,0.22555677527670973,0
0.04348883039957912,0.03402788,2.268889061585218,0
0.016671715583412947,0.03693869,0.500833508643514,0
0.022834655145060827,0.02660986,1.146502775000835,0
0.019501112092587654,0.024336461,0.8320720898475138,0
0.03807476844117926,0.053380553,1.3572110052162292,0
0.03447933537269235,0.019782348,1.8315895150988015,0
0.019221994116200992,0.010827529,0.9001764586092551,0
0.008210204077204237,0.03184653,0.24245306598510968,0
0.027930351444168715,0.06325493,0.6425587175542181,0
0.016314294760480727,0.09510115,0.38779282739933285,0
0.017005895306529906,0.0055213803,0.8929405747155333,0
0.01962499781784409,0.0143138515,0.9652498148540142,0
0.02912025955994069,0.035491508,1.292348129815999,0
0.13733365252844557,0.009946888,7.807946087608914,0
0.012112557229326661,0.020358626,0.450626762031637,0
0.011258331212289979,0.04465678,0.20571476389246454,0
0.035311529626343006,0.10348653,1.4297704481009972,0
0.018653584712452556,0.03432096,0.36672379942350114,0
0.04673243220756425,0.081946224,1.1158636393551795,0
0.02919121909323062,0.05005873,0.5068748928309326,0
0.04244829654710764,0.059230633,1.5187674464486802,0
0.025515797131549712,0.026155977,1.1258326501938667,0
0.015207998542209037,0.0458421,0.5128087936368618,0
0.018930611989036485,0.027431358,0.8182058815274752,0
0.029107055180330126,0.028080503,1.4916268979285654,0
0.02588273216118371,0.039449293,1.1215369141333125,0
0.03522580858903654,0.06359706,1.5331430526410896,0
0.049618594652697925,0.032974403,2.2260958586931694,0
0.02741759864976474,0.1027719,0.912245101952217,0
0.009561240954412974,0.017854452,0.3262476703843362,0
0.03978914464415127,0.14963903,1.3181982683468583,0
0.006081052831933793,0.0055189873,0.29590067739710085,0
0.028370035742499914,0.015017642,1.4934923082084235,0
0.024822931395713396,0.052894816,0.738856440980536,0
0.03841259621153076,0.09459575,1.2114749817572765,0
0.019413128638506902,0.035373263,0.8571856274366488,0
0.03590208687950128,0.13069735,1.1911695833787728,0
0.03712770177489598,0.08534461,1.3471403667460067,0
0.056399204704298225,0.101536565,2.503068279372533,0
0.04046675560730467,0.05629826,1.4428147619437275,0
0.015857229972064433,0.05296043,0.17446122925612784,0
0.017019137403070914,0.031133866,0.6590429326701864,0
0.010625340151554403,0.013044536,0.5053432445741377,0
0.009079380023885406,0.013125185,0.41998194571105857,0
0.01913022698028595,0.030551014,0.880305612737489,0
0.03286158973482256,0.044026952,1.3433542048829468,0
0.07275823960498626,0.2322631,2.4926538936416667,0
0.01951512052492199,0.025974087,0.787662063243555,0
0.010282573430024039,0.018838434,0.2883324150807848,0
0.010573268903371048,0.016897859,0.36617594166114165,0
0.02144208689363685,0.038493007,0.7699790974738795,0
0.015615623799885993,0.053112607,0.5709687502247914,0
0.044640546190016346,0.016423015,2.367736728579556,0
0.013079978375477096,0.012108378,0.5929633310985005,0
0.018007624005712933,0.04261837,0.6131940022818885,0
0.025091200090886397,0.044988886,1.1040464757911672,0
0.023842546771847578,0.038599692,1.0879313492171436,0
0.028009665299899143,0.18179122,0.5568905685171874,0
0.006551063822039035,0.005054976,0.3277833111707465,0
0.037239087675925736,0.05846847,1.2720214500270666,0
0.038326813375112456,0.13457337,1.4247326111478913,0
0.034112229904282074,0.1430941,1.1069073382081336,0
0.02497228858070401,0.026884496,1.1803261478721119,0
0.017365517043375883,0.062031478,0.5988124466286464,0
0.0421880369859101,0.0395117,1.5339415880909826,0
0.024088044187020603,0.009170457,1.313140206780576,0
0.03117340158082561,0.032763712,1.1869763179926633,0
0.012943649775068296,0.010328793,0.501847141744363,0
0.049422377391888685,0.1471685,1.8241303852373398,0
0.057236945891966616,0.026584048,3.1094096651893635,0
0.04208858070300691,0.07723723,1.907274959231761,0
0.013943999397566728,0.0368333,0.22923642826567456,0
0.0378871151239971,0.058958426,1.0972514326082425,0
0.04792190839058544,0.051114634,1.8410648615900416,0
0.013633484025948021,0.033657257,0.3900540678244379,0
0.03508357043156758,0.05855036,1.65897012842314,0
0.029512843679301858,0.037044182,1.2277985193111107,0
0.03422109190024161,0.03564508,1.3120197160760696,0
0.03524612847150674,0.096286915,1.4124797198814028,0
0.016012713518260138,0.028615186,0.713179163160641,0
0.029636324291214704,0.014388589,1.4787119509870186,0
0.028528413589892325,0.0822986,1.0357906554192051,0
0.0213357137977374,0.03370054,0.8168227630434893,0
0.046229024679913085,0.05093099,2.017360739575648,0
0.030748027582890206,0.03429844,1.1297685823700507,0
0.021985308479983142,0.074155,0.5271239168134961,0
0.018030456287956055,0.038583428,0.7666739812417684,0
0.0291851540463068,0.0559799,1.2273129854828633,0
0.025441290765282166,0.030298084,0.9389343632115242,0
0.026857186053986307,0.022325136,1.2971400318355915,0
0.017595663307195603,0.040156383,0.32039561562930946,0
0.013802754484845567,0.02978911,0.5085435103307822,0
0.012899026685831653,0.060444627,0.33811381082327535,0
0.018952843426853133,0.03287565,0.8813661255265111,0
0.01531440543736546,0.019777013,0.41587242953674375,0
0.0455658181123778,0.092315994,1.9514339058462766,0
0.00996412494082687,0.01985539,0.31869831759964046,0
0.01701116402423493,0.015425402,0.8289119864704879,0
0.01837900513555236,0.05831116,0.6624957191991393,0
0.026013407031733268,0.017574014,1.3154773381120053,0
0.02492512495296686,0.16697498,0.4392026750152069,0
0.016428247341176254,0.035206493,0.42032483975572493,0
0.069232805046756,0.081913784,3.36416369846029,0
0.019096088557962066,0.058520775,0.28788414706143006,0
0.017527736434076926,0.03768214,0.7734505783535084,0
0.06864995208073749,0.2761074,2.0241874327097467,0
0.022163215641850878,0.04480438,0.9654238718761207,0
0.017663715272888916,0.036578212,0.6995979395329828,0
0.024718306143104062,0.036819126,1.1691365602720991,0
0.043278413343339164,0.08896554,1.9328707233281972,0
0.017004129685474028,0.03569255,0.37935955070919264,0
0.024669392627474633,0.04537693,0.4925287102893403,0
0.031148215110774105,0.01773167,1.349810601597499,0
0.013694701029344294,0.041767277,0.4517767668338085,0
0.015692211942984268,0.015127609,0.680523751474133,0
0.03761822464197061,0.18669625,0.9335958869017593,0
0.019686094203349633,0.008384223,1.0010171673616917,0
0.01853898234794501,0.035613056,0.6502558720678332,0
0.03563818333623524,0.18672885,0.9304832862824648,0
0.03033203578606961,0.02781934,1.4921113829883805,0
0.011524954913326616,0.012819942,0.42511981104060953,0
0.01078212573212237,0.026147781,0.39737595562722483,0
0.02172359378380811,0.07535221,0.7341994568226833,0
0.024996319730696936,0.06796683,0.4787808897400071,0
0.02190156733045258,0.034224942,0.5849862179020765,0
0.017073014617342248,0.056438692,0.2501767482261892,0
0.03798774076843576,0.046455357,1.0782357570977916,0
0.035825902043272725,0.106602825,1.086648807605883,0
0.07388841782059849,0.025812143,4.078355847048092,0
0.019186072560623962,0.031583887,0.5073895429260452,0
0.012001178553441405,0.021394907,0.40251091051702714,0
0.01571697199976396,0.04131525,0.28943765348667655,0
0.02771978194617214,0.024740275,0.9801704711429476,0
0.009511134677604404,0.027519638,0.2641001550507022,0
0.02357411065638889,0.06305412,0.7971586658103536,0
0.06732397488808546,0.26227963,2.2811596841735624,0
0.022528031803661055,0.030237969,0.9403713180867053,0
0.034359545575813,0.09842928,1.3793528682869864,0
0.0448489466992829,0.06349166,2.170187932566917,0
0.02357440204030712,0.024470286,0.8822680987149263,0
0.009435153003530757,0.030840443,0.17719086963823416,0
0.01730145165708211,0.016574558,0.8394576636729205,0
0.0183157265675847,0.07552049,0.40491691415156944,0
0.030995372044582435,0.15400885,0.812819475255344,0
0.005271181108030745,0.010393876,0.19360371932969822,0
0.03150638415378906,0.11696597,0.8432107794540278,0
0.030625011970103453,0.04684556,0.6653819925373546,0
0.01880227632715612,0.031853385,0.3907067496759099,0
0.01685395352462498,0.051095206,0.30319848984126163,0
0.04255935499253555,0.06273903,0.970368788440796,0
0.012007986773932198,0.027744053,0.44586491040893417,0
0.02385585556859894,0.0099671725,1.2225318040735509,0
0.05466752077982373,0.04569848,2.4321659822751034,0
0.01866005303150661,0.033549506,0.5890601335447715,0
0.020857851576760247,0.039720394,0.7103756707393608,0
0.07147749588677596,0.056741387,2.7371635617444694,0
0.0141236522120733,0.06593589,0.270508419460258,0
0.015939811036959784,0.03604303,0.4482793905957925,0
0.013192380314435988,0.024934549,0.50645890057442,0
0.019555305599940682,0.03096569,0.8007038770139036,0
0.027251228024271636,0.054850794,0.6703963690981031,0
0.020043331717553785,0.024106635,0.638629333887598,0
0.022046432669709435,0.019361492,1.084796634850488,0
0.019456386142442668,0.03888825,0.8406419963255269,0
0.029822486949569613,0.12971103,0.777409224949133,0
0.027548594939809525,0.019287243,1.233354983624235,0
0.018195542060874995,0.021176396,0.8960446609549729,0
0.016582447120570568,0.056756698,0.5374779387342487,0
0.01620340903422503,0.023656832,0.5977567302523934,0
0.012885870377551432,0.054219868,0.4174957646109756,0
0.03613877662444716,0.042107448,1.5560293604207878,0
0.04884607607517631,0.035334997,2.500089297107678,0
0.008946532644178818,0.056933984,0.0678543691592264,0
0.02455002266465229,0.04708527,0.40603810371753085,0
0.012270629912534853,0.029552912,0.5048525543907154,0
0.014203831191690554,0.036242496,0.5352493277253948,0
0.047414190465126994,0.015296877,2.355034143562563,0
0.054096190347287264,0.18560615,1.036976507052442,0
0.02321000681096743,0.06903413,0.7563618644100687,0
0.030909003372866537,0.08519688,0.4685320691571235,0
0.01947644777332323,0.0669885,0.46278499311306526,0
0.029120140662598826,0.029871373,0.9734089959401016,0
0.015502685895830743,0.011085191,0.7211446583918313,0
0.013172630063874171,0.032094393,0.4427911497493231,0
0.01361796257749974,0.035612233,0.3064739485717514,0
0.0423457292000783,0.054352745,1.155763764145056,0
0.10882514217069154,0.04485129,5.69180974001742,0
0.03134302384076406,0.013810765,1.6933290044859302,0
0.045382791934608216,0.053328235,1.7482442697800424,0
0.019106437434831508,0.025516765,0.6482127522470076,0
0.013238787852558283,0.030860007,0.4094399702095316,0
0.03708359416918622,0.0686895,0.3768112935575988,0
0.023246592667083635,0.036600657,1.119132968825814,0
0.0227501349750878,0.040096927,0.7359237173285269,0
0.017911299712780493,0.054347686,0.5029793792742364,0
0.026010847379083556,0.021370014,1.1990081836629032,0
0.03242144345264211,0.029476414,1.4027817346819251,0
0.02263427251893417,0.06102533,0.8857036098519252,0
0.026888313711719704,0.033677112,0.9326648396112377,0
0.015934656503319898,0.023486849,0.4740492333844012,0
0.06076014729090174,0.08829299,2.7369678645636077,0
0.022967735155224607,0.015623258,1.1953047739926688,0
0.021302164712636896,0.027522737,0.73857109701255,0
0.02433972798896463,0.09197678,0.8574463097533347,0
0.015651416393720606,0.044061963,0.5641837312830037,0
0.020752068464020598,0.05305148,0.16465002592954325,0
0.05321556822416333,0.15760203,1.4126953519564136,0
0.027663739182801756,0.05958109,1.095224182808345,0
0.022325523147782012,0.07259525,0.5709271322101847,0
0.010033321771158477,0.007745819,0.4858796389288622,0
0.016268623711252275,0.05685395,0.3877864285951696,0
0.031040211120523336,0.13703948,0.8932509073331713,0
0.039725182461650674,0.20849161,0.910076703184536,0
0.02744660922598722,0.08277909,0.854112821328954,0
0.03211879313992552,0.10904556,0.44106104143916997,0
0.00903253970931839,0.033330478,0.25973673489901794,0
0.020666794919815053,0.04007208,0.35924340826895645,0
0.05343347563222001,0.0405328,2.819118936472808,0
0.022176122643594785,0.044073008,0.8804909117801429,0
0.018041871208257145,0.08505868,0.20072729084213758,0
0.04402494093157325,0.07169736,1.1207646938265707,0
0.02747707818123373,0.10334843,0.8098178595012829,0
0.014438099730370328,0.008886857,0.6487041821253788,0
0.013185567152959406,0.03436881,0.17663567822183554,0
0.015782841096571396,0.032778982,0.486141173413802,0
0.012869892534530875,0.025966037,0.35387959194628127,0
0.014232658187844277,0.035616346,0.42343967803736293,0
0.011294579011209484,0.020261114,0.3015986818281891,0
0.02366169093065405,0.02832321,1.0711480546664194,0
0.014306689762464273,0.021622265,0.5637559519555079,0
0.03178636201028083,0.081225514,1.3211885880049605,0
0.024511883543955254,0.028545292,1.1464508565074594,0
0.035964555607863116,0.08790539,1.500983671036709,0
0.02448864863376068,0.05806196,0.718796688583497,0
0.022287011754096763,0.055079643,0.9585726619113865,0
0.014855925100249901,0.0343877,0.5227521360862941,0
0.014857834893576422,0.042775437,0.3077781818484305,0
0.017428518505997956,0.016640354,0.8469167499879428,0
0.02209148711797362,0.04417247,0.9064339070517418,0
0.016180405033632016,0.038196422,0.6582877685882551,0
0.023811273054307098,0.062275626,0.5998093776374133,0
0.022151965953543053,0.025590431,0.8973121443368867,0
0.014062433521341546,0.020117559,0.6074413940897555,0
0.01391506887025465,0.0041248184,0.7234819210657102,0
0.021480194591123037,0.011693666,1.1239319508774273,0
0.02561404451628894,0.030363372,1.1587839814302752,0
0.016031502163678303,0.015001801,0.5797618713504065,0
0.03558764138585063,0.049992543,1.5651143681191486,0
0.06047836581808809,0.11194577,0.9025468972547921,0
0.009993059815154049,0.005110657,0.5161985313667552,0
0.00912183453981329,0.017796762,0.30430828661123094,0
0.01501490088833412,0.04347468,0.41659618622201683,0
0.026268303105915852,0.06427576,1.1153474100198106,0
0.027633841243199172,0.08094245,0.9622942584737493,0
0.008872237853636096,0.032851826,0.24038041598142448,0
0.026444197238196958,0.05703744,1.1874384765037516,0
0.015031758762163658,0.04111276,0.4305149113551344,0
0.0261975031059562,0.07061873,0.11871161030791726,0
0.014696482570918898,0.034452256,0.4682920969962082,0
0.01239273003011003,0.015738789,0.473036919744711,0
0.027433443212113346,0.06019311,1.0719261719278181,0
0.044438203354036615,0.15062667,1.3891010095868712,0
0.021467383841639705,0.06868275,0.8273183963424855,0
0.03577818731954051,0.15367256,1.1513729984879078,0
0.019744361767073615,0.058370944,0.523619805066393,0
0.03559227672479104,0.04499174,1.5800561090126997,0
0.031431174081808066,0.032493114,1.4314272203991383,0
0.03326904306568422,0.07554035,0.7573714483221543,0
0.018827483043241278,0.052034296,0.7707819377932489,0
0.02650598015705897,0.06285932,0.91971792104159,0
0.010768596162746499,0.04409812,0.3411485569455005,0
0.018020411909442993,0.0192267,0.8234649727798106,0
0.04154794114803356,0.093569495,1.7936412993449025,0
0.09275508882889191,0.024777282,4.762689961864025,0
0.015508774396244205,0.05201699,0.3192013514110723,0
0.05296562482092701,0.049860936,2.582713977266709,0
0.021753549289664706,0.057202365,0.842540930199589,0
0.023602496215031576,0.070017286,0.7410614556574832,0
0.025452867156983906,0.025554748,0.9443409411723336,0
0.009236744720741423,0.021474918,0.30619047689244305,0
0.03161626051381139,0.020730063,1.6647179633705915,0
0.01757846024923148,0.032415964,0.7080072959409072,0
0.01579862057049536,0.06315259,0.48117904531003997,0
0.01185130034545675,0.027582219,0.3624473687008857,0
0.021034178149323287,0.022175344,0.694264279850427,0
0.03492009169785382,0.12890808,1.1482320101733845,0
0.02405720304359383,0.019517632,1.0439523970397946,0
0.01959448116859073,0.040035762,0.8227352896592651,0
0.0344812583364897,0.1319635,1.2001104060503878,0
0.025893484332755776,0.052112672,0.9653519418830394,0
0.03207706239894355,0.105265826,1.136903476286692,0
0.028367579963554813,0.08851264,0.7980008322525719,0
0.03733225436410275,0.06040884,1.5633429970546928,0
0.02450635801524804,0.011709027,1.1947027150245002,0
0.008117537121631513,0.017861113,0.27138480624255507,0
0.017674724394774792,0.030971995,0.825758081125995,0
0.0252332384428926,0.068364754,0.9829846287871697,0
0.015320902276158576,0.026112005,0.6373849053244757,0
0.03510207673194147,0.058795936,0.5888363657876745,0
0.0314042639945815,0.07380387,0.3757659362652485,0
0.026174731009898783,0.074840166,1.0684322934641135,0
0.0404370294481964,0.02533105,2.0097965972363885,0
0.01424017953915439,0.015747601,0.6264515092059467,0
0.006169940516284918,0.025383474,0.120184178532619,0
0.05125558251013723,0.051012363,2.5832672786234663,0
0.017369706140131093,0.031229248,0.6015554883996636,0
0.04116980336948367,0.06805202,1.9561985823990522,0
0.017517060119179133,0.07484107,0.36731872011653977,0
0.02128187672739534,0.0378777,0.8965613468526589,0
0.011258917460375599,0.0686579,0.1510531857358346,0
0.015413385510397734,0.030976474,0.4782241349285786,0
0.020634408848295926,0.07945876,0.4788057480536913,0
0.03904510758971746,0.23430744,0.8134961830215719,0
0.013822409199615728,0.02288135,0.6511348397570839,0
0.17141568322185508,0.07778938,8.11114314354926,0
0.04816787115363455,0.093717195,1.5984425887193812,0
0.060645196105976955,0.037257653,3.2035708826156584,0
0.023167197375534337,0.097072855,0.7193560445598192,0
0.028830122785770067,0.120259434,0.8543783648477404,0
0.015246138704782121,0.034497738,0.5731669985866525,0
0.017866735283010693,0.04047718,0.7143426411383533,0
0.018024516521153052,0.0075303926,0.9614757841278186,0
0.04390325394754688,0.1122856,1.4789388318390029,0
0.011024350591947252,0.03014896,0.35296354235882677,0
0.04375573577963041,0.0925067,1.0069663341201383,0
0.016893270896464845,0.059782635,0.43704702330484,0
0.13800110365379958,0.17258517,3.74807339076409,0
0.024698535393199755,0.078256354,0.7604058910827686,0
0.00968335005209958,0.015957255,0.2325701795864752,0
0.018783857807871444,0.028525107,0.6441667329693331,0
0.026505659132837655,0.065353274,0.9054594904236098,0
0.017686898751863495,0.020401949,0.6073856137301414,0
0.02601755127637011,0.014228445,1.3886804961230224,0
0.023173727045402,0.064218976,0.9152272299231136,0
0.007672796140808554,0.029581778,0.20892628854893264,0
0.01442166450880323,0.020867571,0.47101061114836734,0
0.024671427754523835,0.044585567,1.1021834555647236,0
0.014844830825886194,0.018759625,0.5920384882236628,0
0.026452735695389234,0.079970635,0.45799218097390293,0
0.04218883135659444,0.06750334,1.8339541228475678,0
0.18780335279641142,0.09758457,10.101738876448291,0
0.05299319764718497,0.08321753,2.1767866086284466,0
0.03673264081979318,0.14086936,1.2837812123807717,0
0.038639753617605965,0.19831884,0.9640697569533371,0
0.024786326357782773,0.082041055,0.7727393894070587,0
0.02888626561050461,0.08165301,1.0589636559997877,0
0.02425080746840573,0.0684591,0.9789012841551995,0
0.008339773152195046,0.006275228,0.39895083508500956,0
0.030181918709999277,0.0961942,0.3999089871651019,0
0.019606293325990697,0.027796526,0.8732809684223567,0
0.009431017444490767,0.03303168,0.29481502354682093,0
0.043840193201932665,0.19108148,1.2524772419340597,0
0.012838956981241108,0.017142938,0.5368867308823163,0
0.11320930984298404,0.34438792,4.504556440076709,0
0.003991485515010081,0.0103038605,0.1478299430104011,0
0.02803136385707904,0.09878343,0.5873313688630424,0
0.055283867140157164,0.05925581,1.9672194702689765,0
0.029414339437636768,0.04658293,0.5799247075871062,0
0.03430334058943753,0.094956666,1.2930024874744148,0
0.011652060469135367,0.016865281,0.5312740535712515,0
0.012916193689605174,0.035475776,0.3105627449639211,0
0.029302026623841713,0.024825266,1.350287125037814,0
0.04834851766691785,0.13948488,1.7710155205524774,0
0.024247506322348466,0.024985718,1.0519079713807094,0
0.06789056026883837,0.05127791,2.9875882432026457,0
0.02752213021785071,0.052407797,1.1163735717790015,0
0.043506109388835354,0.05945153,2.150106531644948,0
0.03307267694804601,0.092378035,1.2787878487260746,0
0.02561771809465713,0.03891987,1.1811644822799774,0
0.01754622108415032,0.034188125,0.6751684646529156,0
0.049947556956312346,0.07038266,2.458274910513755,0
0.04521275851228025,0.110085115,1.5995177011742157,0
0.03652057588264513,0.023834525,1.9206298119053922,0
0.01608476159420742,0.01087298,0.8196305779452168,0
0.025244023931452378,0.015438935,1.262583789504705,0
0.02303251505776291,0.02751769,0.9531631562016049,0
0.016408982777430914,0.016226461,0.7431728784678413,0
0.027169389443616458,0.12593926,0.4348689545501805,0
0.02525772924216167,0.035704337,1.239295697390009,0
0.013856934845974715,0.04442323,0.42169422498690906,0
0.027939748910103673,0.09174572,0.8162419145417036,0
0.01601635687838208,0.024811873,0.5743191910203987,0
0.038208717615671524,0.0607391,1.740080451771421,0
0.008911134111093207,0.023066154,0.26488388176199595,0
0.009964861030793581,0.03407825,0.3206074819690156,0
0.028285869708701134,0.089154474,0.9220757692415157,0
0.028085340364013233,0.0815329,0.45215556633619625,0
0.012603399878188377,0.045255728,0.37003740169405935,0
0.06120057277460877,0.022764567,3.3658217412520806,0
0.02911713281202205,0.0874354,0.2499435847152439,0
0.023065715078084595,0.034118444,0.968781864522626,0
0.016116611395066892,0.04978863,0.27877415582163245,0
0.02045959625550129,0.02123502,0.7755410704667762,0
0.07101389271471106,0.032726794,3.6412939187425972,0
0.021586136743782153,0.06204756,0.8643962894409074,0
0.022456014403612595,0.07846256,0.48090384724776475,0
0.01733362714840819,0.044674486,0.3897797623779093,0
0.029215165192868556,0.043460976,1.2586364583727399,0
0.02608880176526297,0.018835017,1.340690886915038,0
0.019521360008060783,0.07099274,0.6059149766335751,0
0.018232119582113817,0.020542046,0.8986692579600075,0
0.01596909522683536,0.07725654,0.3136710181174203,0
0.01855372485478838,0.06062397,0.6145084039804396,0
0.017240037264043676,0.022764778,0.7472071702713109,0
0.03376592794376899,0.12346058,0.9940264080244475,0
0.03045589945826438,0.074234046,1.1754354307122696,0
0.028288725640607252,0.091446415,1.0128457034079403,0
0.015132332716950749,0.016595177,0.5083367240106551,0
0.018898233758582763,0.023326302,0.9041211710289114,0
0.00910505853557155,0.018328557,0.28374050075003515,0
0.046355893282299124,0.026346268,2.4863683054215393,0
0.03351401600498151,0.09562138,1.2390383997978416,0
0.04895088190986688,0.13634893,1.9099963528409536,0
0.025428941584503414,0.06968515,0.8372472628705795,0
0.01750091177395245,0.026567368,0.7799007710434662,0
0.021610317577422614,0.07662166,0.7953243458009652,0
0.01773226456647476,0.026585547,0.7537256809159294,0
0.019351660523005514,0.04008687,0.8229373040888481,0
0.013833242138691793,0.016416771,0.6445631721672826,0
0.029985924091588356,0.097316936,1.0717753461565813,0
0.02472072878298586,0.048377585,0.6054783627692557,0
0.017694303785734868,0.059422955,0.6359775643748288,0
0.023743555082293085,0.034512628,0.6725633990794279,0
0.04189492462077456,0.045273073,1.566349287940334,0
0.030617477870288973,0.019897526,1.5061226945352981,0
0.024366592316718855,0.036764205,0.6869137405317401,0
0.019324267255641528,0.04299222,0.7508162002238177,0
0.02904579928541377,0.022109665,1.3776927516355981,0
0.0469654856908947,0.013372957,2.576509613051458,0
0.0191493632645323,0.055387173,0.7521068001958643,0
0.02293548071771528,0.014315109,1.2298375733843303,0
0.02230261063449472,0.042812206,0.9215816737943588,0
0.04964243073220227,0.21498767,1.357922935458424,0
0.03747708593150782,0.11780857,0.5738475535381073,0
0.0307719250358122,0.06376528,0.7402857264774617,0
0.022569051093063265,0.046219513,0.3611837163050007,0
0.02470027126702616,0.067636505,0.7264829497713389,0
0.012023074735635632,0.036329772,0.17740697047360668,0
0.01945623192680495,0.016976375,0.9370431882055715,0
0.01490377521314093,0.018628487,0.5086909733178407,0
0.022149527285981626,0.046434876,0.9784168788250485,0
0.026594092546395286,0.058402896,0.9650540464492832,0
0.017733537873068646,0.050384022,0.4764332449128828,0
0.014639559039328214,0.07671768,0.1542956182225687,0
0.012944606165846709,0.044321068,0.3177092126636091,0
0.049592303185784406,0.24851428,1.3767396774338867,0
0.04273877123047713,0.033504203,2.2562254426147343,0
0.01971530523260407,0.032535616,0.8473445866836108,0
0.02853754473901652,0.048166014,1.3052320130474415,0
0.02968504433109405,0.06326937,1.156265256680932,0
0.03428683716665715,0.07482446,1.471882078108822,0
0.017424434012723613,0.021659194,0.7171958527344262,0
0.027780189618330405,0.06950767,0.9844101640123547,0
0.04324197923167144,0.15060131,0.7920400301704921,0
0.0269592413106105,0.063756436,0.9995028792670015,0
0.025030634891073954,0.016409898,1.3042702889692743,0
0.019816907946260502,0.022468736,0.6170762625139052,0
0.033169051988882786,0.06965375,1.3197679118406038,0
0.01850224732194744,0.022336824,0.8263910596878609,0
0.02936949112376608,0.12990427,0.876150198101855,0
0.03317983949365721,0.05968846,0.541155321138288,0
0.01996628048533961,0.04609228,0.7442703687063581,0
0.020881817514985936,0.123704106,0.45505173926587883,0
0.02711526727101105,0.06665581,1.1255168598649128,0
0.017057389372901292,0.042472832,0.7270270466099114,0
0.015526700062659823,0.044660565,0.5169110507094362,0
0.010193257204255865,0.016851937,0.3620593143471259,0
0.011703228076319823,0.015497543,0.5355372148522467,0
0.024084177000465307,0.10767323,0.6740655604338198,0
0.026511473334182713,0.0049380753,1.443166076865725,0
0.02775517911465812,0.117331855,0.713876999198337,0
0.015365660612756035,0.005597468,0.8071348709512736,0
0.015177252853603902,0.03499481,0.45828323705127516,0
0.02672247197683955,0.13075562,0.7484062283617656,0
0.02405043131643654,0.11578751,0.6143391231912142,0
0.010658483535646648,0.023936938,0.38133592083388435,0
0.02456321354425868,0.06135319,0.8880006160725686,0
0.03661995178811587,0.06484685,1.1813885697990398,0
0.01665920042704823,0.032518853,0.45732258645024226,0
0.054132736441545995,0.19336088,1.885913155802478,0
0.021354843026927642,0.03360347,1.0076565197457037,0
0.048862680944783715,0.12012062,1.9990318138999537,0
0.026387579534842883,0.09309057,0.6566264673762496,0
0.02594143338185803,0.07231761,0.8797128369085969,0
0.036072537877333014,0.055939294,1.248859835201425,0
0.03760149241797768,0.07780482,0.45338587891375093,0
0.018360590223990413,0.029339766,0.760119593757307,0
0.013762568035306929,0.01736751,0.4811373297753085,0
0.018675246139233243,0.041479588,0.7991222799801873,0
0.036251692345077025,0.090145916,1.1517464257295056,0
0.03924761513045622,0.14596441,1.330682632837926,0
0.04582349329819756,0.04885611,2.3159823727676345,0
0.01776029369889446,0.035811525,0.45309330653469443,0
0.026868623447588932,0.040923867,0.7885585597750243,0
0.015316153232122934,0.13469766,0.03492805639242678,0
0.03427454635480287,0.1008255,0.9049319722977176,0
0.058659749754266716,0.050738554,2.737189595870165,0
0.01571745772013447,0.032411005,0.49784006731945973,0
0.029419859650525067,0.05190078,0.6129915361144191,0
0.019873725456362956,0.012995814,0.809639937165215,0
0.019446394970691103,0.027878702,0.6633658804169306,0
0.018285293158651607,0.04227389,0.6646171082399926,0
0.03308246455319809,0.028836194,1.7285115753478808,0
0.01274241036419566,0.0326344,0.21012772539778232,0
0.026818677479698315,0.010919438,1.4239258042739076,0
0.020817608436313473,0.023184659,0.9834051860860832,0
0.01779122267878272,0.026164496,0.7913820234447213,0
0.008937392924318523,0.044116087,0.10027670621623788,0
0.015880393473178434,0.017579379,0.6979375124348979,0
0.023801360332056924,0.03359859,0.6637004770073419,0
0.025714177044608624,0.032723676,1.2419394259463576,0
0.11099451841862808,0.20165414,5.179510921574617,0
0.015362689879330822,0.08244092,0.22351221243872801,0
0.031221593988395854,0.051520403,1.4177703152223378,0
0.02819727704679322,0.11031031,0.7304114485723379,0
0.011821810458254456,0.0117648505,0.5519706160083164,0
0.02596067042158428,0.029544618,1.1987438287753602,0
0.022204232930567624,0.014661984,1.0812885584415246,0
0.018060686186637108,0.07355496,0.31928248234589596,0
0.04640835451316178,0.056829195,2.010452160231153,0
0.03409737185618047,0.034600165,1.7522481325616224,0
0.0245317620978097,0.050041087,0.23175274646672867,0
0.010442367347233519,0.011527013,0.5043081679504262,0
0.028279165422988924,0.08616306,0.3655088576037419,0
0.022247009638488573,0.10912114,0.44241908459192325,0
0.023110884084760315,0.08962249,0.18409093141362662,0
0.01661391672734836,0.05344293,0.5357871591816794,0
0.027953325338754026,0.047870785,0.8709872456706156,0
0.026085670135358417,0.065073915,0.4718177835133391,0
0.018187753486231542,0.053322665,0.636468782053079,0
0.03134121637627675,0.019649604,1.6032692383483282,0
0.027150392902822933,0.016613938,1.4543072313386551,0
0.03035762328223214,0.07886698,0.9972685459965678,0
0.03067075691862199,0.05389485,1.3679115457776252,0
0.055357940089490784,0.031647384,2.929278600714648,0
0.014835687830054407,0.019542731,0.4740616062853722,0
0.008410741691306031,0.01769599,0.19716563668800663,0
0.010930847668727886,0.019717203,0.44675153793083383,0
0.016175439926563416,0.018462894,0.7393368080189354,0
0.01663517102886225,0.018034145,0.5532483047399778,0
0.03517589481027477,0.018432574,1.8486722985158632,0
0.01283561906779541,0.012203125,0.6240000810785115,0
0.03217363718253792,0.046143048,1.2278713712534974,0
0.03822062747016923,0.047663584,1.8896498610176313,0
0.012903285302701309,0.026043866,0.49215152695120734,0
0.017160259846439305,0.042812772,0.46797679869531417,0
0.010120802700900641,0.032772686,0.24410320506484406,0
0.025703976424713625,0.03055129,1.1046952679038726,0
0.013100174550065692,0.007781959,0.5875971890999114,0
0.019608946354201656,0.03067656,0.8543156764613047,0
0.030403233270397376,0.13725865,0.8361574756618174,0
0.024028395665950147,0.07665464,0.6699746105266634,0
0.04854152025014344,0.28111127,1.1463630750741864,0
0.022393285537595446,0.06595833,0.5780332136401963,0
0.01021835005456619,0.010995738,0.3890591184563395,0
0.029862543535299303,0.0692723,1.160009871569693,0
0.012816684071275907,0.032866955,0.3926033146337083,0
0.04179730001359189,0.11027908,1.0888566528337884,0
0.013222035557170681,0.03106454,0.26985947082969974,0
0.006650597426869779,0.0064017302,0.282117414467196,0
0.017663536191129925,0.029023536,0.7098289072342041,0
0.014999510876663222,0.031012455,0.3101789628457818,0
0.047455059187275335,0.070912555,2.3121120852260812,0
0.03843786784900308,0.116375715,1.4907475011618525,0
0.021334017111055294,0.046718046,0.9419535199929152,0
0.025793446500462842,0.030343493,0.838950443821608,0
0.04890754919217211,0.14551078,1.9533451541892022,0
0.011617227975624296,0.014812621,0.5038370179836164,0
0.02869788923992386,0.035407398,1.372951636290031,0
0.02356380128388859,0.00909792,1.185058816941949,0
0.03775842484345461,0.05613845,1.8194671437827823,0
0.038426718734582976,0.18322176,0.7148998422452786,0
0.05987128014680012,0.08319155,2.134306239015217,0
0.028519443081249027,0.040323444,1.3447735252423223,0
0.03275510718834862,0.023315083,1.734366392478463,0
0.011018775781830865,0.01693294,0.32808335598158694,0
0.022984881247708408,0.06110588,0.9075829072158543,0
0.025998235106901846,0.097149126,0.900405556025653,0
0.03321218580931506,0.028637018,1.7157019898183925,0
0.017460418597891804,0.017825404,0.8061972946083998,0
0.021763578199589656,0.07541481,0.7033828139997707,0
0.030335231080569163,0.026551623,1.571647931160045,0
0.03418664677587968,0.12107631,1.056862195711209,0
0.02350186365579542,0.027333602,0.8325386921315623,0
0.050334513500319915,0.10108853,2.2946438511421037,0
0.01535960698136981,0.03484101,0.33637221795284167,0
0.03575698248241492,0.07794042,0.8227684075981262,0
0.027171148264059117,0.032626778,0.8075459813137894,0
0.03547992877760952,0.0505002,1.6946278531409162,0
0.03902594273953182,0.112146646,1.3451872910020433,0
0.03681922147001138,0.041812535,1.733838746050338,0
0.024371978400077838,0.15340602,0.3007617527613844,0
0.025871350490467092,0.12352355,0.7453218250041197,0
0.02181339672552641,0.062716834,0.8656263129859421,0
0.020754498643687197,0.03189091,0.7708991046564923,0
0.01291105518931211,0.010523657,0.5505277318391315,0
0.04688716396866294,0.16013537,1.467510377291196,0
0.024297564532107824,0.049808692,1.0743891438141515,0
0.017306096753121072,0.030772995,0.48328128820885274,0
0.016023404205230254,0.036070388,0.49306763469132275,0
0.01784733669932152,0.04260128,0.575105682641866,0
0.020801627406574253,0.012576707,1.0054575323775883,0
0.023191841434597148,0.0293848,0.8340736797495606,0
0.02186309005639138,0.017118722,0.877319426502412,0
0.0256612665246453,0.07428581,0.44538741098295126,0
0.038393131327005815,0.16122346,0.991775529894897,0
0.008469304983920258,0.0069510806,0.4072698518288461,0
0.02875057032435229,0.057270646,1.2858273645366662,0
0.02045194457828817,0.03867825,0.3226149288195145,0
0.030107673299074343,0.064460896,1.1268806835821734,0
0.013445086274111211,0.0121029625,0.6412599920444391,0
0.0341128092734502,0.0695801,1.4882290672038918,0
0.019078816332123674,0.02046682,0.7650501051557547,0
0.01561692362870812,0.029397983,0.5446536684941338,0
0.05717231213550136,0.06590418,2.877144895367209,0
0.06056814161322339,0.08594375,2.9331836433117275,0
0.013962646386727362,0.017646395,0.5313353511927472,0
0.0358118862526251,0.05626153,1.6203207110308677,0
0.04401263888886235,0.04587278,1.5007635907006622,0
0.03627004494717423,0.022038959,1.8616194697687036,0
0.02039405889298178,0.005937336,1.1235162524573161,0
0.02029056591898667,0.039578862,0.7995141037420337,0
0.017448166176835415,0.01357633,0.7594582201017921,0
0.0296181086564583,0.01934199,1.2667394772836886,0
0.012722748539816182,0.014942349,0.549828999468909,0
0.018560739149990055,0.056051146,0.7130716644894883,0
0.04491638329109976,0.18856981,1.3420961705390024,0
0.010182437075514108,0.03273725,0.20840404240340696,0
0.03579650294186697,0.013398942,1.732422940798091,0
0.023390394246709478,0.056741018,0.6289975411974976,0
0.019054697162847474,0.0228643,0.662843353941945,0
0.014829394511989223,0.03456036,0.16432096383919123,0
0.011180135978959121,0.017409561,0.31907399988665025,0
0.049043124473438865,0.1588664,1.783217460306225,0
0.0129574405962502,0.023762992,0.5192526932455137,0
0.021918414062523872,0.066590875,0.7215871753554609,0
0.16053252639039148,0.01906629,9.037757293267548,0
0.025670241564512253,0.07225301,0.0,0
0.014649462796500623,0.011141971,0.6513196704211178,0
0.01955122905210236,0.061164647,0.7457997663637098,0
0.006011548121653364,0.0023202463,0.3232334008144059,0
0.01478164969112166,0.027008269,0.4871570260691077,0
0.03050285258050396,0.030976126,1.4125802940465775,0
0.019753886027270882,0.019375829,0.9586631598718554,0
0.01884069234655039,0.05032201,0.45883425206488543,0
0.02536492403677012,0.10177508,0.2512645062486655,0
0.06874383052064677,0.057962272,3.585655266020313,0
0.0902149503463344,0.040112782,4.9170122203367,0
0.02324496530412795,0.06857125,0.7332580769935415,0
0.02197859439380814,0.08014896,0.3622832671981366,0
0.019590989697424396,0.016142426,0.916046402528435,0
0.019453346181526117,0.045841575,0.8105062874663638,0
0.054994606259926304,0.10764128,2.45238757693612,0
0.006576890537918003,0.01737719,0.25350209444719773,0
0.018762046065054317,0.084721096,0.35644652533430793,0
0.015629416832929805,0.015081649,0.685679757971529,0
0.04265971123557963,0.23503408,0.8881314269532604,0
0.039578229420717856,0.1345501,1.4791111487455275,0
0.016009938232207956,0.007998321,0.8498799530852277,0
0.014612415425358124,0.023229158,0.4970867119046438,0
0.044238372733522026,0.08771241,1.864874244955185,0
0.01486563075169297,0.03992484,0.35783000759790823,0
0.010739213836466987,0.01602791,0.40814498697962676,0
0.05559754930503305,0.094227836,2.427477832477894,0
0.017386475376676893,0.0475243,0.4962007985905759,0
0.01955588879483006,0.012770024,0.9196467629437346,0
0.04319978726176964,0.13232079,1.6950180773123853,0
0.027886759954456466,0.028478028,1.2936735538353026,0
0.03581527644625851,0.09037401,1.3756967491373249,0
0.019181961910050165,0.01641896,0.8665708737997759,0
0.06064286447658072,0.043022927,2.6128397705037223,0
0.028730497724001307,0.030663982,1.454120235316195,0
0.0305215351582098,0.08550875,0.13051354021565972,0
0.037666600987744006,0.038341913,1.9129025780637479,0
0.033134615112241285,0.029994896,1.4224614967643547,0
0.016427885773065608,0.034588035,0.7417478468498673,0
0.008799656635018983,0.017531075,0.24381573485975883,0
0.010996794222491071,0.0049837492,0.5744100952717169,0
0.022635059721277013,0.11079905,0.5844598375069802,0
0.05035720600514519,0.02208824,2.714480165688048,0
0.04696600026600136,0.051396232,2.229787013777441,0
0.036760471921295904,0.07169455,1.676692028820653,0
0.02631165269683595,0.03379809,1.1242965463223764,0
0.040344452866719255,0.054519117,1.5547120132727887,0
0.013089804503980005,0.018381272,0.6259807443643529,0
0.019869362140667274,0.057958078,0.6422160684153618,0
0.015187089245879462,0.017897455,0.6834589123512782,0
0.011340098598522965,0.010518971,0.5673931273435278,0
0.01855372314052718,0.026832595,0.7606494611609073,0
0.037087612576893005,0.039369646,1.4938935738725356,0
0.029260476268525126,0.08985371,0.8026849069973443,0
0.03273054425962299,0.03285982,1.6325796854612264,0
0.021839544485031462,0.05498811,0.6047261837384424,0
0.03236585138785653,0.06626916,1.4082729119536195,0
0.04149515267238942,0.03149584,2.1589235010376076,0
0.03084329333701364,0.038025737,1.3280161743717782,0
0.013469819575047712,0.021416321,0.5683665019214267,0
0.03422754790355533,0.047072332,1.4255872500675886,0
0.011380731517120763,0.008114305,0.5957950957190336,0
0.060300193350572795,0.07243756,3.035368889189988,0
0.008694971946334628,0.020844163,0.2739518192858254,0
0.060672395150142854,0.27794188,1.8137753162115255,0
0.014589908602319013,0.029192086,0.49757509619172097,0
0.018430765997287452,0.058176953,0.4355020021751492,0
0.09455768693216465,0.011315841,5.331033936748183,0
0.03230748227727884,0.15803602,0.908805064655868,0
0.048147447323487136,0.12220929,1.9666532886329633,0
0.01488978473105524,0.065871365,0.4029537664274865,0
0.03025774055033197,0.039710004,1.4742555928639094,0
0.01927402129162393,0.045900375,0.1738435103462075,0
0.00759068142783732,0.010956983,0.3355692414709111,0
0.022072854351016108,0.119058125,0.4831456981605109,0
0.02029431322324428,0.06464974,0.7781577103598971,0
0.018280294104100262,0.038525105,0.691508379746096,0
0.012618111938921414,0.026063507,0.37088922526400886,0
0.008720525341417956,0.012349193,0.31530770752485604,0
0.021527428882458226,0.08497724,0.6311859856604468,0
0.01831494715319363,0.06727666,0.44572916795101614,0
0.029138585145036314,0.06773809,1.1737312732497587,0
0.02419597736379579,0.075443625,0.8753004211237424,0
0.028815058976167707,0.07414415,0.9531266442678968,0
0.026511834877574768,0.055405594,1.0286083964215897,0
0.01110071130286018,0.045025997,0.27642514629689097,0
0.07998589589813646,0.23781769,1.423193164119039,0
0.010338488474650513,0.028289558,0.33666261070648634,0
0.047876380772291324,0.047673933,2.2693554535868623,0
0.04498852948956518,0.041366093,2.267080829638143,0
0.02480932835974594,0.06258381,0.9323851474256151,0
0.02154565251301233,0.03721038,0.8483068390708054,0
0.021744232649680867,0.032320783,0.5628283997690107,0
0.05136008277766747,0.10604172,2.203402162214696,0
0.03208035799541169,0.0276045,1.6477868116174044,0
0.026757631449344538,0.06832288,0.6610082054254518,0
0.014221331805795233,0.040394247,0.44404171049295754,0
0.05644769376887199,0.028143574,2.782085014730703,0
0.018678207804218146,0.07553565,0.39035240361749096,0
0.04254182504358116,0.06504525,2.0423328736526694,0
0.014262482263829205,0.039546076,0.38857259527034704,0
0.022762933002840567,0.036589332,0.7860655649045192,0
0.019293239189349498,0.07247519,0.6574061792191016,0
0.019477512364286763,0.01723288,1.0078391766155848,0
0.019981400435785942,0.027541703,0.9588840063539175,0
0.029862336594319625,0.024006441,1.5700396036657243,0
0.043931176332143725,0.29350144,0.5793070517565023,0
0.011232972576317932,0.0354558,0.17119193942613353,0
0.016692602354107744,0.042262357,0.6125429333466277,0
0.04042326624715466,0.11236973,0.3846702580165397,0
0.035723202706319734,0.122097045,1.1453741031631852,0
0.020998702109361583,0.097957306,0.4872276866953768,0
0.0221258907629589,0.06109934,0.7470290649630197,0
0.02404880968160421,0.022959152,1.203691308947886,0
0.013759801334819828,0.01933646,0.6658527937589989,0
0.044220867750707264,0.0489306,1.3960082343720426,0
0.009058403490638826,0.013418501,0.4070269908522746,0
0.061747787341465125,0.39814627,1.1682676686265436,0
0.01136397438387397,0.047601555,0.26305246730676163,0
0.017001715146371693,0.016442506,0.6376718574231661,0
0.03100649844420225,0.056935143,1.430439217861947,0
0.05917565903947968,0.042173363,2.4062384026396892,0
0.037258375867027405,0.25493902,0.5663008271748683,0
0.020909268907408782,0.023398312,0.9417021417681114,0
0.02131072562816704,0.035009198,0.9343168327941579,0
0.0194683085740556,0.012888763,1.034032191983353,0
0.027741296857475277,0.17871785,0.5407460065735853,0
0.032193211780475274,0.052516695,1.5136795732970416,0
0.009162327639700705,0.02918704,0.23465565216156883,0
0.014042132250993744,0.028447898,0.6166194035279494,0
0.014477127393668934,0.026066719,0.6058317588863255,0
0.019985836948222015,0.05076819,0.6817440205152246,0
0.02704927413760817,0.19009902,0.4067112420832166,0
0.00927617831474885,0.028843809,0.22807379007297762,0
0.03589699864201133,0.13578951,0.7058699977816824,0
0.03640752867616398,0.054531187,1.244699696717412,0
0.03348753076398949,0.04249267,1.6418686664233226,0
0.0440115528330093,0.090852715,1.8999400085363753,0
0.03444126306346179,0.113528274,1.28054887169696,0
0.015043785157899161,0.052844964,0.23617483155426816,0
0.03430073926937871,0.1583776,1.055683341456534,0
0.011286944727445158,0.016602295,0.4787754697772433,0
0.04004880086920129,0.08138765,0.7490365636876052,0
0.010001366422381953,0.018158605,0.3964744947023217,0
0.05880853971481194,0.10077938,2.4029318774710084,0
0.03386891307285965,0.06478946,1.4022075543062498,0
0.02083678911345181,0.06928826,0.40359443459061267,0
0.015378856740279822,0.01179175,0.6749545680017349,0
0.03132017468618098,0.064613976,1.1207433557915398,0
0.019853905774034442,0.02995414,0.9612986462770218,0
0.022321468365291412,0.021086346,1.007434661537846,0
0.009681840718896901,0.014570289,0.37619644417006487,0
0.018004781323055184,0.025065435,0.8113367331715655,0
0.024299991484449102,0.046548445,1.1084896860822615,0
0.016487597124573018,0.038389556,0.7074631026889145,0
0.06290151289353707,0.08231438,2.4745193295657733,0
0.018059451893311214,0.020924885,0.6243629501575371,0
0.023073736865387055,0.043325335,0.841237704256793,0
0.03894499872134726,0.015760252,2.0567327610646275,0
0.028518696603039698,0.015245256,1.4726318370524567,0
0.03309096099302515,0.18404007,0.8080849535336044,0
0.032445949387678384,0.052252583,0.9730909079869127,0
0.019037427081907525,0.035983983,0.4829765862757447,0
0.010678651656309908,0.040411714,0.16422925228455146,0
0.013979444081635997,0.02489923,0.5442715100379893,0
0.05719037397191219,0.026384652,3.0158610081056296,0
0.02177805727160999,0.09981985,0.3944155135335335,0
0.06950588276692841,0.19871566,1.4392647905322142,0
0.01926021409612933,0.045839243,0.6967939365558244,0
0.020517860028384037,0.08540389,0.5426375294714322,0
0.05674102769189746,0.089035176,2.7239219999915782,0
0.015786567342871857,0.05721807,0.49457413725569377,0
0.04994257535106484,0.09630088,2.0234771564301535,0
0.02389386493268113,0.052834578,1.0173063370572906,0
0.028029985123667323,0.05358524,0.6577861359906123,0
0.028977147762532775,0.05715723,0.8440502579372472,0
0.012370243146265166,0.021651164,0.5217869623131888,0
0.04216308778651709,0.13781835,1.2989878298190909,0
0.03293832966915233,0.120090835,1.1149013926979565,0
0.04000095016513071,0.044065487,1.6738159332868514,0
0.011965957504547342,0.011180274,0.4745275813153895,0
0.011697558497056958,0.01642395,0.34666263863292723,0
0.020704036994923045,0.07046025,0.6473813082860412,0
0.025100627052566212,0.04451569,0.4145300010612987,0
0.01964424083220934,0.019471914,0.9125373379123619,0
0.027396319993174913,0.08015996,0.772524362602598,0
0.020041273610512146,0.03142324,0.9380784674364872,0
0.035995472760623856,0.05379467,1.6180632274266884,0
0.02585264653361946,0.06062801,1.0479856113579815,0
0.03525913076466171,0.11453952,1.224583195820473,0
0.018934826616186604,0.034344286,0.7929968230478879,0
0.02180174738311,0.048099287,0.5878173925536325,0
0.026755092494284614,0.015739182,1.4093078329737736,0
0.02048074612613921,0.07820488,0.27851983726695706,0
0.035502308654854146,0.10213697,1.102341927343205,0
0.015319160525645607,0.036211252,0.3304053512926796,0
0.026746811433856665,0.009177032,1.4373502567198089,0
0.03386505188264657,0.16288763,0.7046908179326599,0
0.04212935819672895,0.20269758,1.1416137148266672,0
0.10118391283483302,0.21059635,3.3782663718466797,0
0.016558654898504905,0.03309049,0.44735990501577033,0
0.029259352627929634,0.09911426,0.9692332802607679,0
0.03299127121133292,0.06291751,0.7542580956173158,0
0.02880905295507666,0.11914074,0.7183723532835796,0
0.04142195238285289,0.020407291,2.225923069768224,0
0.019361989174009376,0.05502987,0.7922399689311781,0
0.02763592710074438,0.021900108,1.42409081464146,0
0.006086285668138165,0.011150981,0.24748608022186955,0
0.017254403507280396,0.047284767,0.49735648314294745,0
0.02370868272826867,0.026738837,0.9823750486078757,0
0.005717290647152912,0.005209138,0.28246350834307776,0
0.04600831480673958,0.10082348,1.3473419979350332,0
0.04264563510640463,0.04891201,2.0958111847839147,0
0.00883172896203873,0.009322868,0.4447648373965035,0
0.009345851768160714,0.023669217,0.271949580658384,0
0.03252861186909238,0.039270326,1.5719247639882443,0
0.021759882727500908,0.066313155,0.8255289287868103,0
0.04810954053676754,0.0780137,0.9387632806610633,0
0.018269321452096098,0.04769913,0.7412697071826516,0
0.013995882249007078,0.035684068,0.5388492388508432,0
0.010564701755584213,0.021259813,0.21149598765625968,0
0.03151825671734782,0.006173926,1.6827464998056003,0
0.03417542588694437,0.06908287,0.9941462067906374,0
0.03448214722680462,0.09854888,1.2608285166649644,0
0.024087459447695858,0.052619908,1.0106505326309292,0
0.03172712035973678,0.08311211,1.2366092756004505,0
0.03005527531208798,0.08149914,1.1856807197257933,0
0.03999977786209908,0.03824356,2.0416042110713355,0
0.01550209514964871,0.019943962,0.5310581694512277,0
0.028175797082417478,0.06493793,0.17088395599873046,0
0.01805220142883952,0.078344256,0.21876635350921544,0
0.02077598284842725,0.020337407,0.9275913542827179,0
0.027056504722933316,0.04301445,1.1613769642087708,0
0.03218662826394088,0.19572069,0.7169874189221399,0
0.022850511331087106,0.04204374,0.792301394957088,0
0.02711164901241654,0.10913696,0.7759140500514613,0
0.03272112494219115,0.122210905,0.9864948074847821,0
0.11621447739199676,0.069725454,5.223500342405742,0
0.02181921570522987,0.019453948,0.9473822676576126,0
0.023504367154781554,0.017791258,1.0842831157901718,0
0.015405493750603792,0.051691283,0.22494811600106923,0
0.011507962558914776,0.0455598,0.37964991296414113,0
0.0170287687218934,0.027697256,0.8012716729961417,0
0.05289033100387277,0.054208957,2.4794082134160775,0
0.0956331265821451,0.051114824,4.273050215808309,0
0.02850567125561934,0.022643436,1.104749024589068,0
0.026720788347324793,0.088323034,1.0166960705164336,0
0.02786177801888759,0.09832491,0.5669280246176469,0
0.014166029119986615,0.03257988,0.4388783912780511,0
0.019044177995149764,0.047692467,0.38908676424637395,0
0.018843279223202884,0.02975313,0.6024632392174469,0
0.015200416437949409,0.038109522,0.6354096368314379,0
0.02681044207718372,0.03388931,1.2087137100965282,0
0.028098583739619595,0.12314296,0.7062762744234563,0
0.05737077389440859,0.054994922,2.888203328671102,0
0.022621988279972548,0.023831632,0.8709371890362045,0
0.010655080853475664,0.058715064,0.17630185407006116,0
0.016930898236073376,0.017132068,0.7122286507529992,0
0.014487168621564721,0.027349304,0.2826186528885495,0
0.01989299214320243,0.009865091,1.0599813351623433,0
0.03005823922673072,0.048094887,1.3569703637314565,0
0.024017241291236356,0.036186546,1.0813566951339844,0
0.030767208584251523,0.091703795,1.2108274768303176,0
0.024136855571238874,0.045008805,0.6512883835097567,0
0.024536455446158085,0.092908345,0.42548751081142755,0
0.010932254393529163,0.033760592,0.2822213766764026,0
0.021799851372929904,0.011957938,1.0614539083360837,0
0.03070995648126998,0.03444634,1.310294935945345,0
0.05527847323100903,0.047274914,2.8371878597188926,0
0.007511225658532565,0.01777993,0.31284876486445373,0
0.0985329018498007,0.25919232,3.748477492768456,0
0.04157983790854426,0.14452434,1.3452154152173657,0
0.014849766593438996,0.02962655,0.35727910960732473,0
0.05227982583852668,0.022239193,2.797507535787752,0
0.028641267625089284,0.119106926,0.7431954951458283,0
0.015160124271283023,0.045238137,0.3679405023124126,0
0.022638672492865018,0.03617769,0.8699034578977044,0
0.0177505874873145,0.043337137,0.6729309776301493,0
0.04457152079722455,0.01616259,2.4452426096173996,0
0.029265751235974784,0.026558286,1.1740921287086987,0
0.029216564954912545,0.08833072,0.9022238463638003,0
0.02672502435032849,0.019190269,1.3915958892052,0
0.07033555516139542,0.052726187,2.814302890210496,0
0.0048657342137662435,0.019712312,0.1257377304207179,0
0.012124538063773335,0.03971618,0.4567023659377486,0
0.027086023422192965,0.029944826,1.143045668262878,0
0.06312557787204276,0.13367182,2.7344355584146425,0
0.018973205579668258,0.052500267,0.33581117928502013,0
0.04729764238271764,0.058420237,2.37297851523612,0
0.016137863314817952,0.05831946,0.5439963283540715,0
0.014996476361759853,0.03374047,0.6449120446986456,0
0.025571745566349884,0.050520167,1.1651960001838575,0
0.01627375362895677,0.03498727,0.6817115977103365,0
0.0437751391081322,0.10757441,1.7978790368591406,0
0.02011836731630987,0.09091297,0.3814549883988662,0
0.017607760077086174,0.034005016,0.21816133387483172,0
0.011555119824223989,0.026167218,0.14883422090190726,0
0.012403674907400755,0.023966739,0.4434852243794534,0
0.03975598689025864,0.108058766,0.8800332625259233,0
0.011015545371780951,0.012351166,0.48736310721852777,0
0.017539438071515014,0.035479285,0.5601500691571003,0
0.03264454032329267,0.19041389,0.7370094423834882,0
0.037105987542944675,0.0686627,1.6766554005336896,0
0.04343465709314877,0.07996806,1.0216950173072281,0
0.015394240589438,0.036548555,0.6143912556719727,0
0.026820300502470595,0.058915444,1.1833452351140716,0
0.057591583988338295,0.16732636,2.3340547418244,0
0.011834217809067028,0.026790606,0.46608829984632727,0
0.028485848167573973,0.049925126,0.9032491123962993,0
0.047060419369517256,0.07706558,0.9938121894203146,0
0.019561583495141904,0.027084183,0.942463777616776,0
0.024908081396185347,0.047843635,0.6208845127352105,0
0.02635672616602107,0.06231812,1.0655362564847393,0
0.021425915575067532,0.04807383,0.8566483112135079,0
0.013896814329542507,0.01874908,0.6019173717118259,0
0.018885310877957424,0.028049275,0.8091315911429435,0
0.01765905619236549,0.07864883,0.41477525453907754,0
0.015108960082386897,0.06292862,0.3681988686514091,0
0.022895635829637485,0.048436876,0.9965956913607945,0
0.012116913344553315,0.011102555,0.48802093212792286,0
0.025763729687966072,0.020122143,1.1851071425187425,0
0.01428557227895032,0.023506887,0.6778889612549603,0
0.04966325959460853,0.22484496,0.862244518518558,0
0.039490002758332074,0.0706008,1.8060524189975757,0
0.019496866101175514,0.035236463,0.9132506171013988,0
0.024920709403288756,0.03880779,1.103753018747801,0
0.029940750662430852,0.07706071,1.2641944962914349,0
0.01981515602585974,0.081762865,0.46129303523927057,0
0.023985989358421562,0.019247899,1.0930787134204414,0
0.015454978649946478,0.0067769866,0.7789003770158814,0
0.04460835763189744,0.10176958,1.3093247076889203,0
0.04639363268769142,0.09137623,2.0644736503769816,0
0.028633748546728365,0.022865245,1.4630874125549465,0
0.02944462992348354,0.028672626,1.0013818591068633,0
0.02083812493502582,0.056080196,0.7652526751334251,0
0.02098648270209971,0.011221227,1.1192648983990088,0
0.01917183985415561,0.063311435,0.5880325057815189,0
0.010036293580675065,0.03434883,0.22265774632519433,0
0.03709054223560433,0.016656365,1.994079449706989,0
0.017205086545852694,0.04910666,0.520217516676709,0
0.01766119921924418,0.02906701,0.32440694569437356,0
0.02176293081901801,0.021747613,1.1168906642017395,0
0.019643849086169014,0.06692099,0.5647037840948427,0
0.05733673847103128,0.056583334,1.87716362922047,0
0.019395684550978672,0.016138088,0.9676950094804461,0
0.013461154994716184,0.018700438,0.6126557151466575,0
0.008527572897800102,0.013211571,0.3878931959184602,0
0.014727609864515797,0.029208917,0.6330574134599004,0
0.027029407625980616,0.07379333,0.899352322792685,0
0.02982191895220377,0.028806375,1.2004004452780686,0
0.01643110544202066,0.0402485,0.6454775627722646,0
0.008329132065201202,0.01227828,0.3087917161116638,0
0.008629279837970244,0.013326025,0.4083510796634042,0
0.04004233884592713,0.09040944,0.5882249599798692,0
0.021207809422786373,0.029912805,0.8909019661518907,0
0.02904729038278842,0.06682758,1.0857108919779332,0
0.013442716114181992,0.01887337,0.5097852303535056,0
0.01598512154736525,0.012133711,0.7679218805459056,0
0.03271224691014221,0.11484178,1.150366001956019,0
0.010046792831086053,0.01606984,0.3674495383196565,0
0.012175724895445408,0.022252347,0.24685760719910335,0
0.013170623874006832,0.031202663,0.5239482509450342,0
0.02302485598904124,0.05099938,0.8336587320494714,0
0.030409050602878306,0.021365475,1.5975869276860122,0
0.015071974360950603,0.033348873,0.6505507719004,0
0.09159705257903701,0.043797683,4.894082766886586,0
0.02100145096114824,0.06269803,0.45680173163205756,0
0.030055899998817137,0.15524095,0.8040273981285964,0
0.026484631144038356,0.07335754,0.6169927670963338,0
0.02294653326342202,0.08229269,0.6653416126693683,0
0.017917664831168176,0.0058050593,0.8806978046698608,0
0.04168193636001628,0.09801904,1.7090963247150504,0
0.01603288048116617,0.03852961,0.39721361759147616,0
0.030382010264140256,0.052383356,1.3237553141079064,0
0.022732413478285526,0.041209906,1.02052258225697,0
0.04387041100748275,0.040127717,2.2736967974807722,0
0.019210338196667995,0.0658107,0.6544842849584839,0
0.02680967945208201,0.04321327,1.1037275733941885,0
0.027672689142433936,0.03758318,1.2076903149230696,0
0.009241300395315257,0.025463032,0.3273776232901176,0
0.044426971438455434,0.18407477,1.3243002206938232,0
0.031246990283934645,0.042869262,1.4306808969901317,0
0.011676085322412415,0.033066414,0.3010899812093844,0
0.027392137772614664,0.060858388,1.1903840968872552,0
0.00529607279191119,0.015615178,0.0859109389830301,0
0.011448870160781027,0.025121827,0.28913776796898544,0
0.035751329918374236,0.06852824,1.5818970619694406,0
0.02395724616325097,0.038272616,1.0616823203872203,0
0.026866515989005458,0.037212662,1.294343039565514,0
0.015560811427690033,0.03154712,0.6638906544821401,0
0.028501728603180156,0.04353415,1.0760310464823606,0
0.017216266921250174,0.03632626,0.3403396736923574,0
0.01697830587728549,0.014322447,0.747386252675848,0
0.041193851858866364,0.050865095,1.8738500528271989,0
0.03173986187043373,0.061112214,1.158685786753049,0
0.01773159725402998,0.027176,0.4548606407647925,0
0.021030085894446247,0.04073963,0.47145150158716626,0
0.016525764143985745,0.021503149,0.7291259160916712,0
0.011503189265504176,0.019952143,0.3669338197615563,0
0.07199347077042231,0.20282012,2.923629957247398,0
0.020050550770324038,0.016317643,0.9680872383675008,0
0.025333790920524776,0.118383706,0.7225222697226109,0
0.005454824346981174,0.015835665,0.12398775933657186,0
0.0371842968032221,0.18159322,0.8793525271963688,0
0.01579552389953723,0.069353804,0.4764686680413843,0
0.07590499583807078,0.2472463,2.7440669552525376,0
0.024602677206595754,0.08824228,0.5490951023477978,0
0.017904759757700513,0.048281133,0.595786216892935,0
0.049647230386728886,0.048281778,2.330774718141952,0
0.022861438374869175,0.04890283,0.45921717884537294,0
0.02871719664113316,0.044920925,1.1936409299268889,0
0.05769441022796132,0.23545921,1.8859319445813227,0
0.018914293594900232,0.0827864,0.558916626501351,0
0.06752469549316707,0.11053104,1.0968610235063663,0
0.01209436244442921,0.042402573,0.43527930020491923,0
0.027346247533385205,0.039426915,1.3278062346445128,0
0.013227011927141916,0.02311205,0.30152163109973945,0
0.025596008944253134,0.025129493,0.9545943530527327,0
0.040672388928916434,0.07901667,1.7852000907036099,0
0.01649674227292885,0.059370317,0.5605543262481053,0
0.0332821152312108,0.057033777,1.178408007963019,0
0.011481094849975036,0.024040766,0.3597636580307018,0
0.03804245692085298,0.13082421,1.3040922382009135,0
0.02029015288642798,0.07965111,0.5901699000944697,0
0.048619945984555255,0.22466624,1.4864166889513422,0
0.02913473230435036,0.07495302,0.4568102343934168,0
0.040353169195678794,0.06778415,1.6389752612904678,0
0.0439555466650475,0.046863034,2.2477341394064485,0
0.00922524130602721,0.020831725,0.21818793452941188,0
0.025965703412103962,0.13332893,0.29546564549626086,0
0.03397540117073013,0.06779602,1.1903259468425857,0
0.08584069975846285,0.12814216,3.95888465984212,0
0.0229285051862987,0.045382682,0.8464791098901088,0
0.02760510924000982,0.08818947,1.041417851014647,0
0.00840299953994298,0.016846538,0.09720013142666355,0
0.023350953337775447,0.03418351,0.9230915674930582,0
0.03003560922995738,0.095906764,1.0061642294165227,0
0.02685391173464522,0.0338804,1.0922911180819996,0
0.024639755573778017,0.15088984,0.524593164397194,0
0.009696933425036702,0.040202066,0.3097221307225261,0
0.015966304233764314,0.06254299,0.5100740785489815,0
0.06659893565918683,0.0919389,3.267103897149632,0
0.018374940352500094,0.057559956,0.36109534450912206,0
0.017857273818780165,0.062929176,0.38098879296877475,0
0.0391951999998369,0.051116165,1.845659562661717,0
0.022417832075363124,0.026227523,1.0369988816731364,0
0.026187033391729966,0.083235435,0.9049547082582454,0
0.02688032683791029,0.03364469,1.057045314314275,0
0.0287702226182432,0.071577795,0.8323762276418235,0
0.03373613003695262,0.02513649,1.7254690045529224,0
0.025701479676684336,0.044775564,1.1318237727529725,0
0.014666403190651415,0.03660631,0.3884102604951011,0
0.020710120396674518,0.019580862,1.027238076963495,0
0.02978893630899568,0.017364295,1.5803462547363265,0
0.043941642450315954,0.021652149,2.372530738238817,0
0.024279054978522608,0.056536086,0.9618729039456918,0
0.042266369148075106,0.046748042,2.1431674891418133,0
0.02429625552269628,0.024141917,0.9442506927163826,0
0.01801265267839346,0.008001368,0.9166234750888024,0
0.01706380428151221,0.010360356,0.8322541925778272,0
0.0233902658961718,0.045160223,0.4203862315217105,0
0.03073105872183338,0.08018231,1.2549765059232258,0
0.03509647137918382,0.040413797,1.6531670709458821,0
0.017575779263099337,0.045258135,0.4462723558974968,0
0.045808417144746275,0.088245355,0.9590185039608444,0
0.03620388203503201,0.13702361,1.1446701400671677,0
0.054105515679936655,0.1752251,2.0177448743816586,0
0.01705665942100045,0.065867394,0.5253189523232267,0
0.01928529319841394,0.047137197,0.6232429100642268,0
0.022101556301096302,0.04037077,0.8608220480115748,0
0.03443030069009006,0.09751695,0.4938568206724655,0
0.0461656223208559,0.26107785,1.0008440284455467,0
0.015153177235774196,0.030937467,0.44661063063997447,0
0.01309157598794992,0.021833941,0.5514765135020778,0
0.020005929300473384,0.02171552,0.9519711435021789,0
0.016400748451025723,0.025251992,0.460282369091184,0
0.007712637103156701,0.013961732,0.2653751957659857,0
0.020047816722155807,0.022428006,0.9635634700448327,0
0.0152198781091891,0.045514036,0.5126381770010967,0
0.0062090780478403175,0.023144541,0.06304356856546389,0
0.0413177873963574,0.08070585,0.4882624976042685,0
0.008903157416374638,0.012842865,0.3913165577559207,0
0.02588741979207829,0.05346149,1.1411107051234106,0
0.01705990537515162,0.02764005,0.5785900958408463,0
0.008468554956744142,0.02070776,0.26934004666933525,0
0.03133887903160862,0.05105624,1.3621176860693964,0
0.03346327248988597,0.027745625,1.718437014760924,0
0.043336786188805584,0.07483579,1.957626123151437,0
0.027127063643630697,0.08649299,0.9823322030013061,0
0.0323682161354381,0.047122322,0.7070311638190042,0
0.014994392735193342,0.040937524,0.40300168389539065,0
0.0233333728571889,0.09494606,0.5102130676291581,0
0.026836230502966945,0.030041764,0.9826400573997806,0
0.04321672684266051,0.07840617,0.865513413141707,0
0.04223825089632576,0.14465721,1.5397782395753792,0
0.02491013824890336,0.06807607,0.5906300045798669,0
0.013983303847557499,0.04789869,0.4089047855327049,0
0.024107553058727832,0.1060492,0.4824058020015981,0
0.026821551198753582,0.037083134,0.8965776043700064,0
0.016095897647120883,0.03543297,0.6977256749079882,0
0.025939462024730908,0.06535656,0.6698140412029429,0
0.038086396118192915,0.04813143,1.8494920136969415,0
0.029960139305409646,0.08192134,0.786684359927605,0
0.01935815510768455,0.026939193,0.9058457424761986,0
0.02027011401089341,0.05566338,0.41988311464048045,0
0.01923047022027039,0.017573083,0.8697463728989935,0
0.03736478160164485,0.05472472,1.7994755155903273,0
0.019926269204032808,0.05857081,0.45827531180750997,0
0.020573926944632247,0.033918194,0.8181374727981627,0
0.013405839409922847,0.047851764,0.37591736141732385,0
0.014372503710040015,0.039172187,0.5584700625865355,0
0.011501469581261083,0.015818449,0.4288227242856355,0
0.028649500573221555,0.080784924,0.9844541616538913,0
0.0331113115238274,0.050808433,1.2198520972438252,0
0.03181360615261472,0.085198514,1.0134679245883902,0
0.03459327511429307,0.10383804,1.2394068908835014,0
0.018093241723543204,0.054500844,0.3607455854801349,0
0.01569247920136009,0.025916113,0.41210609316512703,0
0.02329121275993143,0.10407601,0.36477325741152405,0
0.03123913231064691,0.072645605,0.8092731979602059,0
0.021878594352040093,0.019957358,1.0282396925159063,0
0.016066316572081744,0.026297016,0.5079845438860805,0
0.02248728813415661,0.04892343,0.5784028719887235,0
0.013331386973476212,0.02401556,0.528625012932535,0
0.03144724848106979,0.10452737,1.1861369448485828,0
0.028843699967439327,0.033553604,1.3720411975012472,0
0.007510605885209021,0.012637965,0.2798449185208868,0
0.02304303860730974,0.06219102,0.8346519075997703,0
0.043104889612010214,0.12161331,1.6434135661829337,0
0.034220802485802074,0.0073617348,1.8748051652603972,0
0.03854309174813997,0.034792967,1.772169507099515,0
0.05453474619681973,0.102362856,2.2881289988267977,0
0.014525857999409976,0.027540257,0.5109819138335603,0
0.029911946518444976,0.009657791,1.5797558012464692,0
0.027007688928520825,0.027714754,1.3095586354149913,0
0.03912279639304851,0.2035952,1.0430860399805277,0
0.01164265344589128,0.03758334,0.3927882214544957,0
0.013762037791585514,0.045939375,0.3112550053872711,0
0.020584427663674475,0.09701026,0.5768951145386624,0
0.01689757839736268,0.088905126,0.34736958202655693,0
0.024527468284988956,0.03204646,1.0252873554300148,0
0.0391433409919158,0.09874125,1.6306110467317647,0
0.010134151282938023,0.041405722,0.17709579060373593,0
0.030405946144823795,0.077784784,1.2431739939220898,0
0.04334171989489321,0.097047836,1.8556431560093654,0
0.041537836230096145,0.0665107,1.0785262523204038,0
0.042020918405135964,0.13790241,1.6051556905063176,0
0.029967170869605177,0.05468189,0.9877362653838209,0
0.025646664581111568,0.07061346,0.1581736492301335,0
0.021824913090226335,0.061477937,0.7185776283462227,0
0.04042816437763832,0.059211176,1.7867732158629155,0
0.021113133562028742,0.071196645,0.561650593117295,0
0.030421392288883672,0.14275731,0.7515154287991938,0
0.017493794138592693,0.015277341,0.8896958483599995,0
0.019971554276571032,0.04929699,0.3350233997162917,0
0.036866726637389186,0.06921116,1.5044442166248024,0
0.020506499342572183,0.02733726,0.92244652970557,0
0.04347904160843337,0.13786264,1.4032169785007451,0
0.021945331555746194,0.028901089,0.6268001813180144,0
0.014098075639985589,0.00843985,0.6320782163819758,0
0.023167809650190652,0.03707667,0.38550666588671134,0
0.032808541940240674,0.0854483,1.2466880511022738,0
0.03329935961699805,0.12304412,0.6804716370738254,0
0.03780089722157241,0.15994023,0.9527336067838649,0
0.015015785700015103,0.036836155,0.4402869139663558,0
0.015812709758244864,0.010747069,0.7072305405258156,0
0.040801872200742786,0.14102612,1.4431747717321697,0
0.02132625262932556,0.01633961,0.8305560135133933,0
0.03161903881898283,0.041446883,1.45240855970925,0
0.01606026999413537,0.03234665,0.5791422570126357,0
0.020709434558102376,0.017046489,0.7691811149944459,0
0.006959934486595277,0.016446339,0.1846315926002608,0
0.05620373316771553,0.028100694,3.0093765840965747,0
0.03504795491951136,0.08081947,1.2738939953466877,0
0.026297089610389242,0.047834,1.2221593902951848,0
0.016742442499882125,0.020116216,0.490075397652793,0
0.008519175121066947,0.015081322,0.28088722784996817,0
0.01717220502540925,0.029046157,0.7071972395054648,0
0.03787889410344723,0.09604574,1.4233004242251077,0
0.011846268608768164,0.013725939,0.4285963748425755,0
0.05391003136820313,0.070511,2.413800827561812,0
0.03016235971171733,0.091699444,0.5461649316589946,0
0.04485182414489336,0.0693468,1.1513012470928339,0
0.020902134738017587,0.065010086,0.5935173603096724,0
0.027070633248558355,0.18076083,0.28094601751182124,0
0.03080422593314208,0.040186368,1.0643823020109178,0
0.06291768108590357,0.29527736,1.1629776787388235,0
0.020847867780501392,0.059745234,0.5423167307309191,0
0.03716694088969476,0.07679112,1.6019744407298724,0
0.015518294900737698,0.007893174,0.7289944422675726,0
0.028038953391328496,0.045590214,0.8902129166468418,0
0.02618123077767774,0.07552616,0.7867654612044885,0
0.023762532366521615,0.013685795,1.1493807301810033,0
0.019338096079725815,0.05695126,0.7232945979249966,0
0.01370396575115054,0.032922786,0.5290583519538231,0
0.08094436590354695,0.10040193,3.5312042304044198,0
0.019727556701042613,0.023736395,0.742659446628178,0
0.021641927484969115,0.099122465,0.6243689733290266,0
0.026848321529217366,0.018274672,1.1644367554402542,0
0.04265582014695127,0.1706182,1.353978715009129,0
0.045658444648255615,0.16530243,0.8156303287731005,0
0.07283061955010937,0.03725114,3.8649237082653065,0
0.016919864638836313,0.0267756,0.711515817269324,0
0.01549141617846763,0.03546814,0.4670262954821491,0
0.016890461467003827,0.044278253,0.5699362188950282,0
0.025003941487250415,0.056567762,0.611895129428406,0
0.02150175916762479,0.07621997,0.6484266826529954,0
0.019383580517817148,0.058584403,0.6573771649389715,0
0.014153799777590372,0.028333696,0.43923974262761,0
0.02195458237344894,0.03552562,0.7549550735354651,0
0.010969651397592848,0.026631702,0.44279520083238383,0
0.0140398532041776,0.042604472,0.22550577046451942,0
0.03519848369962797,0.040630694,1.7350703182811382,0
0.009906053967799392,0.025697706,0.34510728497995047,0
0.042085684847453134,0.07408669,1.9567304699722985,0
0.018160842368178033,0.027383156,0.7674347996207034,0
0.023311791709925835,0.046143033,0.9464813113709126,0
0.01647773825791715,0.027739994,0.6142179803282463,0
0.023994273046781093,0.03315318,1.1390605363645119,0
0.026363980581356694,0.044050753,1.173950481496577,0
0.022434015931400587,0.011412753,1.069274515475507,0
0.038191720433590426,0.033112872,1.8700059597986631,0
0.015271300344629127,0.013379427,0.714067363447342,0
0.02657702693240974,0.08405873,0.9271129825522955,0
0.025436721195217993,0.025446743,1.1380231430037044,0
0.017218720118563416,0.022983318,0.6445497679860935,0
0.019997396340780193,0.031004833,0.8984575880879172,0
0.03900828405796718,0.03196838,1.7023636098393449,0
0.013792585424081764,0.03071871,0.4492029897936059,0
0.03469092478406642,0.02267066,1.7106673738164486,0
0.050269456849843935,0.09749763,1.3489751831270158,0
0.009206003090445718,0.026328389,0.2944983630134929,0
0.07464487361779623,0.07575826,3.021194307252691,0
0.021835017029070283,0.012309113,1.1495281016923715,0
0.047621441645938706,0.109741434,2.05494200561596,0
0.011922898134566057,0.016059315,0.5464981172178032,0
0.028506653834516175,0.04049779,1.2741094900382326,0
0.040811450043957996,0.04465308,2.017145910315151,0
0.03638545778279395,0.12284729,1.1008750457947496,0
0.03923799692018354,0.031309113,1.5395471776478324,0
0.13487152949247583,0.04810777,7.342955994742235,0
0.03498190478513174,0.11713587,0.7385405776615531,0
0.018638788169859453,0.04268256,0.11427260833003558,0
0.012540581034658667,0.014799861,0.4336704471702737,0
0.028552062832632237,0.05763542,1.0890897794633583,0
0.07641537091002679,0.041505992,3.4792667598428304,0
0.03129263655080873,0.0373757,1.571686220022464,0
0.026558480580692524,0.07537144,0.46592494976039867,0
0.022665646921818612,0.05565032,0.7562464459371635,0
0.01724410804750639,0.010847471,0.8542433033021585,0
0.014091805655564667,0.018614553,0.6048416714249416,0
0.038033194447242076,0.06050923,1.8171094540245323,0
0.027457311316627438,0.019960713,1.1194205423674877,0
0.03757151023450042,0.09787927,1.378153732061351,0
0.016647926590459917,0.062724784,0.5251713009760071,0
0.011508166221969424,0.020831553,0.4829054808516982,0
0.02972144849833347,0.10737773,0.8600825704598003,0
0.030705326429452943,0.04601557,0.5934792568071716,0
0.012340916569526534,0.022110516,0.39110923929397845,0
0.051873510326278294,0.08718893,2.4084126184220294,0
0.04033830959963288,0.13168673,1.490277914542789,0
0.017851277086534736,0.015813494,0.8320249402673588,0
0.029663438449220817,0.04801745,1.1857073666498712,0
0.03409238465378431,0.22188276,0.5380680705490731,0
0.0628420425342161,0.14354219,2.5629247191760425,0
0.023367331519952312,0.102291964,0.5958771847530493,0
0.019132958958987076,0.028537754,0.774011164092475,0
0.033991947373340076,0.11887465,1.1890891142974935,0
0.01811611373516335,0.09111142,0.2278126891423097,0
0.03180020937026004,0.13690165,0.6932881497903525,0
0.025934435370872148,0.027636593,1.1167923284918795,0
0.01792483430953633,0.026356831,0.7834754336066978,0
0.013882599666488731,0.03108275,0.3270005832494358,0
0.028751069865910982,0.14080854,0.6606040610744396,0
0.020832899568971563,0.016156752,1.0104314964417667,0
0.02397759505380888,0.03710955,0.7475731505093735,0
0.0281971746267175,0.06038665,0.14424002642423683,0
0.014844241579374721,0.017370965,0.6604365789428055,0
0.03681097492951965,0.013866994,1.924277378503707,0
0.03822553877153834,0.12613405,1.11997972081321,0
0.017351375465110622,0.08025833,0.4370504936343352,0
0.012400787374804417,0.037205618,0.44718137247004636,0
0.03024550436076156,0.075278565,1.2658175622502914,0
0.024527171085676862,0.04209423,1.1446755875122148,0
0.03361729981508906,0.073171936,0.1903152609255348,0
0.021071409694568777,0.07478558,0.6207931658395207,0
0.009552581914738956,0.012577008,0.3205946844319529,0
0.041005778498361074,0.024163166,2.112987476348011,0
0.03208205125940353,0.04236542,1.4474598113697288,0
0.025191534312137463,0.047667854,0.45738884722276346,0
0.02461714259416703,0.04065626,1.0766309042815714,0
0.011190775655114954,0.03804407,0.2925413971594868,0
0.061665649154479,0.017204251,3.153243893971963,0
0.05938043730108656,0.1018973,2.729464884628571,0
0.025454104942692627,0.030183215,1.0274269674174985,0
0.032602436538259484,0.060181957,0.7736859256544258,0
0.025123848998033382,0.026891414,1.0148851061704145,0
0.045482718000163,0.07090924,2.1682353123563503,0
0.013148021311996497,0.02902445,0.5059415075447834,0
0.022140502399331727,0.027051564,0.7617292929182669,0
0.009444302756292766,0.021315034,0.29426308529422934,0
0.012282880158541619,0.03182737,0.4790564027347183,0
0.017081454291651442,0.033021595,0.5383325058598756,0
0.011428366491242155,0.025987828,0.33051136418978067,0
0.03482536877937252,0.022965351,1.7399965337879175,0
0.024976815799154065,0.035396073,1.1613076229345636,0
0.032890971208159814,0.028951548,1.6620246509482897,0
0.03337317856302484,0.22724426,0.5783017448992752,0
0.06035105125901989,0.14210717,2.627252160329125,0
0.014233776493876155,0.031120455,0.21898995925644058,0
0.019778828536370266,0.09368467,0.516737557674328,0
0.02291486434231136,0.057307713,0.8784953150822455,0
0.02006871559609879,0.027692547,0.8568971659035381,0
0.01400870943300916,0.031382773,0.5966309761819913,0
0.015391083172775197,0.03537712,0.5106085989492484,0
0.03139622682124862,0.076275446,1.077592907773322,0
0.007277850353511798,0.0054232795,0.3209868711907052,0
0.014419018525824744,0.009496764,0.7625979914175953,0
0.019233985287529377,0.037478317,0.8460365064330396,0
0.029393695758422503,0.030159188,1.3254985267243278,0
0.0742990676156432,0.059081957,3.865381416548411,0
0.020147623360313706,0.040462352,0.6670837578275332,0
0.025617556348359508,0.027279647,1.0195352233341104,0
0.043985074814565844,0.06422527,0.9155031062561488,0
0.032637474260781806,0.02568704,1.7124398367014306,0
0.026791157915033254,0.018331682,1.4035223799693624,0
0.03737321321471869,0.051103864,1.7699076467157404,0
0.0327751608942575,0.07360032,1.3413677264897617,0
0.016235299963587153,0.03209021,0.5410571221288113,0
0.03702277266221331,0.14956026,1.2051757505288074,0
0.05401590082777341,0.035273913,2.850245911680736,0
0.017743262511743647,0.034230534,0.4176613214622566,0
0.03996591597857051,0.06506083,1.0673350664431507,0
0.028904798375491994,0.052165624,1.07111010182641,0
0.012143581921925849,0.03881958,0.28640054690421524,0
0.026455091151344458,0.020880332,1.3370508754558692,0
0.049061322835218565,0.03290431,2.5901970719257825,0
0.01726089422528846,0.040254157,0.7252550218724755,0
0.04109402407765393,0.06594388,1.2758357074516646,0
0.024047040606471563,0.0074211173,1.3072641958716837,0
0.023057371714130703,0.014917006,1.189901215092764,0
0.09670956256014106,0.10631834,4.842780644660157,0
0.020152593978362554,0.07798562,0.4307503632074047,0
0.023758653134893847,0.07588111,0.412598683851752,0
0.024238842180814277,0.011939172,1.2848433794045049,0
0.013380061239448847,0.022100722,0.4622149019455908,0
0.045678487086584466,0.04727565,1.4765302333290045,0
0.05019657942052143,0.07910765,2.31593314575297,0
0.01567890846192483,0.019044837,0.6452623393805663,0
0.02054476809159395,0.042868696,0.26234782024863984,0
0.021379933292320002,0.05957826,0.8124974027855532,0
0.02297404819830159,0.029810809,0.834051870806405,0
0.02585381831928743,0.03652169,0.8094946525489355,0
0.01719284283386653,0.06230133,0.32011284634318427,0
0.04705893721652544,0.028200578,2.081768772490358,0
0.05394708000138293,0.014026444,2.8243231666760047,0
0.015942964235244154,0.05269506,0.16851440041102136,0
0.023178766941072272,0.039969668,1.0812950378358765,0
0.017378583835023685,0.043688938,0.6881848775155941,0
0.03030809715766344,0.08524211,1.1453209926278307,0
0.014263784348926296,0.018214716,0.462028884063743,0
0.034703930630239105,0.044095304,1.4274033897837983,0
0.019584740448399224,0.027220428,0.8390432457607363,0
0.027168691319628797,0.026658338,1.1292852905628366,0
0.03503820818832835,0.026267076,1.8387297770583542,0
0.013500122365932874,0.036191173,0.44705066284968575,0
0.020487802388562,0.06606694,0.7452530023888658,0
0.01889066558710113,0.009787317,0.9228880756151479,0
0.03411620838900901,0.09303267,1.348945062747187,0
0.02487430585670546,0.0154413935,1.2011058965850065,0
0.046870804898557834,0.046540536,2.3800718930035836,0
0.02698637534359194,0.07791839,0.777594459206111,0
0.09006380589360882,0.3078086,3.0837232198644853,0
0.04401451125968833,0.033830013,2.296378253162152,0
0.03864027403921297,0.115103915,1.3926769765820664,0
0.015058606204366106,0.033021465,0.47621385128447935,0
0.04406520887876594,0.055983655,1.9627800295667897,0
0.011504739562089661,0.030507851,0.4392024968762194,0
0.013851738538271739,0.033537373,0.4631825552919839,0
0.029749885045618426,0.05359767,1.3395405597560053,0
0.049397090215333936,0.18608089,1.6133735912810832,0
0.0335078498805477,0.026020268,1.4856087183839581,0
0.02584489672983425,0.04313754,0.6799848485630094,0
0.03776657020575759,0.04223284,1.3037783107173355,0
0.027966910459281222,0.09444608,0.9856305788163724,0
0.025036001766200064,0.16520046,0.37073264709254405,0
0.04229024202798759,0.11581347,1.5791113274576325,0
0.013102022619648365,0.026461631,0.2762571750660947,0
0.0441016894581403,0.124330066,1.7081331135735793,0
0.017035737085136386,0.012365278,0.7898937770204859,0
0.055086271874242525,0.10481285,2.528140949097491,0
0.034911211439935634,0.02369505,1.7001677453253867,0
0.02744445092494968,0.057412904,1.0129070111247125,0
0.013356755048809645,0.028764278,0.584096034810335,0
0.04364873590590144,0.11636978,1.3187690459800814,0
0.02259806621406113,0.02720182,0.6136219451034001,0
0.027194713440152434,0.027826827,1.2853339842892486,0
0.03209654830532415,0.05514074,0.4826378324927353,0
0.031096441231917734,0.030081928,1.6045475210594926,0
0.019090332587090655,0.036516383,0.5979453641438516,0
0.06217473306998672,0.34492198,1.363427383367989,0
0.030831042640739027,0.039403364,1.432954849400603,0
0.011088363869621394,0.023670034,0.1749259496043595,0
0.015227405626598987,0.09063379,0.2663804881569292,0
0.01574831326092602,0.04109065,0.461181288630491,0
0.0298435327911886,0.061632827,1.2701011481353182,0
0.02262676137719458,0.03870797,0.395125164551614,0
0.022444701390625214,0.024494605,0.8939101382172455,0
0.0242056050078783,0.060111348,0.5470797148589971,0
0.016020235002657764,0.016237989,0.708909048013052,0
0.02458614855385085,0.0940095,0.5599434968359721,0
0.018153545375091618,0.019550512,0.8431506035762396,0
0.01240670054550332,0.026061065,0.4700298343367778,0
0.027493501635228422,0.044790912,1.3133609655378125,0
0.026849177101966062,0.066065766,0.8153500112324672,0
0.026296735639293013,0.06478375,1.1338473882786622,0
0.02394052627897876,0.04448219,1.1119457978002525,0
0.02691003529166787,0.11990779,0.47708734631254157,0
0.018228066321079248,0.021209482,0.6695543292135064,0
0.009204381983562087,0.013916973,0.3531678923772152,0
0.011707554975637028,0.013810729,0.5107209350091322,0
0.028370114127356065,0.06505118,1.2109601012576103,0
0.010690740456019643,0.046892002,0.3430294241008416,0
0.019068866546038593,0.00831479,1.0010327073448904,0
0.0197871525879271,0.025071379,0.9767551008830766,0
0.02100524682764255,0.027062848,0.6765411785208693,0
0.015074721060922364,0.0440619,0.3651431663817208,0
0.01892910315281937,0.048206206,0.7748414853692062,0
0.40297433380816433,0.094125986,22.46363681681854,0
0.022014562589583186,0.058694843,0.7834495697657541,0
0.029675735856868595,0.06615948,1.3059207099296795,0
0.019817753132123424,0.06567371,0.2283748665319585,0
0.010150015454112149,0.034885198,0.2840727226301714,0
0.025631519124129674,0.043367475,1.1330013362495044,0
0.007766406866960738,0.033522867,0.1393785677745821,0
0.030615998108306473,0.064433224,0.7173954539887838,0
0.03554373459491991,0.07062628,1.2399647303818122,0
0.025237935014679597,0.03038248,1.2545354294473627,0
0.03398730366371184,0.011748715,1.8624133370837266,0
0.01990145171475504,0.007809246,0.9607051303250236,0
0.004667281182427191,0.014482271,0.15233260235151705,0
0.11068955015433014,0.33541596,3.984053157126211,0
0.034051970307040845,0.14820214,0.828488537181823,0
0.027721709447803222,0.034388486,0.8717625431531332,0
0.013505705679387539,0.036392264,0.2537539634443687,0
0.04080762785849519,0.1867757,1.2026779995497257,0
0.013869502395701928,0.047242444,0.4009711270892557,0
0.21094556325567396,0.08510601,10.027069982184427,0
0.01293608504104075,0.0133464085,0.4805888945188999,0
0.013190204508880478,0.030579312,0.5221107724625876,0
0.013253820189784986,0.037997913,0.5036677044870919,0
0.015984529042555626,0.037704457,0.5978982111381221,0
0.02781160654216337,0.04748349,1.2161615862902786,0
0.031360662768909565,0.06700991,0.430380744675238,0
0.015243758905162701,0.016973246,0.711156614542402,0
0.05460179996080336,0.110202536,2.4336102368693733,0
0.024421486211179094,0.037204966,0.6315375480315617,0
0.08249130522023619,0.026892599,4.158629913539998,0
0.02937348132023055,0.13016108,0.7671381079548356,0
0.025002963646975747,0.06215382,0.8111065106090195,0
0.01595175813008895,0.021472456,0.7409258541897995,0
0.04227352376633954,0.1259179,1.689831143339785,0
0.026646881143838452,0.045132343,0.8609784159781886,0
0.036933183994608876,0.05826859,1.73389906137137,0
0.06327268615421394,0.0856613,3.127061956040865,0
0.03149852291408595,0.16435054,0.8277694857512957,0
0.042726539788150095,0.049407043,2.0225093673233205,0
0.020032980666039896,0.020169709,0.8414968188047257,0
0.06165717936363347,0.07149325,3.0892693076448157,0
0.05077272655374434,0.02755052,2.3328862234873573,0
0.01618925314539276,0.01691943,0.5567042106897425,0
0.024483424461797097,0.10533547,0.6656832479865268,0
0.026452562760995606,0.06851189,0.6547760841678028,0
0.040052380111388244,0.12312743,1.527170036741342,0
0.036186069263875756,0.082476206,1.5520356786393885,0
0.03363145981100686,0.031539638,1.737506369899587,0
0.04209375468754559,0.1506731,1.4063285295967456,0
0.017967555106118728,0.07861612,0.5077907015910994,0
0.0268637505380428,0.010399457,1.462041205515341,0
0.012627678905989582,0.013340141,0.5679224111292908,0
0.030059044579083198,0.0152969025,1.616209252687539,0
0.030643312117439266,0.047470517,1.4783935038370688,0
0.029788323750817036,0.042382848,1.169043763284603,0
0.014500609121762528,0.029211648,0.37363143729445836,0
0.025090846337346824,0.0477836,1.0435222304238467,0
0.019180939733551,0.032672796,0.6335267908072256,0
0.02080549675771091,0.06393641,0.7271601371101335,0
0.03203814255376873,0.06628756,1.431651359150217,0
0.030041786204384052,0.07225854,1.2102297099157253,0
0.01330092645299023,0.029320145,0.2518084790379185,0
0.047911025839774156,0.06973782,2.3006263732244587,0
0.017912488414140365,0.031104531,0.740798607849307,0
0.029134532126935175,0.03364901,0.8589985097733934,0
0.008677846061825163,0.023345662,0.20475553147095676,0
0.026870565376374597,0.040831435,0.6657328757015282,0
0.03330762000344106,0.041136395,1.5774915877463243,0
0.0312743578504082,0.07223874,1.1015247801302457,0
0.019841000105790332,0.027322292,0.5966501420711439,0
0.019403224287252923,0.05380831,0.5889272682061518,0
0.04233359774242876,0.15624414,1.483826071420914,0
0.0338838002773425,0.06459452,0.7148427701151525,0
0.014897892939853247,0.016064504,0.7506757287635569,0
0.021565338798197234,0.045709018,0.49855552938391295,0
0.03586932428536173,0.030175768,1.3939680614722472,0
0.05335589964495007,0.021156974,2.8978095548614227,0
0.018248421011187888,0.012112038,0.9133197883434634,0
0.05759961541042612,0.3300327,1.247605561448235,0
0.031009148793785718,0.05866381,0.7624698111420418,0
0.07972027715073235,0.029774437,4.281934238938522,0
0.039366739786967614,0.061916977,1.7893772267632977,0
0.0652829657785232,0.24152996,2.194050928273508,0
0.021294682324568933,0.022344064,0.868956571978041,0
0.02765115242087136,0.084733546,0.9893307477759362,0
0.0512592074234269,0.07162399,2.493067091865912,0
0.04714414569735468,0.07895432,0.9710050383872151,0
0.02250192253927363,0.033837162,1.0839408480785162,0
0.08289075067666889,0.04471185,4.262088725522471,0
0.06546872550586857,0.009184825,3.589002153036425,0
0.012507270942722398,0.05418925,0.2856804215202652,0
0.027052910745279386,0.021388862,1.0191354463981228,0
0.024687010534259746,0.03720205,1.0778195241864357,0
0.04350152817292119,0.057874262,1.98124408265829,0
0.03478959558014249,0.059327632,0.6593403487947356,0
0.02151052458578087,0.030625466,0.9405850519915585,0
0.020638264973239947,0.025689317,0.9518176914914039,0
0.01840855569535734,0.029129608,0.7927657119406755,0
0.040516970771938325,0.02374702,2.109032794163634,0
0.015568678638027758,0.029932082,0.48966740857717034,0
0.02995901451966803,0.18529211,0.5763626794149607,0
0.014389567110449164,0.06560607,0.2905001669432897,0
0.03154380037177036,0.06649341,1.2148113491450292,0
0.01329447623512578,0.055309586,0.34880717741856493,0
0.017451151158515973,0.027522843,0.6657924795983802,0
0.02758155112111986,0.076260224,1.0906531449131869,0
0.020554195143659394,0.050566595,0.6651070652358596,0
0.051529916416991096,0.12885869,1.8752305947612093,0
0.021666331965872726,0.04165657,0.7612429820561563,0
0.02677783036260355,0.12839237,0.7088508213783332,0
0.02248315708507046,0.071783066,0.6338172276470675,0
0.03329879159059644,0.061722502,1.438782295221889,0
0.012779213212750225,0.025863705,0.32369067979877203,0
0.03259255114146928,0.08126626,1.138917465493855,0
0.039531575332909324,0.06178891,1.062330367145804,0
0.03184097023956073,0.029944573,1.1746620412997308,0
0.03283580323253654,0.032073617,1.5960803531051344,0
0.052856063253212154,0.059422504,1.8103661730691774,0
0.07434072718618093,0.07131487,3.5555351741522765,0
0.02477263209069172,0.03765703,0.9932500666824264,0
0.01811789213260938,0.01881434,0.8209010821225384,0
0.037353824774360694,0.07953254,1.5933683513198542,0
0.008599536233428386,0.0057295486,0.3997981112284044,0
0.053982949531324154,0.03918937,2.8403796935447523,0
0.023939948177821035,0.011972989,1.1844718556700913,0
0.024593442357981575,0.027754229,1.1166235863401734,0
0.0235689029463702,0.03435169,0.7320716194986995,0
0.02183922713362174,0.03311758,1.0248898193587086,0
0.02129287023826178,0.049646858,0.8159909248860371,0
0.030121117123757958,0.07178174,1.2099559647953284,0
0.03068271986159304,0.07098044,1.2150904713563688,0
0.024549057344230962,0.03189482,0.6198498383055089,0
0.03223448580935249,0.04543455,1.0908482630923997,0
0.02596661564906404,0.04833576,0.39964179884330625,0
0.02453918985175894,0.030341139,0.9338348009531119,0
0.01633024741425944,0.05809004,0.48745446714090457,0
0.0451396866298332,0.045519322,1.7905837408822267,0
0.020845133576922737,0.034362648,0.8258083037239211,0
0.019127434982637262,0.042613924,0.36839974926898006,0
0.027058514174635985,0.06568656,0.452174977653088,0
0.027213158543552392,0.06758629,0.5397112224280755,0
0.013776781512112046,0.031154316,0.34450137535750885,0
0.011989854196469361,0.021858223,0.33255998513011825,0
0.021589175341732457,0.07461504,0.7609811246448916,0
0.016796140416249907,0.03851696,0.5847192051485175,0
0.014281988124185097,0.014756728,0.6315802543030284,0
0.020627879465894908,0.027466903,0.6937409225052144,0
0.01878614222023878,0.048204936,0.47830030442622923,0
0.029740018874949557,0.07784658,1.1653060508227926,0
0.026431428764007055,0.033991065,1.2830915381813064,0
0.026715706111753338,0.017798588,1.2174671861777733,0
0.04033176296750757,0.074716166,1.0991355314610953,0
0.02491324441316766,0.08464632,0.9135477531790107,0
0.020491383850955988,0.025746226,0.843229134705659,0
0.0272481262497686,0.079460934,1.0560767940958726,0
0.057470341115951284,0.02779411,2.630203764497127,0
0.017982912782026565,0.043733157,0.6784146262590374,0
0.019111044620866182,0.028499559,0.8037292455937165,0
0.02020396799204559,0.054846685,0.49556189095262426,0
0.034010934949800946,0.052171145,1.6376114289990322,0
0.024430231768900426,0.032231253,0.8497195885519918,0
0.03424000982800538,0.04027736,1.7155056158275432,0
0.028650245138754426,0.042310655,1.3914687879740923,0
0.021130901248517086,0.08775851,0.6248007030102792,0
0.017091462669771587,0.03310813,0.5171238300925256,0
0.02815682016334832,0.04701801,1.3395411524649312,0
0.049821340368551716,0.23933093,1.372110772983451,0
0.026866246150148154,0.024129087,1.3755073654312053,0
0.0314731210863541,0.050978884,1.4377158904630953,0
0.014922133410488456,0.016254328,0.5270905939026556,0
0.025664024630255588,0.06762885,0.8326601237435377,0
0.031543879816011894,0.047600023,1.5218799417486717,0
0.009158531055075825,0.00826258,0.42579920702702223,0
0.02063815553699352,0.05864356,0.5996117828897248,0
0.054011977214852305,0.23105419,1.7074013469698452,0
0.021710723874216215,0.039770823,0.4974754009584156,0
0.04195245795696829,0.22742338,0.98522313027434,0
0.050489924263714486,0.08705854,2.392593408184975,0
0.021401534119549176,0.045764055,0.8188619764459435,0
0.0503815309711953,0.13083439,2.1275260708894614,0
0.012855617960427945,0.05910537,0.25630192426013026,0
0.0244914512002182,0.046254814,0.4228520747897219,0
0.02359019485286401,0.07856439,0.8451922525981933,0
0.019063662071013614,0.03987405,0.8218530391376142,0
0.016697193961014555,0.067812845,0.36747274173057415,0
0.032350464831812434,0.16103156,0.9106365247336369,0
0.07692360217545569,0.10439046,2.706607435173628,0
0.019654207237032678,0.064547755,0.5296758515497169,0
0.021984521264040834,0.035315134,0.896224977453091,0
0.023236567283577085,0.05765704,0.7535115459108731,0
0.022002503061388616,0.030497584,0.6521775056802486,0
0.023619965442170515,0.01408252,1.232856150223612,0
0.02388929361290434,0.10279464,0.5875808810566651,0
0.03271651298691389,0.05115984,1.4612532766156858,0
0.01721278859326881,0.01386093,0.8120938186452221,0
0.02021245126252976,0.10102432,0.5696705022505496,0
0.05557847819258518,0.05734,2.8026361404945073,0
0.02005758403338651,0.049279526,0.7629171020088459,0
0.0335748540150624,0.060481515,0.6240948211726957,0
0.02253114000679815,0.02808154,0.6758015611034097,0
0.01157485910322108,0.04780126,0.3207378034151091,0
0.04434847215834265,0.033883046,2.320480805303273,0
0.0816017285259786,0.09910385,3.3989396310318356,0
0.03305911826445129,0.111534916,1.0910250132585777,0
0.054602743135274995,0.048248794,2.8314903525406274,0
0.011083460343685866,0.028187325,0.290322656192017,0
0.03619267350048212,0.100791976,1.479949288246295,0
0.024688035099933857,0.032085825,1.221571240306022,0
0.022634588608470826,0.0403088,0.9700325350263297,0
0.02491692682262847,0.045559358,0.527689340497165,0
0.012986893035311054,0.016817452,0.5661886361464543,0
0.01913524294391793,0.09803457,0.35390340564491657,0
0.026927695574137187,0.05840083,0.9610530242730642,0
0.04683257811494208,0.17322612,0.6044891290605356,0
0.019165408414810046,0.047094632,0.30463751410989137,0
0.027531957751216418,0.036362156,1.3038923991624847,0
0.027670518562387683,0.04260897,0.5230953241627302,0
0.01565588397497219,0.063597575,0.3543611219320359,0
0.010592893343004393,0.054671504,0.22720833019329337,0
0.033595062764225345,0.091364905,1.326512754966676,0
0.021954296860398088,0.06082736,0.216314906093916,0
0.0338589870050918,0.08561409,1.3933236641708824,0
0.007057622386289316,0.008408113,0.29069044098786656,0
0.02553732292752019,0.018952765,1.2083979057385896,0
0.009023018858517858,0.01966527,0.17565665607976905,0
0.01410882302989469,0.04072722,0.22022580939835465,0
0.03624544116697386,0.030188138,1.8296930654207066,0
0.019571715483117907,0.0911899,0.5456058886074442,0
0.011860999871098793,0.09185168,0.15283341402582754,0
0.03301662623075785,0.14271885,0.619247920471213,0
0.019147384463969373,0.023684481,0.8669530575671092,0
0.021412516841912442,0.06212573,0.5967975912712847,0
0.020352972781446942,0.040220086,0.8034680286598029,0
0.016524249584973276,0.012012626,0.7264630096770012,0
0.04594669532086432,0.15124889,1.4475855137263804,0
0.02419285296875138,0.051165044,1.0621025841191725,0
0.027697918083019066,0.07694407,1.0284156647278313,0
0.01437859644017699,0.008190086,0.7122705491224333,0
0.023484143878379972,0.07387206,0.9162408212683528,0
0.015911141151813572,0.038990654,0.6154980532849869,0
0.0854916655094975,0.04315625,4.433667561741578,0
0.032732203705337255,0.023825828,1.5254037889763052,0
0.022072151468965826,0.021951517,0.9994444619066378,0
0.025130226836234767,0.08703576,0.46673818086001334,0
0.10343570990226128,0.311012,3.982431005167011,0
0.03928100527635417,0.09014362,1.5490797669575223,0
0.04070410636288124,0.12825428,1.5391821908647207,0
0.03903291875518528,0.06669012,0.8642029918779746,0
0.014708743398584297,0.042046126,0.578971948812791,0
0.010925894121460951,0.016782746,0.4719705530421633,0
0.05012352425912315,0.09861642,2.2989995389384603,0
0.02392821064165099,0.03134909,0.9601036054351665,0
0.04611833986215679,0.12785129,1.8676302440950212,0
0.031350048314307336,0.08095735,0.28757764765855176,0
0.017390941354355156,0.034582686,0.5445427594845637,0
0.05035833793604327,0.08404798,0.9670436693841717,0
0.023135146899648584,0.041351274,0.9557346210975541,0
0.01802066677321706,0.051670834,0.3234646649132159,0
0.038797206149009694,0.04659837,1.947176256441116,0
0.0193407866334495,0.10077557,0.5189610557582274,0
0.01795589609997781,0.025771886,0.7911875092428141,0
0.02645016022504347,0.09467805,0.5031719938808557,0
0.015992731161596017,0.030934965,0.6917255847563147,0
0.02241920613535433,0.012623366,1.1866890412888316,0
0.020608349637609748,0.04379159,0.7715396856679058,0
0.0251021026730114,0.07973552,0.9341288747181903,0
0.015274345510059899,0.067066096,0.1659489232199865,0
0.025057841863370036,0.042599663,1.0269587930839765,0
0.038731926394092384,0.09195039,1.0001910931253233,0
0.023299136342829308,0.026530229,1.1449417239805086,0
0.0043482974360020115,0.012602037,0.04005288671079256,0
0.01145884651732634,0.036654994,0.22637118597099665,0
0.03411787614114152,0.040314727,1.0414989708079594,0
0.04100176017685067,0.08902536,1.584856058000552,0
0.01712286484455519,0.053764995,0.4903740253832685,0
0.03778587034600965,0.074767485,1.155183776329152,0
0.06497936087349435,0.083865196,3.2337727775986322,0
0.018380825323532284,0.017980348,0.9355929443982797,0
0.0196661287064909,0.08423294,0.5960707640577846,0
0.021448362930710924,0.049135648,0.44340736105854694,0
0.025159292883466123,0.028516442,0.9703417117190115,0
0.020075462375853007,0.035326764,0.380474331767825,0
0.04267590092265695,0.05828921,1.8392158212015992,0
0.026043992899154496,0.118271135,0.6667405186029716,0
0.027932342941554375,0.027391672,1.013978927343293,0
0.02630589800418473,0.0739648,0.8817420918932184,0
0.02756463845421935,0.03823521,1.3526240720080331,0
0.036665096106458975,0.106444314,1.358752912741404,0
0.01201214761257206,0.049793847,0.2890144274793613,0
0.021553902054566407,0.13646752,0.44522348548582785,0
0.029825304081933346,0.09710961,0.6694578115275943,0
0.022953531311473034,0.02635274,1.1182574914788224,0
0.036957667342426156,0.056445446,1.6150165930157465,0
0.05332072942349122,0.10559658,2.4430057482200196,0
0.04220133929052903,0.08455288,1.901154555392883,0
0.022268206957712013,0.019771177,0.8481877871335359,0
0.00863390972590345,0.026887415,0.2218252264042661,0
0.022254676348456903,0.06265022,0.7782211232111615,0
0.037207792503458965,0.025964165,1.9325224640726333,0
0.0269107444277574,0.07525087,0.8652814374904613,0
0.03946094319233241,0.13064915,0.7588143330420921,0
0.016804206814395452,0.08026524,0.22673814403731127,0
0.0159176613168229,0.05872808,0.3076167096034654,0
0.02394280199898043,0.025568634,1.0803060689554898,0
0.04041034002115863,0.07596529,1.7884024423880283,0
0.014394619238332317,0.02606116,0.3078430674413426,0
0.016768960182466063,0.0052502095,0.8934479682696684,0
0.02583543445146269,0.108641885,0.8444031342652148,0
0.014669286434581898,0.027726704,0.6289036682784568,0
0.016169362407890915,0.016405776,0.6409145192066844,0
0.03631935563815826,0.049600523,1.7169286730903406,0
0.011584117231081163,0.032632284,0.38012663650790224,0
0.005243467495214554,0.027276525,0.09265216188541618,0
0.01577839931652677,0.03561436,0.6292683570981542,0
0.024615568424700543,0.01722419,1.2950052587729,0
0.019743070482805485,0.098629355,0.14527388207565123,0
0.022797358147395058,0.025697991,0.723381168557457,0
0.011025780227195546,0.013487557,0.4215849753430602,0
0.017484984514949377,0.027643602,0.5723789859944591,0
0.043992491576947075,0.27177584,0.8336575731117948,0
0.02035807823412314,0.04914187,0.478393015853724,0
0.04689263832489574,0.15812865,0.6195779325765373,0
0.018585617739625387,0.02063358,0.8705723813578302,0
0.030094539011076442,0.118701056,0.725257511735766,0
0.018157095889558158,0.03283858,0.7554587165395453,0
0.026603902497844306,0.048768397,0.3322966428720397,0
0.02523263371026697,0.15018153,0.3071963033623431,0
0.02157140468470593,0.04967478,0.7960620649067749,0
0.017161530528981322,0.014579742,0.8045216106668406,0
0.01534355412702241,0.011576544,0.7850588239921708,0
0.0794552230324605,0.24353105,2.9531178840766614,0
0.02154865697074093,0.041751623,0.9372198144033739,0
0.03996898999337188,0.058479514,1.3248113574626863,0
0.030468642429869672,0.03506073,1.0052277388671211,0
0.03760677134538978,0.07295909,1.6941056007667605,0
0.01580041837710645,0.029540967,0.6845510564019676,0
0.015349799132015849,0.010410384,0.8057573666564539,0
0.03660732714377958,0.11572891,1.35882463232327,0
0.016149241696233094,0.041565925,0.5912790569480105,0
0.02238992155728486,0.039259344,1.0529925064966092,0
0.0071756415053036695,0.012292825,0.2533833908736578,0
0.022121105341604115,0.06378451,0.8446466191242761,0
0.016687391513733336,0.029390287,0.7337205158737512,0
0.014212036461406868,0.016590074,0.5306008152363634,0
0.025111360843815423,0.025900008,1.2574940629653162,0
0.016017138084858353,0.051385418,0.31748437815164604,0
0.03940882896494558,0.07370633,1.8158363609883443,0
0.010193589088650335,0.0150969615,0.36101590200094774,0
0.06103373528593853,0.0924683,2.8324092393398326,0
0.020656436118618653,0.049049035,0.7255486050681907,0
0.0360165468363173,0.031899087,1.8428794437813492,0
0.028819992749522367,0.08090275,1.0816915937718452,0
0.016345078650651518,0.018365514,0.7374430683301627,0
0.045686973400832984,0.11536426,1.739528647570424,0
0.03729136760821976,0.06694431,1.7448453053818225,0
0.022368472790189827,0.016135333,1.005902277484254,0
0.020865520252246417,0.055310253,0.758882002835036,0
0.009914235407915922,0.013899689,0.4231282026002599,0
0.032008154235652106,0.0843732,0.7577908074113066,0
0.03502956103446353,0.031909347,1.415837317353955,0
0.01900664081412672,0.05648398,0.42538072243770386,0
0.011085972598399215,0.017802281,0.3901239669731058,0
0.005353456873270491,0.008405008,0.19349501954988116,0
0.04013094134993734,0.06304078,0.971740733639784,0
0.01669608718780405,0.018902302,0.7089038724389886,0
0.008046356965999698,0.016349591,0.2636219968889425,0
0.03891557599700579,0.14540976,0.3775970592951167,0
0.030808220360425347,0.045664042,0.7738013477705419,0
0.02144427138710595,0.029844787,0.7007670074012665,0
0.052716074335781446,0.11103323,1.0574802929248153,0
0.01086549746266878,0.022985341,0.42484990939637196,0
0.023136964120756835,0.064849645,0.9041963735741202,0
0.027044976051621848,0.07297961,0.2871026216734831,0
0.011388123927808452,0.019833894,0.33952069728201434,0
0.04377348772203072,0.09485845,1.5692685412522078,0
0.01999174293675672,0.07244684,0.6251148424336543,0
0.017661744845530708,0.05828823,0.6394223865128379,0
0.019430530076520208,0.0147161465,1.014489641237734,0
0.034892292067399786,0.10578388,1.2782450011514432,0
0.011616919869287985,0.01705403,0.5245871152512837,0
0.023181430273387028,0.03404356,1.0355113850370172,0
0.13496032695713825,0.05707836,6.4005766550229195,0
0.05652030850329172,0.0621282,1.7441105301867978,0
0.015985819135449095,0.053783804,0.26925718797605425,0
0.021232413988639315,0.04998993,0.46223262114288427,0
0.011626775803903075,0.03630052,0.3594402770251217,0
0.060986113068711566,0.040109236,2.959753582535779,0
0.03261816487712943,0.037027422,0.9640280459711352,0
0.02792760237156699,0.07075453,0.8422053714171818,0
0.023730898241446155,0.13484882,0.502702401182463,0
0.03977642987679415,0.24966563,0.7912882138813008,0
0.02262878272593848,0.019552872,1.1575456660052723,0
0.012203762469821203,0.010273726,0.5736520963468515,0
0.017591270774466948,0.022954099,0.4880059260968442,0
0.027228479899934564,0.0978549,0.23466127002232215,0
0.042619898387894956,0.14632487,1.4442710039817301,0
0.025100455134735772,0.04620952,0.7223858584524916,0
0.02334557599904096,0.057023343,0.3601605363009377,0
0.021654384948752534,0.11346734,0.524128215265381,0
0.028811359998788182,0.07434909,0.757516176452135,0
0.037387672330517895,0.14121571,0.8492820222479964,0
0.01924291297367474,0.05626267,0.5286276388241928,0
0.011062274011832612,0.03018139,0.449913219763968,0
0.045664194366061464,0.027357219,2.3942528094506845,0
0.01011778134603646,0.03256929,0.2269782850342575,0
0.00661694782472369,0.00885318,0.28026458637312074,0
0.012221609839145626,0.013081327,0.5754541572833667,0
0.022639639082312427,0.0424593,0.9427777806517431,0
0.062001743359018625,0.024007054,3.3781500253777974,0
0.017312720946430358,0.019036014,0.6782071323700366,0
0.03062347699510196,0.024586922,1.174201141361153,0
0.015925490893378205,0.0154470345,0.7794308332244813,0
0.01628515734094384,0.019546255,0.590262789486839,0
0.010649025195273797,0.013562315,0.3733039216920358,0
0.010418275335460067,0.013860702,0.42911312924249345,0
0.005566559013797666,0.01677667,0.15719277387640213,0
0.050997632956471674,0.108698204,1.934524373345108,0
0.03678888990648861,0.03618054,1.3827051364838134,0
0.015810399550423387,0.039957456,0.33819298818884674,0
0.011654284092005723,0.016386509,0.3963644290588477,0
0.01931419632006269,0.058352806,0.502081943749722,0
0.05303494167510768,0.04085311,1.998972521816529,0
0.0068002999425348315,0.008438405,0.2775861697071187,0
0.016658650779397384,0.022046063,0.7695765342195228,0
0.010739272881578485,0.0048410236,0.5705256321247766,0
0.027339955686158567,0.03991274,0.7038900480595445,0
0.0244216577215057,0.035720702,0.9162551125823795,0
0.027610205671432644,0.03378909,0.9361195594081455,0
0.02328178422060632,0.04053173,0.3409033568522801,0
0.02326562456100324,0.041989997,0.2721794180315222,0
0.028920442453022884,0.072195664,0.4185606427225987,0
0.06386039142650893,0.12366777,2.1538518723512405,0
0.03544488317316666,0.077020004,1.4979851097798793,0
0.05531480898427862,0.046133213,2.843870037515231,0
0.014943766621780739,0.042254645,0.42381076898735415,0
0.012188271679541778,0.027392192,0.32170188667421756,0
0.027472012931370852,0.061037593,0.9030870397042666,0
0.031534750972285294,0.06833022,1.3840993102810049,0
0.027491451554983178,0.18947192,0.30794960880360117,0
0.03310166185068371,0.061381754,1.3292643502017167,0
0.023908369289257693,0.06516275,0.7171664503988172,0
0.02106823586896159,0.042439222,0.9199253896199246,0
0.03382634702838579,0.08097548,1.1147956517137985,0
0.05052195257833268,0.14903718,1.353338458663055,0
0.010999245484726286,0.03354147,0.38304655541215665,0
0.017963480619685817,0.038292013,0.4981922075890766,0
0.014043057426894037,0.03996889,0.481300837617041,0
0.015795941887978244,0.01187092,0.6578961447898372,0
0.029392979735562475,0.04720174,0.7255762075014888,0
0.010091272293807723,0.018526763,0.3707302414319842,0
0.03048323360665306,0.12491304,0.928283691880949,0
0.02803902384510314,0.021644082,1.385654569875013,0
0.01752584859901544,0.019867398,0.7918586159849367,0
0.022476921762719093,0.05203834,0.8451565339946719,0
0.019896029783930437,0.07909567,0.3780991719818881,0
0.028714448796959155,0.03566486,1.3628801322363555,0
0.025597609453228663,0.03612384,0.9878630590252055,0
0.016194776482170985,0.014451661,0.7751562926965293,0
0.03129589611900496,0.06604232,0.7232813124174732,0
0.010041786207152112,0.016812855,0.3883568902953142,0
0.04885882748859646,0.09189849,2.250283437881534,0
0.04744637580661385,0.02760589,2.5540648419750767,0
0.02365683663283583,0.12693985,0.5514422550808113,0
0.042118459105159434,0.1282002,1.501827709844158,0
0.011866526436350671,0.02272283,0.5138134795770063,0
0.03203112571214568,0.042946655,1.5604011839924905,0
0.0496595428995143,0.053930975,1.615522028555861,0
0.0254921546858815,0.0916458,0.6467356005055559,0
0.023215710115400922,0.021887532,0.922943634972415,0
0.0457917144687081,0.172429,1.522780911363702,0
0.009272573903084131,0.03532246,0.25206794006721256,0
0.05047402605256482,0.2235743,1.5608900468514104,0
0.007857970915428392,0.053298272,0.07346268785056038,0
0.0033990721660383722,0.0069349706,0.12345670698154877,0
0.025926929972131335,0.07093308,0.9131832228370709,0
0.00646000550530902,0.014751465,0.20471516854837438,0
0.024317816688132418,0.06129769,0.8903320121451391,0
0.008235604488099773,0.008852938,0.3733717698990708,0
0.017822688053661016,0.015201292,0.7906000835924445,0
0.008971956472301871,0.02180895,0.3742737376068029,0
0.01923665733275294,0.056487415,0.6930724769265083,0
0.012462356345530997,0.053212184,0.35562997995028955,0
0.019270711427417292,0.045985363,0.5332948651616356,0
0.02127025287838929,0.020736344,0.9387946736422805,0
0.020008312520781276,0.023365479,0.6462713776868845,0
0.03176667180042199,0.075108334,1.2431738363691343,0
0.019596382392751216,0.065429084,0.4295030723494965,0
0.033744480487554115,0.061492182,1.3477141988957402,0
0.012313902450040298,0.06121373,0.1751693834545652,0
0.027867912964585684,0.08113184,0.8721094330283305,0
0.01761628338138821,0.043695863,0.5761127027324859,0
0.014410200059726043,0.0243779,0.5669012986451354,0
0.02750452191395597,0.04228772,1.0858647830910468,0
0.017383425579948653,0.03391383,0.30887412573541817,0
0.021026785657565977,0.052695874,0.8945796074533524,0
0.00948422973929947,0.009841586,0.4068655584211163,0
0.03591875720356765,0.015832417,1.9584633496988997,0
0.022882101280645845,0.074681476,0.16544495972140566,0
0.023942934562569507,0.011625605,1.1507960005008224,0
0.024107615205305816,0.038171288,1.1220536436630129,0
0.009380410620293506,0.035824466,0.1796128821225995,0
0.05988514703863045,0.06497124,2.0176149896437874,0
0.031718021755292064,0.17607197,0.3276007672032109,0
0.03762402622724993,0.01613675,2.0449649366155613,0
0.01005675064070177,0.012175918,0.39345782434686166,0
0.019358628891070668,0.034185022,0.7668063414209059,0
0.008065206153706726,0.032451298,0.23314616832101565,0
0.04833091365449051,0.04712829,1.9590271942152675,0
0.038612099222388285,0.028856415,2.000732660901429,0
0.054788295185431116,0.11192452,2.134780321176324,0
0.08797497780955596,0.27433175,3.387610391482676,0
0.018146740405106714,0.023887707,0.6426255860459323,0
0.03475533243801006,0.13425435,1.1076775534323207,0
0.03429648428626449,0.020777375,1.4766718825097156,0
0.03646693073348599,0.14738534,1.2256955210245144,0
0.017283319680646687,0.03153661,0.7178463556652042,0
0.02047653447254718,0.05987023,0.44211128670469657,0
0.01718750488918218,0.038182758,0.5644465848669142,0
0.020126618477374437,0.027636906,0.875237224093194,0
0.020408104509093965,0.07435793,0.4008867134026277,0
0.020067349848796295,0.023173597,0.6254421741077958,0
0.031637502311656435,0.057167914,1.3521933307804617,0
0.022740453103776186,0.034343604,1.097662297562959,0
0.04143804037657993,0.071695894,1.77180672910895,0
0.017589304851921863,0.017556533,0.8826261141860504,0
0.02533021998054618,0.050249312,0.5533682984184758,0
0.011199561867873544,0.019358676,0.3608609045638683,0
0.00514290968989847,0.004392119,0.2353052452619415,0
0.009325541278936571,0.0043562236,0.43863169106182853,0
0.023757233195778583,0.011082123,1.285638511605355,0
0.03933144169851417,0.14040579,1.2685464858814144,0
0.0287066793517251,0.08939882,0.5431076277345063,0
0.0420099158666184,0.03596106,2.0090269700192045,0
0.017372020635576926,0.061912477,0.6075222813907929,0
0.02368473620129553,0.050691966,0.5787499881656868,0
0.02051102357540697,0.049753893,0.756926145701912,0
0.016547532992920735,0.012730535,0.7724940887581133,0
0.045187639963131486,0.09394532,1.9721582101260187,0
0.016109322200415034,0.04524158,0.6248353103798235,0
0.04488364219525513,0.037249453,2.307306088182343,0
0.32858332385646505,0.06485819,17.642360883319093,0
0.03777934930487165,0.0435966,1.1846004451457472,0
0.033369902948219246,0.08893161,1.219853720891702,0
0.014519113319972826,0.03111637,0.5944590694375718,0
0.019392227772784158,0.034953672,0.5594464952836032,0
0.01341912621969857,0.055052754,0.2373362704483532,0
0.029734333890696317,0.046770517,0.6556518381501634,0
0.009405391458822597,0.02051375,0.32189647320514925,0
0.02445011381686284,0.044114143,1.0731215592757128,0
0.02368849161656346,0.02218515,0.8096888410521829,0
0.02415598962784024,0.038879853,0.5711106624384111,0
0.019883110772140927,0.0263958,0.6871329655092476,0
0.03972877696514264,0.16089274,1.2448970355975804,0
0.05055317130002361,0.0723856,1.6996742380700338,0
0.02308496859073901,0.11008111,0.4619943306513463,0
0.030316145139193562,0.012551148,1.6618427470144654,0
0.013051530937279758,0.01626211,0.5855120240459334,0
0.011252450685567746,0.012521304,0.41723472121471816,0
0.04631303981371093,0.12441469,1.8184351385795945,0
0.013611975833055652,0.024022026,0.3962271849913531,0
0.02209685824785655,0.060743876,0.7019092928367396,0
0.020430130028471827,0.072352946,0.5886307762924823,0
0.04267041696544543,0.08932906,1.8557686056711367,0
0.012389523673412445,0.025067348,0.4369869252112369,0
0.03671503431060817,0.069198035,1.6773385615619711,0
0.03500900732482249,0.041690487,1.5613179519639495,0
0.02473900064543727,0.044764277,1.1503596793638045,0
0.023142256062684614,0.04976831,0.888890436143989,0
0.02244437848721641,0.015228202,0.9875464974228579,0
0.022762753883531554,0.035438087,0.8022407160228979,0
0.012320095718015895,0.018000733,0.5259251422877133,0
0.055575152149075296,0.07745105,1.4813394973610579,0
0.0190444051028771,0.020701395,0.9273962965181796,0
0.0437667275621709,0.017764717,2.0972481583120492,0
0.031212582172382694,0.028914388,1.5241677010096117,0
0.014516449083454447,0.039054036,0.549997888886087,0
0.023822123155493865,0.08073471,0.6577233630918594,0
0.03333898350275986,0.03844419,1.6784452948747575,0
0.02267907689645676,0.043327145,0.8918212360173232,0
0.0470743181124158,0.15981823,1.6154529807675277,0
0.019951764107966705,0.033786107,0.9412532729500849,0
0.0171818731476841,0.025928207,0.803338025355519,0
0.05521918522914663,0.040679112,2.845087186549968,0
0.017214944257896277,0.017606035,0.8509055216213572,0
0.06481585920383612,0.29009014,2.019977054428347,0
0.03463618533935851,0.097520135,0.5848149279008213,0
0.0218947545937037,0.04574856,0.7765560489459661,0
0.03123793275229984,0.023531789,1.512403899605231,0
0.05928650986520806,0.016349066,3.2868990241423233,0
0.05952036014417776,0.23920324,1.7673048345353377,0
0.02542095853003,0.058774572,0.2138972125256827,0
0.0461808207430669,0.11187854,1.9479303414453037,0
0.012045334758456282,0.016870577,0.5691508837684349,0
0.025841891332843283,0.016194152,1.0984804897176894,0
0.05784043943152824,0.020568602,3.051600878595594,0
0.023156297070715003,0.03795592,1.0739323692748841,0
0.02847147842417433,0.06093187,1.2628280287393825,0
0.012779298880913052,0.013455098,0.5694045199402885,0
0.013941056195831894,0.004154248,0.7427993263921849,0
0.02399464935150862,0.02532397,0.8405953597882481,0
0.0153674640224275,0.053023543,0.3939661037187622,0
0.03890561686063723,0.1003093,1.3338004089660467,0
0.0473536978044719,0.15343364,1.2224854992548626,0
0.049822121335924216,0.15365405,1.2095251931635382,0
0.017424236164574107,0.019499155,0.8498740549275707,0
0.12992644199956527,0.04216822,7.145908491530068,0
0.022142717958736832,0.10032877,0.540524862201676,0
0.013144423082495105,0.012506397,0.6314957353660312,0
0.01788311038721168,0.07048326,0.598486338238231,0
0.014448150880779248,0.03831475,0.41940637220743265,0
0.03870080264323933,0.035384174,1.9498763435517572,0
0.04938095276721979,0.043028664,2.5166205947171663,0
0.029628326773076846,0.03833645,1.2509922423877107,0
0.016691266786651345,0.012310036,0.8694382112350074,0
0.01731626940948426,0.0144751,0.903471107203481,0
0.029052169096423087,0.050059702,0.6626719455073641,0
0.04746313717477904,0.14046097,1.81870016263266,0
0.01490205000656522,0.05104952,0.051236469579275315,0
0.024393272370486063,0.024818985,0.8982679941075434,0
0.018904635562178917,0.029348062,0.7189453316041041,0
0.04836674699864853,0.10203774,1.170678583212174,0
0.05816732759288933,0.02560059,3.179924137684161,0
0.019821540692567783,0.031383373,0.40357865625315326,0
0.029990510815245272,0.022142863,1.5643491501140827,0
0.038626022212282174,0.069506325,1.6789828300965524,0
0.016027861547805056,0.0302215,0.4816788830951534,0
0.11594214123184739,0.40264592,4.313688263682314,0
0.020747875398338722,0.027455304,0.802527087721215,0
0.028532426128094285,0.0944801,1.0610860171559369,0
0.06259754751781949,0.100157924,2.979629142985154,0
0.019382907493959066,0.018472161,0.8337255174244736,0
0.028550813074565105,0.05011212,0.8228965011772544,0
0.01942946964495626,0.016713873,0.8309567150257451,0
0.03424882246994748,0.11432089,1.3063923591038846,0
0.02416113232124059,0.058887564,0.9797564742074178,0
0.03184722940038298,0.22181287,0.5511273337079329,0
0.019206387389226916,0.034846198,0.31147991431003264,0
0.01856173407756804,0.029353697,0.8274078196561376,0
0.01715488655532728,0.027977819,0.6780521784833944,0
0.030097561788114808,0.12653635,0.7418121657748085,0
0.021564324147865126,0.029493418,0.9374054036280738,0
0.013442042396885612,0.028084107,0.277414542926681,0
0.01647166693414945,0.027637744,0.6650055843016431,0
0.03389765198884935,0.050530143,1.519625239001722,0
0.009532268506324342,0.025622612,0.3344197687175687,0
0.030485282670374397,0.092576765,1.0499853453603847,0
0.023377914564448925,0.0322755,1.0537869115842606,0
0.01942167785502989,0.033610053,0.8310914047165179,0
0.06038364381802869,0.057334486,2.571939687271746,0
0.05342111804769123,0.17754295,2.0393582416422094,0
0.016964610176234865,0.033335105,0.6515128004415939,0
0.04329554602956079,0.15709059,1.4805826978458305,0
0.022846685328690716,0.1118237,0.6151087781211639,0
0.0738609430240014,0.05524099,3.0760207124638166,0
0.050312389498802644,0.050631195,2.565591454248524,0
0.020851191025009846,0.046660498,0.4199462241488347,0
0.016704044939310547,0.033379875,0.6074402154674704,0
0.03108683275280518,0.020500492,1.4639798653414744,0
0.03506270048248848,0.023293862,1.5191339613497197,0
0.021769579862017045,0.110827796,0.49567117104125336,0
0.02943020413065644,0.098991655,0.43882775811519775,0
0.027355519788206734,0.047233198,1.0238905913193384,0
0.04701646076223879,0.10098482,2.004966990752602,0
0.04756374058721175,0.04166373,2.2201734575684724,0
0.004783091977277726,0.003488606,0.18827096436993138,0
0.02166506012729961,0.05257826,0.34734234283669785,0
0.023425835229769872,0.019412726,1.0404509364186676,0
0.025982529498004715,0.026604287,1.3159192727283928,0
0.02899427891154012,0.054319963,0.43667383982299746,0
0.06707852085351437,0.01460376,3.7321481086875523,0
0.032134998115439906,0.014960867,1.7469204577565862,0
0.02028525072002709,0.0585526,0.6376272998317098,0
0.0191157842182814,0.03544025,0.7683366782862872,0
0.02490955231231415,0.03472469,0.8793960942622755,0
0.0339031303977617,0.09371396,0.26506667887507346,0
0.06602067170883905,0.18564291,1.1259387801016358,0
0.012681100360005608,0.011974574,0.5419971928027966,0
0.05783539278749353,0.09947635,2.2033548941528713,0
0.005628783721476793,0.014842737,0.0,0
0.028188209872364308,0.07393789,1.1082260409910962,0
0.01848497335144797,0.08227514,0.32924350612710823,0
0.025704391196179826,0.08718981,0.7496513017096916,0
0.023639789723762926,0.022428822,1.045240760714065,0
0.015076990892755937,0.06810968,0.38854319242054636,0
0.039673714259570045,0.039475877,1.917124833747194,0
0.005847882513493963,0.023131277,0.10409139121167134,0
0.027095791528195374,0.028322086,1.0544887664800284,0
0.01228113947088423,0.030303407,0.37351231499354837,0
0.016368576994495905,0.035446268,0.1549068077171924,0
0.006641711803975015,0.005790552,0.32894385459753683,0
0.09442139864176852,0.045933623,5.039225940562513,0
0.013311412849396968,0.019983606,0.5606235259220684,0
0.04302705684103194,0.082976125,1.9360013517794523,0
0.011386345690806661,0.0054033916,0.5867201714466835,0
0.010955003071816004,0.015510761,0.4864298099149034,0
0.044147059982879086,0.15674694,1.4604441062799907,0
0.03428062350557166,0.025248813,1.6690687393675543,0
0.03244973125929031,0.05136021,1.5063037530284082,0
0.02787778220552473,0.029775003,1.4088821146643733,0
0.022713351059921942,0.061455335,0.722781129857754,0
0.110988053751606,0.28207347,0.6727840534180437,0
0.04562312417058184,0.007907506,2.559614191928381,0
0.02524105541256773,0.021433704,0.9064314100546457,0
0.01842270013493711,0.023129165,0.575144971427874,0
0.014562937351671915,0.030134693,0.6352871759759635,0
0.044890200617518666,0.08549651,0.4061824862110283,0
0.03374401370215872,0.037999563,1.2798280305546885,0
0.023864541353253797,0.016771214,1.2355534818331115,0
0.022403424252532483,0.03487441,1.0103319671580333,0
0.011103723028723953,0.029023679,0.3847647700012094,0
0.026687065612581162,0.07334991,0.721664581322576,0
0.05726660539557328,0.14545034,0.6639414159380904,0
0.03368068585078315,0.045037348,1.485384667364896,0
0.010181777860982334,0.023610497,0.414010955085222,0
0.0242449120326982,0.08619771,0.4805773430320467,0
0.016010112801836385,0.028680978,0.6765447899837357,0
0.03391532966018277,0.031137222,1.347169005845582,0
0.01778987885778249,0.033638854,0.574793074084181,0
0.02450009780398231,0.031256918,0.6909724964244626,0
0.015607316990166382,0.035967603,0.5860308451181838,0
0.030280943929557262,0.07520563,0.9137513498810182,0
0.025726539378004103,0.0540374,0.9676769393318476,0
0.026618202390514295,0.06914398,0.9809750438751267,0
0.033772702570206675,0.0659055,0.9050834818678599,0
0.028850840125983632,0.10255421,1.0414534082174014,0
0.029402267997416354,0.066075966,1.2462507430960448,0
0.022646036989409347,0.048749883,0.6297479271688218,0
0.023877146477068387,0.034720566,1.0978942820548971,0
0.022650750048511723,0.048743397,0.4240617219918886,0
0.014855319318618972,0.012960693,0.7570804076753936,0
0.030637462603552535,0.09968061,1.0208143522808408,0
0.05132084244314453,0.044299312,2.278764228981647,0
0.02104019452867388,0.073866636,0.6929709215331261,0
0.03252654102836425,0.19089141,0.6968706202634813,0
0.029705890958296836,0.13508776,0.7777951310459658,0
0.018121934427349416,0.02264942,0.586258184424915,0
0.011509804089835464,0.013464927,0.4962827477028146,0
0.041282389424392364,0.06890674,1.7783941297435442,0
0.08647359746623252,0.16013071,4.006888229265784,0
0.016265760182921172,0.011115122,0.7857292877709436,0
0.02428535394682123,0.032242034,0.9569587944515506,0
0.033667590985843654,0.08356429,1.4360992227110172,0
0.007089005092744429,0.018489046,0.2857243158018159,0
0.014424137176719217,0.032022443,0.4514560200497575,0
0.013605873009748085,0.032741982,0.4939014590938295,0
0.10173480384383465,0.14860976,4.494947911324508,0
0.016997113972544817,0.014563102,0.7857560163320695,0
0.025381359806040265,0.037664946,1.1009396266722697,0
0.02453075465403697,0.044924974,1.144422407726382,0
0.031765285271157316,0.108229324,1.1591413907151502,0
0.017055385868811328,0.042332828,0.3771964568950434,0
0.020029990051520626,0.06921054,0.5929416913439934,0
0.026012542333801777,0.036032524,1.2040663626296795,0
0.024487012591826205,0.071786165,0.9000369488691261,0
0.015531839723691647,0.07470374,0.20853853078995394,0
0.04055225265131169,0.03288097,1.6027682808389834,0
0.030161942794383754,0.056850772,1.2620018051027455,0
0.02644943400992241,0.08771013,0.36764771293837933,0
0.022575358606422048,0.025263693,0.6974538135809085,0
0.014663369853692314,0.032208327,0.5821329671453098,0
0.01864974864778706,0.055264946,0.697110191176852,0
0.03672025170036246,0.17339033,1.0392869222480905,0
0.03506452719403119,0.052247167,0.9830604500724528,0
0.03824771902363637,0.17578918,1.0547170426116348,0
0.0456209969621031,0.06724975,1.1550607872490763,0
0.017066475827376228,0.039147686,0.7327462631536624,0
0.03192116026883746,0.027676867,1.375564926101506,0
0.03127487310602885,0.087217696,1.0488176644690703,0
0.03428369546504782,0.021998432,1.8266807034306605,0
0.014964151972190027,0.04396601,0.32826992830850604,0
0.02824031082909973,0.06815061,0.9290194849876833,0
0.014994094282971795,0.0495723,0.26493760281517215,0
0.010410221278910226,0.0054191463,0.4639849814226443,0
0.009212571241706862,0.013349066,0.3938198655855926,0
0.011331087457344449,0.018072912,0.4510045153356672,0
0.0500829778242732,0.095354795,2.322822790376888,0
0.013292055945997703,0.01962918,0.44095452599567264,0
0.0342841893704377,0.02650403,1.7860410286103052,0
0.022435261182142174,0.039064877,0.6177116504328825,0
0.02314350224682113,0.040256713,0.784758923793059,0
0.035559640085734256,0.13667427,0.9158286259361205,0
0.018643357265498744,0.02283032,0.7372739075945093,0
0.01799732897332583,0.025133487,0.843809605618019,0
0.03304802069986146,0.15165694,1.0155144481680578,0
0.030394880344144233,0.02710835,1.541795677405975,0
0.03273481858977016,0.041498605,1.5628558618770303,0
0.030635758390426336,0.061492782,1.3477423235401211,0
0.01830488252578901,0.028913017,0.7995774532930948,0
0.021719574150059748,0.08359772,0.7047387138904095,0
0.01975391563704955,0.048350047,0.7625358142877305,0
0.041694273696780706,0.18029831,1.3295571260765118,0
0.022158076675085167,0.021968722,1.1068501330956795,0
0.015770905913441498,0.046266753,0.3295078706616466,0
0.019602401637826217,0.0153515,0.9357726279918493,0
0.02274691528124631,0.04765482,1.0117914496477733,0
0.02106804961885838,0.061520148,0.7356688446296755,0
0.09500226225491079,0.15727039,4.398181340415703,0
0.016352956462629242,0.05377197,0.4710965191961549,0
0.030058099265100946,0.06349801,0.41502152153319055,0
0.0378987596085402,0.090758786,1.6083082334160725,0
0.029593541109302755,0.021874554,1.5442990243574501,0
0.01753511276426629,0.022317698,0.7856430409441875,0
0.05576363153517175,0.18916763,1.5514055095199775,0
0.03287570712026078,0.029041346,1.6553800807289916,0
0.014042060919149021,0.07302952,0.2086691148850528,0
0.022541955870086734,0.0711317,0.7934029281926493,0
0.019475136366810433,0.029781504,0.8754352414317835,0
0.03255348971888432,0.07969464,1.28538965118121,0
0.024359607464410436,0.06284179,0.3353350395686558,0
0.03956243795671036,0.104535654,1.4023920117703643,0
0.02631803616800392,0.08601418,0.8457615760422434,0
0.01490276989869419,0.03470212,0.5749799096497589,0
0.01725039531849205,0.043824513,0.4979464535422851,0
0.04191140506303108,0.028460296,1.9937089543970758,0
0.028761073591434625,0.037617918,1.3393802523129594,0
0.02086867423946242,0.061702136,0.8039064533890019,0
0.031858308344253336,0.072943054,1.0966312734042367,0
0.03580607757344133,0.0755548,1.356827432975965,0
