speed_score,E_T,E_R,rejected
0.04702537654080642,0.005190858,2.6943556058017184,0
0.23253910554245577,0.06872675,12.87035065380935,0
0.10310431783098455,0.19947198,4.669542511377444,0
0.1769915943458384,0.49928722,6.2933391478147875,0
0.08466889286083543,0.17214426,2.560384960391001,0
0.14175353105778923,0.42437387,4.809342967720498,0
0.05448896883802921,0.07069065,2.3861567774755046,0
0.05571132157503822,0.21904075,0.5442975639391995,0
0.04099434719615196,0.017796932,2.149387060956777,0
0.5864756500510654,0.110808745,31.15808236537,0
0.08105901892653808,0.1152949,3.0298684384953267,0
0.08919310476001585,0.12127438,2.4566469553424275,0
0.12188319308554676,0.387463,2.7129866797850593,0
0.0742649329622132,0.10287268,2.870975279587209,0
0.16935170262050397,0.1716887,6.511355409643027,0
0.05514810314644311,0.07997007,1.5368137401797903,0
0.03181434216121318,0.046652883,0.8461900969033188,0
0.03242139833407168,0.0784785,0.5144753218951092,0
0.022286268560895155,0.034104988,0.7524033219000641,0
0.040130556589269825,0.01880875,2.062930814495968,0
0.04828443758948179,0.05364148,2.249389245632371,0
0.03564386774750157,0.0388769,1.7480504780787505,0
0.07492672253548396,0.21937078,1.1418424091695187,0
1.598336275787531,0.38149372,86.3239159394671,0
0.0753079362098598,0.05979865,3.6594637477786196,0
2.654896266199431,0.81024057,140.70750061356085,0
0.032399786168748196,0.10043413,0.7465862868828952,0
0.03030713346637404,0.07729356,1.118026929413331,0
0.13750511973239005,0.16107579,6.897462481690233,0
0.17199545551987244,0.40674663,6.4034516574699065,0
0.06132556673414104,0.15630999,1.2912287934899396,0
0.10581068111867352,0.33081535,3.7304485674211514,0
0.05213768696831915,0.022289094,2.6371458091544264,0
0.08541596201779691,0.27838492,2.3984927964190623,0
0.0675566407357325,0.08589517,3.119082758633521,0
0.11216402148013736,0.14557083,5.459488932089603,0
0.0768897638911999,0.27143794,2.6394575199208163,0
0.042290244596882416,0.10687179,0.6921342511250286,0
0.0887061693577021,0.17643592,4.018389510902129,0
0.07992240353368132,0.37574607,0.8785435059671489,0
0.029233999383825628,0.04438111,0.9051319101534651,0
0.09851132683482884,0.16532212,2.7575731782724118,0
0.033280709028874686,0.036402803,1.4258041885972088,0
2.7870412815031487,1.6017468,147.67012447098287,0
1.6666922910095423,0.077191025,93.76730991306844,0
0.07702877210874487,0.11935265,3.021302817288869,0
0.05212603340319806,0.16050541,0.9715774505140211,0
0.1050705879965482,0.33356592,3.7820444066421874,0
0.09351375234690225,0.15842173,2.5055545260044556,0
0.07316056869099641,0.053943206,3.073421867436739,0
0.08591731968864605,0.34150115,2.1292879712667983,0
0.9979939307572194,0.16688116,55.09297453963556,0
0.05545273785175698,0.2529351,1.4868410359313553,0
0.2156864430530869,0.19448727,9.651339404098744,0
0.10882341528024879,0.030370843,5.882287428396152,0
0.07394631424470652,0.19613086,1.977601784392322,0
0.5520092847670706,0.4455484,27.82917036417095,0
0.10445487229950062,0.18985735,4.704032449037502,0
0.15540736471063987,0.38917002,5.6488413185571655,0
0.17974463698808837,0.0744971,9.568328945369618,0
0.16691140263691853,0.33340812,6.619492236946475,0
0.11315563883618496,0.32939845,2.598700325052895,0
0.25717261199357155,0.6910367,6.77773489052229,0
0.2229288214122417,0.5304999,8.142022586762216,0
0.21085202243757392,0.11154388,11.346760250166692,0
0.07991529206480039,0.1334146,3.6293215188998706,0
0.07089758564526163,0.36840597,1.6092763945096824,0
0.11201929932566479,0.5275992,3.098632645813303,0
0.0912179303959759,0.18840995,3.0011605200763976,0
0.06656496892840641,0.1415599,2.6831332619106165,0
0.05983666767018776,0.2075103,1.9085735634966208,0
0.03327247944523187,0.06057141,1.540519432949654,0
0.14952209963494184,0.26649594,3.574911406115271,0
0.03400874146758914,0.054099537,1.0618716394643137,0
0.12550796659191127,0.08389276,5.898416949896816,0
0.11527136804754023,0.06268624,6.030809388460703,0
0.09265151752671566,0.08368722,3.7091171226468838,0
0.21112457490305542,0.28077427,9.920555545578416,0
0.10833793787840293,0.056191202,5.714907538785334,0
0.08336109192997235,0.37448627,2.158605456048884,0
0.10645516501178186,0.2114189,2.0098563238855376,0
0.07759751825835123,0.10543798,2.2727392987563713,0
0.20476542210996634,0.7057541,5.165590844910368,0
0.05847405597537893,0.07939515,2.440468826610839,0
0.09211189168386348,0.10607667,4.553896965935776,0
0.06365073759399364,0.03633499,2.9804617981886152,0
0.028882612479504306,0.09903389,1.0318078099927335,0
1.74104256138908,0.06839842,99.26097091768823,0
0.1862598570792941,0.15467611,8.450442092084524,0
0.02542029860634288,0.023880363,1.0049501607661753,0
0.4738332774571605,1.0143387,17.89661702919357,0
0.09338609418418573,0.075746976,4.665051065180836,0
1.7379090031812494,0.39994332,93.9926275245418,0
0.04272785374144925,0.15997097,1.4530240076356296,0
0.022212544267592487,0.03966697,1.005752468156161,0
1.545407115584338,0.5499139,83.06214389245112,0
0.021638952452612433,0.06773496,0.4988951210300463,0
3.1512133431427993,1.0880909,173.0633295014429,0
0.30973457690096956,0.41099527,10.488696839109917,0
0.18035035584093223,0.27526426,4.273178082742226,0
0.1153362145921796,0.051457386,6.124439353009297,0
0.037163583378365464,0.058056965,1.7654069617119348,0
0.029799124593522165,0.074028626,0.9616146703422328,0
0.051670209837808755,0.1464125,0.998245453137525,0
0.0824341122939482,0.14543825,2.3696569777758936,0
0.05808171418842854,0.053491812,2.6652713877938066,0
1.0698757620640822,0.15464899,59.79629673178012,0
0.12195721888399659,0.25531107,4.635604494772584,0
0.06740308341346705,0.0914042,3.1600468758478604,0
0.07958817838489073,0.16703507,1.134771674943597,0
0.012034317183261513,0.032097325,0.3712209779155333,0
0.1441019000749237,0.3842071,4.897499047100397,0
0.06445912340428467,0.09455922,1.885022326923273,0
0.08088573815130885,0.10871106,3.506643133238061,0
0.19750148539531642,0.3508219,3.989249100307157,0
0.09048033924246003,0.21289314,0.895003042337605,0
0.1401904662291812,0.3858227,5.208552365951325,0
0.029940471988033762,0.063124344,0.7066099103523841,0
0.056338483772047976,0.21451624,0.648005570484755,0
0.029465683347982073,0.022359436,1.5366903283126911,0
0.11932587545295162,0.37478784,4.488767834270637,0
0.18447190057558546,0.103401676,9.841289805041905,0
0.11077542923604003,0.2350774,4.478268354515673,0
0.2924473800431211,0.76941264,10.135666437044208,0
0.21354598265567484,0.5518862,7.865961153441762,0
2.9309213274121864,0.105562635,167.18832548975507,0
0.0554224433804902,0.023535797,2.7368607729210552,0
0.09903124423425066,0.16315393,4.186558198778429,0
0.015432010122194651,0.024697771,0.5485357844264801,0
0.09442321291882866,0.07673071,4.331623628750611,0
0.20116139014869508,0.25523296,8.495486511889077,0
0.0884523456197541,0.16236597,3.874036709088971,0
0.0419476240566079,0.066423014,1.642292965417239,0
0.13187941846089365,0.39075768,5.189082079822657,0
0.10126525844772488,0.2570479,3.6734545645790693,0
0.27511380172363875,0.451852,12.300075051224756,0
0.023615177308640073,0.02373993,1.147404642335246,0
0.2981182529564325,0.06646072,16.664129835387655,0
0.038858270546317034,0.027006049,1.6135937872835417,0
0.14437570923519288,0.11625991,5.722887512904047,0
0.05181668555159915,0.04553725,2.6191305904213382,0
0.06404933903733204,0.062059786,2.759780202552649,0
1.8823139133019495,0.078775264,107.1967421090087,0
0.021394421389884885,0.02475591,0.8526103554647445,0
0.08271696136552342,0.077864274,3.9664960753914427,0
0.18503092870939641,0.58838785,4.375748252758421,0
0.08061624219346163,0.039662056,3.813634465519548,0
0.06015421376880342,0.14118896,2.475362219024632,0
0.04672982475406519,0.21060012,0.9517394372706778,0
0.03515006688153831,0.09738677,0.5035983279909069,0
0.10757026969550677,0.3011013,3.2764537825846345,0
0.10535310776379503,0.34630948,3.888905559817542,0
0.1539640022554021,0.32485604,4.099727807189108,0
0.12089800545180304,0.099318236,6.171353439127744,0
0.23451767285768868,0.07391853,12.956085828457761,0
0.054864966802853056,0.1121914,2.4274747657164877,0
0.11008081455784902,0.23477955,4.839630140354199,0
0.04059994863318028,0.048774216,1.7863699646895717,0
0.17061764353996062,0.5104719,6.308576576045693,0
0.053953694119208195,0.24021967,0.301550607236945,0
0.24747328733668972,0.3291053,10.801885632113699,0
0.10750900847581246,0.08840401,5.486657548760089,0
0.05245143569870798,0.091367505,2.085323787565324,0
0.1290871179320178,0.08342457,6.7879363638648185,0
0.17063430795995038,0.03490344,9.46568151103886,0
0.10059801393173727,0.16400082,3.95387927511727,0
0.304799967668345,1.0872097,9.765812652266632,0
0.15715996453322792,0.07366599,8.281903881916906,0
0.04565747089059451,0.07628153,1.8871043785965302,0
2.063854010568695,0.030042736,117.57830671652874,0
1.2589274368733545,0.2844753,69.406011114874,0
0.5594477773056546,0.09597807,31.420082371851656,0
0.0353181421538224,0.10188326,1.3248720371629306,0
2.7839095229716926,0.34060037,157.26994168276659,0
0.1327865476805919,0.60701066,3.0430468122740755,0
0.045387168827675656,0.07780931,1.3099180885856485,0
0.14564407326423662,0.37492955,5.27018660378237,0
0.18643815442586759,0.39286685,3.007757257198256,0
0.056074484722242815,0.3167344,1.2852210883664414,0
0.05020285474596932,0.028361835,2.6479930417733524,0
0.05606343531819674,0.06937059,2.2264049232356404,0
0.08320986413550371,0.14341465,3.371517940303424,0
0.05095135126152102,0.15604362,1.4239461435362541,0
3.1697202128748256,0.6058673,174.67094856840805,0
0.134120865379145,0.16522412,5.116958019727268,0
0.13032579653758453,0.14890215,6.50471467387356,0
0.07948550340801172,0.15103032,1.6007323872364703,0
0.043017047859695054,0.13016742,1.3626028588693968,0
0.04763729776300979,0.078356355,1.7809502144276887,0
0.12224930027620401,0.10324466,4.844446920520034,0
0.08302255108052212,0.06174996,4.138198464466362,0
0.023935668371975527,0.031110745,0.9827135954235652,0
0.012439903136677753,0.019388502,0.399115422536333,0
0.19812430899660113,0.34912062,7.608464302188563,0
0.06340799704808392,0.23111883,1.4939810659532569,0
0.031165284868864093,0.03063992,1.1886804900454588,0
0.03157842132094775,0.028425992,1.625072235776214,0
0.03661244475856059,0.20071067,0.3913105670684423,0
0.0520495640586136,0.115975685,2.2222606820742326,0
0.045854161594138694,0.20537889,1.1361854856953844,0
0.0970823314199687,0.24842444,3.9139625102045614,0
0.14810371789585597,0.57793546,3.9288018740510844,0
0.03830374353105745,0.1193459,0.7042646176896622,0
0.19648537818390635,0.23075487,6.408959470304533,0
0.08593969622019003,0.26039,3.2691110401416426,0
0.0566492189488991,0.074715406,2.5981395367742053,0
0.09011235331374845,0.14951009,2.381834378917931,0
0.0458243932791812,0.09775533,0.7006585007610395,0
0.044555666169053224,0.22009163,0.6903740842169303,0
0.07768787354494329,0.030291164,4.201658611821467,0
0.13958950214318397,0.35621366,3.285450691931633,0
0.1611842966364993,0.14059131,8.037675724163165,0
0.1474069582384286,0.22244066,7.027830416486567,0
0.06677161809037066,0.27099591,1.8904940694931178,0
0.5095097224294883,0.15125597,26.63488459598099,0
0.057748175891084844,0.048784193,2.9869541934614654,0
0.04793542282945447,0.15958567,0.6520487231789469,0
0.08869472692540574,0.06747312,4.022820371043433,0
0.04473192050484773,0.15675293,1.4306354107005383,0
0.09682608274235385,0.3307168,3.278921460750726,0
1.3006200107280907,0.039686613,74.21102266485728,0
0.07200052296672894,0.19921595,2.8611828310330196,0
0.09887464551550311,0.12853609,2.9548725019363293,0
0.2269727883353956,0.51831037,9.622091305157364,0
0.04260717449608288,0.10455066,1.7180706534782955,0
0.17230039015178877,0.18427745,8.185323631399992,0
0.08132104581624632,0.06355572,4.15253036960946,0
0.0536589714805981,0.083944745,2.4038081806767453,0
0.15994474040529394,0.2811704,5.987956905386313,0
0.04043147576430224,0.14620481,1.3184185306651248,0
0.03111521717071951,0.059060197,0.8047513529494494,0
0.04893031057355448,0.023105145,2.560351821576779,0
0.14495063468739258,0.068365164,7.718193636865119,0
0.09418677840359997,0.24862355,3.5836695895710386,0
0.09356341428328957,0.0752451,4.58532472195302,0
0.04600084406033198,0.075252354,1.297773839547291,0
0.01999440233615021,0.024204282,0.9635650303024313,0
0.1648795275974172,0.31085896,6.846292872582094,0
0.16138021150109536,0.050156984,8.828866720757318,0
0.026420070047246384,0.037921052,0.9312043100391328,0
0.13371526595690797,0.060727917,6.4048490413683705,0
1.4268037611758768,1.3146763,73.35440850647912,0
0.03444450935527422,0.11079588,1.256994893870061,0
2.115386168258852,0.13683823,119.88586195477154,0
0.046684519684593175,0.0905809,1.829315601867107,0
0.15592945311967257,0.25333366,7.3390225435004455,0
0.10190095568483452,0.15089113,4.794442217846258,0
0.045416888043093344,0.109542154,1.867219357222183,0
0.07611476218515761,0.11070636,3.2611394307677335,0
0.06565098711052035,0.119473845,2.017832895926746,0
0.03702168118313593,0.047764145,1.7253349984050912,0
0.13320963194778127,0.34229392,3.1278288444181115,0
0.04256426101428347,0.11165294,1.532151196711437,0
0.1059755443662982,0.07582796,5.486138211591908,0
0.644753747066388,0.14136128,34.106848249450515,0
0.1618015577484328,0.17436497,6.459733996417748,0
0.05193295585194583,0.093948826,0.9993750695479237,0
1.5419907176342875,0.47540572,81.85900557035444,0
0.17693323264033198,1.0302612,3.940169856638278,0
0.07499513703520552,0.17661881,2.3118563491518334,0
0.04002233854172846,0.039910007,1.522656034632146,0
0.04444269362176936,0.025247678,2.1718005818271426,0
0.0714038538602868,0.40919113,1.3402905973376409,0
0.08719418231460062,0.11339015,2.4489464169070425,0
2.8618469982251025,0.16470718,162.35927810841835,0
0.10365191732285492,0.17035197,2.5101945591638897,0
0.045672122475266086,0.067709886,1.3122969500557433,0
2.8904873591491964,0.78268117,160.12482395008868,0
0.020478878814101167,0.08465531,0.5951604696891044,0
1.862998693456212,0.625617,101.16568707888925,0
0.1462480255175539,0.40473527,4.30323676535676,0
0.030811408346400438,0.031272087,1.3095144326578727,0
0.24388134589708507,0.49008015,10.510834742891866,0
0.05761352943659652,0.07955867,2.496299095156938,0
3.2046265560577742,0.39787614,176.44142071811996,0
3.126190910423161,1.7449977,168.12337807944704,0
0.7344209654175579,0.6044198,37.40912041360143,0
0.13676443948552408,0.2333443,5.435010265162176,0
0.014750390372884309,0.016293917,0.5264166899554706,0
1.74568898713287,0.4226636,94.50386537812751,0
0.06891794924662835,0.11465928,2.118900799655846,0
0.05603617881700759,0.1981211,1.3809804124307148,0
0.07269988464705714,0.024538811,3.8068611488101176,0
0.04158200060507979,0.03835189,2.0729591407588392,0
0.07093730469656404,0.15261944,2.4216722215126185,0
0.1586498042935881,0.70975226,4.7364157168981205,0
0.06092858104191044,0.24293184,1.9034701878433828,0
0.04533894725164517,0.07357401,2.06275405079699,0
0.1840178062674092,0.29301065,4.108883373641883,0
0.048388477886594256,0.05142916,1.584384708088443,0
0.046994715806682436,0.062449764,2.0150417615968492,0
0.08933586108354172,0.18652175,3.809141774743647,0
0.14776531565022769,0.1412134,7.609567411328101,0
0.056398599491254614,0.10332669,1.7285105885466392,0
0.0790022498867157,0.22614326,2.6986073085004647,0
0.08088959883279515,0.32387528,2.08009768725455,0
0.12196394484780651,0.42476708,2.885545141639774,0
0.03237665587643918,0.0305879,1.5339929079743626,0
0.03749761653721993,0.094971,1.5113302677662601,0
0.05630826583978486,0.23272076,1.2073723298263097,0
3.102907584605853,0.18347572,176.6533747246418,0
0.06268095768668215,0.29582047,1.5968628943433316,0
0.039857818081972224,0.07397977,1.1232793726114305,0
0.042664742683293656,0.00441152,2.4445096897643857,0
2.0416747398622346,0.3092544,114.22025986805497,0
0.11672685003132012,0.059362967,6.319958343579815,0
0.17182513772555233,0.26841682,3.8794657419216088,0
0.03362833607788249,0.055440452,1.4318605761204903,0
0.029147559522780406,0.055201884,0.9762022646038804,0
0.07517599770702589,0.25805828,2.4818491744101125,0
0.12328978456512692,0.36951676,3.9683069392827877,0
0.13174989985271465,0.2662254,4.100273430854027,0
0.12434588789597047,0.14311191,4.915774682873698,0
0.3782488375665454,0.118522726,19.584489383672125,0
0.12954847550435045,0.1589704,4.461607865857823,0
0.038193875892093235,0.06824804,1.7279355654442758,0
0.1409812329492348,0.27714887,5.9691769221853646,0
0.09434662881558933,0.10927074,4.556860933141773,0
0.04818981285282635,0.27359605,1.0564310979289515,0
0.05826966807269556,0.19636041,1.9434085417987361,0
0.06378929697091093,0.17187013,0.9684856104790591,0
0.06712357302714969,0.2098554,1.7514468251792954,0
0.18967501222673283,0.18576568,9.409338908632114,0
0.06601384367886547,0.18411486,2.518408296726892,0
0.09509809046025201,0.048925653,5.106706198256389,0
0.7775545975922229,0.18893982,43.120231373648075,0
0.12083858314831752,0.2759236,4.402088759386906,0
0.13442541361316077,0.36809462,3.9133443347503243,0
0.06369525928702285,0.25075665,2.0501276972916114,0
0.17957888923522583,0.18587542,9.105977256399191,0
0.1489359517811602,0.2259152,4.523841355405979,0
0.2860341737946501,1.0545727,9.497909488135702,0
0.09024158608176837,0.16065532,3.7203315363183265,0
0.06300515073608914,0.1432222,0.7679993554688332,0
0.07144264865601258,0.17537417,2.53168623560922,0
0.09680749630404009,0.18074824,3.3957859421583727,0
0.08164491467434423,0.2278581,3.282261685160856,0
1.9084806140384916,0.33545268,102.31324553695534,0
0.17651385727293323,0.22675624,8.054979069214786,0
0.0474599177836022,0.07663306,1.615759084994564,0
1.9392919266988737,0.43680084,108.44036230417997,0
0.041339941968571416,0.09733276,0.9699299079890168,0
0.06466420888598418,0.22954375,1.0362776667389408,0
0.041884641706437194,0.10022893,1.758243228812572,0
2.807669535612946,0.42707258,155.54155822114083,0
0.21062104801629128,0.4630098,9.180926426429735,0
0.026858077344510442,0.11736045,0.6030989245907711,0
0.020125334034776995,0.07088056,0.4202517145697548,0
0.025186949187149896,0.009069943,1.2545930930286198,0
0.06921543504817997,0.27885792,1.4462496267480343,0
0.0859789133393448,0.29596522,3.0769434042969244,0
0.03489234718752902,0.13056351,0.5485892955535073,0
0.1540387649905736,0.40656996,1.5439459317713196,0
0.03835265642384307,0.028082006,1.8234602858685953,0
0.11286851289076288,0.24069491,4.965081627843105,0
0.15558705810060738,0.28235772,7.166393788978025,0
0.28849040615185945,0.47822705,12.77754132681172,0
0.38794311494458156,1.4813739,10.772026014753601,0
1.2549732077667712,0.44052315,68.87930250851784,0
0.40853700615006355,0.032800216,22.940370411024087,0
0.04397046825638234,0.13141498,1.0943578170114787,0
0.09282491280222799,0.1042799,4.028388432866775,0
0.026563156585767175,0.035122905,1.154130825660738,0
0.09935664896118501,0.144057,4.637613788490948,0
0.05960604289159024,0.07469973,1.8101735109817387,0
0.038880721682651,0.06989228,1.6912838126352767,0
0.04021934445964375,0.048949704,1.630584629164538,0
0.11180608256441794,0.3115735,4.0023430988672395,0
0.04796313320400589,0.13863535,1.5337665830093794,0
1.7159017492474022,1.4161143,89.55502432673495,0
2.603279756073066,1.205779,141.8141736608203,0
0.5390626630961641,0.4942224,27.681352628512172,0
0.1227243801859561,0.36250192,4.379920908239458,0
0.034784604104240516,0.12102493,1.2254840805952845,0
0.14807514545590184,0.07372461,7.838608478770582,0
0.07808871086193626,0.072356574,3.74559339621865,0
0.06977266826153664,0.27262264,2.180920814515334,0
2.268942786189131,0.14264092,127.35136079817325,0
0.05048840096240917,0.12477057,1.9096535366771654,0
0.031018120495463264,0.10326018,1.1150122818533488,0
0.05082823227175469,0.21327008,0.5495582388565446,0
0.24915205373978358,0.19656286,12.811275189716254,0
0.3462410920719442,0.14880614,17.268900773794492,0
0.11206372656312294,0.0933966,5.659787332586808,0
0.07783081179445633,0.1320631,2.985965529214759,0
0.12502191065691381,0.2557449,4.7880297568742884,0
0.0979027868840859,0.20062096,3.8628942181288886,0
0.07211328970862704,0.35400322,1.368042880129836,0
0.02356679042214706,0.076149404,0.7977618546680474,0
0.16958332710928,0.38103986,7.17562635922767,0
0.10184940737553957,0.09353405,4.839500358114463,0
0.16503321959427877,0.033330865,9.141487818020734,0
0.1283884592378765,0.50963074,3.9550819984744146,0
0.04592528267367225,0.041111544,1.9787598990246655,0
1.428362182685462,0.27415195,80.17450737155741,0
0.05489737112447619,0.1393242,1.393915966348829,0
0.01736226612265499,0.040088233,0.5049326891261876,0
0.086411910813249,0.122207284,3.953135625576962,0
0.45736615693425964,0.1743429,25.077306639851212,0
0.014441122113528907,0.05690071,0.4579136403847842,0
0.02315390030431113,0.013651497,1.0831644633911344,0
0.13029755014435018,0.33854243,4.977173637400855,0
0.07164139254377719,0.26681557,1.7439203712363291,0
0.08411465656722447,0.11356719,3.5402861237600254,0
0.07963723784065371,0.08146443,3.416121622267525,0
0.08711479302538518,0.1819047,2.601342899662065,0
0.03183586417718649,0.02860704,1.5595989581732195,0
0.054057074723171054,0.08512968,1.8378406221535926,0
3.0183158262094,0.44751117,169.8816462666623,0
0.05409955040615429,0.27442566,1.44454904054409,0
0.03420134135592583,0.038436256,1.4290303555650752,0
0.06658092433849971,0.15241079,1.4153615724674744,0
0.09207385685384174,0.17857648,4.110478012086395,0
1.7619537677187989,1.193387,93.4622175162441,0
0.0670596773659898,0.26745734,1.1970335697416576,0
2.1835607928618326,0.41416684,120.82846497376225,0
0.021083947721498464,0.042162504,0.8336718650407277,0
0.021021941956997657,0.04284712,0.7540233918755762,0
0.4435624018735959,0.29170895,19.96268771935196,0
0.1191266642867982,0.28386438,5.038673442083507,0
0.037815906330398205,0.09349245,0.7332923237191266,0
0.09317950977891465,0.045804836,5.00993808871816,0
0.083631147811202,0.25858414,1.4553389925760563,0
0.02479203822973989,0.03532181,1.0030977951754032,0
0.03992201313517488,0.10177158,1.3817574717694743,0
0.03395334858475481,0.041743632,1.3350814658274097,0
0.15327776776453353,0.11304108,8.083647127059121,0
0.04985047173160463,0.06767989,1.6047787958583817,0
0.040608145043001836,0.10394564,1.568609224064634,0
0.07869517382269325,0.13752036,2.4785277057858184,0
0.12501744928242992,0.36586276,3.271424545321925,0
0.0644825170466366,0.11095927,1.5348615124147567,0
0.034908715164412685,0.033891793,1.7173155832811449,0
0.030884564170879966,0.15255947,0.8296160284184315,0
0.15809194607725324,0.52436066,5.5768244065667405,0
0.052235112015968116,0.24942058,1.4917923129585886,0
0.0728608855559468,0.23414497,2.3945862109939777,0
0.13149107309183,0.07691588,6.898373382961006,0
0.11490185517761578,0.41159105,3.6522169582502877,0
0.09334673687282521,0.08813319,3.3789549609721017,0
0.08809562804873487,0.091261834,3.726937242110285,0
1.304613652692919,0.13800889,72.77651527443057,0
0.09999768711383089,0.07262367,5.071458892194805,0
0.05909435374566679,0.28543228,1.0924201985977529,0
0.09131587382106424,0.21133634,2.7697028021762193,0
0.0795734061943198,0.2540859,2.140161992787515,0
0.0729683563550041,0.3220999,1.8065284754671502,0
0.13707558639050388,0.361513,5.358031442295125,0
0.0647707954580754,0.18665706,2.2999939554530737,0
0.15415666345186455,0.17530511,7.527187616431585,0
0.10556828932932882,0.11334521,4.0912030336240335,0
0.16440376461572587,0.04829642,8.502133679433921,0
0.05178746855785003,0.19889325,1.0849372872382061,0
0.03967497801302286,0.035301406,1.7626974553261976,0
0.10910778229538716,0.03749174,5.936065416815416,0
0.05081567803312208,0.058170382,2.5383814186081968,0
0.4804995231527864,0.74075454,22.158957457227217,0
0.39404964399626663,1.4853522,12.129183943415871,0
0.08860247142348839,0.088746525,4.2421899006755925,0
0.06279813155404365,0.18221317,2.2333908738218917,0
0.0913288390024483,0.025299203,5.039340219341539,0
3.0047551595394326,0.28758243,170.43318505787178,0
0.035253132036755945,0.054928992,1.5537284065598223,0
0.15884266199243544,0.30788925,7.014905105642379,0
0.08217981770588309,0.18603282,3.1576380405846516,0
0.08144737933742235,0.35526055,2.164913922834036,0
0.11688849004668851,0.039045595,6.2448474813824495,0
0.11679855142264425,0.15954718,5.685445710921563,0
0.04301015658135702,0.031584598,2.04354347983903,0
0.05115868539382616,0.14660995,1.3311905379980415,0
0.063552412781183,0.1800886,1.0668932438429857,0
0.07113273152018655,0.098927334,3.2047656803990785,0
0.2998920200993363,0.44576883,14.34149017560307,0
0.021717748979919096,0.05740067,0.23093453366871478,0
0.06409038437754103,0.12023205,2.872219742418804,0
0.07747506081061786,0.26440066,2.665688422900086,0
0.1016917867469116,0.27054682,1.8167656772164082,0
0.06033940900208089,0.041232027,2.5183523830897574,0
0.10804700346685653,0.0697422,5.004421259057214,0
0.04418774999357216,0.17601395,1.188945397650713,0
0.04511121060364273,0.0538414,1.6338053449018681,0
0.027019510674633537,0.1515335,0.3858603674190017,0
0.04147193044912595,0.119983114,1.1751626612043595,0
0.04391151486555019,0.10162677,1.8423183475899625,0
0.05385198902173505,0.32071027,0.9185394699496686,0
0.18941751165213744,1.3143601,1.5871831621159698,0
0.04471274254869288,0.17459795,1.0695925624043823,0
0.1060431123412357,0.14345917,4.964124332243671,0
0.04000312302631262,0.084030986,0.9763432203293159,0
0.06774110999110422,0.07156313,2.4593306865254307,0
0.14097962395133537,0.109885655,7.043229524020069,0
0.04723609070561771,0.25319782,0.9167685979805368,0
0.16271298477537,0.33186132,7.283543673128586,0
0.13550025173438884,0.45921502,3.881198617436848,0
0.039219907628941356,0.12772216,0.5953181757305759,0
0.019422472825417293,0.028548269,0.7752710216740215,0
0.0912283992450455,0.1415627,3.8791195908954452,0
0.08452200768540288,0.13959986,2.798929276802886,0
0.031604105395969605,0.13410202,0.9049099798344716,0
0.049918649015978124,0.054029223,2.3664970628846467,0
0.10833982075395275,0.25979304,4.471895857703655,0
0.2402564007864684,0.24257539,11.859383494661897,0
0.014089981375741209,0.01646199,0.5990292174979651,0
0.02949163628831234,0.11223928,0.7985453951468662,0
0.06491647459909253,0.12934262,1.7119686577106,0
0.03738834903011157,0.1596344,0.7965478712651375,0
0.06993390410816139,0.15688197,2.5197744858678566,0
0.0815194740162899,0.3427809,2.1080738928153213,0
0.1387343904596097,0.5832447,3.777217419079219,0
0.048454975068748206,0.16190173,1.2069807274992208,0
0.41111975989441446,0.17776564,21.362546218251286,0
0.1370627961024992,0.19880772,3.9359806427236523,0
0.05613396514823627,0.08370669,2.1617732351989623,0
0.04563306068931182,0.105236635,1.5669769738188792,0
0.07455896631692116,0.13799576,2.74907037867553,0
0.03227546388762346,0.029689651,1.5851555834409932,0
0.0784763054330812,0.19538721,2.5561700869418984,0
0.03785769492101246,0.12965167,1.2495306227547625,0
0.22067225084393954,0.056253117,12.212342250883411,0
0.10471119140522209,0.18558489,4.456108884196026,0
1.1568357406202912,0.29268113,62.19692338250863,0
0.026593911612035816,0.11510937,0.5661179434630594,0
0.0725086248605266,0.08795021,3.4994198931109883,0
0.022631223661844394,0.01699715,1.0097118475203706,0
0.09644295329593829,0.26362443,2.894838253311732,0
0.03160977207080093,0.05056038,1.3514527824929634,0
0.029881251142272764,0.08511825,1.125690046092583,0
0.08438010660952056,0.13277355,2.3705403926233406,0
0.10085574937331278,0.17390488,3.2983244059294425,0
0.09075911976674768,0.4019436,1.99518164906075,0
0.02741315679163432,0.08414393,1.0442052420347294,0
0.10155705849550498,0.09941557,5.157927180592052,0
0.017624281346797943,0.1231706,0.13014616879708868,0
0.06317067896745242,0.28959936,1.5490766615610376,0
0.06711264857676492,0.17252865,0.9846486990007989,0
0.0766565921408558,0.19198647,3.1397616056467004,0
0.02105954357942263,0.096149035,0.3778043759491473,0
0.06509676595263744,0.24782135,1.8761754962758195,0
0.24720247863821143,0.2633849,12.313850104172076,0
0.04263073791346729,0.111715786,1.4303621162502158,0
0.11738841651026444,0.119928494,5.489679512755068,0
3.0847008308812605,0.19489968,175.0386142204805,0
0.13825235026701127,0.18910718,3.8135530267810704,0
0.03213057585887516,0.13903141,0.6857670611630928,0
0.052517604721212786,0.14620434,1.3048800365861906,0
0.19272516898522007,0.08961906,10.074951242284586,0
1.0512227287870348,0.90443504,49.76560450182049,0
0.2189437520359508,0.69507277,7.972309479456849,0
0.07332065664724347,0.22181411,1.5904701451042333,0
0.05467155563254028,0.07142244,1.6168371438008768,0
0.14616722239109184,0.23209032,6.390416126692074,0
0.030751735852695146,0.043038316,0.7976788471622681,0
0.03364544201169943,0.041033596,1.3583397452306827,0
0.07108252996126424,0.25252673,2.1371626361377705,0
0.09324439409269653,0.24109249,3.8760398151037974,0
0.06552230897958139,0.031489972,3.3457174484510825,0
0.11321975298220026,0.25621074,4.802055960744833,0
0.11470154743119844,0.2664945,4.4217577872157685,0
0.07132940555274933,0.09030746,2.1368247897898853,0
0.03187229419714807,0.09166431,1.0567541314855153,0
1.6778132064214228,0.18550181,92.9565246236207,0
0.06292855336164338,0.124281816,1.637652881804915,0
0.21605479266093766,0.0708991,11.894731812563872,0
0.08505968325874669,0.19351314,3.4627365125600935,0
0.02647068962211097,0.050909095,0.9585605706105267,0
0.0694066945033362,0.094026364,2.070903044567043,0
0.1153280089857726,0.11623543,5.79463749493565,0
0.05734451355607371,0.08316602,2.141429327617024,0
0.06968194877685205,0.060857885,3.281603221669153,0
0.03625155936894839,0.10328388,1.073705923203573,0
0.12150391232543688,0.21028261,5.169868817301699,0
0.1384671656626394,0.08322773,7.370147108017427,0
0.01714333847857039,0.03501864,0.5399892343965983,0
0.10567431315197175,0.29047695,3.6089038576077725,0
0.06335496063887534,0.104087114,2.943982393504162,0
0.06202949676931627,0.08790632,2.084400899039472,0
0.00903448569593796,0.040831458,0.20707835027434843,0
0.07192982783753706,0.21614324,2.26550910327621,0
0.08651150014807472,0.39918673,1.922071152799549,0
0.05966740542009751,0.19237137,1.9904503517371555,0
0.05877071927322122,0.075686075,1.985740433703762,0
0.0566180545646897,0.014686252,3.0654419097536096,0
0.05177369791853733,0.12273274,1.5173634945596166,0
0.05861154421683931,0.14518549,0.6630561093956293,0
0.13737083627476931,0.20979212,4.88457906541584,0
0.02716153544920016,0.026170067,1.3513502921074514,0
0.1638149170613551,0.26106828,4.472564527657107,0
0.07698118074900201,0.05115409,3.9041768669142867,0
0.04173127050403769,0.027063753,2.004727623143113,0
0.05624587653066424,0.05903008,2.2578605462519494,0
0.09068935649465909,0.15500388,3.9210589403037965,0
0.15980077550876076,0.104192734,8.487213829175206,0
0.19112596647152158,0.052769694,10.054386363169938,0
0.2079213773019148,0.13675898,11.016820264821602,0
0.054329603225587025,0.08903805,1.8437606486641558,0
0.08227962145293093,0.21865307,0.7858490593718626,0
0.09005629237837987,0.11278923,2.611838065918783,0
0.0948760305457017,0.42748058,2.2681610069168334,0
0.06309659279750196,0.1444093,2.6703266298365675,0
0.07705124259776108,0.25488892,1.6704799502401393,0
0.05167881677198284,0.027985461,2.6532065656125616,0
0.13847883689523452,0.2575135,6.282211572651191,0
0.04399480887555614,0.21232961,0.9657484253678481,0
0.04814480299744505,0.036402427,2.2597836995690956,0
0.11617568477855687,0.43756458,2.336408128320129,0
0.16763007739760954,0.11890964,8.765270877819159,0
0.0487999925766005,0.1050804,1.1393833979968224,0
0.20923890833601363,0.3840394,8.860273527853504,0
0.054823977032721544,0.037444077,2.753699571901638,0
0.12694221741773437,0.07928876,6.612867708985711,0
2.142395750455801,6.9305954,80.09026976566575,0
0.03764604734480094,0.058248322,1.406399585185033,0
0.21611498668637513,0.54831874,8.605638574618919,0
0.02438624054276096,0.01669759,1.2687123287961635,0
0.5332734188791324,0.10410796,28.75350675809147,0
0.09349243204370823,0.06738002,4.738970115513096,0
0.0332613170114989,0.07468358,0.9826864870529485,0
0.2067265898222409,0.5078826,8.308360654210063,0
0.1764567975194492,0.16396852,6.974539648621014,0
2.1310805948592955,0.5715071,117.61166788106728,0
0.1373213707062264,0.1303897,4.919269529520343,0
0.43318404174823727,0.2674558,20.512254594059513,0
0.0950745903879194,0.10591295,4.138853237821443,0
0.039932793250887375,0.02663304,1.9944939322350819,0
1.2929045646647284,0.93448114,68.2310460710119,0
0.0459282848558615,0.15515283,1.170519845936574,0
0.04618518516421158,0.06981934,1.531828881221595,0
0.05276229773566475,0.10137964,0.8900768385568323,0
0.03570902935688401,0.10242547,0.8294401536430148,0
0.03442718178924567,0.04328362,1.1095424578165132,0
0.11428431663680201,0.08170214,5.7539971155731315,0
0.12609822410177168,0.30835956,3.6572382993937538,0
0.25405513984786343,0.2186327,12.770031338989297,0
0.07133230423630715,0.087133825,3.2251753833907064,0
0.0872552387918093,0.08083508,4.00729980059771,0
0.12980049494470455,0.17850457,6.086969403120848,0
0.057251310545283395,0.14889485,2.079924116028989,0
1.4498019563809579,1.2167573,71.52557818885408,0
0.07703883044319496,0.17093037,0.7192388935782539,0
0.034619196750789984,0.06313593,0.7060881725191426,0
0.12153193362881301,0.24965544,3.623527417223873,0
0.0558574695314824,0.077489614,2.2561054629902837,0
0.0474103063366618,0.032496724,2.3099975543112037,0
0.05299033728980232,0.10852212,0.9091832045616014,0
0.016660599128782413,0.03081071,0.5334243858050902,0
0.21507581909381712,0.08686226,11.694307869414933,0
0.06165634963030038,0.18136364,1.3466284274466418,0
0.08308768938230107,0.09066174,3.8497572129428974,0
0.02420776606275943,0.021560118,1.1308572593453083,0
1.7022714853429413,0.14492175,96.25480317806891,0
0.10668335395235193,0.26830688,4.40991980520355,0
0.23896943333336412,0.86871827,7.83358980820587,0
3.0617686225576994,0.30055285,173.57975447884806,0
0.024915325180090486,0.074820906,0.744430092551997,0
0.08727197501230177,0.1899025,2.8291308223007765,0
0.08847578713382173,0.21460065,2.249987739291462,0
0.5921262289114774,0.39154276,31.108484458579387,0
0.035170280370589946,0.13757674,0.9713446270529418,0
0.04614539918815287,0.16562411,1.2339110845096732,0
0.07008595012172747,0.2591303,2.3594986629344046,0
0.09816291726810371,0.14325777,4.067465794153193,0
0.10636750728009496,0.061757594,5.672797862030465,0
0.0499441108262728,0.10217204,1.350067072494016,0
0.06420408733176744,0.035230815,3.4403172110863705,0
0.034540856968883496,0.14892676,0.7657473829505101,0
0.09509197200555888,0.28986773,3.1970061895867388,0
0.034994990729632844,0.04286281,1.0319232920175527,0
0.11704871964985922,0.56407773,3.24465456385665,0
0.08350052786846357,0.23048179,2.2178241672631454,0
0.05501003426377152,0.1569452,1.4434019208384608,0
0.020607901022157003,0.021822073,0.7948744027960463,0
0.8640930270684871,3.9920466,22.176179169251263,0
0.0341162685923492,0.17495173,0.420985137684809,0
0.040546904037046826,0.042217206,2.016185462347944,0
0.05804812572067154,0.22308096,1.4288290645721191,0
0.039897712462296064,0.100864075,1.0841114534969993,0
0.06005483634603394,0.1960949,1.5332793657116293,0
0.08697344125722595,0.06146902,4.315082756209328,0
0.0234521276316116,0.052051086,0.9247758532319451,0
0.06247533658932897,0.16994016,0.9351383742274808,0
0.07427608678102607,0.13950822,3.24339733766689,0
0.2962819569377649,0.4999899,7.817451652441008,0
0.030648001187798132,0.108044125,0.43447509378266086,0
0.060757484729050154,0.21623693,1.6228115640994458,0
0.025728419223582752,0.07901685,0.5280687004501499,0
0.09446924323368688,0.14135148,2.233379519860114,0
0.16337170336736334,0.24061956,7.492017572585298,0
0.045137408938283434,0.1423518,1.349346975647834,0
0.023291417900471706,0.04954115,0.545627662948852,0
0.04020543622999935,0.021680722,2.0561033948618697,0
0.14019846136141395,0.45204526,4.589251681159238,0
0.0879304358248637,0.2767781,2.6863412841571814,0
0.04146811515074578,0.06268777,1.5077892108046576,0
0.15772155378124872,0.16334851,6.907401942145534,0
0.041396846937701556,0.074228406,1.3525149099504976,0
0.04148209212267155,0.036192805,2.121009739488447,0
0.033621761889375545,0.059194576,1.032709978280736,0
0.03469784586642945,0.009530374,1.843481240291586,0
0.1816774959100407,0.395825,7.399526516556235,0
0.1030613939526469,0.29183635,4.024993185413038,0
1.0694397340648873,0.2786883,57.313250427968605,0
0.11268774410382966,0.37502053,3.7832133877730127,0
0.08469708313589258,0.20422263,2.4571420128199946,0
0.01985433245877439,0.016803415,0.8920183913033005,0
0.12797152775168494,0.38612154,1.9035402979469875,0
1.0888010552758642,0.027657647,62.1779161460175,0
0.04482900449936348,0.054483667,2.0075128222299807,0
0.12212065381145164,0.30680102,4.059654925086307,0
0.06027261276005913,0.33991882,1.060176902345169,0
0.07229714783272465,0.31823015,1.6197204184117062,0
0.03491090664996664,0.112378396,0.8559361793294522,0
0.038113484395145766,0.114937395,1.4219757094465195,0
0.0387894798950295,0.09302792,1.5970482196769031,0
0.06767393597245627,0.24268682,2.0458744937429536,0
0.08287882810086654,0.042008378,3.9013614215783994,0
0.06294597878540202,0.21655571,2.1001463565276457,0
0.1805486055177065,0.19929604,9.068128559786471,0
0.03234377967059322,0.015903667,1.7150278826246494,0
0.17485409816618164,0.16589677,8.631213486947255,0
0.022486414992022738,0.054904632,0.6698265266149038,0
0.026858257092701197,0.07980158,0.9007258585852024,0
0.6676223627335821,1.0856477,28.983160130972937,0
0.06178435983909559,0.10188951,2.4610939546436557,0
0.1718516624910355,0.26513538,6.819660942499428,0
0.3196309115933703,0.3681029,13.711199537606896,0
0.04755618964688654,0.079354934,1.5125006653761672,0
0.08538805526086982,0.0855469,3.2827858275205863,0
0.1950064869420354,0.039294828,10.510120337007121,0
0.14390791572233363,0.33106855,5.894126040474721,0
0.07320363333368407,0.19473946,2.9849922784608056,0
0.05139260147010537,0.061976478,2.366254879135429,0
0.04967068965448722,0.20288706,1.3591661785911773,0
1.334937135285026,0.19677693,74.9759245265192,0
0.08316262804760483,0.15693869,3.23934773070775,0
0.21220410246183968,0.052928913,11.456187771216937,0
0.27515601587026317,0.23116158,14.055576093092748,0
3.041823384974294,0.72029305,168.57891132096614,0
0.15756433441622508,0.30992475,5.589714750058699,0
0.09070509565658891,0.35930863,1.8464596188194495,0
0.03070674134909306,0.035698604,1.3470567097655106,0
0.034799281066880974,0.049294125,1.489063549599974,0
0.17618839374123738,0.12639657,9.141718845732594,0
0.08041360451588535,0.19460306,2.488569306198828,0
0.06076340331894524,0.079444386,2.7612517555071046,0
0.2166579398782434,0.53755116,8.970664990780882,0
0.042486570525086746,0.08102825,1.8209078210880523,0
0.16461645163597943,0.034749508,9.0334753298709,0
0.06891764590233251,0.067822695,2.906009573742445,0
0.02846533169162697,0.016731624,1.6309433683702135,0
0.23009762376289272,0.23631209,9.15165191374398,0
0.05975402547883933,0.30946735,0.9766464180306417,0
0.03908383432614598,0.05101704,1.909353398851033,0
2.527028665344274,0.62961835,140.10979764429874,0
0.04962485707714546,0.054399244,2.113431900449335,0
0.022249218851478184,0.025205601,1.0939835596997682,0
0.04266526550332358,0.04608727,1.99444522660222,0
0.13416140788105746,0.4984023,3.535341068988168,0
0.03749887636954789,0.17266989,0.47189648434600096,0
0.07272437915560706,0.09772084,3.5156561284376084,0
0.048399137893169325,0.12382881,1.0090190757025295,0
1.1921011353768625,0.5012061,65.1718966544908,0
0.04317559966197267,0.22435565,0.4287048878597902,0
0.21153685976442613,0.3313285,8.60556651870173,0
0.09292126339218028,0.1772286,4.100579138565072,0
0.22980075065752878,0.20818444,10.742788820050617,0
1.5551217497053398,0.7430842,84.2946622516077,0
0.04128976510202953,0.19491796,0.586858268130328,0
3.149760059801461,0.044966713,179.98060389789725,0
0.0459940684021833,0.010109228,2.6352660020811207,0
0.03265560937841312,0.079593904,1.3219270624319506,0
0.11104142409880324,0.105757885,4.979534326691696,0
0.18541137994294513,0.131838,9.817102573175143,0
0.04631503881870709,0.10565253,0.3812905218039178,0
0.06933403574329658,0.17573851,2.5802362941163213,0
0.06673523836041492,0.20049278,2.4166550008117333,0
0.06727828128388162,0.038944267,3.209803722526477,0
0.4499348226953218,1.4424921,15.541967241012953,0
0.04180125324057149,0.033451237,2.1458247047148533,0
0.06475349847542718,0.2137909,2.116048076858882,0
2.721592734047637,0.5870667,151.93219609182657,0
0.07025677221735141,0.15319464,2.832441389123213,0
0.05232627386272448,0.22503473,1.070827279190595,0
0.059479258184951506,0.088107415,2.382075386499178,0
0.0850530366732127,0.4265399,2.1819109064508173,0
0.1770836143702219,0.15811346,7.070448709706894,0
0.054333472543569294,0.15045157,1.9130004453217608,0
0.07383941158626646,0.089824125,2.706958633426238,0
0.029150991783725957,0.0148820905,1.5238303630754249,0
0.20647583147243734,0.2244732,7.686429789726036,0
0.08693551392746053,0.041551583,4.049240472660982,0
1.0374861714953658,0.32519642,56.56029183826449,0
0.05629199096730307,0.34104255,1.0305603427590455,0
0.17500550198311735,0.045433924,9.725321032103935,0
0.09599676595795612,0.48875162,2.004318936050271,0
2.9090550209095114,0.37702233,162.8035124586193,0
0.19571327737818459,0.08982965,9.297128603573716,0
0.04550637527481771,0.09049031,0.9443547821260236,0
0.07539683090966699,0.2360994,1.5674670892784197,0
0.1428858200404296,0.713031,3.5514538174292527,0
0.0552915583192538,0.0855757,2.2500732033467936,0
0.05842368117578357,0.028739821,2.9967517677353306,0
0.01257510062591791,0.03187352,0.37407150401048844,0
0.051013209491774784,0.09662716,1.723512785398706,0
0.05220663689672267,0.035595633,2.7176210414585595,0
0.024672306116684337,0.029632332,1.1680950016591631,0
0.1171763826607927,0.15043612,5.066403532511669,0
0.08025080704788247,0.23348853,2.4659919851506684,0
0.16780278669916768,0.26447892,7.963278613910337,0
0.25064570882255427,0.5236845,10.22468927092477,0
0.10686811013501427,0.13151428,5.243553061370813,0
3.011994015148649,0.07278789,171.91068725826122,0
0.11750616513698983,0.1712886,5.343530093105043,0
0.48619112945896514,0.9453556,12.530878823307184,0
0.05628956328393511,0.029431656,2.858545577248766,0
0.1626371005195873,0.42645845,6.652593630753542,0
0.04714845269111654,0.048310313,2.345365703318014,0
0.09700388524910541,0.2633267,0.3535570948396023,0
0.031021639695058063,0.09353733,0.9117314293444608,0
0.10330872054998312,0.10906065,4.4492429638406,0
2.3324565873815537,0.80504286,124.43976197169583,0
0.03429989252993345,0.05827846,1.4898917442653317,0
0.03105244819214307,0.056514002,0.8035589685371053,0
0.1876134341120335,0.13296679,9.846068960419055,0
0.05369514197561003,0.12671591,2.1921074157500646,0
0.10921634041120673,0.21186194,3.8308335022709823,0
0.23347752237980143,0.09852484,12.331394215200417,0
2.718072639245684,6.408077,113.27719079566717,0
0.030419772959336365,0.056599036,1.2823088129649594,0
0.1846643711398876,0.12996708,9.537489644579553,0
0.04467584606604684,0.07532874,1.0756908916514747,0
0.3340620286284479,0.1997195,14.654901051433228,0
0.133096215465018,0.10460913,6.7635124983951656,0
0.03688794317633573,0.13781601,0.6496613077494415,0
0.08194217160595868,0.23179546,3.1359415948097022,0
0.08153388880520765,0.08352051,4.013013052649012,0
0.08182159546634965,0.27467903,1.81214038896652,0
0.020709016100963044,0.05196675,0.5720114660977061,0
0.10593481230700923,0.21757184,4.146874360783731,0
0.24086009639777778,0.22065008,10.934450655224179,0
0.05458036146106706,0.107867345,1.7742318631646907,0
0.0499550273670622,0.1023223,0.5501569141639073,0
0.1428897692681882,0.052421413,7.525926778900304,0
0.09288638345644258,0.39358863,0.7754874479108415,0
0.04510011321942485,0.19261727,1.3008138939919036,0
0.027884909310077133,0.041326545,1.1804972865101435,0
1.4465272635217317,0.17209235,80.99316899125135,0
0.12143646982925488,0.43810436,4.176331153630129,0
0.08468388779800226,0.24868318,2.6759699407197814,0
0.02810221743307085,0.04924568,0.7669530949397324,0
0.039069886587835556,0.04777616,1.779756654761648,0
0.048268774381705834,0.038040414,2.3555567594008413,0
0.020120495091305816,0.032846216,0.7402101772842758,0
0.07402789392493929,0.21074775,2.80809257052536,0
0.13073719314153165,0.11565029,6.520559845095697,0
0.04120611787127186,0.16376945,0.4681247392709211,0
0.21501183893618392,0.27753466,8.482668282229175,0
0.03869268126809322,0.087555245,1.1239383723281025,0
0.26395434787841704,0.13061595,13.498853808021554,0
0.06441804971162551,0.10258716,2.732632232153259,0
0.08517563538365795,0.1784303,3.776155998801796,0
0.10559223671534385,0.11200788,4.65725012178988,0
0.09310053503402443,0.19795638,4.059468948172116,0
0.15130723753838085,0.03442129,8.454655267089986,0
0.03766272295419139,0.0819703,1.3013388052785335,0
0.06065132581512683,0.032361545,3.127479225538615,0
0.121859065853199,0.20078176,5.193958104587585,0
3.300962341032154,1.6937805,173.59491726210226,0
0.08465035105333976,0.15172952,2.4296651120626027,0
0.09891877519457411,0.46119976,2.8509588513860624,0
0.06420255704362524,0.05956834,2.65806751106389,0
0.06996700533361566,0.11517951,2.58902034013742,0
0.14123523776389607,0.19597146,5.913917895317698,0
1.3037129283897193,0.3934716,70.3532494619046,0
0.042403790622119894,0.26970834,0.537264787179023,0
0.14507536284482456,0.37185684,6.034991477864437,0
0.06445684309519054,0.06004086,2.778784251446856,0
0.10159816923219489,0.011985446,5.8211463032606625,0
0.017175957363238993,0.01063553,0.8162559794654107,0
0.052200481515786296,0.17340344,1.8797827980377928,0
0.05078404759205266,0.11795721,2.0968970443523673,0
0.0344550003819355,0.07227652,0.7920545070998207,0
0.02545328441026652,0.034900002,1.1279858927628927,0
0.10110347390677656,0.20610148,3.6998368731124427,0
0.0776035768009046,0.25599042,2.4322343176476195,0
0.03088119211347131,0.103276275,0.8444277888718056,0
0.04803022549853743,0.2238512,1.288272711681866,0
0.14028701852531408,0.38295177,5.292029670056578,0
0.05207748684007301,0.19972713,1.674970049398355,0
0.08817339498559225,0.041585732,4.230246657662891,0
0.08031281202123097,0.11480609,2.04609635866684,0
0.08632675036455555,0.23759627,2.4409872207198973,0
0.0623776592692985,0.106877245,2.0368051867275097,0
0.048006818757491694,0.03965816,2.170487863448401,0
0.07497353441517429,0.20078222,1.11180152288014,0
0.061467490892168894,0.05178063,3.159283471989517,0
0.04623032942053859,0.11352321,1.42149140542204,0
0.0682206307542392,0.035286374,3.2511508083646055,0
0.40984510527791085,0.5684324,13.404973175636885,0
0.3003379158269958,0.17821841,15.033508554760267,0
0.09245260386640326,0.22246368,3.9350818762427098,0
0.1769022952577826,0.6046136,6.042201834371902,0
0.05042931696962564,0.074391976,2.2259442850206392,0
0.20015780268595537,0.14247546,10.451997837099924,0
0.0358369898667074,0.15101919,0.9121458764990897,0
0.028845375570838168,0.18129797,0.5226932558560983,0
0.1483852590461018,0.23875307,3.4178596751874157,0
0.07979053026076624,0.08399015,3.932301615247554,0
0.21943704816751577,0.48854905,3.4838498493257912,0
0.05954978552735776,0.21700174,1.3838364175050881,0
0.11813623078860123,0.4416591,4.077815243139441,0
0.05216954871633729,0.13893284,1.6655531761793625,0
0.02876940729937762,0.1386879,0.7160955951724127,0
0.039610430804296555,0.079622634,0.794665948031328,0
0.06918442885502997,0.1891298,2.0414269404458323,0
0.05442091461637304,0.05148036,2.5629274272050613,0
0.034174610647603236,0.0715164,0.7810482877229458,0
0.06104408873471784,0.29516503,0.6511946741546281,0
0.049665302528631536,0.2110922,1.2513659228489842,0
0.08215319323760135,0.04459533,4.174502954235926,0
0.05064811986489934,0.25417742,0.7339535909645132,0
0.09502477863161665,0.44858378,2.6971742088619,0
0.10873904400830905,0.66307867,1.5930897279946536,0
0.10642642241776175,0.20783342,3.837850473897913,0
1.1696063332597766,0.268416,61.79969619877959,0
0.016651712908375076,0.030795591,0.45499206923848423,0
0.15589927411104165,0.20002617,7.669326625033484,0
0.0476509099173559,0.087277144,1.4082626466814976,0
0.11670354519312046,0.18290423,5.354533388985829,0
0.03470391723306622,0.05099749,1.059380770562088,0
0.03708607294012188,0.033361677,1.7780337830554365,0
0.03218776552217548,0.06368535,1.163805007345978,0
0.07347090043382759,0.140457,1.9555680374279247,0
0.03598680035161411,0.08754989,1.0638089347964204,0
0.07061745030738194,0.05774745,3.599116577818843,0
0.08755482234521714,0.28263777,3.233413828654908,0
0.03882459211719033,0.064007066,1.1996482549568586,0
0.08670380272197487,0.12579483,3.2696253912166795,0
0.08086988339315371,0.1216884,3.446323602675684,0
0.17570976111755895,0.18028294,8.94036935844264,0
0.1208840529847447,0.10201426,5.960137664551392,0
0.17111006645552285,0.31173357,6.001933690037304,0
0.05283597922928474,0.16612834,1.3846452282040977,0
0.3029134907363832,0.1767131,15.298748625908933,0
0.1325662216488494,0.092905335,5.787410776324029,0
0.13356413512185816,0.057336163,6.9800599057452475,0
0.040182896595096426,0.10526455,1.5786117135854065,0
0.05805014636039922,0.138927,0.47336700942638577,0
3.0662615545807017,6.4958453,132.86206033666662,0
0.05578905481938254,0.09278856,1.4290741557668332,0
0.12987633787763875,0.44335407,4.410572454534986,0
0.062428446947054836,0.05746451,2.4557078844355504,0
0.029937033033471862,0.048851095,1.3872993033268264,0
0.08188849091933241,0.2585687,1.9763552358696446,0
0.052122139037022404,0.05698538,2.477624048280829,0
0.038919617856987346,0.10288625,1.3823464830379217,0
0.14712660126635485,0.43883526,5.6846638440954305,0
0.16258610822741187,0.06990303,8.646714233416578,0
0.07410246369234408,0.13904953,3.054379196337989,0
0.3086612493862754,0.46104136,10.869687958333254,0
0.11906350601043969,0.3355226,4.347495133989685,0
0.0490952705078508,0.16629459,1.6601865102623448,0
0.10471403018663392,0.08933067,4.416818334031481,0
0.03574304738641057,0.054271895,1.4411699093233172,0
0.09041066766064923,0.46413612,2.2546795534386366,0
0.07627959261513953,0.32922208,1.8155667827083082,0
0.11927581034755508,0.2752802,3.797301841024655,0
0.02450128533562683,0.08534214,0.36795129825382517,0
0.10562474781671478,0.08052425,5.376165339660735,0
0.15405153910765554,0.036294393,8.517389227137222,0
0.09900820689039214,0.18350995,1.6926974291130965,0
0.106455743335064,0.07716714,5.566751183983694,0
0.19305717222630786,1.0107716,4.259755064300978,0
0.1823405754944804,0.17694075,7.981285119419677,0
0.07106269800753728,0.17933533,1.705873841567008,0
0.02851441290584608,0.07285584,0.8734682151814507,0
0.040327826955055324,0.122760504,0.9166426812979781,0
0.0696941865543059,0.14153345,2.5721336080859523,0
0.039103603663275935,0.10091613,0.6747720357337721,0
0.04511230467276492,0.118642464,1.0156157419182013,0
0.03368649570770488,0.038043603,1.1782091977205953,0
0.614003121356966,0.084692396,33.75493252078999,0
0.0722121387953984,0.13679038,3.0375162648767446,0
0.038200848658096684,0.19460209,0.6633605075360463,0
0.09931484807233476,0.18738957,1.6946703645804106,0
0.03869940666029199,0.04363343,1.553498325249296,0
0.07230980134604259,0.060160104,3.2876870104798397,0
0.04340725887599557,0.062060654,1.0616290730331615,0
0.07102738401698985,0.13250633,2.6352941749577985,0
0.051576019057834155,0.0416129,2.0980436029272553,0
0.05038794426119826,0.08499015,2.09669439514957,0
0.06331846398498028,0.0977673,1.7426006243827419,0
0.08768175929398263,0.1320631,4.053452931053628,0
0.15054994162133994,0.5897749,3.1205179666839986,0
0.02703236444946304,0.05379034,0.983915286879406,0
0.049985886564100836,0.16024345,1.825121796075243,0
0.08172321419165254,0.34823096,1.9493356192929185,0
0.21546926793747184,0.08421648,11.621307366736161,0
0.04978810392145816,0.14543724,1.573617502449894,0
0.026787519690747292,0.053708725,0.7022512491099928,0
0.06008300107430126,0.06783776,3.020150724479265,0
0.12383893251099211,0.03221839,6.464106626626886,0
1.755759864802934,1.1940434,89.68972407205668,0
0.02747470553432515,0.07691504,0.7974494749304768,0
0.03506284081454296,0.048663996,1.4219692739883705,0
0.11587920491923498,0.08261776,5.231144600668539,0
0.13611623209028756,0.4770832,3.527615298584958,0
0.04418971620784408,0.10683444,1.6587919872407213,0
0.06317574845037197,0.1418226,2.1428469542741038,0
0.0863126521673875,0.06772616,4.25323417223968,0
0.12318747181128142,0.20450823,5.743979633375902,0
0.06411758291342452,0.034866612,3.323085342975345,0
1.2019190863961193,0.41488576,63.61817528783997,0
0.11747336131037374,0.035233226,6.41487734279852,0
0.025250205894256313,0.018173262,1.2007155134924032,0
0.03307656888289109,0.116577744,0.3202484351922736,0
0.06128120271010835,0.093204774,2.9246387843915884,0
0.0919234192189149,0.038883746,4.696154344064171,0
0.03295343529591946,0.09436834,0.9242161470763091,0
0.05141091881905559,0.06121221,2.226096201247655,0
0.8557256698982006,0.15254374,45.76880636551664,0
0.0852858184374917,0.2560815,2.1069792231265994,0
0.06288475452974471,0.18541126,2.2448085335040893,0
0.10265498290004654,0.15525597,4.325782841274043,0
0.06729612649946275,0.1878615,1.7378463113181912,0
0.13248944464816148,0.35107908,4.981512771338626,0
0.08710470529801724,0.2915385,1.1482916778401768,0
0.03925009002333639,0.07229078,0.9610182485746465,0
1.4618791751990097,0.46462092,79.8213538640022,0
0.04057277924778583,0.055451877,1.7757690892572033,0
0.04221716735508328,0.049058158,1.294222251800199,0
0.09642288719086105,0.019011853,5.390996609187418,0
0.0816196533069468,0.35838574,2.253925682677279,0
0.12268734035055488,0.045268573,6.752401298668224,0
0.10566291134394164,0.12831096,3.766604035723932,0
0.027303663374892873,0.0581319,0.7871431399431236,0
0.04382691253553267,0.028072765,2.2487454425691613,0
2.92167572226,0.4311184,164.00343853857842,0
0.5852270385258949,0.5821095,25.098201801004567,0
3.155326481699866,0.43340257,177.65896769081752,0
0.044761299639129996,0.17291877,1.4876978848911235,0
0.026737114092035018,0.027444674,1.2034488175487708,0
0.07973307363008016,0.05637289,4.13722009228709,0
0.04791512812881078,0.09712533,2.0228235991879955,0
0.1567523183646059,0.34835252,6.614418597582273,0
0.02969181261536972,0.05847692,0.3959253107078171,0
1.4233397103402903,0.13071668,80.65649367132566,0
0.16561350424193896,0.48674887,3.358203918301471,0
0.031030112922315188,0.1254623,0.8990175155732468,0
0.08173229845743203,0.037557673,4.116249320467768,0
0.03676916901622169,0.081818566,1.0983540016101474,0
0.13435058008543027,0.17417656,6.582886745364346,0
0.13796693910225602,0.032798253,7.474356975480414,0
0.11095252833434269,0.28405648,3.9321799338803705,0
0.6156031416686517,0.09046631,33.81384667648277,0
0.019781711095709767,0.024850423,0.8835112522292609,0
0.2755961906082087,0.052474946,14.609908057659448,0
0.11966654477204275,0.5284847,3.480463020131122,0
0.04487304660872472,0.24550183,0.731797722230847,0
0.04954668024873596,0.10107275,1.637959341465216,0
0.055720378740992546,0.1408446,1.4573945545118447,0
0.12218204256123123,0.36986145,4.703204722487828,0
0.06000421572126463,0.043531343,3.129453194364192,0
0.10025998657274232,0.048399795,4.844129647322759,0
0.0726661705387629,0.13930318,2.8873090323509363,0
0.021629860415813107,0.035673026,0.6673706214809837,0
0.24611807945654052,0.9499138,6.589274500421352,0
0.04481294390811276,0.28247157,0.7569284009846029,0
0.8411981369838233,2.8630593,28.630651530368773,0
2.904512299409853,0.14852506,165.47236052818891,0
0.19321257126938443,0.09234774,9.909359720772384,0
0.11535247202826045,0.33852354,3.951801123291451,0
0.0401735047888008,0.08214024,1.1800209567866036,0
2.108192339933783,0.4100822,112.23999407318378,0
0.07399982369456357,0.20641926,2.515941037550634,0
0.03328159980239006,0.05097453,1.0935818376038013,0
0.034789296944446366,0.049884357,1.4981455470273188,0
0.22340992102146814,0.5915506,7.297450527174288,0
0.08379909398862298,0.2948221,2.933390799577846,0
0.045829770016816915,0.13576524,1.3103445169394285,0
0.09259886010102032,0.04172502,5.000587221209967,0
3.1625147588667124,0.32018834,177.73668957859988,0
0.28853290232154205,0.2413722,14.972087932776867,0
0.07635447653561961,0.0946807,2.7108546387597263,0
0.1239601688023553,0.3060822,2.722982218450529,0
0.025110216688460203,0.054737393,0.8155249000264766,0
0.09918711764820817,0.2012131,2.311648742861455,0
0.10393400665709175,0.08589047,4.915258865242411,0
0.040434660614676224,0.04249743,1.694672505511306,0
0.10530876869472633,0.13016118,3.7816442310509077,0
0.2032056592043727,0.4871647,7.677163745074699,0
2.3044210994397836,0.23401524,129.379354568176,0
0.045995382324049414,0.11260973,1.783628327423999,0
0.08044436914741121,0.15874855,3.0500572410462055,0
0.6609812412623427,0.64294094,33.46956850621373,0
0.11900788693867276,0.21200834,4.6512530417925575,0
0.07175410508393545,0.17686228,1.8939561575152577,0
0.09114047267806788,0.16095868,2.4537587661135056,0
0.024959391679968992,0.017325643,1.2059215111642827,0
1.2761329189401753,0.4960235,67.90154571408489,0
0.0784913598370745,0.059252568,3.669960205980073,0
0.043730488372064946,0.16925836,0.9762108888859369,0
0.05074971855957757,0.11246992,1.9520186192171625,0
0.03780326788196856,0.1854588,0.7437303238939016,0
0.07628562890344837,0.10036546,2.4032058120056394,0
0.03511103371261496,0.019125843,1.7336207062223492,0
0.12987297059264685,0.34133917,2.0285785809513124,0
0.038956904961473415,0.048762586,1.4979900553119763,0
0.037331515805371085,0.04848387,1.8461304633131965,0
0.09407573680403018,0.3356774,2.929525403492129,0
0.0678217514454228,0.17761157,2.622857907151262,0
0.04334201186707831,0.2023118,0.883900910478678,0
0.1191510207879678,0.5153604,1.9645584740044892,0
0.7952233375962835,0.057783246,44.29059245852978,0
0.18737810942986685,0.058878206,10.250457409706412,0
0.07412625688377021,0.27369502,2.000260293297677,0
0.30099112459066024,0.2125625,15.944098573034223,0
0.28816204665770023,0.15238366,15.512576744051978,0
0.05718961481546961,0.17572922,1.6855696287699582,0
0.2626216784370849,0.38305068,12.14494143186925,0
0.056408817569061666,0.035117645,2.485320072031545,0
0.05057301055207641,0.04089814,2.4639930960479988,0
0.15987905319642987,0.17095692,5.795601323839189,0
0.046432828548719954,0.060614217,2.229621260442527,0
0.040906924583530235,0.16215286,0.8877097515188815,0
0.10285540793779283,0.29668993,3.7163911621558006,0
0.11327943415809691,0.41292116,3.8351272201641855,0
0.09579016946756246,0.15019846,4.211255867640743,0
0.0505329336986395,0.18193135,1.5849494737585714,0
0.04319053828092825,0.045575548,2.1231820381543183,0
0.03080586483015218,0.13229099,0.47434753943843405,0
0.7010884171106161,0.23570147,35.05804426518999,0
0.1069112575856717,0.23254377,4.006625931588889,0
0.07221616489069682,0.20924297,2.391530579495897,0
0.09357987475962323,0.11458439,3.0654103192998954,0
0.04342683573471604,0.083195545,0.7221133089712708,0
0.10202837240750177,0.2827196,3.9505292657645827,0
2.180816739449476,1.2132361,116.65892151797216,0
1.224627529128101,0.7441463,64.0029657724994,0
0.06344464255399654,0.11633065,1.7150969043755657,0
0.04211279281792854,0.027238952,2.0431658448624646,0
0.09298997909143121,0.117550805,3.591287733034043,0
0.027568453485109213,0.036309775,1.0081806661677393,0
0.16560389825088317,0.3343246,3.8656689187563185,0
0.12012835088104355,0.034923214,6.494643565310736,0
2.1289572920739968,0.24662879,119.455305465185,1
0.13617050745748027,0.33811018,4.340728921116071,0
0.13601012338420976,0.08409552,6.263684527205801,0
0.250921100866359,0.34225914,11.926847114907702,0
0.060520931025161366,0.18209048,2.047679553768498,0
0.036166541078540344,0.17436641,0.7890041248421733,0
0.0781143580546366,0.20235893,3.014870755237896,0
0.185225983027128,0.071093954,9.940820648549828,0
0.03135140198812818,0.07318244,0.7462554526711358,0
0.04681323146003908,0.07600764,2.1754992158313367,0
0.08073482671062696,0.09275313,2.55911714047121,0
0.059473072719156736,0.14574659,2.2283022367733407,0
0.07658518689237015,0.23644134,1.800261254943293,0
0.12361680056777569,0.012974253,7.082720949443945,0
0.20519057042106265,0.07398306,11.131411705960947,0
0.11746302155778009,0.07091379,6.188263500250805,0
0.08472788166556183,0.18142933,3.529048938355213,0
0.06665632338943901,0.3440536,1.0253969971955548,0
0.15672186435211788,0.18770644,5.474548190740845,0
0.6019012163351825,0.31113073,31.52144264906788,0
0.12011251843485322,0.9378404,0.879185505369544,0
0.046786521470526504,0.010637345,2.6806702183593787,0
0.04554952994965069,0.07459012,2.0682490153713378,0
0.06158629319505948,0.33073372,0.6883410638305646,0
0.1540638337395926,0.19937292,7.039147487270159,0
0.1027002727662231,0.16839972,4.010435335082634,0
0.1292956893763386,0.14146917,4.6320926405164045,0
0.053187336003496656,0.23270465,0.6013259684755389,0
0.058518360978568135,0.03759174,2.658406189682826,0
0.11304153102740676,0.5526402,2.9842654467608676,0
0.0636667981022467,0.101700075,2.9596570334083903,0
0.0718814110982477,0.06438517,2.907194859551053,0
0.08315054221061285,0.46299657,1.8110218228231503,0
0.03945846914788931,0.0733037,1.454901297036666,0
0.045101173445519935,0.16996495,1.0022133065128611,0
0.08617362507626086,0.1960432,2.0169841767605985,0
0.02847743587141494,0.113307476,0.8378742964388748,0
0.1153652021825437,0.05315671,5.91767155426548,0
0.1039171468177708,0.44381404,2.6865447075363527,0
0.10265357503872569,0.13510911,4.377407135666037,0
0.08929898678667456,0.4832333,2.0044992090685563,0
0.1554168724470688,0.258802,6.114081193560256,0
0.10296458267150724,0.29315135,2.8421029081407,0
0.07152504453114171,0.10117752,1.7648158554492872,0
0.05161400716981375,0.06948616,1.9299726270717639,0
0.08558595162832074,0.2163856,3.0655107655601745,0
0.0885817626202276,0.20277391,3.8346459647351288,0
0.08126848028267833,0.30093372,2.1711509849210886,0
0.05275054675741324,0.03943709,2.6475755980793845,0
0.031412481209965995,0.037246164,1.42086479611023,0
0.05005993399277727,0.090106346,1.1320937609091632,0
0.14458668870195918,0.087211505,7.630265301906651,0
0.19193425778077125,0.081940465,9.888566668895026,0
0.08074879360518143,0.41007367,1.530559638450151,0
0.06547277146986416,0.1873629,1.3187023317599953,0
0.1356159405795805,0.18610774,5.287543956472722,0
0.12823536966138552,0.1365937,4.461305808055939,0
0.17802283889887455,0.2010985,8.0145697855622,0
0.06530189596875685,0.091452464,2.057600617996078,0
0.565988465719313,0.2721705,29.769967296345705,0
0.11653467120636281,0.3431222,1.10130602078428,0
0.08826983335301031,0.23791003,1.5938649766176367,0
0.07470363165802149,0.36602494,1.5919874134980643,0
0.12655180623818846,0.049641617,6.6725839028465135,0
0.11854166334576523,0.111337,5.628971368365504,0
0.11417227824617628,0.020298805,6.398211403719138,0
0.08800446622850994,0.23993738,1.9036309292311053,0
0.05059209186139901,0.34379652,0.45592307761112105,0
0.06571944911603181,0.08086864,2.4960822356793213,0
0.10920136619252882,0.49568886,1.814645625526695,0
0.09745088038987948,0.122193635,4.23887473939252,0
0.10563569531936601,0.26692957,2.329261428885546,0
0.04915160332563455,0.16506532,1.5134984275985293,0
0.07878904247256269,0.2640797,0.5239140452514229,0
0.0737165770733385,0.19301161,1.8731941035100481,0
0.11418574414886122,0.023886293,6.099046218065545,0
0.07583605474372998,0.54690903,0.8570111423376549,0
0.02867512752275088,0.07066985,0.6160557279556256,0
0.0757674254958952,0.20073538,2.615409081487309,0
0.05106202636538846,0.053462863,2.2860708426607537,0
0.1029931884225458,0.12937489,3.9814362617102805,0
0.11297608619050331,0.23056403,4.9506059997820415,0
0.12590603668106998,0.2822287,4.879046461308546,0
0.061022249782866744,0.29864344,1.4062088331582394,0
0.08204154181940129,0.11042145,3.765994740232897,0
0.05111491916307376,0.20539217,1.4941745592987337,0
0.05132586800943134,0.090331435,1.3631555547283047,0
0.05798738992298818,0.07660453,2.149750698778003,0
0.07234210451024298,0.047305077,3.770306296713748,0
0.029967483790156044,0.060584143,1.057644051732011,0
0.06955920795870224,0.4809386,0.9570323836688244,0
0.04060533462386343,0.22022386,0.5767393626170152,0
0.17279104230078018,0.124794014,8.655129961662373,0
0.2140824812500759,0.40513346,9.747177156907576,0
0.09827543607970357,0.33946475,3.377948920869657,0
0.021638816656336796,0.06637227,0.6958246927756423,0
0.024152221989919606,0.029583879,0.9625547550857229,0
0.11656822986252195,0.048257735,6.067765342028732,0
1.7849654236516617,0.5668458,98.26477033774876,0
0.06470136738294993,0.13367161,1.7831314587420024,0
0.08050745344937332,0.057248678,3.7094876863865704,0
0.06066331116982118,0.22685966,0.8258193033676366,0
0.07955300542431275,0.069324456,3.6037533290944452,0
0.09505006306272236,0.2929055,2.8343257388116947,0
2.0302772467558645,0.2744461,114.20038524289224,0
0.09580718546762237,0.3471031,1.2729542057966459,0
0.05482219396174306,0.09303665,1.5865185036682772,0
0.06507391785423637,0.27075225,1.473205169693891,0
0.06882753930827071,0.08552894,3.141106967822949,0
0.10050674330702732,0.07390474,5.212770166056425,0
0.0822922966847403,0.40428913,2.0328745784258264,0
0.06973056742430246,0.12380684,2.935999111462182,0
0.05815746721006423,0.19151326,1.4418128555925827,0
0.092776092474224,0.28227952,2.9833450277436597,0
0.08384841955857504,0.0596429,4.064611635242502,0
0.0673414178294354,0.16883454,2.002243744921216,0
0.03450393356852418,0.15768704,0.6231078361259245,0
0.029192337073743392,0.031049456,1.18266167589886,0
0.03743120746673613,0.08964368,1.117301499901955,0
0.055221963906100305,0.10397674,2.3562095175137587,0
0.1722807667490974,0.047595117,9.395334466649128,0
0.3871159126022255,0.11133393,21.368015077373492,0
0.03929922614679282,0.058621556,1.0870601855377076,0
0.9809412318763681,0.14180972,53.08726238252414,0
0.22144694815276833,1.0580136,1.4747523557321494,0
0.04365220523318543,0.019484293,2.1845944362541347,0
0.07564134159293996,0.25307366,2.6889507122583685,0
0.05034984146480052,0.094595835,2.114435461145789,0
0.08226395898004016,0.021150863,4.319600628036719,0
0.0407636019978915,0.11724068,0.7486128714569237,0
0.09677838410976693,0.15707864,4.301033549217916,0
0.0936393008674478,0.23711921,3.7380581435250213,0
0.12722731089821918,0.20255877,5.676454152217229,0
1.7515565962932993,0.35705662,96.43320819558893,0
0.1299804543615529,0.3161666,4.537482397151952,0
0.14456131805841682,0.13892886,6.303671729195161,0
0.2162927398447931,0.47436067,9.326618455756401,0
0.044316365990081354,0.12149369,1.723226933628254,0
0.030570251110451904,0.10691934,0.4190126388727846,0
0.10934537566255681,0.039703023,5.688373485637702,0
0.231530773988267,0.5435,8.737361311454784,0
0.11688981944222582,0.29976648,1.7943961325352689,0
0.01680242455790724,0.056990683,0.33294701555927625,0
0.0524269186090384,0.14585571,0.4939455784536673,0
0.033795750770959296,0.17933433,0.6994716194814773,0
0.06988008522798092,0.09670258,2.237111718374616,0
1.5429096716556976,0.056436,87.98115787388225,0
0.05470784905232436,0.19171394,1.9191263627674047,0
0.11612526502031502,0.2598459,3.4977845837093002,0
0.02872494814970107,0.09082359,0.4390750940258338,0
0.030400231991617652,0.04609782,1.2328303380854746,0
0.07609895234766068,0.08577157,3.462758414370475,0
0.04685009275085493,0.12551202,1.6855728687903804,0
0.05412112699260441,0.061352722,2.725336945418729,0
0.09124388453227245,0.21547684,3.379056319498738,0
0.03669265007166417,0.012309269,1.9258734363676835,0
0.09704100376621252,0.15826005,3.9571331888109214,0
0.07358248586705421,0.3646529,0.6322164282894961,0
0.04767732931278304,0.14301632,1.410629820017894,0
0.34272504329027853,0.08225147,18.442666614497742,0
0.03270228681147064,0.08345708,0.5152422083881226,0
0.06020304441544875,0.094671555,2.0942725350606164,0
0.0702486408737408,0.068221785,3.514180074477864,0
0.15268384379156635,0.6812934,2.7017136056772317,0
0.025698448916803725,0.023052476,1.227707368849643,0
0.04575399868881857,0.023029277,2.4538459515495266,0
0.21576204603057417,0.20369624,7.853253155882958,0
0.054005271836444366,0.11677077,0.9705886153754906,0
0.02840207983328511,0.102754526,0.7112555062975192,0
0.06452108518888208,0.098622575,3.022905106704956,0
0.06994136665495368,0.12499418,2.9138286349356597,0
0.05498464797330541,0.07532768,1.6452016569623802,0
0.07575571259822082,0.2619282,1.728723281429706,0
0.10624616335223484,0.26307467,4.374069111688497,0
0.07053499741505098,0.14770524,2.2221043310171393,0
0.05159970358460759,0.12030452,0.8822755904894102,0
0.04307309686469013,0.06307924,1.5652863831954544,0
0.0506986819168567,0.25668344,0.5229990677793842,0
0.044308849332740916,0.039015755,1.9853765869471,0
0.038045803090785806,0.034110263,1.5531139942989505,0
0.045654349857414636,0.110672,1.9040174646353252,0
1.3857080542461997,0.16662884,78.33249608338372,0
0.1434700128033676,0.25052825,6.123291977669349,0
0.06683961635621787,0.3300727,1.649254593828614,0
0.09368592762126458,0.14622633,4.14870368904515,0
0.051955470437380684,0.054723915,2.4459551266777693,0
3.1870304589668508,0.2429354,179.06363464037454,0
0.13855489054748893,0.656994,3.7401559288243407,0
0.06350590957258621,0.2772625,1.4750902980422276,0
0.1692921026122886,0.21589978,8.211513877058344,0
0.2172582825214149,0.17406055,11.335779941337329,0
0.1491098420157026,0.1302786,7.428585124375536,0
0.13346045047361138,0.3319314,5.623681691144728,0
0.07963809750112773,0.07963694,3.2763085599416204,0
0.09601265379731314,0.25808787,3.920100310204177,0
0.07230227559570475,0.18359001,2.9925663445122597,0
0.08649121112569155,0.06255461,3.664499411808421,0
0.05172253415347897,0.04385902,2.391192994826163,0
0.1318995860859917,0.5207551,0.5840220563904465,0
0.046332026341617566,0.114669666,1.4481236063314336,0
0.06983222807553599,0.3747456,0.7570244407602843,0
0.04571550078179905,0.023192365,2.382073039733988,0
0.13383419000773494,0.025622476,7.07941739898671,0
0.04451660170254039,0.08759371,1.189945051000891,0
0.08149900594966264,0.06284168,3.4359363364350872,0
0.04803161743334182,0.05816411,2.054316130736367,0
0.04922841411613489,0.15361243,0.9256308203384196,0
0.2435328127205795,0.058366943,12.761901667783167,0
0.04625090375346016,0.09366049,1.8364908991083053,0
0.23807622550448948,0.30066967,7.775219299526817,0
0.5046836535101673,0.1790032,27.77436601335201,0
1.621486962251834,1.9365935,79.06304856760593,0
2.075992171810943,0.5381057,114.72115872644684,0
1.1889916102336244,0.027366454,67.88017534583541,0
3.1012724645410796,0.15066825,176.40017754166516,0
0.9678479038327994,0.3542996,50.46618828429685,0
0.10774233548375362,0.21030271,3.2136362250730723,0
0.08396046040819015,0.19152215,0.6453172280792021,0
0.8934095241721307,0.040473897,50.701374346303616,0
0.4545215478643019,2.2027578,4.8271138848872575,0
0.08115026378605436,0.44391614,1.750816341097199,0
0.07463783304910723,0.28054082,2.1675596258386274,0
0.047722626597273186,0.111236416,1.8778785568886134,0
0.08148518654405149,0.30464822,1.9278757924178167,0
0.08572056361308247,0.11991661,3.857900142002296,0
0.19906280220117764,0.20716877,9.970116368211615,0
0.03084471366983544,0.16391374,0.6933445150621352,0
0.03524259455555795,0.08929698,1.0526898730043082,0
0.19248333829888797,0.21801825,9.265328914144742,0
0.09769897510119928,0.12984341,4.105410050522702,0
0.05513929731084749,0.09814301,1.301420278068806,0
0.05871045732936216,0.065174475,2.7912972789429187,0
0.15775731209687383,0.3912942,6.591543429776514,0
0.10143111506592324,0.6756345,1.5572249941797596,0
0.14307222116849772,0.25770432,5.956601343545044,0
0.061227464450613577,0.14000677,1.9655305468346582,0
0.02859378148967197,0.094880916,0.8007584165023851,0
0.042860566788323784,0.06271875,1.6572915695924493,0
0.09143466502428055,0.35596314,0.13494742884028463,0
0.06362562518672492,0.021993013,3.3220043275054785,0
0.12031988531148172,0.236181,1.8442264810756168,0
0.07302651977289265,0.060757484,3.222229815245965,0
0.037077661483542274,0.047313735,1.7722481201620734,0
0.08422570845338889,0.038561285,4.515273459269616,0
0.05822192128863822,0.116395615,2.206908076905324,0
0.06176722153220922,0.22985256,0.5759907657864148,0
0.11814652264294985,0.1160366,5.579322771368004,0
0.1362707632876743,0.3024017,5.486199289657704,0
0.10949934469754874,0.47750676,1.9157349856829884,0
0.11623861721781453,0.12790984,4.380120533354226,0
0.035329908627414135,0.06749717,1.5505593714870072,0
0.06868574541755142,0.15897776,2.281672160320131,0
0.01693679431679938,0.03199579,0.4228297666610474,0
0.06122093593584845,0.06594089,2.705490192861624,0
0.04498236889575892,0.09183116,1.0486210581001125,0
0.06822110060933802,0.037187945,3.6663061947853848,0
0.03575014490282769,0.1362601,0.8510849954443145,0
0.11356708365116483,0.26422578,2.8626381248566406,0
0.10534060172649198,0.42533007,2.226364718009814,0
0.11912419199728301,0.20105964,5.060442930464247,0
0.14094442843770189,1.1633307,0.9859548647331695,0
0.0704421359538561,0.1495097,1.9358068542298548,0
0.13339731340594985,0.106388256,6.222555617210538,0
0.09105092603788663,0.28835106,2.241005311831965,0
0.024844996533664874,0.14095283,0.21141953554923185,0
0.027626618584219564,0.035971195,0.9480239511229566,0
0.20562092953522298,0.08343709,10.553334354288523,0
0.04192541680262712,0.15206994,1.1986369149106555,0
0.07157012751335817,0.17432365,2.7551529167384836,0
0.1232498846744074,0.19785728,3.927020677224165,0
0.04611826556043961,0.028548252,2.0437470037023435,0
0.26704257182692887,0.13787699,14.340013973999678,0
0.12566297479821478,0.43847024,3.003698191710386,0
0.22232115813383635,0.29974777,10.300207325759057,0
0.11740213714352211,0.27381632,0.8329915618913134,0
0.07989010373835047,0.21572334,2.020659690316422,0
0.07327508733610884,0.09117726,3.4304344390967745,0
0.06646693739569867,0.27312192,1.3697375871239847,0
0.1279110145363675,0.28486755,4.750551210588862,0
0.01850771238803431,0.07030096,0.5929136131286054,0
0.052593645466584134,0.32133895,0.8701144903950635,0
0.04418175208147095,0.06631696,2.0127612894374285,0
0.28400158480533905,0.14962997,14.975675855962221,0
0.14960131958251696,0.3188927,2.207670486104158,0
0.11727003499949251,0.19976036,4.112724839096048,0
0.13959871119184109,0.3646913,4.849191560619374,0
0.10191502503130616,0.6807305,1.6168074220362851,0
0.17910334201221534,0.051712386,9.755064010108384,0
0.07253187200259792,0.15153325,3.176946301426304,0
0.039145415126158226,0.14627092,1.1059126108373531,0
0.8337502260327343,0.14334434,46.32003703971836,0
0.10123164482605487,0.37832236,3.326374427726743,0
0.10956796027103514,0.04439211,5.806084827242346,0
0.03214764762647176,0.063976124,1.42726446613063,0
0.07696939240619265,0.093402475,2.507854847291007,0
0.16948276674850582,0.19096112,8.057645086046143,0
0.11579035144384457,0.27537084,4.949199637489949,0
0.040328038744341196,0.07521942,1.3558795220179836,0
0.0884277907479526,0.10089409,3.1630384774878735,0
0.04884688796084423,0.052012075,2.412599283233794,0
0.05845005418607189,0.15026502,2.4072180930216858,0
0.06088735578438721,0.08010574,2.475047563151958,0
0.04895090104590727,0.02456393,2.5265337861553347,0
0.07259822871461769,0.013171638,4.159572105473057,0
0.1163955551167281,0.58494455,2.4811041906064397,0
0.18423375488536836,0.6414831,6.273801960916367,0
0.13890036342856965,0.5128955,4.540043474313396,0
0.042320432595731934,0.047965474,1.7346495625206229,0
0.10301623042755663,0.14341463,4.412861487512557,0
0.04617613454057386,0.2843966,0.6384106808251205,0
0.7499238799056015,0.08083794,41.60748677482524,0
0.08395724632249871,0.30388707,1.302990214963272,0
0.23641828184075928,0.014852991,13.36937142941551,0
0.036410281050281476,0.20925896,0.42655169494665174,0
0.054688338435130004,0.07564983,2.5636616799544294,0
0.039422731878861486,0.15432885,0.8969920969617831,0
0.04989981546818348,0.05777265,2.268091519669776,0
0.05527351574776854,0.15590222,2.1716761285762116,0
0.07265877012799735,0.024096828,3.8902116079115268,0
0.04953511668192448,0.09767919,2.233611639381494,0
3.0274967889234228,0.16419688,172.39386719798705,0
0.06515864788740866,0.40797263,0.7140515310211419,0
0.04013032445047664,0.14762652,0.7577507793707102,0
0.08384246277190299,0.030012272,4.543009394490329,0
0.06616039199411805,0.4364159,1.0238748105120858,0
0.05055550320805957,0.050001334,2.513105551664967,0
0.2787707770940527,0.07300492,15.466781611079476,0
0.20532965135375858,0.5323991,7.1831478593544,0
0.12437282946517181,0.7074214,0.9330194628658398,0
0.3136845418568757,0.13255273,15.926117940400195,0
0.13137445545283033,0.25215182,5.421321536916287,0
0.05987677520362234,0.04354455,2.7275753109158036,0
0.06452922122667068,0.06650292,2.8348068198210754,0
0.07208333650305127,0.2204861,0.7956889287052206,0
0.0246453014594143,0.11158033,0.6251458672984563,0
0.11882746458794874,0.09933921,5.429173754133957,0
0.08025848003606169,0.057360332,3.5869050451448485,0
0.07846771844579675,0.21877818,2.6420289688370646,0
0.0356114343819135,0.035501428,1.7820776501688522,0
0.07298199723237195,0.10235544,3.4717930966771475,0
0.11407874272914381,0.18682271,5.162897694337426,0
0.039052386066391914,0.043099992,1.8243113638684871,0
0.13598897807354496,0.24544656,5.693622285949289,0
0.11107591925478623,0.15003859,3.4318808497452586,0
0.04665151955713706,0.13087441,0.7884819310646355,0
0.1892086546664047,0.12872277,9.883999403598365,0
0.0765125686597454,0.20808716,2.227956962775411,0
0.08505142513479907,0.30637738,1.6424509130631568,0
0.07062902793576634,0.046189647,3.4761476333909913,0
0.09210715257035955,0.067661665,4.477958571395556,0
0.05693879075092899,0.3497335,1.1507836238848608,0
0.019184617189301867,0.042812422,0.4790193013700271,0
0.03930231708377896,0.10941318,1.5868560160146665,0
0.1618055298415729,0.4222813,3.2811266540694586,0
0.07016789133511192,0.29163018,1.9257101315100937,0
2.1305349065040042,0.034536727,121.71641440869887,0
0.17554004231681536,0.5347046,1.0219950808727507,0
0.0482879587262518,0.042633124,2.3618362930159607,0
0.03800399093785019,0.115936734,1.0605162446409508,0
0.039800205350571854,0.06058421,1.6012284658940419,0
0.0628730587103702,0.238431,1.919047981628115,0
0.15804852914628092,0.4361634,6.111972365415821,0
0.2612341914959093,0.29663107,9.110883956971984,0
0.09100517232110941,0.065565206,4.55218067454867,0
0.10453373255219726,0.110980906,4.463139016880329,0
0.14868329116513151,0.7716012,3.035317084242167,0
0.08924931918715784,0.17553495,1.2159691210483203,0
0.04832854588565974,0.12292551,1.8268767276418962,0
0.04725890963998239,0.06358555,2.092800795571641,0
0.121424446185695,0.11322278,5.631823532885982,0
2.1328875747723757,0.6349796,111.18455495620535,0
0.0886881393190315,0.46095,0.9477107576016178,0
0.13404053480345202,0.2128247,3.227732268387263,0
0.07679431596341461,0.07623256,3.9103182989696705,0
0.0849966276227454,0.08632462,3.0191893920331876,0
0.05487631754213443,0.3748719,0.6080055796152347,0
0.08986562238334485,0.12370391,4.356191041481232,0
0.08617262064484074,0.46727365,1.3392529734339103,0
0.8427763239953489,0.2723186,45.146072283516325,0
0.06788972363064061,0.3136762,1.5004853950915098,0
2.9202705779504377,0.15540636,165.2996181468298,0
0.139575530786262,0.45781124,2.5446747545427444,0
0.18301812454270389,0.5311291,6.973874518706361,0
0.03810632680652692,0.04960283,1.5968879747240805,0
0.026944612923704377,0.029267663,1.114599911840743,0
0.07836488009568131,0.43074816,1.4232727537275163,0
0.07207328039673261,0.10275232,2.9393541697583037,0
0.02823756209193787,0.061022736,1.1154968596590635,0
0.0856851110411257,0.18739364,0.9030483074655461,0
0.09123103919746751,0.26382172,0.8674971202412212,0
0.12760864745964043,0.041696377,6.7882367544244175,0
0.034906565688885685,0.19091117,0.8383451833909974,0
0.09596465400314248,0.14755635,3.7690017241809044,0
2.6862041632383074,0.08022433,153.29870944735774,0
0.05344684734756321,0.10285788,1.0290465113813871,0
0.11296388253754648,0.0499513,6.0775213083076105,0
0.029751940774542192,0.08434544,1.1636847902819962,0
0.06012986538546243,0.14929222,0.9171330068745417,0
0.07100837081324413,0.03157393,3.6543351459543785,0
0.07895308122805023,0.05668767,4.1676846588724015,0
0.5091079401645608,0.7719922,24.51932045624179,0
0.041748090527411436,0.11126788,0.8970672736922507,0
0.1111155637217348,0.2924589,1.2841415214644358,0
0.07408192675846681,0.13631278,2.8021334072711817,0
0.8921976620681804,0.05836263,50.15774256676647,0
0.27444898848629523,0.72987914,2.451915688586398,0
0.06177333515426796,0.029329764,3.032669015052352,0
0.10301555088417967,0.13793561,4.27878948159367,0
0.06542141153805836,0.110740684,2.8060879048645955,0
2.7390454906335253,0.04926407,156.00509075798772,0
1.6029121876989332,1.1576146,82.74848458480342,0
0.08893221440808281,0.59174985,1.3417175639979386,0
0.08025885556754309,0.16713007,2.9047366587230417,0
0.024982557523924028,0.1214157,0.34633546120296566,0
0.02191742567748647,0.04350431,0.9461881667489913,0
0.060823581786407184,0.011965545,3.2840131242518984,0
0.10632381205251594,0.369106,3.637666751856744,0
0.08770095998702387,0.064233325,3.6585714452149536,0
0.13655711550555177,0.36713317,5.477929870385508,0
0.110658680072911,0.3251339,2.0081578441466457,0
0.03666296933322952,0.07346279,0.4445560724161182,0
0.07796929534849936,0.045967776,3.83973968687208,0
0.13810664598301287,0.031332012,7.489694438520962,0
0.0823449440801243,0.2608388,2.001161034158052,0
0.040940748378659984,0.19299638,1.0130144822939957,0
0.06087915803754729,0.16728817,1.6304868675270587,0
0.02429677277848572,0.009326058,1.2328534071444917,0
0.10819918861654908,0.106235616,5.501918821159649,0
0.07365724506206947,0.17321469,3.1758930713983564,0
0.09667370390690062,0.058768652,4.759249782417579,0
0.052791091733029094,0.21220538,1.688083554735471,0
0.05909629474822207,0.031039275,3.135473567403698,0
0.033878795532840754,0.08303939,0.47466889011282354,0
2.326978854411286,0.054558877,132.1955102367062,0
0.07045458318238532,0.041187797,3.7495262415921915,0
0.06874009391530299,0.15907416,0.637244153653662,0
3.0964054269681545,0.21066874,175.49666251979167,0
0.04528556223291268,0.12397345,1.337395019121021,0
0.026908034676892338,0.033742364,1.1197654775377952,0
0.1676248642563829,0.15425819,8.459503021896595,0
0.042669113125490474,0.102925695,1.5826066097064628,0
0.03969061570241114,0.08807412,1.6935140338587125,0
0.1236314902754712,0.078917295,5.289875957589552,0
0.06931312182579846,0.12919903,2.800998672368499,0
0.04028955678561563,0.16962822,0.7499713229311098,0
0.39794339281816016,0.11762169,21.441875321331807,0
0.07478933769125257,0.08748461,2.8546600542225233,0
0.21220603947828784,0.017178897,11.893578003516927,0
0.12156055929190063,0.756404,1.7756981015152014,0
0.0929936981216726,0.39175776,2.5301415009431967,0
0.09657937546509704,0.23507969,3.9402702193967345,0
0.09484019346477779,0.07317521,3.800512892124362,0
0.05533662790994609,0.30548328,0.901995410704754,0
0.21846883977389825,0.04929212,11.936174911179316,0
0.04864543703292741,0.20303458,1.2567009282428865,0
1.0489502921335152,0.023761973,59.730246174414496,0
0.27697356086110214,1.0588735,6.972194802686238,0
0.08004741732385137,0.3210347,1.352286522568741,0
0.058798320041790746,0.04928848,2.9958500717384475,0
0.027610449999516437,0.051219974,1.2154419782093757,0
0.05824006050467665,0.09075255,2.556319628579769,0
0.07072068027391322,0.12440652,2.962345156237394,0
0.039975541423191735,0.12535693,1.2119498742651449,0
0.048520312111210835,0.050262645,2.1636691623489077,0
0.10609743906856045,0.24276355,2.377139858375857,0
0.19781172268561714,0.13913295,10.079356044521198,0
0.05531069124622113,0.115114436,0.9581766365010815,0
0.04253756120413033,0.13988961,1.5658827421137285,0
1.6154907978206026,0.21136671,90.21549987703379,0
0.08788004349228105,0.41866037,2.3148974354533114,0
0.1254632609953632,0.049864326,6.248695503175746,0
0.13896716736208675,0.6541657,3.3517430735162907,0
0.040349022158493175,0.22939862,0.36309801355505117,0
0.14149454271772693,0.19464666,3.8971731990860077,0
0.12883225201806103,0.25917327,5.207639167288426,0
0.1978372528048402,1.625316,1.3834618964010668,0
0.12721390529046564,0.07784657,5.803508682197995,0
0.058470670309091935,0.36975923,0.6756354925503112,0
0.13670554701277068,0.15314707,6.644013976056033,0
0.06131531288840699,0.10242094,1.2114610427917583,0
0.08123480319283695,0.15460247,1.6942820914359424,0
0.11627835477966211,0.058001954,5.5542755088369455,0
0.08164616372520045,0.4024016,1.3276154992025289,0
0.07729239881351621,0.03850307,3.970545220226025,0
0.04473255433156621,0.18065993,1.1069852195481373,0
0.15801426043511457,0.07677942,7.930874593259035,0
0.019491176949936254,0.09412566,0.45917957813296006,0
0.0711425193207873,0.07910807,2.9798484886271672,0
1.5626149051571734,0.16723229,87.86232642211333,0
0.16695109476982525,1.1180439,1.1876130700229868,0
0.05272084862168046,0.07735038,1.79131861081562,0
0.10789522681646384,0.1718188,4.906519305184422,0
0.04809311614806357,0.12603934,1.2937081719937,0
0.037199336060998366,0.014272251,2.0017434011638713,0
0.019739151586731545,0.024248827,0.9687401442940509,0
0.05626295022199721,0.06420401,2.736766983169105,0
0.023659887775542607,0.031656202,1.1353278005740286,0
0.05334424057759732,0.05551218,2.478379399823756,0
0.10199114189962738,0.356467,3.033163786060648,0
0.16084890618872383,0.01987133,8.909698501897726,0
0.1149366623131621,0.30194983,4.035192381928173,0
0.05431079590372312,0.0721055,2.1176883624318084,0
0.045728430747846716,0.1650701,0.987973237206979,0
0.053487180352417264,0.13705751,1.9408905985360672,0
0.11583818776997395,0.2526664,3.5869574604219676,0
0.08524578077654146,0.023248596,4.462115581291514,0
0.042394435442483266,0.09820392,1.1702451488089252,0
0.07935572574260952,0.25659698,2.332285363445396,0
0.05632284908244778,0.074867785,2.608378044997465,0
0.26907724438221653,0.02468279,14.962587158696996,0
0.07177413180410983,0.18613596,2.783391797011994,0
0.1398794270770523,0.4970097,3.974493437032007,0
0.08280914199793467,0.02177592,4.367749369337334,0
0.12201483496874123,0.067918584,6.440372475802173,0
0.41441127639734915,0.08185203,23.166808132084363,0
0.09647375985199291,0.12967747,4.174873242122882,0
0.116314899584319,0.1208375,5.868406350695536,0
0.04755298788177885,0.07494761,2.1843566590198367,0
0.6726688227008417,0.11618166,37.71045297283067,0
0.28203218900771576,0.6962616,9.23648770918129,0
0.11238356909916179,0.14590482,5.495421781494592,0
0.06629784327577681,0.08097787,2.4331129074560063,0
0.035526959662919605,0.08719737,1.3030444117299673,0
0.13078505366071444,0.078952216,6.900855484818029,0
0.17678329778562635,0.75701046,2.8108109200334064,0
0.03711356177090738,0.037200086,1.8086824377407065,0
0.03934974550920074,0.04350856,1.8375474845015654,0
0.06361477685497499,0.10600686,1.271850941204339,0
0.05518912369354889,0.13168526,1.7330153784961033,0
0.4653738983140931,0.26332244,24.781614775205718,0
0.10222393115689317,0.1422428,3.8589366215351126,0
0.06906355911475766,0.25706857,1.4717683051555597,0
0.03490486370445094,0.09344989,0.6210070970114872,0
0.020286851883932602,0.017609667,0.881905186143783,0
0.09952513026024445,0.0596012,4.89627248766074,0
0.09475993766994285,0.2394209,2.6046952181593666,0
0.039956299457366604,0.18682502,1.063647209266535,0
0.033237543638020194,0.05570921,0.9123784158933118,0
0.05941749000489005,0.20135626,1.5528307062857911,0
2.5866220171004066,0.15889166,146.96014580884238,0
0.45403638432294513,0.36785123,21.58196810473675,0
0.11995490200134384,0.26313886,1.911185288371039,0
0.044488252709684116,0.094362825,1.9570859385592483,0
0.04067022529459234,0.22326967,0.874589495667516,0
0.1560166977562421,0.09384,7.40399120764739,0
0.0686941115908229,0.42633185,1.0551056744689444,0
0.07043073580057646,0.021723757,3.7392809881866342,0
0.028187550444083026,0.109702505,0.8149846726077302,0
0.07124786687517516,0.09744416,2.725598756211125,0
0.11265442703329358,0.0881552,5.635411497359644,0
0.08246909292207691,0.46521574,0.9106846104403042,0
0.03141411490323335,0.036857683,1.0145913592906672,0
1.2640692735163714,0.034058966,71.79836785077384,0
0.15570858771760693,0.9415846,2.6884759552303836,0
0.026918141746294012,0.08564894,0.39589754075216604,0
0.19103295018202482,0.09411302,9.970622658465377,0
0.07253418913451493,0.31554788,1.917369452155407,0
0.05543945780129644,0.042024795,2.425377311341067,0
0.13041369709127795,0.087656215,6.534156337738571,0
0.03597798714115499,0.15502514,0.6952217722882857,0
0.16315164904867674,0.13891819,6.6172627844605465,0
0.023636398706251935,0.063299246,0.565101883350328,0
0.12039477725827084,0.06455887,6.345257570823554,0
0.06371811479197356,0.1535554,2.580094076466326,0
0.10038978277597141,0.15114176,3.9069984307457997,0
0.1652555753554676,1.0019885,2.8690990229010707,0
0.10726426760742074,0.123364925,5.299641819619498,0
0.5453768510096045,0.83689046,25.76661323626123,0
0.3957227734986798,1.5837948,3.129534440455342,0
0.08046483776726251,0.17914346,3.235871791069567,0
0.04528162347176631,0.03861646,2.233150224999791,0
0.0636583139747231,0.22730112,1.4936258829569704,0
0.1387761003453569,0.20711963,6.30881356926924,0
1.5138811949106656,0.19701816,85.31731197674793,0
0.05917798458339875,0.37564537,1.0218606053831223,0
0.0525160479617464,0.17450131,1.257611629312304,0
0.06488058361437626,0.1345292,2.7694454574837235,0
0.05644447571322049,0.12855251,2.092240638414991,0
0.2004772928012796,0.07821863,10.473161706471801,0
0.11537751199248546,0.779469,1.6982115004839693,0
0.08037907374330691,0.18395224,2.921152659985533,0
0.28566239927744425,0.07518492,15.628051447315139,0
0.09688646557487979,0.4306555,2.0831933036861447,0
0.08644160211290494,0.21672261,2.841391112627662,0
0.05670443284189391,0.28785294,0.6698226259250969,0
0.10467299229701749,0.21070267,4.307155586228738,0
0.03284397578479238,0.08143861,1.3228774132863932,0
0.2817233216312529,0.14399737,14.189988285784032,0
0.024496525323783033,0.06528533,0.9747206501337652,0
0.06185240714360081,0.12289594,1.9950759765455806,0
0.0808383730479881,0.026266875,4.459640357364868,0
0.08713960087603606,0.4255551,2.3199171866496373,0
0.1281449321305598,0.040566515,6.79056410300357,0
0.07183979254471878,0.084217496,3.182052899858808,0
0.5577212353276799,2.0513873,10.377923067401627,1
0.11359855685772513,0.5339438,1.933678295071135,0
0.04972769968528409,0.055527713,2.4216897520932523,0
0.08085022787087032,0.10345475,3.039516417461109,0
0.16279212527710618,0.4251815,6.44060806788871,0
0.023354652283102025,0.061197344,0.8280006179796897,0
0.17434508943454857,0.9045997,2.3828582521746977,0
0.11741945825385691,0.21446198,5.01298411238521,0
0.019717030942785374,0.03337659,0.7274319695955138,0
0.103862695196139,0.2348823,3.4273257348144486,0
0.06760260282550598,0.17255837,2.3481305678250854,0
0.04621698560514787,0.29883853,0.33700123607913673,0
0.09141090347683037,0.12927495,3.6679715725508726,0
2.0331860128454196,0.38922596,109.48773741282311,0
0.5869951681077266,0.090577126,32.59161027323799,0
0.14880656814597992,0.50870097,4.935765975717731,0
0.13184261860991675,0.5045091,4.059356329256408,0
0.07942850225752192,0.14931917,2.2534216080747607,0
0.09393479325022205,0.10084988,4.647933764603837,0
0.06922330755298661,0.071611874,2.843469250673382,0
0.045809529822554325,0.30331677,0.5493529744941842,0
0.12207308180949196,0.0886107,6.396103782318995,0
0.16803904332686012,0.121336624,7.996884351774721,0
0.030172208954439714,0.1244552,0.7141375084205169,0
2.394395871298985,0.26073697,135.39051524557314,0
0.09704700118007759,0.14834222,3.2331123086667874,0
0.2700770120510765,1.3794374,3.501916083218469,0
0.21397703887109948,0.145932,10.788091268695469,0
0.053721810357311446,0.058863483,2.4122562031434733,0
0.07792318626990925,0.13459276,3.6307632058916863,0
0.11226675739385414,0.20785925,5.149779118673562,0
0.0935088159948528,0.41219547,2.558737987801868,0
0.1725291665933167,0.615589,4.517666304450377,0
0.0734469793345856,0.17293707,2.2551853265457007,0
0.061316995312261015,0.46453902,0.2644530992995361,0
0.06385577883544515,0.15793034,2.4667548587252184,0
0.09701680519715647,0.07549026,5.044555652901096,0
0.08370498528044892,0.5045745,1.540478067851099,0
0.09234893981244546,0.23470631,2.2884714808365287,0
0.021112327255025595,0.02093453,0.9847507291888858,0
0.09957289434696619,0.043871067,5.221335400128614,0
0.029071779581743236,0.032701783,0.9759670450491704,0
0.05366331086206228,0.10409591,2.3211702221864137,0
0.06380779485781113,0.20771916,1.9198539063794382,0
0.09369278702600053,0.14843144,4.259022408818912,0
0.08747587845678742,0.05724926,4.440776477550185,0
1.5640658855896055,0.21522805,88.13874313067612,0
0.09808383127122239,0.37522674,2.4378452001736295,0
0.061150415030645194,0.17285137,1.3621874308304047,0
0.06344203650034062,0.046392497,3.2440873516745903,0
0.06380121836181947,0.18928157,2.4104805106054243,0
0.06724840363273069,0.22462754,1.313562962178747,0
0.06893584542773147,0.10322701,2.8049634132034704,0
0.13263025980230053,0.05697881,7.12085918679045,0
0.21978758589992872,0.32617527,10.59034850716881,0
0.1722889830890696,0.9069212,4.049134586709627,0
0.14817848398171082,0.19502139,7.22879845865447,0
0.036942929686860235,0.070406385,1.375908508875412,0
0.042950722031201205,0.040083665,1.9841054734824535,0
0.14751124052449782,0.20802803,5.003236748496947,0
0.03980691136792076,0.032245185,1.76696927767481,0
0.30507554000432485,0.0534373,16.602498054828963,0
0.055010006485843706,0.09867873,1.7635806011070023,0
0.10348991581645958,0.19512524,2.8951512889092226,0
0.07431261672157649,0.25868928,2.182921021558583,0
0.04221214962869757,0.19747666,1.1347761951120283,0
0.05237469236728586,0.3947859,0.5518928233265056,0
0.34204858752498013,0.026504235,19.212672507720104,0
0.0689567616785533,0.17529638,2.3707088785367483,0
0.18103435765150994,0.29737177,8.439674443631333,0
0.03462879132618604,0.053547345,1.1617892210456302,0
0.139351069436243,0.031098774,7.320282322143778,0
0.06871908044672276,0.08425114,2.26405428579941,0
0.0952385681439675,0.26638427,3.410851429985516,0
0.021213468200290575,0.03910606,0.8859458937027098,0
0.046528780408285605,0.11095162,1.0199255507254141,0
0.13377389310218926,0.41868898,1.7298884134910502,0
0.14596146839439111,0.16859101,7.2648229915311715,0
0.076045756546954,0.09440105,3.621928899672142,0
0.19297615596412085,0.4007031,8.307950419622431,0
0.13978754114906455,0.085081644,7.4462165460751395,0
0.1380074799736625,0.18679635,6.431836170380009,0
0.05806334506177545,0.17596589,0.9985899869003046,0
0.1759342235408524,0.08049124,9.551192038893504,0
0.025891280874977055,0.06378062,0.8862940526517591,0
0.07139032536862361,0.07174911,2.9139910425396383,0
1.4844697255310768,0.03932215,84.62363824328328,0
0.059014499374885565,0.20117664,1.4998882081317941,0
0.046883709328625775,0.29280597,0.7851289415089115,0
0.08140314135155886,0.19177647,3.130913864357753,0
0.030860715290199063,0.1101687,1.0496489962165043,0
0.055375436428906855,0.20678417,1.1416660192342096,0
2.5663740322043127,0.063837215,146.1855658456181,0
0.03220928298887196,0.10923311,0.7028417410030874,0
1.7016818924768056,1.2022958,86.1766996944873,0
0.09326453825971684,0.19482239,3.3764476364796687,0
0.2566786191223532,0.5928525,3.0848229583158164,0
0.04281795793423623,0.20881568,0.5359927052753235,0
0.024761804388625415,0.06549929,0.6507792507015926,0
0.027116972295499097,0.09232111,0.3357573343257537,0
0.06085391952207227,0.22619306,0.9649707558562093,0
0.06029714901113233,0.038992066,2.886813003940481,0
0.1720993211780609,0.1757918,7.950402040771816,0
0.042748488616035946,0.08036682,1.0503236595807406,0
0.040407268198035,0.11410688,0.501457860401547,0
0.015230705645447372,0.015298721,0.623674266675736,0
0.0862761493696889,0.10791931,3.7765171394351764,0
0.03718353711214588,0.120833725,0.6206371430743026,0
0.03464457577844339,0.07680969,1.493762210761676,0
0.0267046397763441,0.04043184,1.2165091247653952,0
0.01617098612156491,0.02236913,0.6918950217848757,0
0.031770193099355845,0.11174821,0.5796695684219134,0
0.06299371043729,0.26271853,0.8925896937720327,0
0.28784379176378494,0.4312269,8.065371571614637,0
0.08392304045101948,0.20899884,1.9633077029321837,0
0.03994514672017872,0.12253084,1.3152976766327624,0
0.10115294747526103,0.15536626,4.6493041291229105,0
0.9867505335888326,0.09421659,54.91083816545755,0
0.06445151448022107,0.06887497,3.176688898028836,0
0.08993638155151293,0.5049768,2.0092571517896776,0
0.09034765031721106,0.0987619,4.399432251569377,0
0.07420959381778316,0.27211612,2.15539087685802,0
0.7613911205582521,0.25589952,38.19604825639257,0
0.10095629738799239,0.28394085,3.9795951471480846,0
0.33959535927862816,0.07807398,18.947564623630512,0
0.02078383899313591,0.03127725,0.8151158795966845,0
0.2054978062733531,0.46529186,3.1746465977433176,0
0.09570801835121276,0.09360546,4.672378955843888,0
0.07461910797405584,0.45070168,0.47955660501702385,0
0.07569399205198721,0.38396168,0.8531897233338553,0
0.06680203052146416,0.067661315,2.666072887296446,0
0.018293246168461404,0.08909207,0.29499995277456537,0
0.09218480964134773,0.3640212,1.3282151091564134,0
0.026780697136015188,0.054145787,0.6597694114798485,0
0.036400208903940176,0.08395183,1.454378737800582,0
0.057244602208458395,0.19959769,1.7210148028143444,0
0.12375464034000465,0.6173483,2.186084286124517,0
0.08418984470338915,0.18179587,3.279489898951192,0
0.05079820402267367,0.15851457,1.3104337038352472,0
1.0432281393330343,0.04675339,59.32312070084531,0
0.047029605962736386,0.14984715,0.9878848848989915,0
0.2314519109901313,0.80752265,1.1956543401987436,0
0.042911331480560796,0.05607878,2.01585468567338,0
0.10425627223245779,0.24490514,3.2419780996216994,0
0.05640087193064046,0.14990921,1.8379933990050208,0
1.7962434694910712,0.73266923,98.04948008096122,0
0.04502063320100264,0.02393588,2.0644077511543584,0
0.09510133575133012,0.64595634,1.5208761795381844,0
0.12865889773028688,0.41948125,4.6293971798095646,0
0.06476788032861075,0.04068891,2.8866847350925906,0
0.08049652424747336,0.068528526,3.9031021441207816,0
0.0564193514114785,0.10826201,1.0307268411937156,0
0.3798389215917185,0.06289371,20.6910587749722,0
0.1067744854284376,0.21368201,4.353855354123707,0
0.14119150509824016,0.118838474,7.3447436171752125,0
0.12469457399827194,0.46317202,4.189216877166042,0
0.28106981363808,0.52737176,11.110521786659227,0
0.07780303645821063,0.014588489,4.25655771064092,0
0.31061524344429126,1.18053,10.714003035311075,0
0.11393068739623438,0.175978,5.228349411958583,0
0.047901879752895435,0.14405271,1.8692193503288912,0
0.08692504166685935,0.48780438,1.851191762466992,0
0.06723981438170334,0.14091405,1.772712896853352,0
0.09056759814817254,0.06045652,4.340810615435514,0
0.1592301795739745,0.12616734,7.679671827377268,0
0.038562454317264294,0.07709061,1.3943091628655908,0
0.07429079313334525,0.24626684,0.5544591607999569,0
0.1433634316113397,0.1514222,7.175309480229178,0
0.03953522685297277,0.119710416,0.3584860320668596,0
0.09510654174390647,0.20606633,2.2495727279010023,0
0.08241745786032162,0.08041336,3.491287881566465,0
0.30158636294648694,0.0801871,16.69141450660704,0
0.03166872572312221,0.1527097,0.7157035771409923,0
0.03469161437376604,0.10228724,1.2981885114474947,0
0.0605446522796763,0.08895034,2.271570940451029,0
0.052072807882227255,0.13489746,1.3412879880743938,0
0.0891975181321879,0.081593975,4.510175763222349,0
0.13046102582446056,0.13206893,6.4621345991005885,0
0.047686712114877204,0.08862433,1.1439365838662647,0
0.06702139041334776,0.13091849,2.9770420028499247,0
0.07852414864237645,0.19845979,2.6269924921254484,0
0.14872705593018226,0.14856216,5.33292911802756,0
0.038314352475317615,0.19571547,0.5271766631482209,0
0.06757838970842035,0.22283855,2.5086729563630614,0
0.01708590190640926,0.029025914,0.6686302952300334,0
0.0601478717742196,0.12734373,2.567924693737218,0
0.03868564849607674,0.024098318,1.8618639057324229,0
0.07190411753942556,0.064833544,3.0977534477884845,0
0.038218103448054014,0.10974514,1.0601597705179886,0
0.20971519371866684,0.6222561,0.2937343462656968,0
0.10327993392596285,0.023159105,5.445107842060381,0
0.05497641333327807,0.036497295,2.7080691181170744,0
0.0626683591073886,0.23269854,1.5525785292824328,0
0.12018207327484955,0.2513341,5.18453473431911,0
0.027035471788369247,0.038897697,1.2177528684907681,0
0.057516914580755314,0.08626169,2.64898651134961,0
0.03915200718368258,0.0077764806,2.2432447710908923,0
0.06526650863888764,0.17688414,1.304221422071961,0
0.09088899929684892,0.17277376,1.3993900685518643,0
0.15200468699312322,0.08822826,7.708478919501919,0
0.19700551964801127,0.34757885,3.4066854484620466,0
0.796599939804022,0.30923203,42.57233219389722,0
0.4714330342019084,0.2770735,24.423943788193725,0
0.3286090409124156,1.3829749,2.4364184952182892,0
0.10473520390866889,0.30840534,2.219896904678029,0
0.06915664484952785,0.306719,1.9562076920988376,0
0.12540170085994698,0.10329177,6.300280736756152,0
0.20250466257373884,0.15273543,9.784540631889316,0
0.08877002867292377,0.29560405,2.9542775434011332,0
0.05670848186027942,0.08348295,2.6275251485694704,0
0.06864501341563368,0.11854084,2.748218922209454,0
0.03854395830282198,0.10460911,0.5690921136200492,0
0.07673941007353491,0.048473913,3.5250022616100485,0
2.469890560208217,0.055939607,140.92448285277902,0
0.06782514014236797,0.346037,0.9789683291279015,0
0.05734839618965751,0.25937453,1.5482871061178474,0
0.04262961907998688,0.1722781,1.298118590170137,0
0.06166414799842755,0.096776746,2.7100162245716017,0
0.053834187021887234,0.12151694,1.5704015851622655,0
0.21708401975783348,0.44755515,7.9968114849170355,0
0.05673595135808712,0.32795572,0.3430684437149549,0
0.13435159097404806,0.70000154,3.3804776041315256,0
0.0728575364976267,0.054851044,3.6812205332941006,0
1.4208680702516154,0.2421239,78.51898136354967,0
0.07868230125400487,0.22069176,1.2780441688838817,0
0.06900597101525877,0.5210289,0.5791612581389198,0
1.4433050294812737,0.19438638,80.78630969763557,0
1.908989857711613,0.5091541,105.18621201157829,0
0.7628833037041988,6.212059,1.7065260734873318,0
0.2338961817954306,1.3454715,4.004533980262097,0
0.08454428961933819,0.13234809,2.058649524624134,0
0.08392541032483014,0.16731228,2.950210094157953,0
0.07256762516896201,0.18440397,1.9720567314442774,0
0.062022361987661756,0.06463811,2.752938699039854,0
0.11309288621598321,0.19626302,4.749119958802595,0
0.11787849939778786,0.10437262,4.994750691619535,0
0.03205212618224616,0.06913249,0.8164889471782985,0
0.08476379208408612,0.5204564,1.2164151082151198,0
0.10062223689078503,0.03399341,5.253274697481661,0
2.9525230637143673,0.22933851,167.47749882323913,0
0.1219804647918513,0.07790706,6.027891711773718,0
0.11925692495854877,0.56210023,2.4645770790504717,0
0.07199701708640419,0.1284611,2.2203188591979055,0
0.08494094075636886,0.18156233,2.4965413254514655,0
0.029668213706048125,0.059722494,1.0816593807328896,0
0.10169913364750204,0.12892564,4.804248194373228,0
0.1972166097645523,0.34658024,3.64003802298381,0
0.14231636243751541,0.6405578,3.3917864891556895,1
0.11670462075528108,0.8199899,1.5418050874867593,0
0.11636028460419998,0.0625061,6.087253711561611,0
0.06881193738713139,0.114740446,3.031264055808262,0
0.18445734044449377,0.08571599,9.972535421273372,0
0.07823729188123768,0.15516509,2.5591760720257493,0
0.040957225839798675,0.15962303,1.1602196018307518,0
0.10205439676494445,0.36354765,1.709926873293158,0
0.23643191435440808,0.015929168,13.546550834706128,0
0.04153217140607276,0.11470265,1.120736044538199,0
0.06519920633559209,0.29423192,1.8780507313102484,0
0.240992553065514,1.0943621,6.81027700741329,0
2.0077463306673655,0.06951617,114.21304505522778,0
0.054345782301456744,0.036520954,2.853193620436592,0
0.03427695638552282,0.123000175,0.7339441495434412,0
0.10342104784851248,0.68139225,1.2218290915624637,0
0.03901497753626138,0.11781999,1.1782373614584283,0
0.05132126041140855,0.07785232,1.9378319102604262,0
0.03469110092142459,0.030476473,1.6992360184298423,0
0.06830529721090747,0.022479277,3.5594095941418478,0
0.07921983917392045,0.1701613,2.5536093676517897,0
0.05044785733022011,0.09270838,2.0111726983826554,0
0.08016078958109128,0.038911697,4.229174902690298,0
0.11235367063867782,0.031253647,5.834758960895582,0
0.048989678836607514,0.3127309,0.6525244228072038,0
0.20408192614375753,0.095928915,10.707328316451969,0
0.13855660306369055,0.42272508,4.84952970395118,0
0.1689450488371353,0.1085966,8.708154639219082,0
0.14279808638436614,0.1738594,5.073326510342493,0
0.08399716650684766,0.29276335,3.0311644637987576,0
0.17738497573720047,0.06761373,9.751382205257558,0
0.07862678309640933,0.12957191,2.964835361319003,0
2.334978311724341,0.17934541,132.45271690537166,0
1.826429402469211,0.24560222,102.51733982977528,0
0.01870806261653632,0.055414625,0.6324042151648417,0
0.1001788217322315,0.44217154,1.9415699985582107,0
0.18962800767241442,0.27597287,8.939613845748994,0
0.10638711573266338,0.14762715,3.4222269938729037,0
0.03903674068473737,0.028995736,1.9160008317729778,0
0.04775763859914485,0.2994989,0.7794555307310728,0
0.04321008212214886,0.070839904,1.88106053201589,0
0.12441166107403988,0.22888282,5.445343763851101,0
0.0493708988817918,0.06159296,1.6913404818551054,0
0.034868058788199124,0.044583805,1.3747198071225435,0
0.18529492926206792,0.061844856,10.121815456527457,0
3.129303965626602,0.38842243,175.3428782976558,0
0.19287019078089743,0.094088264,10.140012847814766,0
0.1978436281034236,1.2109426,3.2622453090724277,0
0.044410944461434614,0.06410821,2.0864035056320462,0
0.07548287074489515,0.3812574,0.6588009506098434,0
0.16328074756124272,0.32032123,6.824682101102639,0
0.07774228850218552,0.21504723,2.969306422417229,0
0.06835664392556766,0.12947272,2.621142912139093,0
0.12162551696048345,0.4191103,0.8704903435384438,0
0.11107104846021619,0.58826256,2.464706107601352,0
0.17321010713105067,0.047438838,9.600110882385035,0
0.0543300027079841,0.05047388,2.524443691179591,0
0.04350998302393339,0.027566208,1.965138994299945,0
0.09058872171552163,0.21522714,3.6652286676154207,0
0.08409481598006951,0.2444113,3.3100742953225724,0
0.020371767500418823,0.039316814,0.570579851644707,0
0.05845316736167662,0.14267115,0.7873431485574552,0
0.03643662387554092,0.059447322,1.0034216491843564,0
0.05812910486599529,0.09139936,2.077774872943624,0
0.04846934766280619,0.124163434,0.6589481440237445,0
0.06270627491617231,0.08963432,2.967060802771864,0
0.05143616501338785,0.020741697,2.6130469560410843,0
0.6153819409674446,0.028702617,35.002785872485084,0
0.03629753166961562,0.029233532,1.733218124228361,0
0.5243509893449281,0.2095047,28.68377619558562,0
0.47632450328131387,3.231324,7.456714150000811,0
0.07235524650228936,0.20242082,2.6087050749177556,0
0.14935237765455495,0.31923622,1.7686009875382018,0
0.06679900479165951,0.23617558,2.303388196045618,0
3.159793899969139,0.30900905,178.92699945210137,0
0.12302718628680487,0.16917059,4.840622694609487,0
0.21232611103968302,0.07862551,11.524292052359826,0
0.06466294361224416,0.14257365,2.8208908599748757,0
0.05424167063948855,0.14595391,2.1022242438672585,0
0.05079317244505015,0.1607087,1.6279821855624403,0
0.14432246808781016,0.43075734,1.7045124542280685,0
0.04134494120451872,0.08258861,1.7132018130634883,0
0.06780733914278123,0.10555312,2.787798593037223,0
0.027850003880468654,0.07856821,1.013272968935189,0
0.05312586474980141,0.29114586,1.022005630085759,0
0.023438248706168653,0.0628874,0.9529072208864056,0
1.109155641978542,0.18108475,60.74784559819374,0
0.06326041741574778,0.03595826,3.0875763945866783,0
0.03083909154969008,0.035540584,0.9494800397448551,0
0.2745938184917772,2.0328734,1.243141574669154,0
0.0625025015652558,0.030466171,3.3719822460827396,0
0.040148590025962536,0.07385378,1.110222612106339,0
0.17848620605972046,0.14487219,8.727096224372579,0
0.04218254040739181,0.2023407,0.5836540654971302,0
0.08289537797078717,0.033528075,4.162771292672814,0
0.02818947395292592,0.10619607,0.7818696397721687,0
0.0782774726839951,0.19057001,1.463415430004692,0
0.04950665656564659,0.031878572,2.5873983193106898,0
2.0560077636663547,0.06306558,116.89347996262116,0
0.035876366379345076,0.08480016,1.4968757144270997,0
0.1592077950641266,0.34181437,1.949098867747999,0
0.17951381475938205,0.746687,3.810649350344795,0
0.06844129937233467,0.07622663,2.7643885259051393,0
0.03085506083072807,0.03286663,1.1534110193671534,0
0.04657621430533264,0.0743942,1.9823931603893739,0
0.05847224139927832,0.14393742,1.6304109317575264,0
0.05681148319570197,0.08273768,2.2351152443008147,0
0.051135583978449216,0.1215636,1.7040906411436352,0
0.08736520781081586,0.09342328,4.202103643794283,0
0.06196261855711855,0.09440298,2.82084187737551,0
0.19146234443478588,0.11053854,9.775463373463776,0
0.026886554718005353,0.05182023,0.9620606555127384,0
0.14016431753604836,0.17894004,5.516190225577101,0
0.11190852022456366,0.71370304,0.5139215025806998,0
0.11989026083705168,0.2520757,5.292222419922302,0
0.05766843681898884,0.048874196,2.8292443690441913,0
0.07489072464696199,0.16864057,1.6929274477743637,0
0.07542845383719977,0.18903321,1.8350962516804525,0
0.2524206131187104,0.23854385,12.927003508939073,0
0.06687754766347767,0.028414618,3.4390999792200634,0
0.21641866992106837,0.30068657,7.464263879297678,0
0.054020845697262475,0.27304244,1.2659924990231068,0
0.10392794884684749,0.19846348,3.993857993941754,0
0.3001462549628579,2.0461993,2.0913050606363095,0
0.660093696695669,0.04770716,37.322448830027554,0
0.04838770074389499,0.16961864,0.7881879316690337,0
0.04537794415626757,0.15999037,1.5013914007792117,0
0.0980226750684121,0.58118373,1.746494627777549,0
0.05781870924108167,0.12951289,2.2478031067506445,0
0.08702016578240891,0.19182833,3.416331144437646,0
0.08851210955565167,0.101136535,3.4117448019907903,0
0.012048037747701187,0.05710044,0.2960383293069971,0
0.02269948589424712,0.03348102,1.070168067082887,0
0.24260692736497178,0.06985512,12.776339629513773,0
0.031978123212592274,0.04898048,1.033176267248224,0
0.12409753703205165,0.026163638,6.835115404822252,0
0.04098958986957504,0.27072176,0.588670151812294,0
0.11184351820933895,0.12301517,5.172069248185398,0
0.0616014182510212,0.33430946,1.1700660033190735,0
0.11098042412497038,0.06477931,5.120636844969067,0
0.1173963519209326,0.03992505,6.390592727812644,0
0.08656742437089467,0.071871325,4.519763845506176,0
0.27526646720257697,0.34979838,12.778194446155828,0
0.09705400064605348,0.25659254,1.3635168368032804,0
0.03408121515979229,0.018211382,1.7656527192153475,0
0.791392397253007,0.45373395,40.685899459605345,0
0.12720458170836893,0.2013064,4.4390842071767995,0
0.15208976890325066,0.028311305,8.39379598200202,0
0.28331235071692573,0.23920941,13.36612078230036,0
0.0293149800559695,0.048401337,1.0400460400023575,0
0.15492757499317777,0.6017823,4.157212191971603,0
0.08464783830741436,0.6125922,0.29099062074238913,0
1.1404887271384485,0.045907814,64.78288016937694,0
0.07897732947926764,0.08457743,3.6905463924041433,0
0.35853137287053466,0.2172609,18.372470260668315,0
0.31169054575466093,1.666428,0.9319779847457502,0
0.04452574058789797,0.17491499,0.9821477941542396,0
0.11673173423728815,0.30668974,0.848718945473263,0
0.22107876905041376,0.14018928,11.52575931451995,0
0.2001367449931916,0.15036164,10.453757223103649,0
0.07605879376160396,0.11199778,3.5261976407527627,0
0.12634865003379783,0.3262596,1.2499057255544381,0
0.11097156307416697,0.76763445,1.0039520329494678,0
0.07074591360388047,0.35392618,0.7243175658287887,0
0.2705356995362153,0.080088764,14.784726380530167,0
0.1032408706287005,0.10610381,4.815106246325571,0
2.9093861606123457,0.029517675,166.40575708427875,0
0.04921102754483708,0.14641786,1.594957732620954,0
0.05459458480635001,0.19874233,1.1721130257758492,0
0.11829575485827931,0.59722215,2.12060317428449,0
0.18696010293868195,0.5136501,1.063492147161844,0
0.05875471311684987,0.11702443,1.135566805164769,0
0.039313749397424706,0.12557217,1.2345644290708135,0
0.0875691587552679,0.058774084,4.530925580834214,0
0.1320764639911643,0.2310814,3.569350957810362,0
0.041974112565768655,0.11929209,0.6480095117363759,0
0.13310175928038986,0.14763027,6.300812465556856,0
0.17127350683043208,0.35116062,6.612594264190534,0
0.038053731117685,0.06308163,1.5330028039934966,0
0.06290760635302874,0.08733586,1.7965152016093582,0
0.03048946932954888,0.03695357,1.296692332656988,0
0.08107936738021501,0.08380201,3.3646932221122805,0
0.06385342771368216,0.16368222,0.31020029513405645,0
0.09195646365454102,0.2044589,3.212470460587617,0
0.07635806955844884,0.02740191,4.184486467279288,0
0.22977579941604578,0.2756133,10.930854920335806,0
0.08524367858902925,0.0682988,4.241942234573965,0
0.055041330100516685,0.25611722,1.0611246452688925,0
0.07355840304808273,0.14926805,3.142694040241142,0
0.025749339997474984,0.04264123,0.9486792472686276,0
0.10464130359198182,0.20692138,1.843585460712804,0
0.07509760279159075,0.29492694,1.8545411276240813,0
0.09668980771154828,0.112384506,3.6335339861640064,0
0.019009442245438435,0.023997797,0.7386801397097018,0
0.06142865698715182,0.059338827,2.8495250502841034,0
0.04311682737571233,0.11491927,1.7414940195118616,0
3.1180243353568873,0.15289624,176.87300540843898,0
0.23297065446642673,0.52670616,6.106469980986556,0
0.41052423911806285,0.43428323,16.166506510822263,0
0.182767810922969,0.5291096,1.4264492920796477,0
0.1587404850144149,0.48973513,5.172445585063941,0
0.22420411686533248,1.2461059,3.333580193484169,0
0.06048687855807487,0.06595254,2.515388306708378,0
0.1828045533876408,0.50394106,6.046432571475175,0
0.06418912590292833,0.10765336,1.5084010211667633,0
0.14854263523844166,0.13144493,7.001014447790272,0
0.06588521986544466,0.42055142,0.9493576695365469,0
0.07251494821706493,0.15304786,1.474552505307902,0
0.061582460411716014,0.03627947,2.73324690504915,0
0.1187621598023772,0.57090235,2.9350331430826873,0
0.052525719325245995,0.2938389,0.9931200534372114,0
0.09776841570748761,0.06619232,4.119415635334843,0
0.09393350073814852,0.08824366,4.75943634537706,0
1.3277165058226288,0.13622957,74.52508221029882,0
0.017194641597576416,0.0625549,0.5836846921732317,0
0.2134612132327172,0.45988566,7.685797172942397,0
0.08104246725252386,0.092270456,4.072921288895201,0
0.0247925883884366,0.031466886,0.7586339177458802,0
0.18176626093886245,0.42861572,5.290934567004528,0
0.061687009878072276,0.15458654,1.5298609086125081,0
0.05634110081412489,0.046088226,2.5158938497398586,0
0.07814151559383156,0.26309365,2.598489626736764,0
0.10462005326565726,0.23592603,3.7431284442192863,0
0.11291327050854535,0.04371509,5.681984319635793,0
0.03838627427124901,0.20944569,0.7799149769163796,0
0.04424665614942077,0.05084243,2.1394325216898307,0
0.027143590880855818,0.047557622,1.0367096861059168,0
0.06492262465721889,0.019481521,3.5332159788752113,0
0.1819094149352476,0.11680733,9.410366073022606,0
0.07850563588158663,0.21144105,2.549589910938177,0
0.13532229065163298,0.041534666,7.369440272520538,0
0.20084750378629979,0.04659348,10.443622046423588,0
0.10397786315663664,0.09774986,3.904433052919823,0
0.0610296982001797,0.19347125,1.787588436496433,0
0.10144193273150005,0.49843436,2.7032346542872525,0
0.08414437183122872,0.4316533,1.0954109735729047,0
0.0633583447737058,0.06973784,2.820088614957633,0
0.027785024126099653,0.039264344,1.0910847528645469,0
0.06544532133918711,0.17640445,1.7241014676218611,0
0.18924546234725734,0.1442935,8.1527069555842,0
0.04384517813518812,0.014023106,2.3002474188317983,0
0.140526216735446,0.059724063,7.6511273102782615,0
0.2206040640328387,0.6804585,4.278841273087288,0
0.11875872185326879,0.03226249,6.534976207460511,0
0.056337090767736936,0.0466738,2.346637773141842,0
0.12770552630258536,0.37974936,4.9181648366411155,0
0.19020757479954845,0.45283478,1.918888943007913,0
0.16274694288037805,0.82193655,4.201790613549987,0
0.0846251832687567,0.32755014,2.6801435327048178,0
0.04549185538944007,0.22781947,0.8940089984124505,0
0.050410166293119965,0.10343277,1.6860588719064005,0
0.046368401994367925,0.160368,1.6339056087168495,0
0.04092244218678943,0.11520588,1.1702539681154323,0
0.05736394641408801,0.06863891,2.718743269719509,0
0.030623528059335367,0.122943416,0.5631588554733277,0
0.0828755913267086,0.20478426,1.7530340363126828,0
0.12394867693486275,0.24145399,5.206255476751846,0
0.036713843698102114,0.15804371,0.5341647356747005,0
0.10409567255011706,0.10363787,5.152545049445617,0
0.0555117366054222,0.16160125,1.826645051124527,0
0.04546024056292173,0.09534667,1.0531124835384746,0
0.13739613273578716,0.2546788,3.4331863780347707,0
0.30094884300329106,0.01038959,17.078754316905286,0
2.241432441821835,0.12937793,125.56651308841023,0
0.05754010206115139,0.11896623,2.578075880522325,0
0.08129447071041218,0.09715333,3.2564467535510793,0
0.05446487015343328,0.1573839,1.3674200413740292,0
0.056662233334670145,0.0942489,2.56631608942487,0
0.04295617570869032,0.039225653,2.00585209365711,0
0.021794184358444497,0.06557941,0.6910521941347234,0
0.024434466981935115,0.07169942,0.9120932242517978,0
0.7478201311149096,0.04622734,42.057837108616994,0
0.03170704300360977,0.05202085,0.8798023332898595,0
0.024541453384904273,0.031386193,0.7715175137853656,0
0.15929959297250465,0.6503487,1.0980696370527383,0
0.06882418443855412,0.053861257,2.8410787281722154,0
0.8542412147202401,0.07670363,48.48300627531286,0
0.09393951713989918,0.12673196,2.68697872926503,0
0.05216828854277897,0.17176843,1.489902103036259,0
0.10411493828205134,0.16600639,2.352717769381566,0
0.17639364404176955,0.42841232,7.212733609725531,0
0.0979968489307505,0.23940144,4.045992932344406,0
0.059804824079027506,0.1052698,2.3779559135515496,0
0.14172383775219907,0.58822244,2.889735860191622,0
0.0643232508819509,0.16954237,2.3948422669151284,0
0.14276780655891605,0.03276867,7.915815429819803,0
0.11057231593168666,0.2930267,3.644592793366493,0
0.05246117268503782,0.017288625,2.772773550171711,0
0.07800732184959533,0.26121235,2.2075273876006434,0
0.05522453763888011,0.04738808,2.827324431506094,0
0.059062055361723834,0.23075713,0.7577108270393236,0
0.06302986111400263,0.0525297,2.876639345273837,0
0.08985612168283724,0.35632208,1.3046465992808423,0
0.05207513655661837,0.08031535,2.1498365716751975,0
0.10435359381902842,0.67835534,0.584598141192439,0
0.04848858981009834,0.15318215,1.1478155773807093,0
0.045904137513436395,0.35110402,0.4889721937575372,0
0.08849101251665299,0.061665434,3.765818245492794,0
0.2397069283777277,0.071061835,13.02979593263353,0
0.09070588101886726,0.16624747,3.529492683445324,0
0.02070251756217278,0.047383893,0.8999657336851532,0
0.07341259497783656,0.091321014,3.545067035716018,0
0.05397712645741941,0.105676405,1.4127939055274708,0
0.055521903525847724,0.15663698,1.4519234054587518,0
0.04341216903851667,0.02953321,2.25981907678021,0
0.05109467223753186,0.025304018,2.7706637723451952,0
1.6824341761690946,0.11441056,95.22150726569303,0
0.14154343678274256,0.18287313,5.627559128861707,0
0.08154603635145474,0.15575415,3.5453542865736156,0
1.67763943677291,0.45074934,93.21192931625806,0
0.08543281809124065,0.13120778,1.9442345809548403,0
0.041461165253574,0.17543235,0.7438705239742673,0
0.1595356276278143,0.5135902,3.124261491047742,0
0.01853828435503828,0.047166344,0.43897408388666737,0
3.057130031082648,0.3683027,170.24209493994525,0
0.05907809175720839,0.2349821,0.9456965733547935,0
0.05693824968490635,0.11495041,1.383804440538273,0
0.14552240328870705,1.0457774,1.416582233847292,0
0.07589868455890865,0.025204305,3.9983433278413893,0
0.06555631513820281,0.01498648,3.5172563066186386,0
0.08926954428304519,0.022730779,4.734677330591036,0
1.7976932940369288,0.26314998,101.19334706707916,0
2.8476375845421993,0.0948763,162.19836462703935,0
0.061745031992910766,0.2949417,0.6089597774747826,0
0.2732087393142137,0.74126905,3.3912240388340087,0
0.11602792525581443,0.6469439,2.6549301807224874,0
0.023854286564281034,0.11297715,0.2573387516864473,0
0.06929503000514678,0.39443398,1.3133431332961425,0
0.053263570969501434,0.33477867,0.6204234266674801,0
0.07747505052162934,0.07212287,3.0158788892070154,0
0.26461844727084144,0.12787642,12.302038462010044,0
0.03371852587589534,0.029546537,1.6204743855274506,0
0.07278408553010693,0.13577735,2.733443133523077,0
0.06941971806254213,0.24811885,0.7270697254792958,0
0.15792848260143078,0.10659232,7.7510725715498845,0
0.05760013289678256,0.15217696,2.272852582066853,0
0.06832767003739249,0.03624893,3.294721361754408,0
0.08409486191979712,0.29001734,2.3007241650918737,0
0.037496875675482336,0.0282386,1.5472494591866977,0
3.0237913606540388,0.19056077,171.59620839513386,0
0.02855307185439449,0.042744905,0.9650582094148615,0
0.042347171512799,0.040039778,2.1723147012907384,0
3.09336536052659,0.9564106,162.49871869494214,0
0.09686076588052606,0.2304006,3.0229859875331835,0
0.03338820995443048,0.05147602,1.0840623030220058,0
0.06790594935826641,0.4157507,1.1053355924861312,0
0.3064534034006414,0.18150958,15.941189830928188,0
0.07368102117320671,0.30229485,1.268663139044533,0
0.2675502070598319,0.1442598,13.383193860362672,0
0.23873289467153888,0.284513,8.208111414358811,0
0.07575965510146751,0.1965011,2.3054468048097414,0
0.08800925079315013,0.29677677,2.0742826393338833,0
0.5464825158706468,0.31332222,27.79247010807382,0
0.1712241232898631,0.3906382,2.3060164959365874,0
0.01112709658769318,0.015666083,0.3967292960316531,0
0.07039373728874604,0.1901104,2.8048939088804747,0
1.270100952859067,0.044141807,72.38111811689036,0
0.04160087367078294,0.17197438,1.0306769318169546,0
0.029461259416513324,0.16081797,0.5196828629902518,0
0.10711102242596424,0.19108786,2.330734210753401,0
0.27616684915010037,0.17590101,14.299404880219537,0
0.06832831291555785,0.13860726,1.7318356234593626,0
0.1471832237919626,0.44674173,5.672135888384098,0
3.109232095261818,0.62831175,174.0535644750387,0
0.027248786511246046,0.08805971,0.977452189394515,0
0.041334597677426387,0.02522063,2.1321347060027813,0
0.16449733476780076,0.37241012,5.323835999892134,0
0.030976923853770294,0.07631347,0.7863908803364976,0
0.16213688673680934,0.23521137,7.278421214880342,0
0.09087491677993802,0.05296332,4.104314614700898,0
1.6865352766514805,0.120371915,95.01212286012283,0
0.08525405733881931,0.48118943,1.71059756055832,0
0.03380142974968352,0.14840734,0.9205600274699449,0
0.5824270419239268,0.9345241,26.205397158859952,0
0.087709129476783,0.13266574,2.0363995922286375,0
0.02649238892597072,0.03260576,1.0169943570819013,0
0.073836637547012,0.33982953,2.1270757542139918,0
0.044229383291883445,0.09434281,1.3393507209205613,0
0.020309682061472562,0.07259346,0.6860045667263441,0
0.042173632864019484,0.13064629,1.5260676441973111,0
0.09080175967414635,0.17831963,3.1557891775013194,0
0.018775181762268545,0.10423213,0.2804930260369342,0
0.05691518675284934,0.09792538,2.3371112514042114,0
0.0893170261216745,0.47288474,1.9267907375393722,0
0.08747960883851284,0.12000448,2.519392688993865,0
0.08739642578848472,0.2054091,3.754271941433398,0
0.024245688691735268,0.07097484,0.16161496796514052,0
0.04284129802721901,0.11439339,1.391312494726488,0
0.0638174126560672,0.31453717,0.7939435940044766,0
0.03773775718274204,0.058278706,1.7300133444780013,0
0.04326587908585762,0.07185616,1.941755915969918,0
0.0445208339137347,0.07092504,1.5820354915239647,0
0.03909630469333654,0.069647305,1.121364316972811,0
0.1066585750989949,0.33574805,3.90513915203888,0
0.0837826133612117,0.19708179,1.95507420659813,0
0.05114442841133496,0.23288754,1.1244179631091376,0
0.10520546449770701,0.5502033,2.3649036597126813,0
0.06664422763760977,0.2854533,0.6285824449957573,0
0.023663896802755997,0.010229081,1.2048589347695724,0
2.816980026837141,0.045525335,160.46708445863862,0
0.5607886755489145,0.12594582,30.256270565681017,0
0.11994053903939696,0.14958258,5.554508504031692,0
0.14222547876980746,0.5940244,1.6080440824749318,0
0.08549135096615333,0.04703175,3.9264746433289806,0
0.29261570515653834,0.054483924,16.419748030167106,0
0.02716688280837501,0.09058142,0.6917480748011439,0
0.11752495439306546,0.14916779,5.703646630957489,0
0.25087678874827923,0.7777572,8.85674881200654,0
0.03599277922182688,0.019737342,1.8679874842811701,0
0.07765088683511163,0.41727033,0.9180905956443474,0
0.2149492763938304,0.8067003,7.297291939002547,0
0.09978618031916665,0.2034924,3.7706530631270208,0
0.03854782989060334,0.052789494,1.477593562305289,0
0.13806533401821697,0.28291312,6.160688562343653,0
0.6637305530073561,0.102681324,36.02836243547626,0
0.01125172384240587,0.023589166,0.4857781672558065,0
0.08309026984575674,0.047199402,4.3525271843655355,0
0.2414737598579138,0.8393544,1.0437721857859763,0
0.05372881275660311,0.08366188,2.0402218698631005,0
0.10501255168938231,0.34829432,3.6664125050946534,0
0.18932310235909827,0.0069337315,10.720715640870585,0
0.09230707212643,0.3198181,1.914425611246779,0
0.5939189800851223,0.12936078,32.54048516012973,0
0.07952180391763779,0.05326039,4.097271509706393,0
0.03651061452202738,0.05391105,1.4298719726210165,0
0.6437867766508235,4.738252,3.398797104145671,0
1.3045255133902567,0.5735377,70.92345811980204,0
0.050589728260556195,0.06605687,1.8917771898107272,0
0.05587384110240748,0.24723136,1.0566949411128475,0
0.15030254227005344,0.5170816,4.25316209861059,0
0.3936054048710816,0.1265597,21.048887629346854,0
0.07678449336498566,0.12655085,2.897828028639808,0
0.05353824689141821,0.23403282,1.2114669643002924,0
0.03798490372233403,0.13900937,1.2112364953791515,0
0.04780100228796017,0.066991575,2.3223725541954137,0
0.08514141795780669,0.04088202,4.491367028432922,0
0.22296514238940535,1.4156076,0.9222620169300925,1
0.051084760516917,0.0387956,2.463951839607257,0
0.060564064832045225,0.08396439,2.4887528170701136,0
0.2102020189917087,0.10208637,9.814394189210624,0
0.1776227691826271,0.29609936,7.854301766611377,0
0.03458695998972214,0.058128495,1.2940556712780347,0
0.055542471088285396,0.04164808,2.647514682583739,0
0.058471620082855225,0.44671938,0.08353299952918994,0
0.682978975052702,0.419042,36.33598752806715,0
0.06469676457616702,0.08542254,1.8836941360935093,0
0.04286571673025835,0.15675193,1.478522878432692,0
0.01687665268325624,0.0072452226,0.9669609710587186,0
0.29260076633464727,1.6186094,3.286653760677649,0
0.08284779339167847,0.22295672,1.8345604652871006,0
0.15132063480006946,0.34891686,6.267443823519807,0
0.04176125697727418,0.14586578,0.3334238079536565,0
0.09201932294926783,0.43501097,1.4085282096055194,0
0.021048049804310555,0.073658064,0.7035355453394565,0
0.021327847651769843,0.062731884,0.6584146567335667,0
0.0408037091859266,0.064848274,1.861351099849951,0
0.033746836574704675,0.05199637,1.5725999557990602,0
0.055092488073382725,0.042384785,2.604838722395452,0
0.10132762391277798,0.26879165,3.673606131183218,0
0.05893389982051141,0.3889205,0.5928109591800753,0
0.01840764032596436,0.039520226,0.7059479313680622,0
0.12337948691470269,0.047305606,6.775855672783223,0
0.07308016293286677,0.23832662,1.5119972394433672,0
0.21374463673072397,0.14016777,11.340957948291416,0
0.06656528864765576,0.17765911,1.8718796401066902,0
0.10779404439270164,0.2117929,3.951287158174385,0
0.04548760048239232,0.049415894,1.9507386384423067,0
0.17756453910826955,0.74469924,0.5613890480229607,0
0.03989402707953262,0.067489475,1.7819932810356984,0
0.06843367204578252,0.025807882,3.704273273614122,0
0.15242075264917537,0.2686566,7.021399086658859,0
0.028434650197361067,0.10679654,0.2071494545530764,0
0.0816856602442145,0.082014434,3.7624918706910826,0
0.13762950510174968,0.05619303,7.239212852348775,0
0.20670768347122825,0.098424576,11.230708181491751,0
0.0766556457357891,0.10264405,3.233774666870789,0
0.06982817858913547,0.19740732,1.5127201935769155,0
0.11326323142358072,0.5010218,2.837724431156694,0
0.023684010436710607,0.04955436,0.9975955557414552,0
0.13924826491303177,0.3438813,1.3569271063833745,0
0.4238806988957075,0.16931081,22.48934866813471,0
0.09689613637484606,0.4180291,2.4025321785104974,0
0.07681179607461713,0.038409404,3.9158905127822026,0
0.06000329512129613,0.12526654,1.6772599685311766,0
0.06613453437346238,0.0870584,1.8712107682153687,0
0.06544672024107565,0.17463738,0.9301512103277113,0
1.7874295999295748,0.72554713,91.90276081363011,0
0.06408457619703706,0.06080462,3.022018304766712,0
0.024981761661422495,0.024187926,1.148902776326962,0
0.08014531230234673,0.22339979,2.282242921296445,0
0.3492692039463321,0.034362823,19.713576001626077,0
0.01795820342042484,0.056579933,0.40174580906999924,0
0.06218972667250879,0.12531035,2.604483708307672,0
0.10451861078151081,0.6343606,1.8679672936022829,0
0.22243047338787167,0.27864107,8.575585006441383,0
0.08724245085575649,0.08523577,4.0757459297897345,0
0.0598520775225705,0.09270105,2.304563182970739,0
0.033247126708029234,0.10623865,1.0659124636279336,0
0.05731874329131435,0.07195576,1.722860041466557,0
1.5960688223491397,0.14382109,90.35792632368187,0
0.05977542178839579,0.07462789,2.8149297804680904,0
0.053771665635593324,0.1565352,1.6310210173623216,0
0.101121439767794,0.20963609,3.534530217379918,0
0.7069743839142001,4.8277044,7.060608830278051,0
0.07880029303208021,0.09893097,3.8427943805762155,0
0.05300451172847169,0.15275733,1.8182874495592531,0
0.09048974616717,0.13000864,2.231585504570946,0
0.07727170387619697,0.11037507,1.9537762664791358,0
1.2321308414187304,0.089573555,69.32144892903403,0
0.15054192930302635,0.19392914,7.009952478994739,0
0.01361905124345752,0.038995795,0.5347583177921074,0
0.22921396851035605,0.102641165,11.920680740631001,0
0.06807402491903895,0.2935149,1.5755564312297408,0
0.05910915147092465,0.38627663,0.4965297859430412,0
0.023372819372134274,0.019223671,1.1831425077841116,0
0.11838924266549308,0.58371824,0.716464718477015,0
0.0240888812032937,0.017362747,1.1854777941076122,0
0.08451234879831117,0.040880047,4.491042521516994,0
0.08669498124764904,0.29794902,2.868393613137725,0
0.062002789025913635,0.28327632,1.6159971327707803,0
0.13607326460593291,0.10860205,5.836235033660874,0
0.07229300554065372,0.17195861,2.491331650509801,0
0.5311170008590453,0.10213347,29.7751817570637,0
0.043165928757484984,0.13484536,1.1628913103397678,0
0.6915463443732555,0.62274736,35.82209299343166,0
0.10618389441862769,0.41345608,2.6011458760263957,0
3.009705445434072,0.272352,169.11257241111178,0
0.04125597708882065,0.080809966,1.0212010109750087,0
0.061706039086554296,0.15091495,1.4541141351042979,0
0.4729478965764392,0.124307685,26.01033073329249,0
0.0820338907650634,0.41995692,1.0685401668367907,0
0.05236544913084619,0.17978418,0.6888120307561034,0
0.20480418807626863,0.14430338,10.276968173770136,0
0.04437486139907149,0.17541146,0.3832206029858752,0
0.08912707614096808,0.13049553,4.024639092221707,0
0.07232758813448174,0.020311678,3.9412751049147143,0
0.1712691582729191,0.08954407,9.097796627817468,0
0.10388948879935277,0.124380544,4.577173109191717,0
0.07849655617429531,0.42032024,1.2688862586786231,0
0.044401364468904046,0.2913875,0.6837097304943958,0
0.14677748733496374,0.6347434,4.409152151168446,0
0.037006210626333774,0.05257671,1.563827150868093,0
0.09509433911953033,0.091065556,4.883649190239568,0
0.03503780288137423,0.06148466,1.4354630450164867,0
0.01176587023735342,0.05771153,0.20475556939920028,0
0.3178170871793451,0.08326371,17.68524963642362,0
0.04360092376830871,0.11267039,0.9824616360781968,0
0.09432424246980324,0.011515517,5.25638468713615,0
0.03142121111954677,0.104822055,0.7560775306535082,0
0.04599585735944841,0.19101349,1.3907548893580213,0
0.12481212657509226,0.118020594,4.932731052760356,0
0.07915200062077618,0.083832696,3.2477707195297096,0
0.06024851465121254,0.08774324,2.7063914361165606,0
0.048234624201793724,0.066622086,2.334548726275542,0
0.1360132932829046,0.6642248,3.4248375092995205,0
0.1104939929976689,0.11322115,5.07669271807804,0
0.057824648432326015,0.09881899,2.4201988507430494,0
0.01985674054150414,0.07748724,0.4915548304843431,0
0.2757660191519578,0.67762053,10.054577424294258,0
0.0644870548113663,0.3186558,1.7283206649319953,0
2.732895205100509,0.07588051,155.21302515981748,0
0.15614226240763265,0.15920867,7.84765372337725,0
0.14104598169329624,0.52344054,2.3993302840943045,0
0.40790347133628724,0.1960227,21.733589759278683,0
0.05942116829562216,0.22137345,2.0218651078417094,0
0.050610884141825505,0.034958825,2.5646950016558394,0
0.05126980695264191,0.06206007,2.494758986170188,0
0.048655889311207456,0.19311146,1.0700705474245342,0
0.048996061874673355,0.19980992,1.502579230355068,0
0.11127311256799129,0.26135433,1.1570188296016388,0
0.12898747655264667,0.2097835,6.098599942555203,0
0.13335431092320413,0.13639379,6.19582505481492,0
0.08487694867242124,0.11464052,4.02409808679483,0
0.08743243395026695,0.14111875,2.986806138041651,0
0.10259579974422199,0.08769036,4.969225751666047,0
0.12987062931995,0.32134134,2.8311099110335975,0
0.10068365201464363,0.2907732,3.9328175966090075,0
0.040931268749770586,0.07712832,1.5148859142874047,0
0.07016148679444727,0.16965023,1.5850089392837168,0
0.06435743366942562,0.45068124,0.5741294914669055,0
0.04249346812933194,0.13990277,1.3281255871412858,0
0.04274437292749621,0.027053729,1.9516381872457804,0
0.029107662919162745,0.014128955,1.3992250601816623,0
1.8520294433082853,0.025017302,105.7784464416444,0
0.08691073762317664,0.15286498,3.7720962967622174,0
0.11918447565772795,0.04118456,6.266518058940547,0
0.09147938746506595,0.09064272,3.8437069036219618,0
0.09699076009112839,0.17789683,3.6785097763693217,0
0.077272832653108,0.16502202,3.2394099681452517,0
2.142781066217867,0.09245791,122.20251061392001,0
0.014294701663984808,0.029530726,0.6321903587849383,0
0.10020050001764397,0.4884458,2.2354000879464353,0
0.04461160864771975,0.11719294,1.333181104465054,0
1.5452383877781848,2.8256748,70.51547303441687,0
0.08573255616893805,0.0807358,3.89785018039539,0
0.08343467889665127,0.11857964,4.036729754349828,0
0.01458857035031479,0.041349676,0.31414698097070703,0
0.1267727758599712,0.10053021,5.187966424939919,0
0.09819416972995289,0.49313426,0.8966315311332127,0
0.02567178392137376,0.057948805,1.0179222001586155,0
1.3124802128154396,0.13195206,73.61858489072429,0
0.05704963474442594,0.30529484,0.9880911769202043,0
0.04497781858025018,0.046764966,2.1450108482886283,0
0.05560451063951258,0.072912455,1.6618441849982688,0
0.11838800222294253,0.4796038,3.885859047437813,0
0.07800914356069558,0.03882362,4.073824367241356,0
0.17999284847892377,0.31826764,5.439915766851786,0
0.07898520107575685,0.209763,2.3573009402652882,0
0.09823372359842157,0.15360604,4.415203729813094,0
0.09026032487636124,0.13490665,4.040135540893482,0
0.045285496967253036,0.16526222,0.9732656774494514,0
0.03317784149767025,0.05299536,1.5192887385407303,0
0.1547685448678553,0.6357386,4.863429136958387,0
0.15693763915823128,0.26751685,6.905399313755943,0
0.03467743944912207,0.106705934,0.5995068922863038,0
0.09863997479823783,0.108506545,3.2656830474754948,0
0.06387363477665331,0.27747193,1.648821812168461,0
0.07930987173989794,0.09320337,3.979232637074212,0
0.029580748214643793,0.13754876,0.4134318063373853,0
0.0279357495857111,0.04206625,1.1479418744665952,0
0.055630465739414305,0.054515738,2.7038616908288198,0
0.08001675329439852,0.07706766,4.110282958528365,0
0.07737818040894782,0.2501196,2.122088792568871,0
0.03056338954284833,0.038586743,0.9890952022602625,0
0.484460863386453,0.12656713,25.489015796891408,0
0.2102367926774297,0.45278913,7.457025365019762,0
0.0788452237207671,0.050862618,4.157084919430059,0
0.15038115241053482,0.04210754,7.879181195885723,0
0.06715766225018682,0.17783444,2.019684950419494,0
0.2249347834326739,0.54661953,3.7304954663279783,0
0.16733786593374841,0.20092559,7.282170822756142,0
0.0795143859952461,0.23370734,2.771390976063615,0
0.05475771834305485,0.058554336,2.2305817479167978,0
0.047793547001012834,0.11998796,0.6527260852685813,0
0.11274864331429389,0.21186534,3.677356662981677,0
0.36417872003415885,2.1511629,4.482199110729887,0
0.07379092849582987,0.038307447,3.8402197346729365,0
0.05404165476575502,0.09637449,2.2933237903088948,0
0.45741524702513925,0.01891682,26.05330703269573,0
0.08056058597815505,0.26883185,2.8553068231023495,0
0.07323792556886896,0.29876652,2.1840110323159663,0
0.07463209326955011,0.08519362,3.3134198530750236,0
0.20517806451079995,1.5740645,2.269649515410465,0
0.2297638335318461,0.4187087,9.338480397626645,0
0.028034154195613593,0.04765761,0.7994097085934725,0
0.050790037060346835,0.17526734,0.8451810032966299,0
0.16249575955801537,0.11096472,8.28987131265312,0
3.0786737064261462,0.07731264,175.89222246911714,0
0.08818390058076188,0.2967631,3.2083339936527144,0
0.13998588851573962,0.23305675,5.3245746737749675,0
0.14810813074735082,0.24491787,6.970271785289816,0
0.10472808142251956,0.45881352,0.4837652859052492,0
0.08550628793871687,0.24678533,3.2743013116342388,0
2.892578438970125,0.08817907,164.66202672092516,0
0.06988999738859124,0.30207363,1.5421961647154234,0
0.057267465480019916,0.09229587,1.841180095179246,0
0.0854707007268076,0.43660614,2.249034129626822,0
0.13109885104181168,1.1168633,0.4070263107880904,0
0.11761535327964735,0.22628443,4.814143788397868,0
0.15450231624371175,0.14700723,6.3677906382299065,0
0.11204292747060313,0.07467733,5.878619664391662,0
0.04367104931046527,0.07273648,1.9666172291053647,0
0.06550320190025541,0.15775359,2.493151994884346,0
2.0834711379502733,0.027704546,118.98623624242013,0
0.08789930253613491,0.53424346,1.392426986682702,0
0.1354526176916681,0.15266137,6.2324642031950805,0
0.12194454296971158,0.46720228,3.2824422792252905,0
2.8720932268457746,0.19441748,161.6478581020235,0
0.1721230790338122,0.18968084,7.634115713331682,0
0.13270546077630047,0.29112607,4.348868503243133,0
0.03064418152744358,0.05856151,1.0350410701416684,0
0.04556741084525465,0.13256474,1.7918416365037544,0
0.2684888434320203,0.49024773,12.283588532707048,0
2.8888285024308074,0.055812895,164.9746001523969,0
0.07489393431433058,0.17260964,1.9776956622484496,0
0.08597884666325882,0.28563935,2.615817931801998,0
2.5505604290087556,0.102290474,144.79422583521117,0
1.7365472393858519,0.22475494,97.13252168876708,0
0.03890263962894638,0.10511304,1.1798245314957134,0
0.06020834902413771,0.072942905,2.951283359085459,0
0.11070151921940771,0.3077015,2.5541489821915326,0
0.12842445202862202,0.61553144,3.365667994043907,0
0.05074613956752742,0.044481393,2.2188911901807598,0
0.042988765016382546,0.116118826,1.1919622966704138,0
0.06155940213963457,0.06557097,2.750804299520228,0
2.0076816628990395,0.248836,113.51435936580349,0
0.043847887367173446,0.034848895,1.7210050362153697,0
0.0336512735658932,0.08033923,0.9660774233068574,0
0.10791982221109844,0.272947,2.395785901257106,0
0.6678576503585227,4.2844257,12.482746347380264,0
0.045329184639857495,0.09249462,0.983524796674103,0
0.1259043198049034,0.39404944,3.350953879165421,0
0.06524358306806255,0.34534982,1.6515907482971985,0
0.10141272693807266,0.56785953,1.9040995608339306,0
0.04458299642593027,0.041779365,2.174723715434059,0
0.05786231495900384,0.10728147,1.5138804591580854,0
0.0943528987152097,0.08275809,4.048574436972407,0
0.049818652942889306,0.20339988,0.48920564414304385,0
0.10797026584021316,0.23559454,2.0757174435938195,0
0.06150065329619832,0.03896866,3.1302123918330316,0
0.04593863712258055,0.16509834,1.2571321760916985,0
0.04730193631990437,0.10776187,0.9077312539902497,0
1.7260172805668457,0.111752234,97.05076596850516,0
0.07146927787661272,0.23101936,2.264824603324147,0
0.030031533103949244,0.03895136,1.3927410792855492,0
0.0536181857970974,0.07265323,2.0792305319866546,0
0.16715530812269724,0.5809174,5.674667020866685,0
0.03624287833382886,0.09294987,0.9179432889345137,0
0.06121248873570073,0.2537459,1.57127932531332,0
0.06054692211968584,0.20933749,1.584179700378963,0
0.09005710613298466,0.0649897,4.653265322856133,0
1.881570046244452,0.09286707,107.16162372176403,0
0.038816169248259404,0.16086268,1.1572345951924874,0
0.08333044302496576,0.16687869,3.0105451425516816,0
0.2149975613770018,0.28254542,10.1045680754618,0
0.0610332534115035,0.04067121,3.143427244151641,0
0.862060300520946,0.05875844,48.06495235152129,0
0.12127886064824957,0.40394756,3.236623078421482,0
0.04741336757165573,0.23190685,0.6325845749002342,0
0.053565721714985866,0.08273931,2.46648598931112,0
0.13842631278511966,1.1129031,1.1138835558278335,0
0.28950725863394094,0.06655833,15.706630174960864,0
0.07654513435368474,0.15738633,1.9362476486895626,0
0.056065578746492734,0.14031363,1.8831599290672796,0
0.12173967374939644,0.075365305,6.47685304392188,0
0.056334203329033494,0.07383479,2.255403608617754,0
0.0833224756994197,0.020386377,4.598779190125693,0
0.11059017508593835,0.05288015,5.9237630262276735,0
0.14067898167883824,0.26541108,5.237116402220715,0
0.16169777016854608,0.55672747,3.13271293636415,0
0.1314028650675448,0.029173736,7.338441036050798,0
0.07344758269177237,0.15852411,1.8091588112493144,0
0.08187460868904775,0.4342517,1.9869935793347067,0
0.1054149587313627,0.710631,0.9573326577559006,0
0.11297540410976481,0.5115384,3.356315923397366,0
0.13377377065655482,0.016389845,7.394546037058287,0
0.07252117822637201,0.107649125,3.221347528019648,0
0.05058767099309518,0.120316446,1.7316201941299605,0
0.04343746793170376,0.050535556,1.7424888352538574,0
0.03245114436327861,0.029312659,1.384617012534463,0
0.2095626476239102,0.24003218,10.492982032798032,0
1.553465717239007,0.039650105,88.26771475934,0
0.0918270436183556,0.21874818,2.6103602726502726,0
0.1487985423061689,0.13804786,7.542963604662187,0
0.02171950879180861,0.050672468,0.7773427615017546,0
0.3021597262155126,0.54638654,14.003847826215118,0
0.14278773759004054,0.03001919,7.586614414122841,0
0.10864889056406038,0.19179009,2.4548161944568863,0
0.09490565253957398,0.31317195,1.3447293761923476,0
0.03182255762786992,0.13184127,0.7618490688849627,0
0.23219688766221766,0.7712606,7.899254951157318,0
0.08481652059893961,0.054326672,4.3774437748837824,0
0.18555034628063108,0.07609852,10.010677549752415,0
0.08597950873783829,0.08448936,4.205604219790424,0
0.1081695509354847,0.40190008,3.753198923278211,0
0.07770883544443097,0.15503833,1.9422779870503721,0
0.18942956766533914,0.5365646,4.946046136140493,0
0.11491165649265675,0.25092852,2.34571084397986,0
0.06603474876198287,0.10066938,3.084623543730557,0
0.13466599096608928,0.06399737,6.5549464614079955,0
0.0385234553011406,0.08109881,1.330929336282705,0
0.1504414747937873,0.13161115,7.2982801525289975,0
0.03462996452392793,0.07883268,0.9565351909020788,0
0.14601389315409657,0.06703326,7.699134211987811,0
0.08285425809574307,0.23237054,3.2626952535118745,0
0.06338085593298712,0.052376978,3.306747046403563,0
0.0574367567003306,0.012591823,3.131543932228121,0
0.18461715294312853,0.25960705,7.077080153629409,0
0.10570758682019286,0.08972388,5.147805632859615,0
0.016261682134946828,0.018121691,0.5546564631661681,0
0.26738382616469536,0.17954192,14.142829243725798,0
0.11557123536090758,0.4415995,1.9636070855368284,0
0.05783732715432073,0.17502658,1.678117563050044,0
0.17271658519076327,0.15351927,8.971497722579803,0
0.06420577330416678,0.11559119,2.5515690368598962,0
0.5437464003444974,0.103896484,30.455243705855942,0
0.21489368449724494,0.082542844,11.358766420292824,0
0.20269430349108264,0.27938652,5.491769160291597,0
0.131486507882279,0.12059782,6.656751286586285,0
0.03522815904395314,0.090401836,1.2716995145445358,0
0.027344805406369497,0.09306213,0.6094188920627986,0
0.32067413981102494,0.20086303,16.746547545279807,0
0.2152669294607228,1.1069005,5.283337951842708,0
0.10140817894179052,0.21422176,3.081529011395883,0
0.09806073087243355,0.017290954,5.382195764344033,0
0.05112559842144097,0.1939354,1.3682385050585066,0
0.04635899334564827,0.03694104,2.267345492027669,0
0.20357628560899532,0.27690426,9.681107794128827,0
0.12585737105176031,0.42519966,4.095923100732961,0
0.041820610809265954,0.21574324,0.8978947969853481,0
0.2971487335685457,0.1038732,15.893823901387131,0
0.08059633097726912,0.14862205,3.634644902389722,0
0.01105843111872673,0.05054229,0.16290915436190487,0
0.01172364456755865,0.012125971,0.48461560877245624,0
0.08800757873829523,0.5133403,1.2403752730189976,0
0.039675878692499264,0.18023337,0.9214520887476467,0
0.11427367747211223,0.08771705,5.326785926971766,0
0.08881374896409812,0.09593988,4.243124811196849,0
0.12298113872764437,0.17397836,5.334281703718293,0
0.05824974152529591,0.05319127,2.7477763899571954,0
1.2734360808938816,0.06365817,72.50116181099547,0
0.09806678266505568,0.07955978,4.758070877186359,0
